{"type":"FeatureCollection","features":[{"type":"Feature","properties":{"name":"When the moon is a star","kind":"photo","period":"before","captured":"2019-10-12","source":"wikimedia-commons","image":"https://thumb.wikimedia.org/wikipedia/commons/thumb/9/91/When_the_moon_is_a_star.jpg/960px-When_the_moon_is_a_star.jpg","video":null,"url":"https://commons.wikimedia.org/wiki/File:When_the_moon_is_a_star.jpg","credit":"Ummidnp","license":"CC BY-SA 4.0","approximate":false,"marker-color":"#0f766e","marker-size":"small"},"geometry":{"type":"Point","coordinates":[85.51583,28.2575]}},{"type":"Feature","properties":{"name":"ISS022-E-37295 - View of China","kind":"aerial","period":"before","captured":"2010-01-21","source":"wikimedia-commons","image":"https://thumb.wikimedia.org/wikipedia/commons/thumb/1/19/ISS022-E-37295_-_View_of_China.jpg/960px-ISS022-E-37295_-_View_of_China.jpg","video":null,"url":"https://commons.wikimedia.org/wiki/File:ISS022-E-37295_-_View_of_China.jpg","credit":"Earth Science and Remote Sensing Unit, Lyndon B. Johnson Space Center","license":"Public domain","approximate":false,"marker-color":"#0f766e","marker-size":"small"},"geometry":{"type":"Point","coordinates":[85.5,28.3]}},{"type":"Feature","properties":{"name":"ISS062-E-116424 - View of Earth","kind":"aerial","period":"before","captured":"2020-03-28","source":"wikimedia-commons","image":"https://thumb.wikimedia.org/wikipedia/commons/thumb/7/76/ISS062-E-116424_-_View_of_Earth.jpg/960px-ISS062-E-116424_-_View_of_Earth.jpg","video":null,"url":"https://commons.wikimedia.org/wiki/File:ISS062-E-116424_-_View_of_Earth.jpg","credit":"Earth Science and Remote Sensing Unit, NASA Johnson Space Center","license":"Public domain","approximate":false,"marker-color":"#0f766e","marker-size":"small"},"geometry":{"type":"Point","coordinates":[85.5,28.3]}},{"type":"Feature","properties":{"name":"ISS062-E-116423 - View of Earth","kind":"aerial","period":"before","captured":"2020-03-28","source":"wikimedia-commons","image":"https://thumb.wikimedia.org/wikipedia/commons/thumb/8/88/ISS062-E-116423_-_View_of_Earth.jpg/960px-ISS062-E-116423_-_View_of_Earth.jpg","video":null,"url":"https://commons.wikimedia.org/wiki/File:ISS062-E-116423_-_View_of_Earth.jpg","credit":"Earth Science and Remote Sensing Unit, NASA Johnson Space Center","license":"Public domain","approximate":false,"marker-color":"#0f766e","marker-size":"small"},"geometry":{"type":"Point","coordinates":[85.5,28.3]}},{"type":"Feature","properties":{"name":"Nepal flood before 2026-08-24 Copernicus Sentinel2-L1C","kind":"aerial","period":"before","captured":"2026-08-24","source":"wikimedia-commons","image":"https://thumb.wikimedia.org/wikipedia/commons/thumb/8/8f/Nepal_flood_before_2026-08-24_Copernicus_Sentinel2-L1C.png/960px-Nepal_flood_before_2026-08-24_Copernicus_Sentinel2-L1C.png","video":null,"url":"https://commons.wikimedia.org/wiki/File:Nepal_flood_before_2026-08-24_Copernicus_Sentinel2-L1C.png","credit":"European Space Agency","license":"CC BY 4.0","approximate":false,"marker-color":"#0f766e","marker-size":"small"},"geometry":{"type":"Point","coordinates":[85.45372,28.29025]}},{"type":"Feature","properties":{"name":"ISS038-E-17078 - View of India","kind":"aerial","period":"before","captured":"2013-12-18","source":"wikimedia-commons","image":"https://thumb.wikimedia.org/wikipedia/commons/thumb/e/e5/ISS038-E-17078_-_View_of_India.jpg/960px-ISS038-E-17078_-_View_of_India.jpg","video":null,"url":"https://commons.wikimedia.org/wiki/File:ISS038-E-17078_-_View_of_India.jpg","credit":"Earth Science and Remote Sensing Unit, Lyndon B. Johnson Space Center","license":"Public domain","approximate":false,"marker-color":"#0f766e","marker-size":"small"},"geometry":{"type":"Point","coordinates":[85.4,28.3]}},{"type":"Feature","properties":{"name":"ISS062-E-116421 - View of Earth","kind":"aerial","period":"before","captured":"2020-03-28","source":"wikimedia-commons","image":"https://thumb.wikimedia.org/wikipedia/commons/thumb/6/68/ISS062-E-116421_-_View_of_Earth.jpg/960px-ISS062-E-116421_-_View_of_Earth.jpg","video":null,"url":"https://commons.wikimedia.org/wiki/File:ISS062-E-116421_-_View_of_Earth.jpg","credit":"Earth Science and Remote Sensing Unit, NASA Johnson Space Center","license":"Public domain","approximate":false,"marker-color":"#0f766e","marker-size":"small"},"geometry":{"type":"Point","coordinates":[85.4,28.3]}},{"type":"Feature","properties":{"name":"ISS062-E-116422 - View of Earth","kind":"aerial","period":"before","captured":"2020-03-28","source":"wikimedia-commons","image":"https://thumb.wikimedia.org/wikipedia/commons/thumb/3/3e/ISS062-E-116422_-_View_of_Earth.jpg/960px-ISS062-E-116422_-_View_of_Earth.jpg","video":null,"url":"https://commons.wikimedia.org/wiki/File:ISS062-E-116422_-_View_of_Earth.jpg","credit":"Earth Science and Remote Sensing Unit, NASA Johnson Space Center","license":"Public domain","approximate":false,"marker-color":"#0f766e","marker-size":"small"},"geometry":{"type":"Point","coordinates":[85.4,28.3]}},{"type":"Feature","properties":{"name":"Nepal China Border","kind":"photo","period":"before","captured":"2019-08-15","source":"wikimedia-commons","image":"https://thumb.wikimedia.org/wikipedia/commons/thumb/2/25/Nepal_China_Border.jpg/960px-Nepal_China_Border.jpg","video":null,"url":"https://commons.wikimedia.org/wiki/File:Nepal_China_Border.jpg","credit":"Amitbalani","license":"CC0","approximate":false,"marker-color":"#0f766e","marker-size":"small"},"geometry":{"type":"Point","coordinates":[85.37806,28.27867]}},{"type":"Feature","properties":{"name":"Nepal China Border (cropped)","kind":"photo","period":"before","captured":"2019-08-15","source":"wikimedia-commons","image":"https://thumb.wikimedia.org/wikipedia/commons/thumb/1/18/Nepal_China_Border_%28cropped%29.jpg/960px-Nepal_China_Border_%28cropped%29.jpg","video":null,"url":"https://commons.wikimedia.org/wiki/File:Nepal_China_Border_(cropped).jpg","credit":"Amitbalani","license":"CC0","approximate":false,"marker-color":"#0f766e","marker-size":"small"},"geometry":{"type":"Point","coordinates":[85.37806,28.27867]}},{"type":"Feature","properties":{"name":"River in Rasuwa","kind":"photo","period":"before","captured":"2013-06-08","source":"wikimedia-commons","image":"https://thumb.wikimedia.org/wikipedia/commons/thumb/6/64/River_in_Rasuwa.JPG/960px-River_in_Rasuwa.JPG","video":null,"url":"https://commons.wikimedia.org/wiki/File:River_in_Rasuwa.JPG","credit":"Krish Dulal","license":"CC BY-SA 3.0","approximate":false,"marker-color":"#0f766e","marker-size":"small"},"geometry":{"type":"Point","coordinates":[85.37811,28.27835]}},{"type":"Feature","properties":{"name":"Nepal China Border Bridge","kind":"photo","period":"before","captured":"2013-06-08","source":"wikimedia-commons","image":"https://thumb.wikimedia.org/wikipedia/commons/thumb/e/e1/Nepal_China_Border_Bridge.JPG/960px-Nepal_China_Border_Bridge.JPG","video":null,"url":"https://commons.wikimedia.org/wiki/File:Nepal_China_Border_Bridge.JPG","credit":"Krish Dulal","license":"CC BY-SA 3.0","approximate":false,"marker-color":"#0f766e","marker-size":"small"},"geometry":{"type":"Point","coordinates":[85.37811,28.27835]}},{"type":"Feature","properties":{"name":"NH42 Trishuli Corridor towards Syaphru","kind":"photo","period":"before","captured":"2024-11-04","source":"wikimedia-commons","image":"https://thumb.wikimedia.org/wikipedia/commons/thumb/7/7d/NH42_Trishuli_Corridor_towards_Syaphru.jpg/960px-NH42_Trishuli_Corridor_towards_Syaphru.jpg","video":null,"url":"https://commons.wikimedia.org/wiki/File:NH42_Trishuli_Corridor_towards_Syaphru.jpg","credit":"Curt1us","license":"CC BY 4.0","approximate":false,"marker-color":"#0f766e","marker-size":"small"},"geometry":{"type":"Point","coordinates":[85.35508,28.21466]}},{"type":"Feature","properties":{"name":"Nature is the way","kind":"photo","period":"before","captured":"2017-05-22","source":"wikimedia-commons","image":"https://thumb.wikimedia.org/wikipedia/commons/thumb/1/1f/Nature_is_the_way.jpg/960px-Nature_is_the_way.jpg","video":null,"url":"https://commons.wikimedia.org/wiki/File:Nature_is_the_way.jpg","credit":"Dikesalute","license":"CC BY 4.0","approximate":false,"marker-color":"#0f766e","marker-size":"small"},"geometry":{"type":"Point","coordinates":[85.33473,28.21125]}},{"type":"Feature","properties":{"name":"Langtang Khola Rasuwa District 3","kind":"video","period":"before","captured":"2023-04-06","source":"wikimedia-commons","image":"https://thumb.wikimedia.org/wikipedia/commons/thumb/3/31/Langtang_Khola_Rasuwa_District_3.webm/960px--Langtang_Khola_Rasuwa_District_3.webm.jpg","video":"https://upload.wikimedia.org/wikipedia/commons/3/31/Langtang_Khola_Rasuwa_District_3.webm","url":"https://commons.wikimedia.org/wiki/File:Langtang_Khola_Rasuwa_District_3.webm","credit":"Pustam.EGR","license":"CC BY 4.0","approximate":false,"marker-color":"#64748b","marker-size":"small"},"geometry":{"type":"Point","coordinates":[85.35561,28.15339]}},{"type":"Feature","properties":{"name":"Langtang Khola and Himalayan Mountains","kind":"photo","period":"before","captured":"2023-04-06","source":"wikimedia-commons","image":"https://thumb.wikimedia.org/wikipedia/commons/thumb/1/13/Langtang_Khola_and_Himalayan_Mountains.jpg/960px-Langtang_Khola_and_Himalayan_Mountains.jpg","video":null,"url":"https://commons.wikimedia.org/wiki/File:Langtang_Khola_and_Himalayan_Mountains.jpg","credit":"Pustam.EGR","license":"CC BY 4.0","approximate":false,"marker-color":"#0f766e","marker-size":"small"},"geometry":{"type":"Point","coordinates":[85.35036,28.15696]}},{"type":"Feature","properties":{"name":"Langtang Khola Syapru Besi","kind":"photo","period":"before","captured":"2023-04-02","source":"wikimedia-commons","image":"https://thumb.wikimedia.org/wikipedia/commons/thumb/d/dc/Langtang_Khola_Syapru_Besi.jpg/960px-Langtang_Khola_Syapru_Besi.jpg","video":null,"url":"https://commons.wikimedia.org/wiki/File:Langtang_Khola_Syapru_Besi.jpg","credit":"Pustam.EGR","license":"CC BY 4.0","approximate":false,"marker-color":"#0f766e","marker-size":"small"},"geometry":{"type":"Point","coordinates":[85.34253,28.16405]}},{"type":"Feature","properties":{"name":"Syaphru, Rasuwa","kind":"photo","period":"before","captured":"2008-05-18","source":"wikimedia-commons","image":"https://thumb.wikimedia.org/wikipedia/commons/thumb/c/cc/Syaphru%2C_Rasuwa.jpg/960px-Syaphru%2C_Rasuwa.jpg","video":null,"url":"https://commons.wikimedia.org/wiki/File:Syaphru,_Rasuwa.jpg","credit":"Krish Dulal","license":"CC BY-SA 3.0","approximate":false,"marker-color":"#0f766e","marker-size":"small"},"geometry":{"type":"Point","coordinates":[85.33806,28.16746]}},{"type":"Feature","properties":{"name":"Troubled water, the first of many ludicrously high bridges","kind":"photo","period":"before","captured":"2009-09-06","source":"wikimedia-commons","image":"https://upload.wikimedia.org/wikipedia/commons/5/58/Troubled_water%2C_the_first_of_many_ludicrously_high_bridges.jpg","video":null,"url":"https://commons.wikimedia.org/wiki/File:Troubled_water,_the_first_of_many_ludicrously_high_bridges.jpg","credit":"rubber bullets","license":"CC BY 2.0","approximate":false,"marker-color":"#0f766e","marker-size":"small"},"geometry":{"type":"Point","coordinates":[85.33697,28.16195]}},{"type":"Feature","properties":{"name":"Mt. Lirung from Dhunche","kind":"photo","period":"before","captured":"2016-11-12","source":"wikimedia-commons","image":"https://thumb.wikimedia.org/wikipedia/commons/thumb/b/b3/Mt._Lirung_from_Dhunche.jpg/960px-Mt._Lirung_from_Dhunche.jpg","video":null,"url":"https://commons.wikimedia.org/wiki/File:Mt._Lirung_from_Dhunche.jpg","credit":"Rajivkilanashrestha","license":"CC BY-SA 4.0","approximate":false,"marker-color":"#0f766e","marker-size":"small"},"geometry":{"type":"Point","coordinates":[85.31806,28.14109]}},{"type":"Feature","properties":{"name":"Dhunche after rain - panoramio","kind":"photo","period":"before","captured":"2011-07-18","source":"wikimedia-commons","image":"https://thumb.wikimedia.org/wikipedia/commons/thumb/1/15/Dhunche_after_rain_-_panoramio.jpg/960px-Dhunche_after_rain_-_panoramio.jpg","video":null,"url":"https://commons.wikimedia.org/wiki/File:Dhunche_after_rain_-_panoramio.jpg","credit":"Xingpichi","license":"CC BY-SA 3.0","approximate":false,"marker-color":"#0f766e","marker-size":"small"},"geometry":{"type":"Point","coordinates":[85.30054,28.11024]}},{"type":"Feature","properties":{"name":"Parque Nacional de Langtang Nepal DSCN1566","kind":"photo","period":"before","captured":"2012-05-07","source":"wikimedia-commons","image":"https://thumb.wikimedia.org/wikipedia/commons/thumb/8/87/Parque_Nacional_de_Langtang_Nepal_DSCN1566.jpg/960px-Parque_Nacional_de_Langtang_Nepal_DSCN1566.jpg","video":null,"url":"https://commons.wikimedia.org/wiki/File:Parque_Nacional_de_Langtang_Nepal_DSCN1566.jpg","credit":"Josefito123","license":"CC BY-SA 4.0","approximate":false,"marker-color":"#0f766e","marker-size":"small"},"geometry":{"type":"Point","coordinates":[85.28942,28.10887]}},{"type":"Feature","properties":{"name":"Langtang Range from Ramche","kind":"photo","period":"before","captured":"2016-11-13","source":"wikimedia-commons","image":"https://thumb.wikimedia.org/wikipedia/commons/thumb/4/44/Langtang_Range_from_Ramche.jpg/960px-Langtang_Range_from_Ramche.jpg","video":null,"url":"https://commons.wikimedia.org/wiki/File:Langtang_Range_from_Ramche.jpg","credit":"Rajivkilanashrestha","license":"CC BY-SA 4.0","approximate":false,"marker-color":"#0f766e","marker-size":"small"},"geometry":{"type":"Point","coordinates":[85.22693,28.06862]}},{"type":"Feature","properties":{"name":"Ramche, Rasuwa","kind":"photo","period":"before","captured":"2016-11-13","source":"wikimedia-commons","image":"https://thumb.wikimedia.org/wikipedia/commons/thumb/4/4d/Ramche%2C_Rasuwa.jpg/960px-Ramche%2C_Rasuwa.jpg","video":null,"url":"https://commons.wikimedia.org/wiki/File:Ramche,_Rasuwa.jpg","credit":"Rajivkilanashrestha","license":"CC BY-SA 4.0","approximate":false,"marker-color":"#0f766e","marker-size":"small"},"geometry":{"type":"Point","coordinates":[85.22693,28.06862]}},{"type":"Feature","properties":{"name":"Guido2013","kind":"photo","period":"before","captured":"2015-06-24","source":"wikimedia-commons","image":"https://upload.wikimedia.org/wikipedia/commons/c/ca/Guido2013.jpg","video":null,"url":"https://commons.wikimedia.org/wiki/File:Guido2013.jpg","credit":"Guido de Bekker","license":"CC BY-SA 4.0","approximate":false,"marker-color":"#0f766e","marker-size":"small"},"geometry":{"type":"Point","coordinates":[85.19811,28.01486]}},{"type":"Feature","properties":{"name":"ISS038-E-17076 - View of India","kind":"aerial","period":"before","captured":"2013-12-18","source":"wikimedia-commons","image":"https://thumb.wikimedia.org/wikipedia/commons/thumb/1/1d/ISS038-E-17076_-_View_of_India.jpg/960px-ISS038-E-17076_-_View_of_India.jpg","video":null,"url":"https://commons.wikimedia.org/wiki/File:ISS038-E-17076_-_View_of_India.jpg","credit":"Earth Science and Remote Sensing Unit, Lyndon B. Johnson Space Center","license":"Public domain","approximate":false,"marker-color":"#0f766e","marker-size":"small"},"geometry":{"type":"Point","coordinates":[85.2,28]}},{"type":"Feature","properties":{"name":"Trisuli - panoramio","kind":"photo","period":"before","captured":"2011-02-21","source":"wikimedia-commons","image":"https://thumb.wikimedia.org/wikipedia/commons/thumb/5/5b/Trisuli_-_panoramio.jpg/960px-Trisuli_-_panoramio.jpg","video":null,"url":"https://commons.wikimedia.org/wiki/File:Trisuli_-_panoramio.jpg","credit":"Nirmal Raj Joshi","license":"CC BY-SA 3.0","approximate":false,"marker-color":"#0f766e","marker-size":"small"},"geometry":{"type":"Point","coordinates":[85.18421,27.98989]}},{"type":"Feature","properties":{"name":"Mhanegau2","kind":"photo","period":"before","captured":"2013-02-22","source":"wikimedia-commons","image":"https://thumb.wikimedia.org/wikipedia/commons/thumb/7/75/Mhanegau2.jpg/960px-Mhanegau2.jpg","video":null,"url":"https://commons.wikimedia.org/wiki/File:Mhanegau2.jpg","credit":"DpAce Chothen","license":"CC BY-SA 4.0","approximate":false,"marker-color":"#0f766e","marker-size":"small"},"geometry":{"type":"Point","coordinates":[85.16917,27.98967]}},{"type":"Feature","properties":{"name":"Trishuli from shole village facing upstream, Rightbank - panoramio","kind":"photo","period":"before","captured":"2011-05-23","source":"wikimedia-commons","image":"https://thumb.wikimedia.org/wikipedia/commons/thumb/8/87/Trishuli_from_shole_village_facing_upstream%2C_Rightbank_-_panoramio.jpg/960px-Trishuli_from_shole_village_facing_upstream%2C_Rightbank_-_panoramio.jpg","video":null,"url":"https://commons.wikimedia.org/wiki/File:Trishuli_from_shole_village_facing_upstream,_Rightbank_-_panoramio.jpg","credit":"Nirmal Raj Joshi","license":"CC BY-SA 3.0","approximate":false,"marker-color":"#0f766e","marker-size":"small"},"geometry":{"type":"Point","coordinates":[85.17986,27.98135]}},{"type":"Feature","properties":{"name":"Betrawati - panoramio","kind":"photo","period":"before","captured":"2011-05-16","source":"wikimedia-commons","image":"https://thumb.wikimedia.org/wikipedia/commons/thumb/9/94/Betrawati_-_panoramio.jpg/960px-Betrawati_-_panoramio.jpg","video":null,"url":"https://commons.wikimedia.org/wiki/File:Betrawati_-_panoramio.jpg","credit":"Nirmal Raj Joshi","license":"CC BY-SA 3.0","approximate":false,"marker-color":"#0f766e","marker-size":"small"},"geometry":{"type":"Point","coordinates":[85.18485,27.97481]}},{"type":"Feature","properties":{"name":"Trisuli Rajmarg0710 Trisuli","kind":"photo","period":"before","captured":"2012-04-05","source":"wikimedia-commons","image":"https://thumb.wikimedia.org/wikipedia/commons/thumb/9/95/Trisuli_Rajmarg0710_Trisuli.JPG/960px-Trisuli_Rajmarg0710_Trisuli.JPG","video":null,"url":"https://commons.wikimedia.org/wiki/File:Trisuli_Rajmarg0710_Trisuli.JPG","credit":"Sundar1","license":"CC BY-SA 3.0","approximate":false,"marker-color":"#0f766e","marker-size":"small"},"geometry":{"type":"Point","coordinates":[85.1577,27.93712]}},{"type":"Feature","properties":{"name":"Nepals Children (119224559)","kind":"photo","period":"before","captured":"2015-07-09","source":"wikimedia-commons","image":"https://thumb.wikimedia.org/wikipedia/commons/thumb/6/6c/Nepals_Children_%28119224559%29.jpeg/960px-Nepals_Children_%28119224559%29.jpeg","video":null,"url":"https://commons.wikimedia.org/wiki/File:Nepals_Children_(119224559).jpeg","credit":"Kevin Piredda","license":"CC BY 3.0","approximate":false,"marker-color":"#0f766e","marker-size":"small"},"geometry":{"type":"Point","coordinates":[85.1528,27.92556]}},{"type":"Feature","properties":{"name":"Nuwakot Palace","kind":"photo","period":"before","captured":"2015-06-03","source":"wikimedia-commons","image":"https://thumb.wikimedia.org/wikipedia/commons/thumb/6/62/Nuwakot_Palace.jpg/960px-Nuwakot_Palace.jpg","video":null,"url":"https://commons.wikimedia.org/wiki/File:Nuwakot_Palace.jpg","credit":"Wimbex","license":"CC BY-SA 3.0","approximate":false,"marker-color":"#0f766e","marker-size":"small"},"geometry":{"type":"Point","coordinates":[85.16478,27.92121]}},{"type":"Feature","properties":{"name":"Ancient Nuwakot bazar","kind":"photo","period":"before","captured":"2008-01-01","source":"wikimedia-commons","image":"https://thumb.wikimedia.org/wikipedia/commons/thumb/a/a7/Ancient_Nuwakot_bazar.jpg/960px-Ancient_Nuwakot_bazar.jpg","video":null,"url":"https://commons.wikimedia.org/wiki/File:Ancient_Nuwakot_bazar.jpg","credit":"Sueracepant","license":"CC BY-SA 3.0","approximate":false,"marker-color":"#0f766e","marker-size":"small"},"geometry":{"type":"Point","coordinates":[85.16475,27.91376]}},{"type":"Feature","properties":{"name":"Meet-up WLE 2024 03","kind":"photo","period":"before","captured":"2024-05-02","source":"wikimedia-commons","image":"https://thumb.wikimedia.org/wikipedia/commons/thumb/0/00/Meet-up_WLE_2024_03.jpg/960px-Meet-up_WLE_2024_03.jpg","video":null,"url":"https://commons.wikimedia.org/wiki/File:Meet-up_WLE_2024_03.jpg","credit":"Nabin K. Sapkota","license":"CC0","approximate":false,"marker-color":"#0f766e","marker-size":"small"},"geometry":{"type":"Point","coordinates":[85.15166,27.92207]}},{"type":"Feature","properties":{"name":"Meet-up WLE 2024 04","kind":"photo","period":"before","captured":"2024-05-02","source":"wikimedia-commons","image":"https://thumb.wikimedia.org/wikipedia/commons/thumb/7/7a/Meet-up_WLE_2024_04.jpg/960px-Meet-up_WLE_2024_04.jpg","video":null,"url":"https://commons.wikimedia.org/wiki/File:Meet-up_WLE_2024_04.jpg","credit":"Nabin K. Sapkota","license":"CC0","approximate":false,"marker-color":"#0f766e","marker-size":"small"},"geometry":{"type":"Point","coordinates":[85.15166,27.92207]}},{"type":"Feature","properties":{"name":"Nuwakot Durbar Square","kind":"photo","period":"before","captured":"2024-06-01","source":"wikimedia-commons","image":"https://thumb.wikimedia.org/wikipedia/commons/thumb/4/4d/Nuwakot_Durbar_Square.jpg/960px-Nuwakot_Durbar_Square.jpg","video":null,"url":"https://commons.wikimedia.org/wiki/File:Nuwakot_Durbar_Square.jpg","credit":"Arksarkar","license":"CC BY-SA 4.0","approximate":false,"marker-color":"#0f766e","marker-size":"small"},"geometry":{"type":"Point","coordinates":[85.16461,27.91371]}},{"type":"Feature","properties":{"name":"City view from Nuwakot Durbar Square","kind":"photo","period":"before","captured":"2024-06-01","source":"wikimedia-commons","image":"https://thumb.wikimedia.org/wikipedia/commons/thumb/a/aa/City_view_from_Nuwakot_Durbar_Square.jpg/960px-City_view_from_Nuwakot_Durbar_Square.jpg","video":null,"url":"https://commons.wikimedia.org/wiki/File:City_view_from_Nuwakot_Durbar_Square.jpg","credit":"Arksarkar","license":"CC BY-SA 4.0","approximate":false,"marker-color":"#0f766e","marker-size":"small"},"geometry":{"type":"Point","coordinates":[85.16461,27.91371]}},{"type":"Feature","properties":{"name":"Trishuli+hydropower","kind":"photo","period":"before","captured":"2014-05-21","source":"wikimedia-commons","image":"https://upload.wikimedia.org/wikipedia/commons/7/71/Trishuli%2Bhydropower.jpg","video":null,"url":"https://commons.wikimedia.org/wiki/File:Trishuli%2Bhydropower.jpg","credit":"Krishna kumar shrestha","license":"CC BY-SA 3.0","approximate":false,"marker-color":"#0f766e","marker-size":"small"},"geometry":{"type":"Point","coordinates":[85.14604,27.92037]}},{"type":"Feature","properties":{"name":"Light from sun striking on river","kind":"photo","period":"before","captured":"2025-05-03","source":"wikimedia-commons","image":"https://thumb.wikimedia.org/wikipedia/commons/thumb/0/05/Light_from_sun_striking_on_river.jpg/960px-Light_from_sun_striking_on_river.jpg","video":null,"url":"https://commons.wikimedia.org/wiki/File:Light_from_sun_striking_on_river.jpg","credit":"Pudasaini07","license":"CC0","approximate":false,"marker-color":"#0f766e","marker-size":"small"},"geometry":{"type":"Point","coordinates":[85.10709,27.85822]}},{"type":"Feature","properties":{"name":"Lanius schach tricolor, Devighat Bazar, Nepal","kind":"photo","period":"before","captured":"2025-02-10","source":"wikimedia-commons","image":"https://thumb.wikimedia.org/wikipedia/commons/thumb/e/e1/Lanius_schach_tricolor%2C_Devighat_Bazar%2C_Nepal.jpg/960px-Lanius_schach_tricolor%2C_Devighat_Bazar%2C_Nepal.jpg","video":null,"url":"https://commons.wikimedia.org/wiki/File:Lanius_schach_tricolor,_Devighat_Bazar,_Nepal.jpg","credit":"Pudasaini07","license":"CC0","approximate":false,"marker-color":"#0f766e","marker-size":"small"},"geometry":{"type":"Point","coordinates":[85.10635,27.85613]}},{"type":"Feature","properties":{"name":"Moon and venus","kind":"photo","period":"before","captured":"2025-03-02","source":"wikimedia-commons","image":"https://thumb.wikimedia.org/wikipedia/commons/thumb/d/d6/Moon_and_venus.jpg/960px-Moon_and_venus.jpg","video":null,"url":"https://commons.wikimedia.org/wiki/File:Moon_and_venus.jpg","credit":"Pudasaini07","license":"CC0","approximate":false,"marker-color":"#0f766e","marker-size":"small"},"geometry":{"type":"Point","coordinates":[85.10662,27.8567]}},{"type":"Feature","properties":{"name":"Moon 🌙","kind":"photo","period":"before","captured":"2025-03-02","source":"wikimedia-commons","image":"https://thumb.wikimedia.org/wikipedia/commons/thumb/8/84/Moon_%F0%9F%8C%99.jpg/960px-Moon_%F0%9F%8C%99.jpg","video":null,"url":"https://commons.wikimedia.org/wiki/File:Moon_%F0%9F%8C%99.jpg","credit":"Pudasaini07","license":"CC0","approximate":false,"marker-color":"#0f766e","marker-size":"small"},"geometry":{"type":"Point","coordinates":[85.10664,27.85668]}},{"type":"Feature","properties":{"name":"Setting sun and beautiful peaks","kind":"photo","period":"before","captured":"2025-03-04","source":"wikimedia-commons","image":"https://thumb.wikimedia.org/wikipedia/commons/thumb/7/75/Setting_sun_and_beautiful_peaks.jpg/960px-Setting_sun_and_beautiful_peaks.jpg","video":null,"url":"https://commons.wikimedia.org/wiki/File:Setting_sun_and_beautiful_peaks.jpg","credit":"Pudasaini07","license":"CC0","approximate":false,"marker-color":"#0f766e","marker-size":"small"},"geometry":{"type":"Point","coordinates":[85.10659,27.85663]}},{"type":"Feature","properties":{"name":"Beauty of himalayas ❤️","kind":"photo","period":"before","captured":"2025-03-04","source":"wikimedia-commons","image":"https://thumb.wikimedia.org/wikipedia/commons/thumb/f/fb/Beauty_of_himalayas_%E2%9D%A4%EF%B8%8F.jpg/960px-Beauty_of_himalayas_%E2%9D%A4%EF%B8%8F.jpg","video":null,"url":"https://commons.wikimedia.org/wiki/File:Beauty_of_himalayas_%E2%9D%A4%EF%B8%8F.jpg","credit":"Pudasaini07","license":"CC0","approximate":false,"marker-color":"#0f766e","marker-size":"small"},"geometry":{"type":"Point","coordinates":[85.10661,27.85665]}},{"type":"Feature","properties":{"name":"Vibrant lighting of sun","kind":"photo","period":"before","captured":"2025-03-16","source":"wikimedia-commons","image":"https://thumb.wikimedia.org/wikipedia/commons/thumb/9/9e/Vibrant_lighting_of_sun.jpg/960px-Vibrant_lighting_of_sun.jpg","video":null,"url":"https://commons.wikimedia.org/wiki/File:Vibrant_lighting_of_sun.jpg","credit":"Pudasaini07","license":"CC0","approximate":false,"marker-color":"#0f766e","marker-size":"small"},"geometry":{"type":"Point","coordinates":[85.10658,27.8567]}},{"type":"Feature","properties":{"name":"Snowy mountain 🏔️","kind":"photo","period":"before","captured":"2025-03-02","source":"wikimedia-commons","image":"https://thumb.wikimedia.org/wikipedia/commons/thumb/c/c3/Snowy_mountain_%F0%9F%8F%94%EF%B8%8F.jpg/960px-Snowy_mountain_%F0%9F%8F%94%EF%B8%8F.jpg","video":null,"url":"https://commons.wikimedia.org/wiki/File:Snowy_mountain_%F0%9F%8F%94%EF%B8%8F.jpg","credit":"Pudasaini07","license":"CC0","approximate":false,"marker-color":"#0f766e","marker-size":"small"},"geometry":{"type":"Point","coordinates":[85.10617,27.8556]}},{"type":"Feature","properties":{"name":"Mt.Langtang","kind":"photo","period":"before","captured":"2025-03-02","source":"wikimedia-commons","image":"https://thumb.wikimedia.org/wikipedia/commons/thumb/f/fd/Mt.Langtang.jpg/960px-Mt.Langtang.jpg","video":null,"url":"https://commons.wikimedia.org/wiki/File:Mt.Langtang.jpg","credit":"Pudasaini07","license":"CC0","approximate":false,"marker-color":"#0f766e","marker-size":"small"},"geometry":{"type":"Point","coordinates":[85.10616,27.85558]}},{"type":"Feature","properties":{"name":"Himalayan beauty ❤️","kind":"photo","period":"before","captured":"2025-03-02","source":"wikimedia-commons","image":"https://thumb.wikimedia.org/wikipedia/commons/thumb/f/f5/Himalayan_beauty_%E2%9D%A4%EF%B8%8F.jpg/960px-Himalayan_beauty_%E2%9D%A4%EF%B8%8F.jpg","video":null,"url":"https://commons.wikimedia.org/wiki/File:Himalayan_beauty_%E2%9D%A4%EF%B8%8F.jpg","credit":"Pudasaini07","license":"CC0","approximate":false,"marker-color":"#0f766e","marker-size":"small"},"geometry":{"type":"Point","coordinates":[85.10616,27.85563]}},{"type":"Feature","properties":{"name":"Sun and tree beauty","kind":"photo","period":"before","captured":"2025-03-27","source":"wikimedia-commons","image":"https://thumb.wikimedia.org/wikipedia/commons/thumb/3/37/Sun_and_tree_beauty.jpg/960px-Sun_and_tree_beauty.jpg","video":null,"url":"https://commons.wikimedia.org/wiki/File:Sun_and_tree_beauty.jpg","credit":"Pudasaini07","license":"CC0","approximate":false,"marker-color":"#0f766e","marker-size":"small"},"geometry":{"type":"Point","coordinates":[85.09815,27.85726]}},{"type":"Feature","properties":{"name":"TIRSULI THULOKHOLA TOBAL","kind":"photo","period":"before","captured":"2010-03-05","source":"wikimedia-commons","image":"https://upload.wikimedia.org/wikipedia/commons/4/46/TIRSULI_THULOKHOLA_TOBAL.JPG","video":null,"url":"https://commons.wikimedia.org/wiki/File:TIRSULI_THULOKHOLA_TOBAL.JPG","credit":"Krishna kumar shrestha","license":"CC BY-SA 3.0","approximate":false,"marker-color":"#0f766e","marker-size":"small"},"geometry":{"type":"Point","coordinates":[85.08177,27.85159]}},{"type":"Feature","properties":{"name":"Jungle life","kind":"photo","period":"before","captured":"2020-05-29","source":"wikimedia-commons","image":"https://thumb.wikimedia.org/wikipedia/commons/thumb/1/19/Jungle_life.jpg/960px-Jungle_life.jpg","video":null,"url":"https://commons.wikimedia.org/wiki/File:Jungle_life.jpg","credit":"Navarajdahal","license":"CC BY-SA 4.0","approximate":false,"marker-color":"#0f766e","marker-size":"small"},"geometry":{"type":"Point","coordinates":[85.0576,27.84344]}},{"type":"Feature","properties":{"name":"Nuwakote jungle nepal","kind":"photo","period":"before","captured":"2020-05-29","source":"wikimedia-commons","image":"https://thumb.wikimedia.org/wikipedia/commons/thumb/a/ac/Nuwakote_jungle_nepal.jpg/960px-Nuwakote_jungle_nepal.jpg","video":null,"url":"https://commons.wikimedia.org/wiki/File:Nuwakote_jungle_nepal.jpg","credit":"Navarajdahal","license":"CC BY-SA 4.0","approximate":false,"marker-color":"#0f766e","marker-size":"small"},"geometry":{"type":"Point","coordinates":[85.0576,27.84344]}},{"type":"Feature","properties":{"name":"Nuwakot nepal jungle","kind":"photo","period":"before","captured":"2020-05-29","source":"wikimedia-commons","image":"https://thumb.wikimedia.org/wikipedia/commons/thumb/1/1d/Nuwakot_nepal_jungle.jpg/960px-Nuwakot_nepal_jungle.jpg","video":null,"url":"https://commons.wikimedia.org/wiki/File:Nuwakot_nepal_jungle.jpg","credit":"Navarajdahal","license":"CC BY-SA 4.0","approximate":false,"marker-color":"#0f766e","marker-size":"small"},"geometry":{"type":"Point","coordinates":[85.0576,27.84344]}},{"type":"Feature","properties":{"name":"ISS064-E-12608 - View of Lake Paiku","kind":"aerial","period":"before","captured":"2020-12-15","source":"wikimedia-commons","image":"https://thumb.wikimedia.org/wikipedia/commons/thumb/f/fd/ISS064-E-12608_-_View_of_Lake_Paiku.jpg/960px-ISS064-E-12608_-_View_of_Lake_Paiku.jpg","video":null,"url":"https://commons.wikimedia.org/wiki/File:ISS064-E-12608_-_View_of_Lake_Paiku.jpg","credit":"Earth Science and Remote Sensing Unit, NASA Johnson Space Center","license":"Public domain","approximate":false,"marker-color":"#0f766e","marker-size":"small"},"geometry":{"type":"Point","coordinates":[85,27.8]}},{"type":"Feature","properties":{"name":"Trishuli River between Muglin-Kathmandu 03","kind":"photo","period":"before","captured":"2026-08-24","source":"wikimedia-commons","image":"https://thumb.wikimedia.org/wikipedia/commons/thumb/5/58/Trishuli_River_between_Muglin-Kathmandu_03.jpg/960px-Trishuli_River_between_Muglin-Kathmandu_03.jpg","video":null,"url":"https://commons.wikimedia.org/wiki/File:Trishuli_River_between_Muglin-Kathmandu_03.jpg","credit":"Saddam Hussain Ansari","license":"CC BY 4.0","approximate":false,"marker-color":"#0f766e","marker-size":"small"},"geometry":{"type":"Point","coordinates":[84.92506,27.79729]}},{"type":"Feature","properties":{"name":"Trishuli River between Muglin-Kathmandu 04","kind":"photo","period":"before","captured":"2026-08-24","source":"wikimedia-commons","image":"https://thumb.wikimedia.org/wikipedia/commons/thumb/a/a2/Trishuli_River_between_Muglin-Kathmandu_04.jpg/960px-Trishuli_River_between_Muglin-Kathmandu_04.jpg","video":null,"url":"https://commons.wikimedia.org/wiki/File:Trishuli_River_between_Muglin-Kathmandu_04.jpg","credit":"Saddam Hussain Ansari","license":"CC BY 4.0","approximate":false,"marker-color":"#0f766e","marker-size":"small"},"geometry":{"type":"Point","coordinates":[84.92509,27.79727]}},{"type":"Feature","properties":{"name":"Trishuli River between Muglin-Kathmandu 05","kind":"photo","period":"before","captured":"2026-08-24","source":"wikimedia-commons","image":"https://thumb.wikimedia.org/wikipedia/commons/thumb/d/d7/Trishuli_River_between_Muglin-Kathmandu_05.jpg/960px-Trishuli_River_between_Muglin-Kathmandu_05.jpg","video":null,"url":"https://commons.wikimedia.org/wiki/File:Trishuli_River_between_Muglin-Kathmandu_05.jpg","credit":"Saddam Hussain Ansari","license":"CC BY 4.0","approximate":false,"marker-color":"#0f766e","marker-size":"small"},"geometry":{"type":"Point","coordinates":[84.92509,27.79727]}},{"type":"Feature","properties":{"name":"Pida bridge,Dhading District,Nepal (5)","kind":"photo","period":"before","captured":"2026-08-24","source":"wikimedia-commons","image":"https://thumb.wikimedia.org/wikipedia/commons/thumb/1/19/Pida_bridge%2CDhading_District%2CNepal_%285%29.jpg/960px-Pida_bridge%2CDhading_District%2CNepal_%285%29.jpg","video":null,"url":"https://commons.wikimedia.org/wiki/File:Pida_bridge,Dhading_District,Nepal_(5).jpg","credit":"Saddam Hussain Ansari","license":"CC BY 4.0","approximate":false,"marker-color":"#0f766e","marker-size":"small"},"geometry":{"type":"Point","coordinates":[84.92509,27.79727]}},{"type":"Feature","properties":{"name":"Pida bridge,Dhading District,Nepal (1)","kind":"photo","period":"before","captured":"2026-08-24","source":"wikimedia-commons","image":"https://thumb.wikimedia.org/wikipedia/commons/thumb/c/cc/Pida_bridge%2CDhading_District%2CNepal_%281%29.jpg/960px-Pida_bridge%2CDhading_District%2CNepal_%281%29.jpg","video":null,"url":"https://commons.wikimedia.org/wiki/File:Pida_bridge,Dhading_District,Nepal_(1).jpg","credit":"Saddam Hussain Ansari","license":"CC BY 4.0","approximate":false,"marker-color":"#0f766e","marker-size":"small"},"geometry":{"type":"Point","coordinates":[84.92461,27.79727]}},{"type":"Feature","properties":{"name":"Trishuli River between Muglin-Kathmandu 06","kind":"photo","period":"before","captured":"2026-08-24","source":"wikimedia-commons","image":"https://thumb.wikimedia.org/wikipedia/commons/thumb/9/91/Trishuli_River_between_Muglin-Kathmandu_06.jpg/960px-Trishuli_River_between_Muglin-Kathmandu_06.jpg","video":null,"url":"https://commons.wikimedia.org/wiki/File:Trishuli_River_between_Muglin-Kathmandu_06.jpg","credit":"Saddam Hussain Ansari","license":"CC BY 4.0","approximate":false,"marker-color":"#0f766e","marker-size":"small"},"geometry":{"type":"Point","coordinates":[84.92461,27.79727]}},{"type":"Feature","properties":{"name":"Trishuli River between Muglin-Kathmandu 07","kind":"photo","period":"before","captured":"2026-08-24","source":"wikimedia-commons","image":"https://thumb.wikimedia.org/wikipedia/commons/thumb/3/31/Trishuli_River_between_Muglin-Kathmandu_07.jpg/960px-Trishuli_River_between_Muglin-Kathmandu_07.jpg","video":null,"url":"https://commons.wikimedia.org/wiki/File:Trishuli_River_between_Muglin-Kathmandu_07.jpg","credit":"Saddam Hussain Ansari","license":"CC BY 4.0","approximate":false,"marker-color":"#0f766e","marker-size":"small"},"geometry":{"type":"Point","coordinates":[84.92461,27.79727]}},{"type":"Feature","properties":{"name":"Trishuli River between Muglin-Kathmandu 02","kind":"photo","period":"before","captured":"2026-08-24","source":"wikimedia-commons","image":"https://thumb.wikimedia.org/wikipedia/commons/thumb/9/90/Trishuli_River_between_Muglin-Kathmandu_02.jpg/960px-Trishuli_River_between_Muglin-Kathmandu_02.jpg","video":null,"url":"https://commons.wikimedia.org/wiki/File:Trishuli_River_between_Muglin-Kathmandu_02.jpg","credit":"Saddam Hussain Ansari","license":"CC BY 4.0","approximate":false,"marker-color":"#0f766e","marker-size":"small"},"geometry":{"type":"Point","coordinates":[84.92461,27.79727]}},{"type":"Feature","properties":{"name":"Pida bridge,Dhading District,Nepal (2)","kind":"photo","period":"before","captured":"2026-08-24","source":"wikimedia-commons","image":"https://thumb.wikimedia.org/wikipedia/commons/thumb/0/06/Pida_bridge%2CDhading_District%2CNepal_%282%29.jpg/960px-Pida_bridge%2CDhading_District%2CNepal_%282%29.jpg","video":null,"url":"https://commons.wikimedia.org/wiki/File:Pida_bridge,Dhading_District,Nepal_(2).jpg","credit":"Saddam Hussain Ansari","license":"CC BY 4.0","approximate":false,"marker-color":"#0f766e","marker-size":"small"},"geometry":{"type":"Point","coordinates":[84.92475,27.79727]}},{"type":"Feature","properties":{"name":"Pida bridge,Dhading District,Nepal (3)","kind":"photo","period":"before","captured":"2026-08-24","source":"wikimedia-commons","image":"https://thumb.wikimedia.org/wikipedia/commons/thumb/c/c9/Pida_bridge%2CDhading_District%2CNepal_%283%29.jpg/960px-Pida_bridge%2CDhading_District%2CNepal_%283%29.jpg","video":null,"url":"https://commons.wikimedia.org/wiki/File:Pida_bridge,Dhading_District,Nepal_(3).jpg","credit":"Saddam Hussain Ansari","license":"CC BY 4.0","approximate":false,"marker-color":"#0f766e","marker-size":"small"},"geometry":{"type":"Point","coordinates":[84.92475,27.79727]}},{"type":"Feature","properties":{"name":"Pida bridge,Dhading District,Nepal (4)","kind":"photo","period":"before","captured":"2026-08-24","source":"wikimedia-commons","image":"https://thumb.wikimedia.org/wikipedia/commons/thumb/9/92/Pida_bridge%2CDhading_District%2CNepal_%284%29.jpg/960px-Pida_bridge%2CDhading_District%2CNepal_%284%29.jpg","video":null,"url":"https://commons.wikimedia.org/wiki/File:Pida_bridge,Dhading_District,Nepal_(4).jpg","credit":"Saddam Hussain Ansari","license":"CC BY 4.0","approximate":false,"marker-color":"#0f766e","marker-size":"small"},"geometry":{"type":"Point","coordinates":[84.92475,27.79727]}},{"type":"Feature","properties":{"name":"Trishuli River at Benighat (1)","kind":"photo","period":"before","captured":"2016-06-29","source":"wikimedia-commons","image":"https://thumb.wikimedia.org/wikipedia/commons/thumb/1/18/Trishuli_River_at_Benighat_%281%29.jpg/960px-Trishuli_River_at_Benighat_%281%29.jpg","video":null,"url":"https://commons.wikimedia.org/wiki/File:Trishuli_River_at_Benighat_(1).jpg","credit":"Anup Sadi","license":"CC BY-SA 4.0","approximate":false,"marker-color":"#0f766e","marker-size":"small"},"geometry":{"type":"Point","coordinates":[84.81931,27.80729]}},{"type":"Feature","properties":{"name":"Trishuli River at Benighat (2)","kind":"photo","period":"before","captured":"2016-06-29","source":"wikimedia-commons","image":"https://thumb.wikimedia.org/wikipedia/commons/thumb/b/b3/Trishuli_River_at_Benighat_%282%29.jpg/960px-Trishuli_River_at_Benighat_%282%29.jpg","video":null,"url":"https://commons.wikimedia.org/wiki/File:Trishuli_River_at_Benighat_(2).jpg","credit":"Anup Sadi","license":"CC BY-SA 4.0","approximate":false,"marker-color":"#0f766e","marker-size":"small"},"geometry":{"type":"Point","coordinates":[84.81931,27.80729]}},{"type":"Feature","properties":{"name":"Trishuli River at Benighat (3)","kind":"photo","period":"before","captured":"2016-06-29","source":"wikimedia-commons","image":"https://thumb.wikimedia.org/wikipedia/commons/thumb/9/9f/Trishuli_River_at_Benighat_%283%29.jpg/960px-Trishuli_River_at_Benighat_%283%29.jpg","video":null,"url":"https://commons.wikimedia.org/wiki/File:Trishuli_River_at_Benighat_(3).jpg","credit":"Anup Sadi","license":"CC BY-SA 4.0","approximate":false,"marker-color":"#0f766e","marker-size":"small"},"geometry":{"type":"Point","coordinates":[84.81931,27.80729]}},{"type":"Feature","properties":{"name":"Prithvi Highway at Benighat","kind":"photo","period":"before","captured":"2016-06-29","source":"wikimedia-commons","image":"https://thumb.wikimedia.org/wikipedia/commons/thumb/7/76/Prithvi_Highway_at_Benighat.jpg/960px-Prithvi_Highway_at_Benighat.jpg","video":null,"url":"https://commons.wikimedia.org/wiki/File:Prithvi_Highway_at_Benighat.jpg","credit":"Anup Sadi","license":"CC BY-SA 4.0","approximate":false,"marker-color":"#0f766e","marker-size":"small"},"geometry":{"type":"Point","coordinates":[84.82016,27.80683]}},{"type":"Feature","properties":{"name":"NEPAL BUS JOURNEY FROM KATHMANDU TO POKHARA NEPAL FEB 2013","kind":"photo","period":"before","captured":"2013-02-14","source":"wikimedia-commons","image":"https://thumb.wikimedia.org/wikipedia/commons/thumb/b/bb/NEPAL_BUS_JOURNEY_FROM_KATHMANDU_TO_POKHARA_NEPAL_FEB_2013.jpg/960px-NEPAL_BUS_JOURNEY_FROM_KATHMANDU_TO_POKHARA_NEPAL_FEB_2013.jpg","video":null,"url":"https://commons.wikimedia.org/wiki/File:NEPAL_BUS_JOURNEY_FROM_KATHMANDU_TO_POKHARA_NEPAL_FEB_2013.jpg","credit":"calflier001","license":"CC BY-SA 2.0","approximate":false,"marker-color":"#0f766e","marker-size":"small"},"geometry":{"type":"Point","coordinates":[84.77424,27.80795]}},{"type":"Feature","properties":{"name":"Cable Car on Trishuli - panoramio","kind":"photo","period":"before","captured":"2016-04-03","source":"wikimedia-commons","image":"https://thumb.wikimedia.org/wikipedia/commons/thumb/7/77/Cable_Car_on_Trishuli_-_panoramio.jpg/960px-Cable_Car_on_Trishuli_-_panoramio.jpg","video":null,"url":"https://commons.wikimedia.org/wiki/File:Cable_Car_on_Trishuli_-_panoramio.jpg","credit":"Neil Satyam","license":"CC BY-SA 3.0","approximate":false,"marker-color":"#0f766e","marker-size":"small"},"geometry":{"type":"Point","coordinates":[84.75012,27.80461]}},{"type":"Feature","properties":{"name":"Pokhara 100 117","kind":"photo","period":"before","captured":"2014-09-26","source":"wikimedia-commons","image":"https://thumb.wikimedia.org/wikipedia/commons/thumb/d/d9/Pokhara_100_117.JPG/960px-Pokhara_100_117.JPG","video":null,"url":"https://commons.wikimedia.org/wiki/File:Pokhara_100_117.JPG","credit":"Surendra Poudel","license":"CC BY-SA 3.0","approximate":false,"marker-color":"#0f766e","marker-size":"small"},"geometry":{"type":"Point","coordinates":[84.73132,27.79487]}},{"type":"Feature","properties":{"name":"Pokhara 100 124","kind":"photo","period":"before","captured":"2014-09-26","source":"wikimedia-commons","image":"https://thumb.wikimedia.org/wikipedia/commons/thumb/a/af/Pokhara_100_124.JPG/960px-Pokhara_100_124.JPG","video":null,"url":"https://commons.wikimedia.org/wiki/File:Pokhara_100_124.JPG","credit":"Surendra Poudel","license":"CC BY-SA 3.0","approximate":false,"marker-color":"#0f766e","marker-size":"small"},"geometry":{"type":"Point","coordinates":[84.73121,27.79468]}},{"type":"Feature","properties":{"name":"Pokhara 100 118","kind":"photo","period":"before","captured":"2014-09-26","source":"wikimedia-commons","image":"https://thumb.wikimedia.org/wikipedia/commons/thumb/a/ab/Pokhara_100_118.JPG/960px-Pokhara_100_118.JPG","video":null,"url":"https://commons.wikimedia.org/wiki/File:Pokhara_100_118.JPG","credit":"Surendra Poudel","license":"CC BY-SA 3.0","approximate":false,"marker-color":"#0f766e","marker-size":"small"},"geometry":{"type":"Point","coordinates":[84.72887,27.79753]}},{"type":"Feature","properties":{"name":"ISS022-E-67490 - View of Earth","kind":"aerial","period":"before","captured":"2010-02-17","source":"wikimedia-commons","image":"https://thumb.wikimedia.org/wikipedia/commons/thumb/7/74/ISS022-E-67490_-_View_of_Earth.jpg/960px-ISS022-E-67490_-_View_of_Earth.jpg","video":null,"url":"https://commons.wikimedia.org/wiki/File:ISS022-E-67490_-_View_of_Earth.jpg","credit":"Earth Science and Remote Sensing Unit, Lyndon B. Johnson Space Center","license":"Public domain","approximate":false,"marker-color":"#0f766e","marker-size":"small"},"geometry":{"type":"Point","coordinates":[84.7,27.8]}},{"type":"Feature","properties":{"name":"ISS065-E-393280 - View of Earth","kind":"aerial","period":"before","captured":"2021-09-19","source":"wikimedia-commons","image":"https://thumb.wikimedia.org/wikipedia/commons/thumb/f/ff/ISS065-E-393280_-_View_of_Earth.jpg/960px-ISS065-E-393280_-_View_of_Earth.jpg","video":null,"url":"https://commons.wikimedia.org/wiki/File:ISS065-E-393280_-_View_of_Earth.jpg","credit":"Earth Science and Remote Sensing Unit, Lyndon B. Johnson Space Center","license":"Public domain","approximate":false,"marker-color":"#0f766e","marker-size":"small"},"geometry":{"type":"Point","coordinates":[84.7,27.8]}},{"type":"Feature","properties":{"name":"ISS065-E-393281 - View of Earth","kind":"aerial","period":"before","captured":"2021-09-19","source":"wikimedia-commons","image":"https://thumb.wikimedia.org/wikipedia/commons/thumb/9/9c/ISS065-E-393281_-_View_of_Earth.jpg/960px-ISS065-E-393281_-_View_of_Earth.jpg","video":null,"url":"https://commons.wikimedia.org/wiki/File:ISS065-E-393281_-_View_of_Earth.jpg","credit":"Earth Science and Remote Sensing Unit, Lyndon B. Johnson Space Center","license":"Public domain","approximate":false,"marker-color":"#0f766e","marker-size":"small"},"geometry":{"type":"Point","coordinates":[84.7,27.8]}},{"type":"Feature","properties":{"name":"ISS065-E-393282 - View of Earth","kind":"aerial","period":"before","captured":"2021-09-19","source":"wikimedia-commons","image":"https://thumb.wikimedia.org/wikipedia/commons/thumb/4/4a/ISS065-E-393282_-_View_of_Earth.jpg/960px-ISS065-E-393282_-_View_of_Earth.jpg","video":null,"url":"https://commons.wikimedia.org/wiki/File:ISS065-E-393282_-_View_of_Earth.jpg","credit":"Earth Science and Remote Sensing Unit, Lyndon B. Johnson Space Center","license":"Public domain","approximate":false,"marker-color":"#0f766e","marker-size":"small"},"geometry":{"type":"Point","coordinates":[84.7,27.8]}},{"type":"Feature","properties":{"name":"River Trishuli - panoramio","kind":"photo","period":"before","captured":"2016-04-03","source":"wikimedia-commons","image":"https://thumb.wikimedia.org/wikipedia/commons/thumb/4/44/River_Trishuli_-_panoramio.jpg/960px-River_Trishuli_-_panoramio.jpg","video":null,"url":"https://commons.wikimedia.org/wiki/File:River_Trishuli_-_panoramio.jpg","credit":"Neil Satyam","license":"CC BY-SA 3.0","approximate":false,"marker-color":"#0f766e","marker-size":"small"},"geometry":{"type":"Point","coordinates":[84.68312,27.81123]}},{"type":"Feature","properties":{"name":"Trishuli River between Muglin-Kathmandu 01","kind":"photo","period":"before","captured":"2026-08-24","source":"wikimedia-commons","image":"https://thumb.wikimedia.org/wikipedia/commons/thumb/3/3c/Trishuli_River_between_Muglin-Kathmandu_01.jpg/960px-Trishuli_River_between_Muglin-Kathmandu_01.jpg","video":null,"url":"https://commons.wikimedia.org/wiki/File:Trishuli_River_between_Muglin-Kathmandu_01.jpg","credit":"Saddam Hussain Ansari","license":"CC BY 4.0","approximate":false,"marker-color":"#0f766e","marker-size":"small"},"geometry":{"type":"Point","coordinates":[84.66052,27.83095]}},{"type":"Feature","properties":{"name":"31 Using water (14599728300)","kind":"photo","period":"before","captured":"2013-04-09","source":"wikimedia-commons","image":"https://thumb.wikimedia.org/wikipedia/commons/thumb/4/47/31_Using_water_%2814599728300%29.jpg/960px-31_Using_water_%2814599728300%29.jpg","video":null,"url":"https://commons.wikimedia.org/wiki/File:31_Using_water_(14599728300).jpg","credit":"Dutch WASH Alliance","license":"CC BY 2.0","approximate":false,"marker-color":"#0f766e","marker-size":"small"},"geometry":{"type":"Point","coordinates":[84.66051,27.85512]}},{"type":"Feature","properties":{"name":"29 Toilet in use (14599766359)","kind":"photo","period":"before","captured":"2013-04-09","source":"wikimedia-commons","image":"https://thumb.wikimedia.org/wikipedia/commons/thumb/8/80/29_Toilet_in_use_%2814599766359%29.jpg/960px-29_Toilet_in_use_%2814599766359%29.jpg","video":null,"url":"https://commons.wikimedia.org/wiki/File:29_Toilet_in_use_(14599766359).jpg","credit":"Dutch WASH Alliance","license":"CC BY 2.0","approximate":false,"marker-color":"#0f766e","marker-size":"small"},"geometry":{"type":"Point","coordinates":[84.63983,27.85917]}},{"type":"Feature","properties":{"name":"Manakamana Cable Car - panoramio","kind":"photo","period":"before","captured":"2010-01-29","source":"wikimedia-commons","image":"https://thumb.wikimedia.org/wikipedia/commons/thumb/8/8e/Manakamana_Cable_Car_-_panoramio.jpg/960px-Manakamana_Cable_Car_-_panoramio.jpg","video":null,"url":"https://commons.wikimedia.org/wiki/File:Manakamana_Cable_Car_-_panoramio.jpg","credit":"aabhash","license":"CC BY-SA 3.0","approximate":false,"marker-color":"#0f766e","marker-size":"small"},"geometry":{"type":"Point","coordinates":[84.62322,27.87785]}},{"type":"Feature","properties":{"name":"Trishuli riber in Kurintar - panoramio","kind":"photo","period":"before","captured":"2010-01-29","source":"wikimedia-commons","image":"https://thumb.wikimedia.org/wikipedia/commons/thumb/8/84/Trishuli_riber_in_Kurintar_-_panoramio.jpg/960px-Trishuli_riber_in_Kurintar_-_panoramio.jpg","video":null,"url":"https://commons.wikimedia.org/wiki/File:Trishuli_riber_in_Kurintar_-_panoramio.jpg","credit":"aabhash","license":"CC BY-SA 3.0","approximate":false,"marker-color":"#0f766e","marker-size":"small"},"geometry":{"type":"Point","coordinates":[84.62322,27.87755]}},{"type":"Feature","properties":{"name":"Manakamana - panoramio","kind":"photo","period":"before","captured":"2010-01-29","source":"wikimedia-commons","image":"https://thumb.wikimedia.org/wikipedia/commons/thumb/4/4f/Manakamana_-_panoramio.jpg/960px-Manakamana_-_panoramio.jpg","video":null,"url":"https://commons.wikimedia.org/wiki/File:Manakamana_-_panoramio.jpg","credit":"aabhash","license":"CC BY-SA 3.0","approximate":false,"marker-color":"#0f766e","marker-size":"small"},"geometry":{"type":"Point","coordinates":[84.62346,27.87833]}},{"type":"Feature","properties":{"name":"Road to Pokhara - panoramio","kind":"photo","period":"before","captured":"2015-01-25","source":"wikimedia-commons","image":"https://thumb.wikimedia.org/wikipedia/commons/thumb/8/86/Road_to_Pokhara_-_panoramio.jpg/960px-Road_to_Pokhara_-_panoramio.jpg","video":null,"url":"https://commons.wikimedia.org/wiki/File:Road_to_Pokhara_-_panoramio.jpg","credit":"Alexey Komarov","license":"CC BY 3.0","approximate":false,"marker-color":"#0f766e","marker-size":"small"},"geometry":{"type":"Point","coordinates":[84.6167,27.87464]}},{"type":"Feature","properties":{"name":"PANO 20191206 130359","kind":"photo","period":"before","captured":"2019-12-06","source":"wikimedia-commons","image":"https://thumb.wikimedia.org/wikipedia/commons/thumb/8/85/PANO_20191206_130359.jpg/960px-PANO_20191206_130359.jpg","video":null,"url":"https://commons.wikimedia.org/wiki/File:PANO_20191206_130359.jpg","credit":"Pramodadhikari1994","license":"CC BY-SA 4.0","approximate":false,"marker-color":"#0f766e","marker-size":"small"},"geometry":{"type":"Point","coordinates":[84.59739,27.87507]}},{"type":"Feature","properties":{"name":"Chicken Khana","kind":"photo","period":"before","captured":"2022-04-14","source":"wikimedia-commons","image":"https://thumb.wikimedia.org/wikipedia/commons/thumb/a/a4/Chicken_Khana.jpg/960px-Chicken_Khana.jpg","video":null,"url":"https://commons.wikimedia.org/wiki/File:Chicken_Khana.jpg","credit":"Gaurav Dhwaj Khadka","license":"CC BY-SA 4.0","approximate":false,"marker-color":"#0f766e","marker-size":"small"},"geometry":{"type":"Point","coordinates":[84.59734,27.87516]}},{"type":"Feature","properties":{"name":"Kurintar,chitwan buddha statue","kind":"photo","period":"before","captured":"2012-04-10","source":"wikimedia-commons","image":"https://thumb.wikimedia.org/wikipedia/commons/thumb/8/82/Kurintar%2Cchitwan_buddha_statue.jpg/960px-Kurintar%2Cchitwan_buddha_statue.jpg","video":null,"url":"https://commons.wikimedia.org/wiki/File:Kurintar,chitwan_buddha_statue.jpg","credit":"sagar acharya","license":"CC BY-SA 3.0","approximate":false,"marker-color":"#0f766e","marker-size":"small"},"geometry":{"type":"Point","coordinates":[84.5925,27.87755]}},{"type":"Feature","properties":{"name":"Buddha stupa In Gorkha,Nepal.","kind":"photo","period":"before","captured":"2014-05-15","source":"wikimedia-commons","image":"https://thumb.wikimedia.org/wikipedia/commons/thumb/4/40/Buddha_stupa_In_Gorkha%2CNepal..JPG/960px-Buddha_stupa_In_Gorkha%2CNepal..JPG","video":null,"url":"https://commons.wikimedia.org/wiki/File:Buddha_stupa_In_Gorkha,Nepal..JPG","credit":"Pranaya mulepati","license":"CC BY-SA 3.0","approximate":false,"marker-color":"#0f766e","marker-size":"small"},"geometry":{"type":"Point","coordinates":[84.59081,27.87855]}},{"type":"Feature","properties":{"name":"Cable car Nepal - panoramio","kind":"photo","period":"before","captured":"2007-10-26","source":"wikimedia-commons","image":"https://thumb.wikimedia.org/wikipedia/commons/thumb/0/04/Cable_car_Nepal_-_panoramio.jpg/960px-Cable_car_Nepal_-_panoramio.jpg","video":null,"url":"https://commons.wikimedia.org/wiki/File:Cable_car_Nepal_-_panoramio.jpg","credit":"::::=UT=::::","license":"CC BY-SA 3.0","approximate":false,"marker-color":"#0f766e","marker-size":"small"},"geometry":{"type":"Point","coordinates":[84.58683,27.89394]}},{"type":"Feature","properties":{"name":"Cable Car (Tram way) to Manakamana Temple (Nepal)","kind":"photo","period":"before","captured":"2008-08-24","source":"wikimedia-commons","image":"https://thumb.wikimedia.org/wikipedia/commons/thumb/e/e5/Cable_Car_%28Tram_way%29_to_Manakamana_Temple_%28Nepal%29.jpg/960px-Cable_Car_%28Tram_way%29_to_Manakamana_Temple_%28Nepal%29.jpg","video":null,"url":"https://commons.wikimedia.org/wiki/File:Cable_Car_(Tram_way)_to_Manakamana_Temple_(Nepal).jpg","credit":"Dhilung","license":"CC BY 3.0","approximate":false,"marker-color":"#0f766e","marker-size":"small"},"geometry":{"type":"Point","coordinates":[84.58932,27.88263]}},{"type":"Feature","properties":{"name":"On cable car up to Manakamana Temple - panoramio","kind":"photo","period":"before","captured":"2007-10-26","source":"wikimedia-commons","image":"https://thumb.wikimedia.org/wikipedia/commons/thumb/a/a6/On_cable_car_up_to_Manakamana_Temple_-_panoramio.jpg/960px-On_cable_car_up_to_Manakamana_Temple_-_panoramio.jpg","video":null,"url":"https://commons.wikimedia.org/wiki/File:On_cable_car_up_to_Manakamana_Temple_-_panoramio.jpg","credit":"::::=UT=::::","license":"CC BY-SA 3.0","approximate":false,"marker-color":"#0f766e","marker-size":"small"},"geometry":{"type":"Point","coordinates":[84.58707,27.88026]}},{"type":"Feature","properties":{"name":"H 5 at Mugling","kind":"photo","period":"before","captured":"2016-06-29","source":"wikimedia-commons","image":"https://thumb.wikimedia.org/wikipedia/commons/thumb/4/43/H_5_at_Mugling.jpg/960px-H_5_at_Mugling.jpg","video":null,"url":"https://commons.wikimedia.org/wiki/File:H_5_at_Mugling.jpg","credit":"Anup Sadi","license":"CC BY-SA 4.0","approximate":false,"marker-color":"#0f766e","marker-size":"small"},"geometry":{"type":"Point","coordinates":[84.56056,27.85596]}},{"type":"Feature","properties":{"name":"Muglin Bazar, Chitwan,Nepal Aug 2026 (8)","kind":"photo","period":"before","captured":"2026-08-24","source":"wikimedia-commons","image":"https://thumb.wikimedia.org/wikipedia/commons/thumb/b/b6/Muglin_Bazar%2C_Chitwan%2CNepal_Aug_2026_%288%29.jpg/960px-Muglin_Bazar%2C_Chitwan%2CNepal_Aug_2026_%288%29.jpg","video":null,"url":"https://commons.wikimedia.org/wiki/File:Muglin_Bazar,_Chitwan,Nepal_Aug_2026_(8).jpg","credit":"Saddam Hussain Ansari","license":"CC BY 4.0","approximate":false,"marker-color":"#0f766e","marker-size":"small"},"geometry":{"type":"Point","coordinates":[84.56046,27.85605]}},{"type":"Feature","properties":{"name":"Muglin Bazar, Chitwan,Nepal Aug 2026 (9)","kind":"photo","period":"before","captured":"2026-08-24","source":"wikimedia-commons","image":"https://thumb.wikimedia.org/wikipedia/commons/thumb/b/b5/Muglin_Bazar%2C_Chitwan%2CNepal_Aug_2026_%289%29.jpg/960px-Muglin_Bazar%2C_Chitwan%2CNepal_Aug_2026_%289%29.jpg","video":null,"url":"https://commons.wikimedia.org/wiki/File:Muglin_Bazar,_Chitwan,Nepal_Aug_2026_(9).jpg","credit":"Saddam Hussain Ansari","license":"CC BY 4.0","approximate":false,"marker-color":"#0f766e","marker-size":"small"},"geometry":{"type":"Point","coordinates":[84.56046,27.85605]}},{"type":"Feature","properties":{"name":"Muglin Bazar, Chitwan,Nepal Aug 2026 (10)","kind":"photo","period":"before","captured":"2026-08-24","source":"wikimedia-commons","image":"https://thumb.wikimedia.org/wikipedia/commons/thumb/d/d8/Muglin_Bazar%2C_Chitwan%2CNepal_Aug_2026_%2810%29.jpg/960px-Muglin_Bazar%2C_Chitwan%2CNepal_Aug_2026_%2810%29.jpg","video":null,"url":"https://commons.wikimedia.org/wiki/File:Muglin_Bazar,_Chitwan,Nepal_Aug_2026_(10).jpg","credit":"Saddam Hussain Ansari","license":"CC BY 4.0","approximate":false,"marker-color":"#0f766e","marker-size":"small"},"geometry":{"type":"Point","coordinates":[84.56046,27.85605]}},{"type":"Feature","properties":{"name":"Muglin Bazar, Chitwan,Nepal Aug 2026 (1)","kind":"photo","period":"before","captured":"2026-08-24","source":"wikimedia-commons","image":"https://thumb.wikimedia.org/wikipedia/commons/thumb/7/77/Muglin_Bazar%2C_Chitwan%2CNepal_Aug_2026_%281%29.jpg/960px-Muglin_Bazar%2C_Chitwan%2CNepal_Aug_2026_%281%29.jpg","video":null,"url":"https://commons.wikimedia.org/wiki/File:Muglin_Bazar,_Chitwan,Nepal_Aug_2026_(1).jpg","credit":"Saddam Hussain Ansari","license":"CC BY 4.0","approximate":false,"marker-color":"#0f766e","marker-size":"small"},"geometry":{"type":"Point","coordinates":[84.56057,27.85608]}},{"type":"Feature","properties":{"name":"Muglin Bazar, Chitwan,Nepal Aug 2026 (2)","kind":"photo","period":"before","captured":"2026-08-24","source":"wikimedia-commons","image":"https://thumb.wikimedia.org/wikipedia/commons/thumb/e/e4/Muglin_Bazar%2C_Chitwan%2CNepal_Aug_2026_%282%29.jpg/960px-Muglin_Bazar%2C_Chitwan%2CNepal_Aug_2026_%282%29.jpg","video":null,"url":"https://commons.wikimedia.org/wiki/File:Muglin_Bazar,_Chitwan,Nepal_Aug_2026_(2).jpg","credit":"Saddam Hussain Ansari","license":"CC BY 4.0","approximate":false,"marker-color":"#0f766e","marker-size":"small"},"geometry":{"type":"Point","coordinates":[84.56057,27.85608]}},{"type":"Feature","properties":{"name":"Muglin Bazar, Chitwan,Nepal Aug 2026 (3)","kind":"photo","period":"before","captured":"2026-08-24","source":"wikimedia-commons","image":"https://thumb.wikimedia.org/wikipedia/commons/thumb/8/87/Muglin_Bazar%2C_Chitwan%2CNepal_Aug_2026_%283%29.jpg/960px-Muglin_Bazar%2C_Chitwan%2CNepal_Aug_2026_%283%29.jpg","video":null,"url":"https://commons.wikimedia.org/wiki/File:Muglin_Bazar,_Chitwan,Nepal_Aug_2026_(3).jpg","credit":"Saddam Hussain Ansari","license":"CC BY 4.0","approximate":false,"marker-color":"#0f766e","marker-size":"small"},"geometry":{"type":"Point","coordinates":[84.56057,27.85608]}},{"type":"Feature","properties":{"name":"Muglin Bazar, Chitwan,Nepal Aug 2026 (4)","kind":"photo","period":"before","captured":"2026-08-24","source":"wikimedia-commons","image":"https://thumb.wikimedia.org/wikipedia/commons/thumb/5/54/Muglin_Bazar%2C_Chitwan%2CNepal_Aug_2026_%284%29.jpg/960px-Muglin_Bazar%2C_Chitwan%2CNepal_Aug_2026_%284%29.jpg","video":null,"url":"https://commons.wikimedia.org/wiki/File:Muglin_Bazar,_Chitwan,Nepal_Aug_2026_(4).jpg","credit":"Saddam Hussain Ansari","license":"CC BY 4.0","approximate":false,"marker-color":"#0f766e","marker-size":"small"},"geometry":{"type":"Point","coordinates":[84.56046,27.85608]}},{"type":"Feature","properties":{"name":"Muglin Bazar, Chitwan,Nepal Aug 2026 (5)","kind":"photo","period":"before","captured":"2026-08-24","source":"wikimedia-commons","image":"https://thumb.wikimedia.org/wikipedia/commons/thumb/2/28/Muglin_Bazar%2C_Chitwan%2CNepal_Aug_2026_%285%29.jpg/960px-Muglin_Bazar%2C_Chitwan%2CNepal_Aug_2026_%285%29.jpg","video":null,"url":"https://commons.wikimedia.org/wiki/File:Muglin_Bazar,_Chitwan,Nepal_Aug_2026_(5).jpg","credit":"Saddam Hussain Ansari","license":"CC BY 4.0","approximate":false,"marker-color":"#0f766e","marker-size":"small"},"geometry":{"type":"Point","coordinates":[84.56046,27.85608]}},{"type":"Feature","properties":{"name":"Muglin Bazar, Chitwan,Nepal Aug 2026 (6)","kind":"photo","period":"before","captured":"2026-08-24","source":"wikimedia-commons","image":"https://thumb.wikimedia.org/wikipedia/commons/thumb/4/45/Muglin_Bazar%2C_Chitwan%2CNepal_Aug_2026_%286%29.jpg/960px-Muglin_Bazar%2C_Chitwan%2CNepal_Aug_2026_%286%29.jpg","video":null,"url":"https://commons.wikimedia.org/wiki/File:Muglin_Bazar,_Chitwan,Nepal_Aug_2026_(6).jpg","credit":"Saddam Hussain Ansari","license":"CC BY 4.0","approximate":false,"marker-color":"#0f766e","marker-size":"small"},"geometry":{"type":"Point","coordinates":[84.56046,27.85608]}},{"type":"Feature","properties":{"name":"Muglin Bazar, Chitwan,Nepal Aug 2026 (7)","kind":"photo","period":"before","captured":"2026-08-24","source":"wikimedia-commons","image":"https://thumb.wikimedia.org/wikipedia/commons/thumb/7/73/Muglin_Bazar%2C_Chitwan%2CNepal_Aug_2026_%287%29.jpg/960px-Muglin_Bazar%2C_Chitwan%2CNepal_Aug_2026_%287%29.jpg","video":null,"url":"https://commons.wikimedia.org/wiki/File:Muglin_Bazar,_Chitwan,Nepal_Aug_2026_(7).jpg","credit":"Saddam Hussain Ansari","license":"CC BY 4.0","approximate":false,"marker-color":"#0f766e","marker-size":"small"},"geometry":{"type":"Point","coordinates":[84.56044,27.85595]}},{"type":"Feature","properties":{"name":"Tisuli0166","kind":"photo","period":"before","captured":"2012-03-19","source":"wikimedia-commons","image":"https://thumb.wikimedia.org/wikipedia/commons/thumb/2/27/Tisuli0166.JPG/960px-Tisuli0166.JPG","video":null,"url":"https://commons.wikimedia.org/wiki/File:Tisuli0166.JPG","credit":"Sundar1","license":"CC BY-SA 3.0","approximate":false,"marker-color":"#0f766e","marker-size":"small"},"geometry":{"type":"Point","coordinates":[84.55692,27.8571]}},{"type":"Feature","properties":{"name":"Trisuli0168","kind":"photo","period":"before","captured":"2012-03-19","source":"wikimedia-commons","image":"https://thumb.wikimedia.org/wikipedia/commons/thumb/9/94/Trisuli0168.JPG/960px-Trisuli0168.JPG","video":null,"url":"https://commons.wikimedia.org/wiki/File:Trisuli0168.JPG","credit":"Sundar1","license":"CC BY-SA 3.0","approximate":false,"marker-color":"#0f766e","marker-size":"small"},"geometry":{"type":"Point","coordinates":[84.55688,27.85718]}},{"type":"Feature","properties":{"name":"Pokhara 100 106","kind":"photo","period":"before","captured":"2014-09-26","source":"wikimedia-commons","image":"https://thumb.wikimedia.org/wikipedia/commons/thumb/d/d0/Pokhara_100_106.JPG/960px-Pokhara_100_106.JPG","video":null,"url":"https://commons.wikimedia.org/wiki/File:Pokhara_100_106.JPG","credit":"Surendra Poudel","license":"CC BY-SA 3.0","approximate":false,"marker-color":"#0f766e","marker-size":"small"},"geometry":{"type":"Point","coordinates":[84.55828,27.85626]}},{"type":"Feature","properties":{"name":"मुग्लिन चोक","kind":"photo","period":"before","captured":"2023-03-31","source":"wikimedia-commons","image":"https://thumb.wikimedia.org/wikipedia/commons/thumb/d/d8/%E0%A4%AE%E0%A5%81%E0%A4%97%E0%A5%8D%E0%A4%B2%E0%A4%BF%E0%A4%A8_%E0%A4%9A%E0%A5%8B%E0%A4%95.jpg/960px-%E0%A4%AE%E0%A5%81%E0%A4%97%E0%A5%8D%E0%A4%B2%E0%A4%BF%E0%A4%A8_%E0%A4%9A%E0%A5%8B%E0%A4%95.jpg","video":null,"url":"https://commons.wikimedia.org/wiki/File:%E0%A4%AE%E0%A5%81%E0%A4%97%E0%A5%8D%E0%A4%B2%E0%A4%BF%E0%A4%A8_%E0%A4%9A%E0%A5%8B%E0%A4%95.jpg","credit":"सुगम पोखरेल","license":"CC BY-SA 4.0","approximate":false,"marker-color":"#0f766e","marker-size":"small"},"geometry":{"type":"Point","coordinates":[84.56004,27.85553]}},{"type":"Feature","properties":{"name":"Nepal Highway - panoramio","kind":"photo","period":"before","captured":"2009-12-27","source":"wikimedia-commons","image":"https://thumb.wikimedia.org/wikipedia/commons/thumb/3/37/Nepal_Highway_-_panoramio.jpg/960px-Nepal_Highway_-_panoramio.jpg","video":null,"url":"https://commons.wikimedia.org/wiki/File:Nepal_Highway_-_panoramio.jpg","credit":"salomon10","license":"CC BY-SA 3.0","approximate":false,"marker-color":"#0f766e","marker-size":"small"},"geometry":{"type":"Point","coordinates":[84.55717,27.854]}},{"type":"Feature","properties":{"name":"Pokhara 100 107","kind":"photo","period":"before","captured":"2014-09-14","source":"wikimedia-commons","image":"https://thumb.wikimedia.org/wikipedia/commons/thumb/f/f9/Pokhara_100_107.JPG/960px-Pokhara_100_107.JPG","video":null,"url":"https://commons.wikimedia.org/wiki/File:Pokhara_100_107.JPG","credit":"Surendra Poudel","license":"CC BY-SA 3.0","approximate":false,"marker-color":"#0f766e","marker-size":"small"},"geometry":{"type":"Point","coordinates":[84.55746,27.85393]}},{"type":"Feature","properties":{"name":"Pokhara 100 108","kind":"photo","period":"before","captured":"2014-09-26","source":"wikimedia-commons","image":"https://thumb.wikimedia.org/wikipedia/commons/thumb/2/26/Pokhara_100_108.JPG/960px-Pokhara_100_108.JPG","video":null,"url":"https://commons.wikimedia.org/wiki/File:Pokhara_100_108.JPG","credit":"Surendra Poudel","license":"CC BY-SA 3.0","approximate":false,"marker-color":"#0f766e","marker-size":"small"},"geometry":{"type":"Point","coordinates":[84.55664,27.85421]}},{"type":"Feature","properties":{"name":"Trishuli River Darechok","kind":"photo","period":"before","captured":"2016-06-29","source":"wikimedia-commons","image":"https://thumb.wikimedia.org/wikipedia/commons/thumb/a/a1/Trishuli_River_Darechok.jpg/960px-Trishuli_River_Darechok.jpg","video":null,"url":"https://commons.wikimedia.org/wiki/File:Trishuli_River_Darechok.jpg","credit":"Anup Sadi","license":"CC BY-SA 4.0","approximate":false,"marker-color":"#0f766e","marker-size":"small"},"geometry":{"type":"Point","coordinates":[84.55704,27.85404]}},{"type":"Feature","properties":{"name":"A man walking in Muglin Bazaar,Chitwan,Nepal","kind":"photo","period":"before","captured":"2026-08-23","source":"wikimedia-commons","image":"https://thumb.wikimedia.org/wikipedia/commons/thumb/8/8b/A_man_walking_in_Muglin_Bazaar%2CChitwan%2CNepal.jpg/960px-A_man_walking_in_Muglin_Bazaar%2CChitwan%2CNepal.jpg","video":null,"url":"https://commons.wikimedia.org/wiki/File:A_man_walking_in_Muglin_Bazaar,Chitwan,Nepal.jpg","credit":"Saddam Hussain Ansari","license":"CC BY 4.0","approximate":true,"marker-color":"#0f766e","marker-size":"small"},"geometry":{"type":"Point","coordinates":[84.557,27.852]}},{"type":"Feature","properties":{"name":"Pokhara 100 104","kind":"photo","period":"before","captured":"2014-08-29","source":"wikimedia-commons","image":"https://thumb.wikimedia.org/wikipedia/commons/thumb/6/6e/Pokhara_100_104.JPG/960px-Pokhara_100_104.JPG","video":null,"url":"https://commons.wikimedia.org/wiki/File:Pokhara_100_104.JPG","credit":"Surendra Poudel","license":"CC BY-SA 3.0","approximate":false,"marker-color":"#0f766e","marker-size":"small"},"geometry":{"type":"Point","coordinates":[84.55801,27.83719]}},{"type":"Feature","properties":{"name":"Views of Madan-Ashrit Highway (Narayanghat–Mugling Road), Chitwan, Nepal (20)","kind":"photo","period":"before","captured":"2026-08-24","source":"wikimedia-commons","image":"https://thumb.wikimedia.org/wikipedia/commons/thumb/8/8b/Views_of_Madan-Ashrit_Highway_%28Narayanghat%E2%80%93Mugling_Road%29%2C_Chitwan%2C_Nepal_%2820%29.jpg/960px-Views_of_Madan-Ashrit_Highway_%28Narayanghat%E2%80%93Mugling_Road%29%2C_Chitwan%2C_Nepal_%2820%29.jpg","video":null,"url":"https://commons.wikimedia.org/wiki/File:Views_of_Madan-Ashrit_Highway_(Narayanghat%E2%80%93Mugling_Road),_Chitwan,_Nepal_(20).jpg","credit":"Saddam Hussain Ansari","license":"CC BY 4.0","approximate":false,"marker-color":"#0f766e","marker-size":"small"},"geometry":{"type":"Point","coordinates":[84.54972,27.83156]}},{"type":"Feature","properties":{"name":"Views of Madan-Ashrit Highway (Narayanghat–Mugling Road), Chitwan, Nepal (21)","kind":"photo","period":"before","captured":"2026-08-24","source":"wikimedia-commons","image":"https://thumb.wikimedia.org/wikipedia/commons/thumb/2/22/Views_of_Madan-Ashrit_Highway_%28Narayanghat%E2%80%93Mugling_Road%29%2C_Chitwan%2C_Nepal_%2821%29.jpg/960px-Views_of_Madan-Ashrit_Highway_%28Narayanghat%E2%80%93Mugling_Road%29%2C_Chitwan%2C_Nepal_%2821%29.jpg","video":null,"url":"https://commons.wikimedia.org/wiki/File:Views_of_Madan-Ashrit_Highway_(Narayanghat%E2%80%93Mugling_Road),_Chitwan,_Nepal_(21).jpg","credit":"Saddam Hussain Ansari","license":"CC BY 4.0","approximate":false,"marker-color":"#0f766e","marker-size":"small"},"geometry":{"type":"Point","coordinates":[84.54972,27.83156]}},{"type":"Feature","properties":{"name":"Views of Madan-Ashrit Highway (Narayanghat–Mugling Road), Chitwan, Nepal (19)","kind":"photo","period":"before","captured":"2026-08-24","source":"wikimedia-commons","image":"https://thumb.wikimedia.org/wikipedia/commons/thumb/6/60/Views_of_Madan-Ashrit_Highway_%28Narayanghat%E2%80%93Mugling_Road%29%2C_Chitwan%2C_Nepal_%2819%29.jpg/960px-Views_of_Madan-Ashrit_Highway_%28Narayanghat%E2%80%93Mugling_Road%29%2C_Chitwan%2C_Nepal_%2819%29.jpg","video":null,"url":"https://commons.wikimedia.org/wiki/File:Views_of_Madan-Ashrit_Highway_(Narayanghat%E2%80%93Mugling_Road),_Chitwan,_Nepal_(19).jpg","credit":"Saddam Hussain Ansari","license":"CC BY 4.0","approximate":false,"marker-color":"#0f766e","marker-size":"small"},"geometry":{"type":"Point","coordinates":[84.54925,27.8314]}},{"type":"Feature","properties":{"name":"Views of Madan-Ashrit Highway (Narayanghat–Mugling Road), Chitwan, Nepal (17)","kind":"photo","period":"before","captured":"2026-08-24","source":"wikimedia-commons","image":"https://thumb.wikimedia.org/wikipedia/commons/thumb/a/a6/Views_of_Madan-Ashrit_Highway_%28Narayanghat%E2%80%93Mugling_Road%29%2C_Chitwan%2C_Nepal_%2817%29.jpg/960px-Views_of_Madan-Ashrit_Highway_%28Narayanghat%E2%80%93Mugling_Road%29%2C_Chitwan%2C_Nepal_%2817%29.jpg","video":null,"url":"https://commons.wikimedia.org/wiki/File:Views_of_Madan-Ashrit_Highway_(Narayanghat%E2%80%93Mugling_Road),_Chitwan,_Nepal_(17).jpg","credit":"Saddam Hussain Ansari","license":"CC BY 4.0","approximate":false,"marker-color":"#0f766e","marker-size":"small"},"geometry":{"type":"Point","coordinates":[84.54806,27.83099]}},{"type":"Feature","properties":{"name":"Views of Madan-Ashrit Highway (Narayanghat–Mugling Road), Chitwan, Nepal (18)","kind":"photo","period":"before","captured":"2026-08-24","source":"wikimedia-commons","image":"https://thumb.wikimedia.org/wikipedia/commons/thumb/0/0e/Views_of_Madan-Ashrit_Highway_%28Narayanghat%E2%80%93Mugling_Road%29%2C_Chitwan%2C_Nepal_%2818%29.jpg/960px-Views_of_Madan-Ashrit_Highway_%28Narayanghat%E2%80%93Mugling_Road%29%2C_Chitwan%2C_Nepal_%2818%29.jpg","video":null,"url":"https://commons.wikimedia.org/wiki/File:Views_of_Madan-Ashrit_Highway_(Narayanghat%E2%80%93Mugling_Road),_Chitwan,_Nepal_(18).jpg","credit":"Saddam Hussain Ansari","license":"CC BY 4.0","approximate":false,"marker-color":"#0f766e","marker-size":"small"},"geometry":{"type":"Point","coordinates":[84.54843,27.83106]}},{"type":"Feature","properties":{"name":"Jalbire","kind":"photo","period":"before","captured":"2018-05-03","source":"wikimedia-commons","image":"https://upload.wikimedia.org/wikipedia/commons/c/c4/Jalbire.jpg","video":null,"url":"https://commons.wikimedia.org/wiki/File:Jalbire.jpg","credit":"Fpoylo","license":"CC BY-SA 4.0","approximate":false,"marker-color":"#0f766e","marker-size":"small"},"geometry":{"type":"Point","coordinates":[84.5165,27.81469]}},{"type":"Feature","properties":{"name":"Khaja Set 1","kind":"photo","period":"before","captured":"2022-04-18","source":"wikimedia-commons","image":"https://thumb.wikimedia.org/wikipedia/commons/thumb/1/1d/Khaja_Set_1.jpg/960px-Khaja_Set_1.jpg","video":null,"url":"https://commons.wikimedia.org/wiki/File:Khaja_Set_1.jpg","credit":"Gaurav Dhwaj Khadka","license":"CC BY-SA 4.0","approximate":false,"marker-color":"#0f766e","marker-size":"small"},"geometry":{"type":"Point","coordinates":[84.50787,27.81625]}},{"type":"Feature","properties":{"name":"Narayanghat-Mugling Highway","kind":"photo","period":"before","captured":"2016-08-23","source":"wikimedia-commons","image":"https://thumb.wikimedia.org/wikipedia/commons/thumb/e/e8/Narayanghat-Mugling_Highway.jpg/960px-Narayanghat-Mugling_Highway.jpg","video":null,"url":"https://commons.wikimedia.org/wiki/File:Narayanghat-Mugling_Highway.jpg","credit":"Fpoylo","license":"CC BY-SA 4.0","approximate":false,"marker-color":"#0f766e","marker-size":"small"},"geometry":{"type":"Point","coordinates":[84.48321,27.82159]}},{"type":"Feature","properties":{"name":"Cable Car to Paddle Nepal resort - panoramio","kind":"photo","period":"before","captured":"2016-04-03","source":"wikimedia-commons","image":"https://thumb.wikimedia.org/wikipedia/commons/thumb/e/e4/Cable_Car_to_Paddle_Nepal_resort_-_panoramio.jpg/960px-Cable_Car_to_Paddle_Nepal_resort_-_panoramio.jpg","video":null,"url":"https://commons.wikimedia.org/wiki/File:Cable_Car_to_Paddle_Nepal_resort_-_panoramio.jpg","credit":"Neil Satyam","license":"CC BY-SA 3.0","approximate":false,"marker-color":"#0f766e","marker-size":"small"},"geometry":{"type":"Point","coordinates":[84.48009,27.82116]}},{"type":"Feature","properties":{"name":"Paddle Nepal resort - panoramio","kind":"photo","period":"before","captured":"2016-04-04","source":"wikimedia-commons","image":"https://thumb.wikimedia.org/wikipedia/commons/thumb/b/b8/Paddle_Nepal_resort_-_panoramio.jpg/960px-Paddle_Nepal_resort_-_panoramio.jpg","video":null,"url":"https://commons.wikimedia.org/wiki/File:Paddle_Nepal_resort_-_panoramio.jpg","credit":"Neil Satyam","license":"CC BY-SA 3.0","approximate":false,"marker-color":"#0f766e","marker-size":"small"},"geometry":{"type":"Point","coordinates":[84.4805,27.82237]}},{"type":"Feature","properties":{"name":"Paddle Nepal resort - panoramio - Neil Satyam","kind":"photo","period":"before","captured":"2016-04-04","source":"wikimedia-commons","image":"https://thumb.wikimedia.org/wikipedia/commons/thumb/4/4f/Paddle_Nepal_resort_-_panoramio_-_Neil_Satyam.jpg/960px-Paddle_Nepal_resort_-_panoramio_-_Neil_Satyam.jpg","video":null,"url":"https://commons.wikimedia.org/wiki/File:Paddle_Nepal_resort_-_panoramio_-_Neil_Satyam.jpg","credit":"Neil Satyam","license":"CC BY-SA 3.0","approximate":false,"marker-color":"#0f766e","marker-size":"small"},"geometry":{"type":"Point","coordinates":[84.48026,27.82219]}},{"type":"Feature","properties":{"name":"Paddle Nepal resort - panoramio - Neil Satyam (1)","kind":"photo","period":"before","captured":"2016-04-04","source":"wikimedia-commons","image":"https://upload.wikimedia.org/wikipedia/commons/9/9a/Paddle_Nepal_resort_-_panoramio_-_Neil_Satyam_%281%29.jpg","video":null,"url":"https://commons.wikimedia.org/wiki/File:Paddle_Nepal_resort_-_panoramio_-_Neil_Satyam_(1).jpg","credit":"Neil Satyam","license":"CC BY-SA 3.0","approximate":false,"marker-color":"#0f766e","marker-size":"small"},"geometry":{"type":"Point","coordinates":[84.48062,27.8224]}},{"type":"Feature","properties":{"name":"Paddle Nepal resort - panoramio - Neil Satyam (2)","kind":"photo","period":"before","captured":"2016-04-04","source":"wikimedia-commons","image":"https://thumb.wikimedia.org/wikipedia/commons/thumb/6/6a/Paddle_Nepal_resort_-_panoramio_-_Neil_Satyam_%282%29.jpg/960px-Paddle_Nepal_resort_-_panoramio_-_Neil_Satyam_%282%29.jpg","video":null,"url":"https://commons.wikimedia.org/wiki/File:Paddle_Nepal_resort_-_panoramio_-_Neil_Satyam_(2).jpg","credit":"Neil Satyam","license":"CC BY-SA 3.0","approximate":false,"marker-color":"#0f766e","marker-size":"small"},"geometry":{"type":"Point","coordinates":[84.48068,27.82245]}},{"type":"Feature","properties":{"name":"Below Paddle Nepal resort - panoramio","kind":"photo","period":"before","captured":"2016-04-04","source":"wikimedia-commons","image":"https://thumb.wikimedia.org/wikipedia/commons/thumb/8/82/Below_Paddle_Nepal_resort_-_panoramio.jpg/960px-Below_Paddle_Nepal_resort_-_panoramio.jpg","video":null,"url":"https://commons.wikimedia.org/wiki/File:Below_Paddle_Nepal_resort_-_panoramio.jpg","credit":"Neil Satyam","license":"CC BY-SA 3.0","approximate":false,"marker-color":"#0f766e","marker-size":"small"},"geometry":{"type":"Point","coordinates":[84.47976,27.82231]}},{"type":"Feature","properties":{"name":"Witnessing Natural Palette","kind":"photo","period":"before","captured":"2011-09-07","source":"wikimedia-commons","image":"https://thumb.wikimedia.org/wikipedia/commons/thumb/c/ca/Witnessing_Natural_Palette.jpg/960px-Witnessing_Natural_Palette.jpg","video":null,"url":"https://commons.wikimedia.org/wiki/File:Witnessing_Natural_Palette.jpg","credit":"Durlabh Pun","license":"CC BY-SA 4.0","approximate":false,"marker-color":"#0f766e","marker-size":"small"},"geometry":{"type":"Point","coordinates":[84.46257,27.82141]}},{"type":"Feature","properties":{"name":"Views of Madan-Ashrit Highway (Narayanghat–Mugling Road), Chitwan, Nepal (16)","kind":"photo","period":"before","captured":"2026-08-24","source":"wikimedia-commons","image":"https://thumb.wikimedia.org/wikipedia/commons/thumb/b/b1/Views_of_Madan-Ashrit_Highway_%28Narayanghat%E2%80%93Mugling_Road%29%2C_Chitwan%2C_Nepal_%2816%29.jpg/960px-Views_of_Madan-Ashrit_Highway_%28Narayanghat%E2%80%93Mugling_Road%29%2C_Chitwan%2C_Nepal_%2816%29.jpg","video":null,"url":"https://commons.wikimedia.org/wiki/File:Views_of_Madan-Ashrit_Highway_(Narayanghat%E2%80%93Mugling_Road),_Chitwan,_Nepal_(16).jpg","credit":"Saddam Hussain Ansari","license":"CC BY 4.0","approximate":false,"marker-color":"#0f766e","marker-size":"small"},"geometry":{"type":"Point","coordinates":[84.46217,27.81803]}},{"type":"Feature","properties":{"name":"Views of Madan-Ashrit Highway (Narayanghat–Mugling Road), Chitwan, Nepal (14)","kind":"photo","period":"before","captured":"2026-08-24","source":"wikimedia-commons","image":"https://thumb.wikimedia.org/wikipedia/commons/thumb/6/62/Views_of_Madan-Ashrit_Highway_%28Narayanghat%E2%80%93Mugling_Road%29%2C_Chitwan%2C_Nepal_%2814%29.jpg/960px-Views_of_Madan-Ashrit_Highway_%28Narayanghat%E2%80%93Mugling_Road%29%2C_Chitwan%2C_Nepal_%2814%29.jpg","video":null,"url":"https://commons.wikimedia.org/wiki/File:Views_of_Madan-Ashrit_Highway_(Narayanghat%E2%80%93Mugling_Road),_Chitwan,_Nepal_(14).jpg","credit":"Saddam Hussain Ansari","license":"CC BY 4.0","approximate":false,"marker-color":"#0f766e","marker-size":"small"},"geometry":{"type":"Point","coordinates":[84.46026,27.81865]}},{"type":"Feature","properties":{"name":"Views of Madan-Ashrit Highway (Narayanghat–Mugling Road), Chitwan, Nepal (15)","kind":"photo","period":"before","captured":"2026-08-24","source":"wikimedia-commons","image":"https://thumb.wikimedia.org/wikipedia/commons/thumb/f/f6/Views_of_Madan-Ashrit_Highway_%28Narayanghat%E2%80%93Mugling_Road%29%2C_Chitwan%2C_Nepal_%2815%29.jpg/960px-Views_of_Madan-Ashrit_Highway_%28Narayanghat%E2%80%93Mugling_Road%29%2C_Chitwan%2C_Nepal_%2815%29.jpg","video":null,"url":"https://commons.wikimedia.org/wiki/File:Views_of_Madan-Ashrit_Highway_(Narayanghat%E2%80%93Mugling_Road),_Chitwan,_Nepal_(15).jpg","credit":"Saddam Hussain Ansari","license":"CC BY 4.0","approximate":false,"marker-color":"#0f766e","marker-size":"small"},"geometry":{"type":"Point","coordinates":[84.46071,27.81857]}},{"type":"Feature","properties":{"name":"Views of Madan-Ashrit Highway (Narayanghat–Mugling Road), Chitwan, Nepal (13)","kind":"photo","period":"before","captured":"2026-08-24","source":"wikimedia-commons","image":"https://thumb.wikimedia.org/wikipedia/commons/thumb/1/1a/Views_of_Madan-Ashrit_Highway_%28Narayanghat%E2%80%93Mugling_Road%29%2C_Chitwan%2C_Nepal_%2813%29.jpg/960px-Views_of_Madan-Ashrit_Highway_%28Narayanghat%E2%80%93Mugling_Road%29%2C_Chitwan%2C_Nepal_%2813%29.jpg","video":null,"url":"https://commons.wikimedia.org/wiki/File:Views_of_Madan-Ashrit_Highway_(Narayanghat%E2%80%93Mugling_Road),_Chitwan,_Nepal_(13).jpg","credit":"Saddam Hussain Ansari","license":"CC BY 4.0","approximate":false,"marker-color":"#0f766e","marker-size":"small"},"geometry":{"type":"Point","coordinates":[84.45907,27.8187]}},{"type":"Feature","properties":{"name":"Views of Madan-Ashrit Highway (Narayanghat–Mugling Road), Chitwan, Nepal (12)","kind":"photo","period":"before","captured":"2026-08-24","source":"wikimedia-commons","image":"https://thumb.wikimedia.org/wikipedia/commons/thumb/4/4b/Views_of_Madan-Ashrit_Highway_%28Narayanghat%E2%80%93Mugling_Road%29%2C_Chitwan%2C_Nepal_%2812%29.jpg/960px-Views_of_Madan-Ashrit_Highway_%28Narayanghat%E2%80%93Mugling_Road%29%2C_Chitwan%2C_Nepal_%2812%29.jpg","video":null,"url":"https://commons.wikimedia.org/wiki/File:Views_of_Madan-Ashrit_Highway_(Narayanghat%E2%80%93Mugling_Road),_Chitwan,_Nepal_(12).jpg","credit":"Saddam Hussain Ansari","license":"CC BY 4.0","approximate":false,"marker-color":"#0f766e","marker-size":"small"},"geometry":{"type":"Point","coordinates":[84.45605,27.81888]}},{"type":"Feature","properties":{"name":"Views of Madan-Ashrit Highway (Narayanghat–Mugling Road), Chitwan, Nepal (10)","kind":"photo","period":"before","captured":"2026-08-24","source":"wikimedia-commons","image":"https://thumb.wikimedia.org/wikipedia/commons/thumb/b/b6/Views_of_Madan-Ashrit_Highway_%28Narayanghat%E2%80%93Mugling_Road%29%2C_Chitwan%2C_Nepal_%2810%29.jpg/960px-Views_of_Madan-Ashrit_Highway_%28Narayanghat%E2%80%93Mugling_Road%29%2C_Chitwan%2C_Nepal_%2810%29.jpg","video":null,"url":"https://commons.wikimedia.org/wiki/File:Views_of_Madan-Ashrit_Highway_(Narayanghat%E2%80%93Mugling_Road),_Chitwan,_Nepal_(10).jpg","credit":"Saddam Hussain Ansari","license":"CC BY 4.0","approximate":false,"marker-color":"#0f766e","marker-size":"small"},"geometry":{"type":"Point","coordinates":[84.45492,27.81929]}},{"type":"Feature","properties":{"name":"Views of Madan-Ashrit Highway (Narayanghat–Mugling Road), Chitwan, Nepal (11)","kind":"photo","period":"before","captured":"2026-08-24","source":"wikimedia-commons","image":"https://thumb.wikimedia.org/wikipedia/commons/thumb/2/2a/Views_of_Madan-Ashrit_Highway_%28Narayanghat%E2%80%93Mugling_Road%29%2C_Chitwan%2C_Nepal_%2811%29.jpg/960px-Views_of_Madan-Ashrit_Highway_%28Narayanghat%E2%80%93Mugling_Road%29%2C_Chitwan%2C_Nepal_%2811%29.jpg","video":null,"url":"https://commons.wikimedia.org/wiki/File:Views_of_Madan-Ashrit_Highway_(Narayanghat%E2%80%93Mugling_Road),_Chitwan,_Nepal_(11).jpg","credit":"Saddam Hussain Ansari","license":"CC BY 4.0","approximate":false,"marker-color":"#0f766e","marker-size":"small"},"geometry":{"type":"Point","coordinates":[84.45492,27.81929]}},{"type":"Feature","properties":{"name":"Seti -Trishuli Palette","kind":"photo","period":"before","captured":"2011-09-07","source":"wikimedia-commons","image":"https://thumb.wikimedia.org/wikipedia/commons/thumb/1/1a/Seti_-Trishuli_Palette.jpg/960px-Seti_-Trishuli_Palette.jpg","video":null,"url":"https://commons.wikimedia.org/wiki/File:Seti_-Trishuli_Palette.jpg","credit":"Durlabh Pun","license":"CC BY-SA 4.0","approximate":false,"marker-color":"#0f766e","marker-size":"small"},"geometry":{"type":"Point","coordinates":[84.45177,27.82143]}},{"type":"Feature","properties":{"name":"Spirit of Water (3) - Marsyangdi Waterfall - Nepal (3768536114)","kind":"photo","period":"before","captured":"2009-07-11","source":"wikimedia-commons","image":"https://thumb.wikimedia.org/wikipedia/commons/thumb/c/c5/Spirit_of_Water_%283%29_-_Marsyangdi_Waterfall_-_Nepal_%283768536114%29.jpg/960px-Spirit_of_Water_%283%29_-_Marsyangdi_Waterfall_-_Nepal_%283768536114%29.jpg","video":null,"url":"https://commons.wikimedia.org/wiki/File:Spirit_of_Water_(3)_-_Marsyangdi_Waterfall_-_Nepal_(3768536114).jpg","credit":"Dhilung Kirat from Santa Barbara, CA","license":"CC BY 2.0","approximate":false,"marker-color":"#0f766e","marker-size":"small"},"geometry":{"type":"Point","coordinates":[84.43594,27.83414]}},{"type":"Feature","properties":{"name":"Views of Madan-Ashrit Highway (Narayanghat–Mugling Road), Chitwan, Nepal (9)","kind":"photo","period":"before","captured":"2026-08-24","source":"wikimedia-commons","image":"https://thumb.wikimedia.org/wikipedia/commons/thumb/b/b3/Views_of_Madan-Ashrit_Highway_%28Narayanghat%E2%80%93Mugling_Road%29%2C_Chitwan%2C_Nepal_%289%29.jpg/960px-Views_of_Madan-Ashrit_Highway_%28Narayanghat%E2%80%93Mugling_Road%29%2C_Chitwan%2C_Nepal_%289%29.jpg","video":null,"url":"https://commons.wikimedia.org/wiki/File:Views_of_Madan-Ashrit_Highway_(Narayanghat%E2%80%93Mugling_Road),_Chitwan,_Nepal_(9).jpg","credit":"Saddam Hussain Ansari","license":"CC BY 4.0","approximate":false,"marker-color":"#0f766e","marker-size":"small"},"geometry":{"type":"Point","coordinates":[84.44474,27.82053]}},{"type":"Feature","properties":{"name":"Views of Madan-Ashrit Highway (Narayanghat–Mugling Road), Chitwan, Nepal (8)","kind":"photo","period":"before","captured":"2026-08-24","source":"wikimedia-commons","image":"https://thumb.wikimedia.org/wikipedia/commons/thumb/0/0f/Views_of_Madan-Ashrit_Highway_%28Narayanghat%E2%80%93Mugling_Road%29%2C_Chitwan%2C_Nepal_%288%29.jpg/960px-Views_of_Madan-Ashrit_Highway_%28Narayanghat%E2%80%93Mugling_Road%29%2C_Chitwan%2C_Nepal_%288%29.jpg","video":null,"url":"https://commons.wikimedia.org/wiki/File:Views_of_Madan-Ashrit_Highway_(Narayanghat%E2%80%93Mugling_Road),_Chitwan,_Nepal_(8).jpg","credit":"Saddam Hussain Ansari","license":"CC BY 4.0","approximate":false,"marker-color":"#0f766e","marker-size":"small"},"geometry":{"type":"Point","coordinates":[84.44405,27.81938]}},{"type":"Feature","properties":{"name":"Views of Madan-Ashrit Highway (Narayanghat–Mugling Road), Chitwan, Nepal (7)","kind":"photo","period":"before","captured":"2026-08-24","source":"wikimedia-commons","image":"https://thumb.wikimedia.org/wikipedia/commons/thumb/6/60/Views_of_Madan-Ashrit_Highway_%28Narayanghat%E2%80%93Mugling_Road%29%2C_Chitwan%2C_Nepal_%287%29.jpg/960px-Views_of_Madan-Ashrit_Highway_%28Narayanghat%E2%80%93Mugling_Road%29%2C_Chitwan%2C_Nepal_%287%29.jpg","video":null,"url":"https://commons.wikimedia.org/wiki/File:Views_of_Madan-Ashrit_Highway_(Narayanghat%E2%80%93Mugling_Road),_Chitwan,_Nepal_(7).jpg","credit":"Saddam Hussain Ansari","license":"CC BY 4.0","approximate":false,"marker-color":"#0f766e","marker-size":"small"},"geometry":{"type":"Point","coordinates":[84.4333,27.81146]}},{"type":"Feature","properties":{"name":"Views of Madan-Ashrit Highway (Narayanghat–Mugling Road), Chitwan, Nepal (5)","kind":"photo","period":"before","captured":"2026-08-24","source":"wikimedia-commons","image":"https://thumb.wikimedia.org/wikipedia/commons/thumb/c/ca/Views_of_Madan-Ashrit_Highway_%28Narayanghat%E2%80%93Mugling_Road%29%2C_Chitwan%2C_Nepal_%285%29.jpg/960px-Views_of_Madan-Ashrit_Highway_%28Narayanghat%E2%80%93Mugling_Road%29%2C_Chitwan%2C_Nepal_%285%29.jpg","video":null,"url":"https://commons.wikimedia.org/wiki/File:Views_of_Madan-Ashrit_Highway_(Narayanghat%E2%80%93Mugling_Road),_Chitwan,_Nepal_(5).jpg","credit":"Saddam Hussain Ansari","license":"CC BY 4.0","approximate":false,"marker-color":"#0f766e","marker-size":"small"},"geometry":{"type":"Point","coordinates":[84.43218,27.80026]}},{"type":"Feature","properties":{"name":"Views of Madan-Ashrit Highway (Narayanghat–Mugling Road), Chitwan, Nepal (6)","kind":"photo","period":"before","captured":"2026-08-24","source":"wikimedia-commons","image":"https://thumb.wikimedia.org/wikipedia/commons/thumb/9/9d/Views_of_Madan-Ashrit_Highway_%28Narayanghat%E2%80%93Mugling_Road%29%2C_Chitwan%2C_Nepal_%286%29.jpg/960px-Views_of_Madan-Ashrit_Highway_%28Narayanghat%E2%80%93Mugling_Road%29%2C_Chitwan%2C_Nepal_%286%29.jpg","video":null,"url":"https://commons.wikimedia.org/wiki/File:Views_of_Madan-Ashrit_Highway_(Narayanghat%E2%80%93Mugling_Road),_Chitwan,_Nepal_(6).jpg","credit":"Saddam Hussain Ansari","license":"CC BY 4.0","approximate":false,"marker-color":"#0f766e","marker-size":"small"},"geometry":{"type":"Point","coordinates":[84.43208,27.80053]}},{"type":"Feature","properties":{"name":"Views of Madan-Ashrit Highway (Narayanghat–Mugling Road), Chitwan, Nepal (3)","kind":"photo","period":"before","captured":"2026-08-24","source":"wikimedia-commons","image":"https://thumb.wikimedia.org/wikipedia/commons/thumb/8/8a/Views_of_Madan-Ashrit_Highway_%28Narayanghat%E2%80%93Mugling_Road%29%2C_Chitwan%2C_Nepal_%283%29.jpg/960px-Views_of_Madan-Ashrit_Highway_%28Narayanghat%E2%80%93Mugling_Road%29%2C_Chitwan%2C_Nepal_%283%29.jpg","video":null,"url":"https://commons.wikimedia.org/wiki/File:Views_of_Madan-Ashrit_Highway_(Narayanghat%E2%80%93Mugling_Road),_Chitwan,_Nepal_(3).jpg","credit":"Saddam Hussain Ansari","license":"CC BY 4.0","approximate":false,"marker-color":"#0f766e","marker-size":"small"},"geometry":{"type":"Point","coordinates":[84.43172,27.79787]}},{"type":"Feature","properties":{"name":"Views of Madan-Ashrit Highway (Narayanghat–Mugling Road), Chitwan, Nepal (4)","kind":"photo","period":"before","captured":"2026-08-24","source":"wikimedia-commons","image":"https://thumb.wikimedia.org/wikipedia/commons/thumb/2/2a/Views_of_Madan-Ashrit_Highway_%28Narayanghat%E2%80%93Mugling_Road%29%2C_Chitwan%2C_Nepal_%284%29.jpg/960px-Views_of_Madan-Ashrit_Highway_%28Narayanghat%E2%80%93Mugling_Road%29%2C_Chitwan%2C_Nepal_%284%29.jpg","video":null,"url":"https://commons.wikimedia.org/wiki/File:Views_of_Madan-Ashrit_Highway_(Narayanghat%E2%80%93Mugling_Road),_Chitwan,_Nepal_(4).jpg","credit":"Saddam Hussain Ansari","license":"CC BY 4.0","approximate":false,"marker-color":"#0f766e","marker-size":"small"},"geometry":{"type":"Point","coordinates":[84.43167,27.79802]}},{"type":"Feature","properties":{"name":"Views of Madan-Ashrit Highway (Narayanghat–Mugling Road), Chitwan, Nepal (28)","kind":"photo","period":"before","captured":"2026-08-24","source":"wikimedia-commons","image":"https://thumb.wikimedia.org/wikipedia/commons/thumb/1/17/Views_of_Madan-Ashrit_Highway_%28Narayanghat%E2%80%93Mugling_Road%29%2C_Chitwan%2C_Nepal_%2828%29.jpg/960px-Views_of_Madan-Ashrit_Highway_%28Narayanghat%E2%80%93Mugling_Road%29%2C_Chitwan%2C_Nepal_%2828%29.jpg","video":null,"url":"https://commons.wikimedia.org/wiki/File:Views_of_Madan-Ashrit_Highway_(Narayanghat%E2%80%93Mugling_Road),_Chitwan,_Nepal_(28).jpg","credit":"Saddam Hussain Ansari","license":"CC BY 4.0","approximate":false,"marker-color":"#0f766e","marker-size":"small"},"geometry":{"type":"Point","coordinates":[84.43135,27.79432]}},{"type":"Feature","properties":{"name":"Views of Madan-Ashrit Highway (Narayanghat–Mugling Road), Chitwan, Nepal (1)","kind":"photo","period":"before","captured":"2026-08-24","source":"wikimedia-commons","image":"https://thumb.wikimedia.org/wikipedia/commons/thumb/0/03/Views_of_Madan-Ashrit_Highway_%28Narayanghat%E2%80%93Mugling_Road%29%2C_Chitwan%2C_Nepal_%281%29.jpg/960px-Views_of_Madan-Ashrit_Highway_%28Narayanghat%E2%80%93Mugling_Road%29%2C_Chitwan%2C_Nepal_%281%29.jpg","video":null,"url":"https://commons.wikimedia.org/wiki/File:Views_of_Madan-Ashrit_Highway_(Narayanghat%E2%80%93Mugling_Road),_Chitwan,_Nepal_(1).jpg","credit":"Saddam Hussain Ansari","license":"CC BY 4.0","approximate":false,"marker-color":"#0f766e","marker-size":"small"},"geometry":{"type":"Point","coordinates":[84.43148,27.79489]}},{"type":"Feature","properties":{"name":"Views of Madan-Ashrit Highway (Narayanghat–Mugling Road), Chitwan, Nepal (2)","kind":"photo","period":"before","captured":"2026-08-24","source":"wikimedia-commons","image":"https://thumb.wikimedia.org/wikipedia/commons/thumb/f/ff/Views_of_Madan-Ashrit_Highway_%28Narayanghat%E2%80%93Mugling_Road%29%2C_Chitwan%2C_Nepal_%282%29.jpg/960px-Views_of_Madan-Ashrit_Highway_%28Narayanghat%E2%80%93Mugling_Road%29%2C_Chitwan%2C_Nepal_%282%29.jpg","video":null,"url":"https://commons.wikimedia.org/wiki/File:Views_of_Madan-Ashrit_Highway_(Narayanghat%E2%80%93Mugling_Road),_Chitwan,_Nepal_(2).jpg","credit":"Saddam Hussain Ansari","license":"CC BY 4.0","approximate":false,"marker-color":"#0f766e","marker-size":"small"},"geometry":{"type":"Point","coordinates":[84.43148,27.79489]}},{"type":"Feature","properties":{"name":"Views of Madan-Ashrit Highway (Narayanghat–Mugling Road), Chitwan, Nepal (24)","kind":"photo","period":"before","captured":"2026-08-24","source":"wikimedia-commons","image":"https://thumb.wikimedia.org/wikipedia/commons/thumb/0/0c/Views_of_Madan-Ashrit_Highway_%28Narayanghat%E2%80%93Mugling_Road%29%2C_Chitwan%2C_Nepal_%2824%29.jpg/960px-Views_of_Madan-Ashrit_Highway_%28Narayanghat%E2%80%93Mugling_Road%29%2C_Chitwan%2C_Nepal_%2824%29.jpg","video":null,"url":"https://commons.wikimedia.org/wiki/File:Views_of_Madan-Ashrit_Highway_(Narayanghat%E2%80%93Mugling_Road),_Chitwan,_Nepal_(24).jpg","credit":"Saddam Hussain Ansari","license":"CC BY 4.0","approximate":false,"marker-color":"#0f766e","marker-size":"small"},"geometry":{"type":"Point","coordinates":[84.43162,27.79102]}},{"type":"Feature","properties":{"name":"Views of Madan-Ashrit Highway (Narayanghat–Mugling Road), Chitwan, Nepal (25)","kind":"photo","period":"before","captured":"2026-08-24","source":"wikimedia-commons","image":"https://thumb.wikimedia.org/wikipedia/commons/thumb/8/8c/Views_of_Madan-Ashrit_Highway_%28Narayanghat%E2%80%93Mugling_Road%29%2C_Chitwan%2C_Nepal_%2825%29.jpg/960px-Views_of_Madan-Ashrit_Highway_%28Narayanghat%E2%80%93Mugling_Road%29%2C_Chitwan%2C_Nepal_%2825%29.jpg","video":null,"url":"https://commons.wikimedia.org/wiki/File:Views_of_Madan-Ashrit_Highway_(Narayanghat%E2%80%93Mugling_Road),_Chitwan,_Nepal_(25).jpg","credit":"Saddam Hussain Ansari","license":"CC BY 4.0","approximate":false,"marker-color":"#0f766e","marker-size":"small"},"geometry":{"type":"Point","coordinates":[84.43162,27.79102]}},{"type":"Feature","properties":{"name":"Views of Madan-Ashrit Highway (Narayanghat–Mugling Road), Chitwan, Nepal (26)","kind":"photo","period":"before","captured":"2026-08-24","source":"wikimedia-commons","image":"https://thumb.wikimedia.org/wikipedia/commons/thumb/b/b9/Views_of_Madan-Ashrit_Highway_%28Narayanghat%E2%80%93Mugling_Road%29%2C_Chitwan%2C_Nepal_%2826%29.jpg/960px-Views_of_Madan-Ashrit_Highway_%28Narayanghat%E2%80%93Mugling_Road%29%2C_Chitwan%2C_Nepal_%2826%29.jpg","video":null,"url":"https://commons.wikimedia.org/wiki/File:Views_of_Madan-Ashrit_Highway_(Narayanghat%E2%80%93Mugling_Road),_Chitwan,_Nepal_(26).jpg","credit":"Saddam Hussain Ansari","license":"CC BY 4.0","approximate":false,"marker-color":"#0f766e","marker-size":"small"},"geometry":{"type":"Point","coordinates":[84.43162,27.79102]}},{"type":"Feature","properties":{"name":"Views of Madan-Ashrit Highway (Narayanghat–Mugling Road), Chitwan, Nepal (27)","kind":"photo","period":"before","captured":"2026-08-24","source":"wikimedia-commons","image":"https://thumb.wikimedia.org/wikipedia/commons/thumb/2/2a/Views_of_Madan-Ashrit_Highway_%28Narayanghat%E2%80%93Mugling_Road%29%2C_Chitwan%2C_Nepal_%2827%29.jpg/960px-Views_of_Madan-Ashrit_Highway_%28Narayanghat%E2%80%93Mugling_Road%29%2C_Chitwan%2C_Nepal_%2827%29.jpg","video":null,"url":"https://commons.wikimedia.org/wiki/File:Views_of_Madan-Ashrit_Highway_(Narayanghat%E2%80%93Mugling_Road),_Chitwan,_Nepal_(27).jpg","credit":"Saddam Hussain Ansari","license":"CC BY 4.0","approximate":false,"marker-color":"#0f766e","marker-size":"small"},"geometry":{"type":"Point","coordinates":[84.43162,27.79102]}},{"type":"Feature","properties":{"name":"Views of Madan-Ashrit Highway (Narayanghat–Mugling Road), Chitwan, Nepal (23)","kind":"photo","period":"before","captured":"2026-08-24","source":"wikimedia-commons","image":"https://thumb.wikimedia.org/wikipedia/commons/thumb/7/7b/Views_of_Madan-Ashrit_Highway_%28Narayanghat%E2%80%93Mugling_Road%29%2C_Chitwan%2C_Nepal_%2823%29.jpg/960px-Views_of_Madan-Ashrit_Highway_%28Narayanghat%E2%80%93Mugling_Road%29%2C_Chitwan%2C_Nepal_%2823%29.jpg","video":null,"url":"https://commons.wikimedia.org/wiki/File:Views_of_Madan-Ashrit_Highway_(Narayanghat%E2%80%93Mugling_Road),_Chitwan,_Nepal_(23).jpg","credit":"Saddam Hussain Ansari","license":"CC BY 4.0","approximate":false,"marker-color":"#0f766e","marker-size":"small"},"geometry":{"type":"Point","coordinates":[84.43286,27.7882]}},{"type":"Feature","properties":{"name":"Views of Madan-Ashrit Highway (Narayanghat–Mugling Road), Chitwan, Nepal (22)","kind":"photo","period":"before","captured":"2026-08-24","source":"wikimedia-commons","image":"https://thumb.wikimedia.org/wikipedia/commons/thumb/c/c8/Views_of_Madan-Ashrit_Highway_%28Narayanghat%E2%80%93Mugling_Road%29%2C_Chitwan%2C_Nepal_%2822%29.jpg/960px-Views_of_Madan-Ashrit_Highway_%28Narayanghat%E2%80%93Mugling_Road%29%2C_Chitwan%2C_Nepal_%2822%29.jpg","video":null,"url":"https://commons.wikimedia.org/wiki/File:Views_of_Madan-Ashrit_Highway_(Narayanghat%E2%80%93Mugling_Road),_Chitwan,_Nepal_(22).jpg","credit":"Saddam Hussain Ansari","license":"CC BY 4.0","approximate":false,"marker-color":"#0f766e","marker-size":"small"},"geometry":{"type":"Point","coordinates":[84.43299,27.788]}},{"type":"Feature","properties":{"name":"Devghat Suspension Bridge 20180213 112933","kind":"photo","period":"before","captured":"2018-02-13","source":"wikimedia-commons","image":"https://thumb.wikimedia.org/wikipedia/commons/thumb/a/ab/Devghat_Suspension_Bridge_20180213_112933.jpg/960px-Devghat_Suspension_Bridge_20180213_112933.jpg","video":null,"url":"https://commons.wikimedia.org/wiki/File:Devghat_Suspension_Bridge_20180213_112933.jpg","credit":"Bharatadhikarimb","license":"CC BY-SA 4.0","approximate":false,"marker-color":"#0f766e","marker-size":"small"},"geometry":{"type":"Point","coordinates":[84.42861,27.74111]}},{"type":"Feature","properties":{"name":"देवघाट (Devghat)","kind":"photo","period":"before","captured":"2023-05-24","source":"wikimedia-commons","image":"https://thumb.wikimedia.org/wikipedia/commons/thumb/1/16/%E0%A4%A6%E0%A5%87%E0%A4%B5%E0%A4%98%E0%A4%BE%E0%A4%9F_%28Devghat%29.jpg/960px-%E0%A4%A6%E0%A5%87%E0%A4%B5%E0%A4%98%E0%A4%BE%E0%A4%9F_%28Devghat%29.jpg","video":null,"url":"https://commons.wikimedia.org/wiki/File:%E0%A4%A6%E0%A5%87%E0%A4%B5%E0%A4%98%E0%A4%BE%E0%A4%9F_(Devghat).jpg","credit":"Prakash Gopali85","license":"CC BY-SA 4.0","approximate":false,"marker-color":"#0f766e","marker-size":"small"},"geometry":{"type":"Point","coordinates":[84.42625,27.74741]}},{"type":"Feature","properties":{"name":"Pashupati Temple in Devghat","kind":"photo","period":"before","captured":"2019-02-16","source":"wikimedia-commons","image":"https://thumb.wikimedia.org/wikipedia/commons/thumb/a/a8/Pashupati_Temple_in_Devghat.jpg/960px-Pashupati_Temple_in_Devghat.jpg","video":null,"url":"https://commons.wikimedia.org/wiki/File:Pashupati_Temple_in_Devghat.jpg","credit":"Nawrj","license":"CC BY-SA 4.0","approximate":false,"marker-color":"#0f766e","marker-size":"small"},"geometry":{"type":"Point","coordinates":[84.42451,27.74389]}},{"type":"Feature","properties":{"name":"Devghat Dham","kind":"photo","period":"before","captured":"2022-12-25","source":"wikimedia-commons","image":"https://thumb.wikimedia.org/wikipedia/commons/thumb/d/d9/Devghat_Dham.jpg/960px-Devghat_Dham.jpg","video":null,"url":"https://commons.wikimedia.org/wiki/File:Devghat_Dham.jpg","credit":"Janak Bhatta","license":"CC BY-SA 4.0","approximate":false,"marker-color":"#0f766e","marker-size":"small"},"geometry":{"type":"Point","coordinates":[84.42453,27.74335]}},{"type":"Feature","properties":{"name":"Narayani river4","kind":"photo","period":"before","captured":"2022-12-25","source":"wikimedia-commons","image":"https://thumb.wikimedia.org/wikipedia/commons/thumb/2/2b/Narayani_river4.jpg/960px-Narayani_river4.jpg","video":null,"url":"https://commons.wikimedia.org/wiki/File:Narayani_river4.jpg","credit":"Janak Bhatta","license":"CC BY-SA 4.0","approximate":false,"marker-color":"#0f766e","marker-size":"small"},"geometry":{"type":"Point","coordinates":[84.42452,27.74334]}},{"type":"Feature","properties":{"name":"Devghat Dham4","kind":"photo","period":"before","captured":"2022-12-25","source":"wikimedia-commons","image":"https://thumb.wikimedia.org/wikipedia/commons/thumb/4/48/Devghat_Dham4.jpg/960px-Devghat_Dham4.jpg","video":null,"url":"https://commons.wikimedia.org/wiki/File:Devghat_Dham4.jpg","credit":"Janak Bhatta","license":"CC BY-SA 4.0","approximate":false,"marker-color":"#0f766e","marker-size":"small"},"geometry":{"type":"Point","coordinates":[84.42444,27.7433]}},{"type":"Feature","properties":{"name":"Devghat dham1","kind":"photo","period":"before","captured":"2022-12-25","source":"wikimedia-commons","image":"https://thumb.wikimedia.org/wikipedia/commons/thumb/b/b8/Devghat_dham1.jpg/960px-Devghat_dham1.jpg","video":null,"url":"https://commons.wikimedia.org/wiki/File:Devghat_dham1.jpg","credit":"Janak Bhatta","license":"CC BY-SA 4.0","approximate":false,"marker-color":"#0f766e","marker-size":"small"},"geometry":{"type":"Point","coordinates":[84.42433,27.74332]}},{"type":"Feature","properties":{"name":"Narayani river6","kind":"photo","period":"before","captured":"2022-12-25","source":"wikimedia-commons","image":"https://thumb.wikimedia.org/wikipedia/commons/thumb/6/62/Narayani_river6.jpg/960px-Narayani_river6.jpg","video":null,"url":"https://commons.wikimedia.org/wiki/File:Narayani_river6.jpg","credit":"Janak Bhatta","license":"CC BY-SA 4.0","approximate":false,"marker-color":"#0f766e","marker-size":"small"},"geometry":{"type":"Point","coordinates":[84.42071,27.75308]}},{"type":"Feature","properties":{"name":"Narayani river5","kind":"photo","period":"before","captured":"2022-12-25","source":"wikimedia-commons","image":"https://thumb.wikimedia.org/wikipedia/commons/thumb/7/7f/Narayani_river5.jpg/960px-Narayani_river5.jpg","video":null,"url":"https://commons.wikimedia.org/wiki/File:Narayani_river5.jpg","credit":"Janak Bhatta","license":"CC BY-SA 4.0","approximate":false,"marker-color":"#0f766e","marker-size":"small"},"geometry":{"type":"Point","coordinates":[84.42059,27.75317]}},{"type":"Feature","properties":{"name":"Devghat nepal","kind":"photo","period":"before","captured":"2022-07-17","source":"wikimedia-commons","image":"https://thumb.wikimedia.org/wikipedia/commons/thumb/f/f9/Devghat_nepal.jpg/960px-Devghat_nepal.jpg","video":null,"url":"https://commons.wikimedia.org/wiki/File:Devghat_nepal.jpg","credit":"Anish Rijal","license":"CC BY-SA 4.0","approximate":false,"marker-color":"#0f766e","marker-size":"small"},"geometry":{"type":"Point","coordinates":[84.42367,27.7413]}},{"type":"Feature","properties":{"name":"Photo @ Devghat","kind":"photo","period":"before","captured":"2022-07-17","source":"wikimedia-commons","image":"https://thumb.wikimedia.org/wikipedia/commons/thumb/a/ae/Photo_%40_Devghat.jpg/960px-Photo_%40_Devghat.jpg","video":null,"url":"https://commons.wikimedia.org/wiki/File:Photo_@_Devghat.jpg","credit":"Anish Rijal","license":"CC BY-SA 4.0","approximate":false,"marker-color":"#0f766e","marker-size":"small"},"geometry":{"type":"Point","coordinates":[84.42367,27.74131]}},{"type":"Feature","properties":{"name":"Narayani river7","kind":"photo","period":"before","captured":"2022-12-17","source":"wikimedia-commons","image":"https://thumb.wikimedia.org/wikipedia/commons/thumb/4/4a/Narayani_river7.jpg/960px-Narayani_river7.jpg","video":null,"url":"https://commons.wikimedia.org/wiki/File:Narayani_river7.jpg","credit":"Janak Bhatta","license":"CC BY-SA 4.0","approximate":false,"marker-color":"#0f766e","marker-size":"small"},"geometry":{"type":"Point","coordinates":[84.42234,27.74193]}},{"type":"Feature","properties":{"name":"Dada Kalika temple of Nawalparashi","kind":"photo","period":"before","captured":"2010-08-07","source":"wikimedia-commons","image":"https://thumb.wikimedia.org/wikipedia/commons/thumb/2/20/Dada_Kalika_temple_of_Nawalparashi.JPG/960px-Dada_Kalika_temple_of_Nawalparashi.JPG","video":null,"url":"https://commons.wikimedia.org/wiki/File:Dada_Kalika_temple_of_Nawalparashi.JPG","credit":"Gaurab","license":"CC BY-SA 3.0","approximate":false,"marker-color":"#0f766e","marker-size":"small"},"geometry":{"type":"Point","coordinates":[84.40865,27.72758]}},{"type":"Feature","properties":{"name":"Gaindakot Town","kind":"photo","period":"before","captured":"2010-09-04","source":"wikimedia-commons","image":"https://upload.wikimedia.org/wikipedia/commons/a/a1/Gaindakot_Town.jpg","video":null,"url":"https://commons.wikimedia.org/wiki/File:Gaindakot_Town.jpg","credit":"南アジア","license":"CC BY-SA 3.0","approximate":false,"marker-color":"#0f766e","marker-size":"small"},"geometry":{"type":"Point","coordinates":[84.40865,27.72758]}},{"type":"Feature","properties":{"name":"Maula Kalika","kind":"photo","period":"before","captured":"2011-10-04","source":"wikimedia-commons","image":"https://upload.wikimedia.org/wikipedia/commons/9/9e/Maula_Kalika.jpg","video":null,"url":"https://commons.wikimedia.org/wiki/File:Maula_Kalika.jpg","credit":"南アジア","license":"CC BY-SA 3.0","approximate":false,"marker-color":"#0f766e","marker-size":"small"},"geometry":{"type":"Point","coordinates":[84.40865,27.72758]}},{"type":"Feature","properties":{"name":"Maulakalika Hiking","kind":"photo","period":"before","captured":"2011-10-11","source":"wikimedia-commons","image":"https://thumb.wikimedia.org/wikipedia/commons/thumb/a/a3/Maulakalika_Hiking.jpg/960px-Maulakalika_Hiking.jpg","video":null,"url":"https://commons.wikimedia.org/wiki/File:Maulakalika_Hiking.jpg","credit":"南アジア","license":"CC BY-SA 3.0","approximate":false,"marker-color":"#0f766e","marker-size":"small"},"geometry":{"type":"Point","coordinates":[84.40865,27.72758]}},{"type":"Feature","properties":{"name":"Mt Manaslu from Maulakalika v1","kind":"photo","period":"before","captured":"2014-12-30","source":"wikimedia-commons","image":"https://thumb.wikimedia.org/wikipedia/commons/thumb/f/f2/Mt_Manaslu_from_Maulakalika_v1.JPG/960px-Mt_Manaslu_from_Maulakalika_v1.JPG","video":null,"url":"https://commons.wikimedia.org/wiki/File:Mt_Manaslu_from_Maulakalika_v1.JPG","credit":"南アジア","license":"CC BY-SA 4.0","approximate":false,"marker-color":"#0f766e","marker-size":"small"},"geometry":{"type":"Point","coordinates":[84.40892,27.72767]}},{"type":"Feature","properties":{"name":"Dadakalika","kind":"photo","period":"before","captured":"2019-06-01","source":"wikimedia-commons","image":"https://thumb.wikimedia.org/wikipedia/commons/thumb/9/98/Dadakalika.jpg/960px-Dadakalika.jpg","video":null,"url":"https://commons.wikimedia.org/wiki/File:Dadakalika.jpg","credit":"Manish Thapa Magar","license":"CC BY-SA 4.0","approximate":false,"marker-color":"#0f766e","marker-size":"small"},"geometry":{"type":"Point","coordinates":[84.40904,27.72755]}},{"type":"Feature","properties":{"name":"Narayani River & Surroundings","kind":"photo","period":"before","captured":"2022-07-23","source":"wikimedia-commons","image":"https://thumb.wikimedia.org/wikipedia/commons/thumb/a/a2/Narayani_River_%26_Surroundings.jpg/960px-Narayani_River_%26_Surroundings.jpg","video":null,"url":"https://commons.wikimedia.org/wiki/File:Narayani_River_%26_Surroundings.jpg","credit":"Janak Bhatta","license":"CC BY-SA 4.0","approximate":false,"marker-color":"#0f766e","marker-size":"small"},"geometry":{"type":"Point","coordinates":[84.40867,27.72739]}},{"type":"Feature","properties":{"name":"Narayani River1","kind":"photo","period":"before","captured":"2022-07-23","source":"wikimedia-commons","image":"https://thumb.wikimedia.org/wikipedia/commons/thumb/6/6d/Narayani_River1.jpg/960px-Narayani_River1.jpg","video":null,"url":"https://commons.wikimedia.org/wiki/File:Narayani_River1.jpg","credit":"Janak Bhatta","license":"CC BY-SA 4.0","approximate":false,"marker-color":"#0f766e","marker-size":"small"},"geometry":{"type":"Point","coordinates":[84.40868,27.72758]}},{"type":"Feature","properties":{"name":"Narayani River2","kind":"photo","period":"before","captured":"2022-07-23","source":"wikimedia-commons","image":"https://thumb.wikimedia.org/wikipedia/commons/thumb/b/b8/Narayani_River2.jpg/960px-Narayani_River2.jpg","video":null,"url":"https://commons.wikimedia.org/wiki/File:Narayani_River2.jpg","credit":"Janak Bhatta","license":"CC BY-SA 4.0","approximate":false,"marker-color":"#0f766e","marker-size":"small"},"geometry":{"type":"Point","coordinates":[84.40868,27.72758]}},{"type":"Feature","properties":{"name":"Narayani River3","kind":"photo","period":"before","captured":"2022-07-23","source":"wikimedia-commons","image":"https://thumb.wikimedia.org/wikipedia/commons/thumb/8/8e/Narayani_River3.jpg/960px-Narayani_River3.jpg","video":null,"url":"https://commons.wikimedia.org/wiki/File:Narayani_River3.jpg","credit":"Janak Bhatta","license":"CC BY-SA 4.0","approximate":false,"marker-color":"#0f766e","marker-size":"small"},"geometry":{"type":"Point","coordinates":[84.40868,27.72758]}},{"type":"Feature","properties":{"name":"Maula Kalika Chitwan 01","kind":"photo","period":"before","captured":"2026-05-03","source":"wikimedia-commons","image":"https://thumb.wikimedia.org/wikipedia/commons/thumb/c/c4/Maula_Kalika_Chitwan_01.jpg/960px-Maula_Kalika_Chitwan_01.jpg","video":null,"url":"https://commons.wikimedia.org/wiki/File:Maula_Kalika_Chitwan_01.jpg","credit":"Nabin K. Sapkota","license":"CC BY-SA 4.0","approximate":false,"marker-color":"#0f766e","marker-size":"small"},"geometry":{"type":"Point","coordinates":[84.40864,27.72756]}},{"type":"Feature","properties":{"name":"Maula Kalika Chitwan 02","kind":"photo","period":"before","captured":"2026-05-03","source":"wikimedia-commons","image":"https://thumb.wikimedia.org/wikipedia/commons/thumb/5/5e/Maula_Kalika_Chitwan_02.jpg/960px-Maula_Kalika_Chitwan_02.jpg","video":null,"url":"https://commons.wikimedia.org/wiki/File:Maula_Kalika_Chitwan_02.jpg","credit":"Nabin K. Sapkota","license":"CC BY-SA 4.0","approximate":false,"marker-color":"#0f766e","marker-size":"small"},"geometry":{"type":"Point","coordinates":[84.40864,27.72756]}},{"type":"Feature","properties":{"name":"Maula Kalika Chitwan 03","kind":"photo","period":"before","captured":"2026-05-03","source":"wikimedia-commons","image":"https://thumb.wikimedia.org/wikipedia/commons/thumb/3/33/Maula_Kalika_Chitwan_03.jpg/960px-Maula_Kalika_Chitwan_03.jpg","video":null,"url":"https://commons.wikimedia.org/wiki/File:Maula_Kalika_Chitwan_03.jpg","credit":"Nabin K. Sapkota","license":"CC BY-SA 4.0","approximate":false,"marker-color":"#0f766e","marker-size":"small"},"geometry":{"type":"Point","coordinates":[84.40864,27.72756]}},{"type":"Feature","properties":{"name":"Devghat 20180213 124701","kind":"photo","period":"before","captured":"2018-02-13","source":"wikimedia-commons","image":"https://thumb.wikimedia.org/wikipedia/commons/thumb/8/84/Devghat_20180213_124701.jpg/960px-Devghat_20180213_124701.jpg","video":null,"url":"https://commons.wikimedia.org/wiki/File:Devghat_20180213_124701.jpg","credit":"Bharatadhikarimb","license":"CC BY-SA 4.0","approximate":false,"marker-color":"#0f766e","marker-size":"small"},"geometry":{"type":"Point","coordinates":[84.42861,27.72833]}},{"type":"Feature","properties":{"name":"Narayani river, devghar area","kind":"photo","period":"before","captured":"2018-05-09","source":"wikimedia-commons","image":"https://thumb.wikimedia.org/wikipedia/commons/thumb/4/42/Narayani_river%2C_devghar_area.jpg/960px-Narayani_river%2C_devghar_area.jpg","video":null,"url":"https://commons.wikimedia.org/wiki/File:Narayani_river,_devghar_area.jpg","credit":"Bimarsha","license":"CC BY-SA 4.0","approximate":false,"marker-color":"#0f766e","marker-size":"small"},"geometry":{"type":"Point","coordinates":[84.42728,27.72776]}},{"type":"Feature","properties":{"name":"Maulakalika Temple Garden - panoramio","kind":"photo","period":"before","captured":"2011-02-05","source":"wikimedia-commons","image":"https://thumb.wikimedia.org/wikipedia/commons/thumb/1/19/Maulakalika_Temple_Garden_-_panoramio.jpg/960px-Maulakalika_Temple_Garden_-_panoramio.jpg","video":null,"url":"https://commons.wikimedia.org/wiki/File:Maulakalika_Temple_Garden_-_panoramio.jpg","credit":"Nirmal Raj Joshi","license":"CC BY-SA 3.0","approximate":false,"marker-color":"#0f766e","marker-size":"small"},"geometry":{"type":"Point","coordinates":[84.41189,27.7265]}},{"type":"Feature","properties":{"name":"Stone Carving 2","kind":"photo","period":"before","captured":"2022-06-23","source":"wikimedia-commons","image":"https://thumb.wikimedia.org/wikipedia/commons/thumb/e/e9/Stone_Carving_2.jpg/960px-Stone_Carving_2.jpg","video":null,"url":"https://commons.wikimedia.org/wiki/File:Stone_Carving_2.jpg","credit":"Janak Bhatta","license":"CC BY-SA 4.0","approximate":false,"marker-color":"#0f766e","marker-size":"small"},"geometry":{"type":"Point","coordinates":[84.41848,27.72227]}},{"type":"Feature","properties":{"name":"Stone carving and art's.","kind":"photo","period":"before","captured":"2022-07-23","source":"wikimedia-commons","image":"https://thumb.wikimedia.org/wikipedia/commons/thumb/d/d9/Stone_carving_and_art%27s..jpg/960px-Stone_carving_and_art%27s..jpg","video":null,"url":"https://commons.wikimedia.org/wiki/File:Stone_carving_and_art%27s..jpg","credit":"Janak Bhatta","license":"CC BY-SA 4.0","approximate":false,"marker-color":"#0f766e","marker-size":"small"},"geometry":{"type":"Point","coordinates":[84.41802,27.7189]}},{"type":"Feature","properties":{"name":"Sunrise at Narayani River, Nepal","kind":"photo","period":"before","captured":"2020-04-13","source":"wikimedia-commons","image":"https://thumb.wikimedia.org/wikipedia/commons/thumb/e/eb/Sunrise_at_Narayani_River%2C_Nepal.jpg/960px-Sunrise_at_Narayani_River%2C_Nepal.jpg","video":null,"url":"https://commons.wikimedia.org/wiki/File:Sunrise_at_Narayani_River,_Nepal.jpg","credit":"Prakash Bhandari","license":"CC BY-SA 4.0","approximate":false,"marker-color":"#0f766e","marker-size":"small"},"geometry":{"type":"Point","coordinates":[84.42917,27.71583]}},{"type":"Feature","properties":{"name":"View from maula kalika temple","kind":"photo","period":"before","captured":"2014-06-25","source":"wikimedia-commons","image":"https://thumb.wikimedia.org/wikipedia/commons/thumb/6/6e/View_from_maula_kalika_temple.jpg/960px-View_from_maula_kalika_temple.jpg","video":null,"url":"https://commons.wikimedia.org/wiki/File:View_from_maula_kalika_temple.jpg","credit":"Bandhuanupam","license":"CC BY-SA 3.0","approximate":false,"marker-color":"#0f766e","marker-size":"small"},"geometry":{"type":"Point","coordinates":[84.44123,27.70049]}},{"type":"Feature","properties":{"name":"Pokhara 100 119","kind":"photo","period":"before","captured":"2014-09-14","source":"wikimedia-commons","image":"https://thumb.wikimedia.org/wikipedia/commons/thumb/2/22/Pokhara_100_119.JPG/960px-Pokhara_100_119.JPG","video":null,"url":"https://commons.wikimedia.org/wiki/File:Pokhara_100_119.JPG","credit":"Surendra Poudel","license":"CC BY-SA 3.0","approximate":false,"marker-color":"#0f766e","marker-size":"small"},"geometry":{"type":"Point","coordinates":[84.43079,27.6956]}},{"type":"Feature","properties":{"name":"Sunset Over The Narayani River","kind":"photo","period":"before","captured":"2015-02-03","source":"wikimedia-commons","image":"https://thumb.wikimedia.org/wikipedia/commons/thumb/4/44/Sunset_Over_The_Narayani_River.jpg/960px-Sunset_Over_The_Narayani_River.jpg","video":null,"url":"https://commons.wikimedia.org/wiki/File:Sunset_Over_The_Narayani_River.jpg","credit":"Bigyan Gautam","license":"CC BY-SA 3.0","approximate":false,"marker-color":"#0f766e","marker-size":"small"},"geometry":{"type":"Point","coordinates":[84.41846,27.70027]}},{"type":"Feature","properties":{"name":"Narayani river 10","kind":"photo","period":"before","captured":"2015-05-21","source":"wikimedia-commons","image":"https://thumb.wikimedia.org/wikipedia/commons/thumb/3/33/Narayani_river_10.jpg/960px-Narayani_river_10.jpg","video":null,"url":"https://commons.wikimedia.org/wiki/File:Narayani_river_10.jpg","credit":"रमेश सिंह बोहरा","license":"CC BY-SA 3.0","approximate":false,"marker-color":"#0f766e","marker-size":"small"},"geometry":{"type":"Point","coordinates":[84.41973,27.69738]}},{"type":"Feature","properties":{"name":"River Narayani","kind":"photo","period":"before","captured":"2018-04-16","source":"wikimedia-commons","image":"https://thumb.wikimedia.org/wikipedia/commons/thumb/2/2c/River_Narayani.jpg/960px-River_Narayani.jpg","video":null,"url":"https://commons.wikimedia.org/wiki/File:River_Narayani.jpg","credit":"Dr. Unknown","license":"CC BY-SA 4.0","approximate":false,"marker-color":"#0f766e","marker-size":"small"},"geometry":{"type":"Point","coordinates":[84.4217,27.70494]}},{"type":"Feature","properties":{"name":"Narayani Morning View by Prakash BhandariA","kind":"photo","period":"before","captured":"2020-01-28","source":"wikimedia-commons","image":"https://thumb.wikimedia.org/wikipedia/commons/thumb/1/10/Narayani_Morning_View_by_Prakash_BhandariA.jpg/960px-Narayani_Morning_View_by_Prakash_BhandariA.jpg","video":null,"url":"https://commons.wikimedia.org/wiki/File:Narayani_Morning_View_by_Prakash_BhandariA.jpg","credit":"Prakash Bhandari","license":"CC BY-SA 4.0","approximate":false,"marker-color":"#0f766e","marker-size":"small"},"geometry":{"type":"Point","coordinates":[84.41806,27.70083]}},{"type":"Feature","properties":{"name":"Buddha Statue Narayani River Narayanghat Narayangadh Chitwan Nepal Rajesh Dhungana (2)","kind":"photo","period":"before","captured":"2022-03-14","source":"wikimedia-commons","image":"https://thumb.wikimedia.org/wikipedia/commons/thumb/c/cc/Buddha_Statue_Narayani_River_Narayanghat_Narayangadh_Chitwan_Nepal_Rajesh_Dhungana_%282%29.jpg/960px-Buddha_Statue_Narayani_River_Narayanghat_Narayangadh_Chitwan_Nepal_Rajesh_Dhungana_%282%29.jpg","video":null,"url":"https://commons.wikimedia.org/wiki/File:Buddha_Statue_Narayani_River_Narayanghat_Narayangadh_Chitwan_Nepal_Rajesh_Dhungana_(2).jpg","credit":"Rajesh Dhungana","license":"CC BY-SA 4.0","approximate":false,"marker-color":"#0f766e","marker-size":"small"},"geometry":{"type":"Point","coordinates":[84.4304,27.6989]}},{"type":"Feature","properties":{"name":"Buddha Statue Narayani River Narayanghat Narayangadh Chitwan Nepal Rajesh Dhungana (3)","kind":"photo","period":"before","captured":"2022-03-14","source":"wikimedia-commons","image":"https://thumb.wikimedia.org/wikipedia/commons/thumb/b/bc/Buddha_Statue_Narayani_River_Narayanghat_Narayangadh_Chitwan_Nepal_Rajesh_Dhungana_%283%29.jpg/960px-Buddha_Statue_Narayani_River_Narayanghat_Narayangadh_Chitwan_Nepal_Rajesh_Dhungana_%283%29.jpg","video":null,"url":"https://commons.wikimedia.org/wiki/File:Buddha_Statue_Narayani_River_Narayanghat_Narayangadh_Chitwan_Nepal_Rajesh_Dhungana_(3).jpg","credit":"Rajesh Dhungana","license":"CC BY-SA 4.0","approximate":false,"marker-color":"#0f766e","marker-size":"small"},"geometry":{"type":"Point","coordinates":[84.4304,27.6989]}},{"type":"Feature","properties":{"name":"Buddha Statue Narayani River Narayanghat Narayangadh Chitwan Nepal Rajesh Dhungana (4)","kind":"photo","period":"before","captured":"2022-03-14","source":"wikimedia-commons","image":"https://thumb.wikimedia.org/wikipedia/commons/thumb/5/5c/Buddha_Statue_Narayani_River_Narayanghat_Narayangadh_Chitwan_Nepal_Rajesh_Dhungana_%284%29.jpg/960px-Buddha_Statue_Narayani_River_Narayanghat_Narayangadh_Chitwan_Nepal_Rajesh_Dhungana_%284%29.jpg","video":null,"url":"https://commons.wikimedia.org/wiki/File:Buddha_Statue_Narayani_River_Narayanghat_Narayangadh_Chitwan_Nepal_Rajesh_Dhungana_(4).jpg","credit":"Rajesh Dhungana","license":"CC BY-SA 4.0","approximate":false,"marker-color":"#0f766e","marker-size":"small"},"geometry":{"type":"Point","coordinates":[84.4304,27.6989]}},{"type":"Feature","properties":{"name":"Buddha Statue Narayani River Narayanghat Narayangadh Chitwan Nepal Rajesh Dhungana (1)","kind":"photo","period":"before","captured":"2022-03-14","source":"wikimedia-commons","image":"https://thumb.wikimedia.org/wikipedia/commons/thumb/1/16/Buddha_Statue_Narayani_River_Narayanghat_Narayangadh_Chitwan_Nepal_Rajesh_Dhungana_%281%29.jpg/960px-Buddha_Statue_Narayani_River_Narayanghat_Narayangadh_Chitwan_Nepal_Rajesh_Dhungana_%281%29.jpg","video":null,"url":"https://commons.wikimedia.org/wiki/File:Buddha_Statue_Narayani_River_Narayanghat_Narayangadh_Chitwan_Nepal_Rajesh_Dhungana_(1).jpg","credit":"Rajesh Dhungana","license":"CC BY-SA 4.0","approximate":false,"marker-color":"#0f766e","marker-size":"small"},"geometry":{"type":"Point","coordinates":[84.4304,27.6989]}},{"type":"Feature","properties":{"name":"Jerry Swari","kind":"photo","period":"before","captured":"2022-04-16","source":"wikimedia-commons","image":"https://thumb.wikimedia.org/wikipedia/commons/thumb/0/00/Jerry_Swari.jpg/960px-Jerry_Swari.jpg","video":null,"url":"https://commons.wikimedia.org/wiki/File:Jerry_Swari.jpg","credit":"Gaurav Dhwaj Khadka","license":"CC BY-SA 4.0","approximate":false,"marker-color":"#0f766e","marker-size":"small"},"geometry":{"type":"Point","coordinates":[84.42364,27.69906]}},{"type":"Feature","properties":{"name":"Magar's Marriage","kind":"photo","period":"before","captured":"2022-12-03","source":"wikimedia-commons","image":"https://thumb.wikimedia.org/wikipedia/commons/thumb/3/37/Magar%27s_Marriage.jpg/960px-Magar%27s_Marriage.jpg","video":null,"url":"https://commons.wikimedia.org/wiki/File:Magar%27s_Marriage.jpg","credit":"Janak Bhatta","license":"CC BY-SA 4.0","approximate":false,"marker-color":"#0f766e","marker-size":"small"},"geometry":{"type":"Point","coordinates":[84.43892,27.70207]}},{"type":"Feature","properties":{"name":"Narayaniriver","kind":"photo","period":"before","captured":"2022-12-07","source":"wikimedia-commons","image":"https://thumb.wikimedia.org/wikipedia/commons/thumb/8/83/Narayaniriver.jpg/960px-Narayaniriver.jpg","video":null,"url":"https://commons.wikimedia.org/wiki/File:Narayaniriver.jpg","credit":"Sourav Singh pela","license":"CC BY-SA 4.0","approximate":false,"marker-color":"#0f766e","marker-size":"small"},"geometry":{"type":"Point","coordinates":[84.42161,27.6985]}},{"type":"Feature","properties":{"name":"Mahendra Rajmarg (2023)","kind":"photo","period":"before","captured":"2023-11-06","source":"wikimedia-commons","image":"https://thumb.wikimedia.org/wikipedia/commons/thumb/c/c0/Mahendra_Rajmarg_%282023%29.jpg/960px-Mahendra_Rajmarg_%282023%29.jpg","video":null,"url":"https://commons.wikimedia.org/wiki/File:Mahendra_Rajmarg_(2023).jpg","credit":"Rudolphu","license":"CC BY-SA 4.0","approximate":false,"marker-color":"#0f766e","marker-size":"small"},"geometry":{"type":"Point","coordinates":[84.4168,27.7024]}},{"type":"Feature","properties":{"name":"Gumba Tucked In Serinity","kind":"photo","period":"before","captured":"2024-05-24","source":"wikimedia-commons","image":"https://thumb.wikimedia.org/wikipedia/commons/thumb/4/45/Gumba_Tucked_In_Serinity.jpg/960px-Gumba_Tucked_In_Serinity.jpg","video":null,"url":"https://commons.wikimedia.org/wiki/File:Gumba_Tucked_In_Serinity.jpg","credit":"SandeshTiwari0211","license":"CC BY-SA 4.0","approximate":false,"marker-color":"#0f766e","marker-size":"small"},"geometry":{"type":"Point","coordinates":[84.44068,27.70215]}},{"type":"Feature","properties":{"name":"Bharatpur Gumba","kind":"photo","period":"before","captured":"2025-06-05","source":"wikimedia-commons","image":"https://thumb.wikimedia.org/wikipedia/commons/thumb/a/ac/Bharatpur_Gumba.jpg/960px-Bharatpur_Gumba.jpg","video":null,"url":"https://commons.wikimedia.org/wiki/File:Bharatpur_Gumba.jpg","credit":"Imdipul","license":"CC0","approximate":false,"marker-color":"#0f766e","marker-size":"small"},"geometry":{"type":"Point","coordinates":[84.44078,27.7024]}},{"type":"Feature","properties":{"name":"KartaView seq 1951997 frame 338 (Narayanghat-Muglin Highway, Kurintar, Nepal, NP)","kind":"street","period":"before","captured":"2019-08-22","source":"kartaview","image":"https://storage12.openstreetcam.org/files/photo/2019/8/27/lth/1951997_6_c4123_39.jpg","video":null,"url":"https://kartaview.org/details/1951997/338/track-info","credit":"KartaView user 18918 (samsung SM-G610F, Android)","license":"CC BY-SA 4.0","approximate":false,"marker-color":"#475569","marker-size":"small"},"geometry":{"type":"Point","coordinates":[84.55744,27.85465]}},{"type":"Feature","properties":{"name":"KartaView seq 1951997 frame 209 (Narayanghat-Muglin Highway, Kurintar, Nepal, NP)","kind":"street","period":"before","captured":"2019-08-22","source":"kartaview","image":"https://storage12.openstreetcam.org/files/photo/2019/8/27/lth/1951997_4_9a156_10.jpg","video":null,"url":"https://kartaview.org/details/1951997/209/track-info","credit":"KartaView user 18918 (samsung SM-G610F, Android)","license":"CC BY-SA 4.0","approximate":false,"marker-color":"#475569","marker-size":"small"},"geometry":{"type":"Point","coordinates":[84.55821,27.84366]}},{"type":"Feature","properties":{"name":"KartaView seq 1951997 frame 183 (Narayanghat-Muglin Highway, Kurintar, Nepal, NP)","kind":"street","period":"before","captured":"2019-08-22","source":"kartaview","image":"https://storage12.openstreetcam.org/files/photo/2019/8/27/lth/1951997_3_c005c_34.jpg","video":null,"url":"https://kartaview.org/details/1951997/183/track-info","credit":"KartaView user 18918 (samsung SM-G610F, Android)","license":"CC BY-SA 4.0","approximate":false,"marker-color":"#475569","marker-size":"small"},"geometry":{"type":"Point","coordinates":[84.55753,27.83971]}},{"type":"Feature","properties":{"name":"KartaView seq 1951997 frame 129 (Narayanghat-Muglin Highway, Kurintar, Nepal, NP)","kind":"street","period":"before","captured":"2019-08-22","source":"kartaview","image":"https://storage12.openstreetcam.org/files/photo/2019/8/27/lth/1951997_2_7274f_30.jpg","video":null,"url":"https://kartaview.org/details/1951997/129/track-info","credit":"KartaView user 18918 (samsung SM-G610F, Android)","license":"CC BY-SA 4.0","approximate":false,"marker-color":"#475569","marker-size":"small"},"geometry":{"type":"Point","coordinates":[84.55358,27.83431]}},{"type":"Feature","properties":{"name":"KartaView seq 1951997 frame 4 (Narayanghat-Muglin Highway, Kurintar, Nepal, NP)","kind":"street","period":"before","captured":"2019-08-22","source":"kartaview","image":"https://storage12.openstreetcam.org/files/photo/2019/8/27/lth/1951997_0_e7fc3_5.jpg","video":null,"url":"https://kartaview.org/details/1951997/4/track-info","credit":"KartaView user 18918 (samsung SM-G610F, Android)","license":"CC BY-SA 4.0","approximate":false,"marker-color":"#475569","marker-size":"small"},"geometry":{"type":"Point","coordinates":[84.53525,27.83261]}},{"type":"Feature","properties":{"name":"KartaView seq 1951993 frame 1878 (Mahendra Highway, thani chowk, Kurintar, Nepal, NP)","kind":"street","period":"before","captured":"2019-08-22","source":"kartaview","image":"https://storage12.openstreetcam.org/files/photo/2019/8/27/lth/1951993_37_60b1c_29.jpg","video":null,"url":"https://kartaview.org/details/1951993/1878/track-info","credit":"KartaView user 18918 (samsung SM-G610F, Android)","license":"CC BY-SA 4.0","approximate":false,"marker-color":"#475569","marker-size":"small"},"geometry":{"type":"Point","coordinates":[84.52884,27.83312]}},{"type":"Feature","properties":{"name":"KartaView seq 1951993 frame 1820 (Mahendra Highway, thani chowk, Kurintar, Nepal, NP)","kind":"street","period":"before","captured":"2019-08-22","source":"kartaview","image":"https://storage12.openstreetcam.org/files/photo/2019/8/27/lth/1951993_36_70ff6_21.jpg","video":null,"url":"https://kartaview.org/details/1951993/1820/track-info","credit":"KartaView user 18918 (samsung SM-G610F, Android)","license":"CC BY-SA 4.0","approximate":false,"marker-color":"#475569","marker-size":"small"},"geometry":{"type":"Point","coordinates":[84.52088,27.82886]}},{"type":"Feature","properties":{"name":"KartaView seq 1951993 frame 1751 (Mahendra Highway, thani chowk, Kurintar, Nepal, NP)","kind":"street","period":"before","captured":"2019-08-22","source":"kartaview","image":"https://storage12.openstreetcam.org/files/photo/2019/8/27/lth/1951993_35_93af2_2.jpg","video":null,"url":"https://kartaview.org/details/1951993/1751/track-info","credit":"KartaView user 18918 (samsung SM-G610F, Android)","license":"CC BY-SA 4.0","approximate":false,"marker-color":"#475569","marker-size":"small"},"geometry":{"type":"Point","coordinates":[84.52066,27.82033]}},{"type":"Feature","properties":{"name":"KartaView seq 1951993 frame 1707 (Mahendra Highway, thani chowk, Kurintar, Nepal, NP)","kind":"street","period":"before","captured":"2019-08-22","source":"kartaview","image":"https://storage12.openstreetcam.org/files/photo/2019/8/27/lth/1951993_34_1282a_8.jpg","video":null,"url":"https://kartaview.org/details/1951993/1707/track-info","credit":"KartaView user 18918 (samsung SM-G610F, Android)","license":"CC BY-SA 4.0","approximate":false,"marker-color":"#475569","marker-size":"small"},"geometry":{"type":"Point","coordinates":[84.51557,27.8151]}},{"type":"Feature","properties":{"name":"KartaView seq 1951993 frame 1639 (Mahendra Highway, thani chowk, Kurintar, Nepal, NP)","kind":"street","period":"before","captured":"2019-08-22","source":"kartaview","image":"https://storage12.openstreetcam.org/files/photo/2019/8/27/lth/1951993_32_f0e79_40.jpg","video":null,"url":"https://kartaview.org/details/1951993/1639/track-info","credit":"KartaView user 18918 (samsung SM-G610F, Android)","license":"CC BY-SA 4.0","approximate":false,"marker-color":"#475569","marker-size":"small"},"geometry":{"type":"Point","coordinates":[84.50299,27.81857]}},{"type":"Feature","properties":{"name":"KartaView seq 1951993 frame 1583 (Mahendra Highway, thani chowk, Kurintar, Nepal, NP)","kind":"street","period":"before","captured":"2019-08-22","source":"kartaview","image":"https://storage12.openstreetcam.org/files/photo/2019/8/27/lth/1951993_31_c83e0_34.jpg","video":null,"url":"https://kartaview.org/details/1951993/1583/track-info","credit":"KartaView user 18918 (samsung SM-G610F, Android)","license":"CC BY-SA 4.0","approximate":false,"marker-color":"#475569","marker-size":"small"},"geometry":{"type":"Point","coordinates":[84.49378,27.81876]}},{"type":"Feature","properties":{"name":"KartaView seq 1951993 frame 1496 (Mahendra Highway, thani chowk, Kurintar, Nepal, NP)","kind":"street","period":"before","captured":"2019-08-22","source":"kartaview","image":"https://storage12.openstreetcam.org/files/photo/2019/8/27/lth/1951993_29_31e0f_47.jpg","video":null,"url":"https://kartaview.org/details/1951993/1496/track-info","credit":"KartaView user 18918 (samsung SM-G610F, Android)","license":"CC BY-SA 4.0","approximate":false,"marker-color":"#475569","marker-size":"small"},"geometry":{"type":"Point","coordinates":[84.48051,27.821]}},{"type":"Feature","properties":{"name":"KartaView seq 1951993 frame 1475 (Mahendra Highway, thani chowk, Kurintar, Nepal, NP)","kind":"street","period":"before","captured":"2019-08-22","source":"kartaview","image":"https://storage12.openstreetcam.org/files/photo/2019/8/27/lth/1951993_29_31e0f_26.jpg","video":null,"url":"https://kartaview.org/details/1951993/1475/track-info","credit":"KartaView user 18918 (samsung SM-G610F, Android)","license":"CC BY-SA 4.0","approximate":false,"marker-color":"#475569","marker-size":"small"},"geometry":{"type":"Point","coordinates":[84.47782,27.82195]}},{"type":"Feature","properties":{"name":"KartaView seq 1951993 frame 1398 (Mahendra Highway, thani chowk, Kurintar, Nepal, NP)","kind":"street","period":"before","captured":"2019-08-22","source":"kartaview","image":"https://storage12.openstreetcam.org/files/photo/2019/8/27/lth/1951993_27_7114f_49.jpg","video":null,"url":"https://kartaview.org/details/1951993/1398/track-info","credit":"KartaView user 18918 (samsung SM-G610F, Android)","license":"CC BY-SA 4.0","approximate":false,"marker-color":"#475569","marker-size":"small"},"geometry":{"type":"Point","coordinates":[84.46668,27.8223]}},{"type":"Feature","properties":{"name":"KartaView seq 1951993 frame 1322 (Mahendra Highway, thani chowk, Kurintar, Nepal, NP)","kind":"street","period":"before","captured":"2019-08-22","source":"kartaview","image":"https://storage12.openstreetcam.org/files/photo/2019/8/27/lth/1951993_26_1a4ca_23.jpg","video":null,"url":"https://kartaview.org/details/1951993/1322/track-info","credit":"KartaView user 18918 (samsung SM-G610F, Android)","license":"CC BY-SA 4.0","approximate":false,"marker-color":"#475569","marker-size":"small"},"geometry":{"type":"Point","coordinates":[84.45976,27.81873]}},{"type":"Feature","properties":{"name":"KartaView seq 1951993 frame 1271 (Mahendra Highway, thani chowk, Kurintar, Nepal, NP)","kind":"street","period":"before","captured":"2019-08-22","source":"kartaview","image":"https://storage12.openstreetcam.org/files/photo/2019/8/27/lth/1951993_25_58d53_22.jpg","video":null,"url":"https://kartaview.org/details/1951993/1271/track-info","credit":"KartaView user 18918 (samsung SM-G610F, Android)","license":"CC BY-SA 4.0","approximate":false,"marker-color":"#475569","marker-size":"small"},"geometry":{"type":"Point","coordinates":[84.45308,27.81995]}},{"type":"Feature","properties":{"name":"KartaView seq 1951993 frame 1173 (Mahendra Highway, thani chowk, Kurintar, Nepal, NP)","kind":"street","period":"before","captured":"2019-08-22","source":"kartaview","image":"https://storage12.openstreetcam.org/files/photo/2019/8/27/lth/1951993_23_e371e_24.jpg","video":null,"url":"https://kartaview.org/details/1951993/1173/track-info","credit":"KartaView user 18918 (samsung SM-G610F, Android)","license":"CC BY-SA 4.0","approximate":false,"marker-color":"#475569","marker-size":"small"},"geometry":{"type":"Point","coordinates":[84.44131,27.81592]}},{"type":"Feature","properties":{"name":"KartaView seq 1951993 frame 1160 (Mahendra Highway, thani chowk, Kurintar, Nepal, NP)","kind":"street","period":"before","captured":"2019-08-22","source":"kartaview","image":"https://storage12.openstreetcam.org/files/photo/2019/8/27/lth/1951993_23_e371e_11.jpg","video":null,"url":"https://kartaview.org/details/1951993/1160/track-info","credit":"KartaView user 18918 (samsung SM-G610F, Android)","license":"CC BY-SA 4.0","approximate":false,"marker-color":"#475569","marker-size":"small"},"geometry":{"type":"Point","coordinates":[84.43898,27.81497]}},{"type":"Feature","properties":{"name":"KartaView seq 1951993 frame 1078 (Mahendra Highway, thani chowk, Kurintar, Nepal, NP)","kind":"street","period":"before","captured":"2019-08-22","source":"kartaview","image":"https://storage12.openstreetcam.org/files/photo/2019/8/27/lth/1951993_21_cfe9b_29.jpg","video":null,"url":"https://kartaview.org/details/1951993/1078/track-info","credit":"KartaView user 18918 (samsung SM-G610F, Android)","license":"CC BY-SA 4.0","approximate":false,"marker-color":"#475569","marker-size":"small"},"geometry":{"type":"Point","coordinates":[84.43186,27.80607]}},{"type":"Feature","properties":{"name":"KartaView seq 1951993 frame 1048 (Mahendra Highway, thani chowk, Kurintar, Nepal, NP)","kind":"street","period":"before","captured":"2019-08-22","source":"kartaview","image":"https://storage12.openstreetcam.org/files/photo/2019/8/27/lth/1951993_20_45889_49.jpg","video":null,"url":"https://kartaview.org/details/1951993/1048/track-info","credit":"KartaView user 18918 (samsung SM-G610F, Android)","license":"CC BY-SA 4.0","approximate":false,"marker-color":"#475569","marker-size":"small"},"geometry":{"type":"Point","coordinates":[84.43165,27.80205]}},{"type":"Feature","properties":{"name":"KartaView seq 1951993 frame 990 (Mahendra Highway, thani chowk, Kurintar, Nepal, NP)","kind":"street","period":"before","captured":"2019-08-22","source":"kartaview","image":"https://storage12.openstreetcam.org/files/photo/2019/8/27/lth/1951993_19_c7b43_41.jpg","video":null,"url":"https://kartaview.org/details/1951993/990/track-info","credit":"KartaView user 18918 (samsung SM-G610F, Android)","license":"CC BY-SA 4.0","approximate":false,"marker-color":"#475569","marker-size":"small"},"geometry":{"type":"Point","coordinates":[84.43129,27.79413]}},{"type":"Feature","properties":{"name":"KartaView seq 1951993 frame 886 (Mahendra Highway, thani chowk, Kurintar, Nepal, NP)","kind":"street","period":"before","captured":"2019-08-22","source":"kartaview","image":"https://storage12.openstreetcam.org/files/photo/2019/8/27/lth/1951993_17_028f6_37.jpg","video":null,"url":"https://kartaview.org/details/1951993/886/track-info","credit":"KartaView user 18918 (samsung SM-G610F, Android)","license":"CC BY-SA 4.0","approximate":false,"marker-color":"#475569","marker-size":"small"},"geometry":{"type":"Point","coordinates":[84.43813,27.77998]}},{"type":"Feature","properties":{"name":"KartaView seq 1951993 frame 834 (Mahendra Highway, thani chowk, Kurintar, Nepal, NP)","kind":"street","period":"before","captured":"2019-08-22","source":"kartaview","image":"https://storage12.openstreetcam.org/files/photo/2019/8/27/lth/1951993_16_4fae4_35.jpg","video":null,"url":"https://kartaview.org/details/1951993/834/track-info","credit":"KartaView user 18918 (samsung SM-G610F, Android)","license":"CC BY-SA 4.0","approximate":false,"marker-color":"#475569","marker-size":"small"},"geometry":{"type":"Point","coordinates":[84.44688,27.77925]}},{"type":"Feature","properties":{"name":"KartaView seq 1951993 frame 820 (Mahendra Highway, thani chowk, Kurintar, Nepal, NP)","kind":"street","period":"before","captured":"2019-08-22","source":"kartaview","image":"https://storage12.openstreetcam.org/files/photo/2019/8/27/lth/1951993_16_4fae4_21.jpg","video":null,"url":"https://kartaview.org/details/1951993/820/track-info","credit":"KartaView user 18918 (samsung SM-G610F, Android)","license":"CC BY-SA 4.0","approximate":false,"marker-color":"#475569","marker-size":"small"},"geometry":{"type":"Point","coordinates":[84.4496,27.77909]}},{"type":"Feature","properties":{"name":"KartaView seq 1951993 frame 739 (Mahendra Highway, thani chowk, Kurintar, Nepal, NP)","kind":"street","period":"before","captured":"2019-08-22","source":"kartaview","image":"https://storage12.openstreetcam.org/files/photo/2019/8/27/lth/1951993_14_902c0_40.jpg","video":null,"url":"https://kartaview.org/details/1951993/739/track-info","credit":"KartaView user 18918 (samsung SM-G610F, Android)","license":"CC BY-SA 4.0","approximate":false,"marker-color":"#475569","marker-size":"small"},"geometry":{"type":"Point","coordinates":[84.46175,27.77397]}},{"type":"Feature","properties":{"name":"KartaView seq 1951993 frame 643 (Mahendra Highway, thani chowk, Kurintar, Nepal, NP)","kind":"street","period":"before","captured":"2019-08-22","source":"kartaview","image":"https://storage12.openstreetcam.org/files/photo/2019/8/27/lth/1951993_12_f49c8_44.jpg","video":null,"url":"https://kartaview.org/details/1951993/643/track-info","credit":"KartaView user 18918 (samsung SM-G610F, Android)","license":"CC BY-SA 4.0","approximate":false,"marker-color":"#475569","marker-size":"small"},"geometry":{"type":"Point","coordinates":[84.47151,27.76323]}},{"type":"Feature","properties":{"name":"KartaView seq 1951993 frame 631 (Mahendra Highway, thani chowk, Kurintar, Nepal, NP)","kind":"street","period":"before","captured":"2019-08-22","source":"kartaview","image":"https://storage12.openstreetcam.org/files/photo/2019/8/27/lth/1951993_12_229bf_32.jpg","video":null,"url":"https://kartaview.org/details/1951993/631/track-info","credit":"KartaView user 18918 (samsung SM-G610F, Android)","license":"CC BY-SA 4.0","approximate":false,"marker-color":"#475569","marker-size":"small"},"geometry":{"type":"Point","coordinates":[84.47315,27.76198]}},{"type":"Feature","properties":{"name":"KartaView seq 1951993 frame 554 (Mahendra Highway, thani chowk, Kurintar, Nepal, NP)","kind":"street","period":"before","captured":"2019-08-22","source":"kartaview","image":"https://storage12.openstreetcam.org/files/photo/2019/8/27/lth/1951993_11_72029_5.jpg","video":null,"url":"https://kartaview.org/details/1951993/554/track-info","credit":"KartaView user 18918 (samsung SM-G610F, Android)","license":"CC BY-SA 4.0","approximate":false,"marker-color":"#475569","marker-size":"small"},"geometry":{"type":"Point","coordinates":[84.47506,27.7513]}},{"type":"Feature","properties":{"name":"KartaView seq 1951993 frame 403 (Mahendra Highway, thani chowk, Kurintar, Nepal, NP)","kind":"street","period":"before","captured":"2019-08-22","source":"kartaview","image":"https://storage12.openstreetcam.org/files/photo/2019/8/27/lth/1951993_8_7d717_4.jpg","video":null,"url":"https://kartaview.org/details/1951993/403/track-info","credit":"KartaView user 18918 (samsung SM-G610F, Android)","license":"CC BY-SA 4.0","approximate":false,"marker-color":"#475569","marker-size":"small"},"geometry":{"type":"Point","coordinates":[84.45423,27.73398]}},{"type":"Feature","properties":{"name":"KartaView seq 1951993 frame 296 (Mahendra Highway, thani chowk, Kurintar, Nepal, NP)","kind":"street","period":"before","captured":"2019-08-22","source":"kartaview","image":"https://storage12.openstreetcam.org/files/photo/2019/8/27/lth/1951993_5_7e3a2_47.jpg","video":null,"url":"https://kartaview.org/details/1951993/296/track-info","credit":"KartaView user 18918 (samsung SM-G610F, Android)","license":"CC BY-SA 4.0","approximate":false,"marker-color":"#475569","marker-size":"small"},"geometry":{"type":"Point","coordinates":[84.44706,27.71863]}},{"type":"Feature","properties":{"name":"KartaView seq 1951993 frame 224 (Mahendra Highway, thani chowk, Kurintar, Nepal, NP)","kind":"street","period":"before","captured":"2019-08-22","source":"kartaview","image":"https://storage12.openstreetcam.org/files/photo/2019/8/27/lth/1951993_4_c6856_25.jpg","video":null,"url":"https://kartaview.org/details/1951993/224/track-info","credit":"KartaView user 18918 (samsung SM-G610F, Android)","license":"CC BY-SA 4.0","approximate":false,"marker-color":"#475569","marker-size":"small"},"geometry":{"type":"Point","coordinates":[84.43983,27.71071]}},{"type":"Feature","properties":{"name":"KartaView seq 1951993 frame 198 (Mahendra Highway, thani chowk, Kurintar, Nepal, NP)","kind":"street","period":"before","captured":"2019-08-22","source":"kartaview","image":"https://storage12.openstreetcam.org/files/photo/2019/8/27/lth/1951993_3_3588d_49.jpg","video":null,"url":"https://kartaview.org/details/1951993/198/track-info","credit":"KartaView user 18918 (samsung SM-G610F, Android)","license":"CC BY-SA 4.0","approximate":false,"marker-color":"#475569","marker-size":"small"},"geometry":{"type":"Point","coordinates":[84.44128,27.70786]}},{"type":"Feature","properties":{"name":"KartaView seq 1952009 frame 3456 (Prithvi Highway, Kurintar, Nepal, NP)","kind":"street","period":"before","captured":"2019-08-23","source":"kartaview","image":"https://storage12.openstreetcam.org/files/photo/2019/8/27/lth/1952009_69_4c4ed_7.jpg","video":null,"url":"https://kartaview.org/details/1952009/3456/track-info","credit":"KartaView user 18918 (samsung SM-G610F, Android)","license":"CC BY-SA 4.0","approximate":false,"marker-color":"#475569","marker-size":"small"},"geometry":{"type":"Point","coordinates":[84.99404,27.8003]}},{"type":"Feature","properties":{"name":"KartaView seq 1952009 frame 3443 (Prithvi Highway, Kurintar, Nepal, NP)","kind":"street","period":"before","captured":"2019-08-23","source":"kartaview","image":"https://storage12.openstreetcam.org/files/photo/2019/8/27/lth/1952009_68_a7c25_44.jpg","video":null,"url":"https://kartaview.org/details/1952009/3443/track-info","credit":"KartaView user 18918 (samsung SM-G610F, Android)","license":"CC BY-SA 4.0","approximate":false,"marker-color":"#475569","marker-size":"small"},"geometry":{"type":"Point","coordinates":[84.99134,27.80042]}},{"type":"Feature","properties":{"name":"KartaView seq 1952009 frame 3375 (Prithvi Highway, Kurintar, Nepal, NP)","kind":"street","period":"before","captured":"2019-08-23","source":"kartaview","image":"https://storage12.openstreetcam.org/files/photo/2019/8/27/lth/1952009_67_42539_26.jpg","video":null,"url":"https://kartaview.org/details/1952009/3375/track-info","credit":"KartaView user 18918 (samsung SM-G610F, Android)","license":"CC BY-SA 4.0","approximate":false,"marker-color":"#475569","marker-size":"small"},"geometry":{"type":"Point","coordinates":[84.97845,27.80079]}},{"type":"Feature","properties":{"name":"KartaView seq 1952009 frame 3304 (Prithvi Highway, Kurintar, Nepal, NP)","kind":"street","period":"before","captured":"2019-08-23","source":"kartaview","image":"https://storage12.openstreetcam.org/files/photo/2019/8/27/lth/1952009_66_cdd3d_5.jpg","video":null,"url":"https://kartaview.org/details/1952009/3304/track-info","credit":"KartaView user 18918 (samsung SM-G610F, Android)","license":"CC BY-SA 4.0","approximate":false,"marker-color":"#475569","marker-size":"small"},"geometry":{"type":"Point","coordinates":[84.96936,27.80607]}},{"type":"Feature","properties":{"name":"KartaView seq 1952009 frame 3287 (Prithvi Highway, Kurintar, Nepal, NP)","kind":"street","period":"before","captured":"2019-08-23","source":"kartaview","image":"https://storage12.openstreetcam.org/files/photo/2019/8/27/lth/1952009_65_05746_38.jpg","video":null,"url":"https://kartaview.org/details/1952009/3287/track-info","credit":"KartaView user 18918 (samsung SM-G610F, Android)","license":"CC BY-SA 4.0","approximate":false,"marker-color":"#475569","marker-size":"small"},"geometry":{"type":"Point","coordinates":[84.9686,27.80759]}},{"type":"Feature","properties":{"name":"KartaView seq 1952009 frame 3239 (Prithvi Highway, Kurintar, Nepal, NP)","kind":"street","period":"before","captured":"2019-08-23","source":"kartaview","image":"https://storage12.openstreetcam.org/files/photo/2019/8/27/lth/1952009_64_fc64a_40.jpg","video":null,"url":"https://kartaview.org/details/1952009/3239/track-info","credit":"KartaView user 18918 (samsung SM-G610F, Android)","license":"CC BY-SA 4.0","approximate":false,"marker-color":"#475569","marker-size":"small"},"geometry":{"type":"Point","coordinates":[84.96201,27.81166]}},{"type":"Feature","properties":{"name":"KartaView seq 1952009 frame 3194 (Prithvi Highway, Kurintar, Nepal, NP)","kind":"street","period":"before","captured":"2019-08-23","source":"kartaview","image":"https://storage12.openstreetcam.org/files/photo/2019/8/27/lth/1952009_63_735f2_45.jpg","video":null,"url":"https://kartaview.org/details/1952009/3194/track-info","credit":"KartaView user 18918 (samsung SM-G610F, Android)","license":"CC BY-SA 4.0","approximate":false,"marker-color":"#475569","marker-size":"small"},"geometry":{"type":"Point","coordinates":[84.95549,27.81575]}},{"type":"Feature","properties":{"name":"KartaView seq 1952009 frame 3118 (Prithvi Highway, Kurintar, Nepal, NP)","kind":"street","period":"before","captured":"2019-08-23","source":"kartaview","image":"https://storage12.openstreetcam.org/files/photo/2019/8/27/lth/1952009_62_710c4_19.jpg","video":null,"url":"https://kartaview.org/details/1952009/3118/track-info","credit":"KartaView user 18918 (samsung SM-G610F, Android)","license":"CC BY-SA 4.0","approximate":false,"marker-color":"#475569","marker-size":"small"},"geometry":{"type":"Point","coordinates":[84.94466,27.8108]}},{"type":"Feature","properties":{"name":"KartaView seq 1952009 frame 3057 (Prithvi Highway, Kurintar, Nepal, NP)","kind":"street","period":"before","captured":"2019-08-23","source":"kartaview","image":"https://storage12.openstreetcam.org/files/photo/2019/8/27/lth/1952009_61_2cc5e_8.jpg","video":null,"url":"https://kartaview.org/details/1952009/3057/track-info","credit":"KartaView user 18918 (samsung SM-G610F, Android)","license":"CC BY-SA 4.0","approximate":false,"marker-color":"#475569","marker-size":"small"},"geometry":{"type":"Point","coordinates":[84.93867,27.80373]}},{"type":"Feature","properties":{"name":"KartaView seq 1952009 frame 3011 (Prithvi Highway, Kurintar, Nepal, NP)","kind":"street","period":"before","captured":"2019-08-23","source":"kartaview","image":"https://storage12.openstreetcam.org/files/photo/2019/8/27/lth/1952009_60_45cde_12.jpg","video":null,"url":"https://kartaview.org/details/1952009/3011/track-info","credit":"KartaView user 18918 (samsung SM-G610F, Android)","license":"CC BY-SA 4.0","approximate":false,"marker-color":"#475569","marker-size":"small"},"geometry":{"type":"Point","coordinates":[84.93065,27.80045]}},{"type":"Feature","properties":{"name":"KartaView seq 1952009 frame 2954 (Prithvi Highway, Kurintar, Nepal, NP)","kind":"street","period":"before","captured":"2019-08-23","source":"kartaview","image":"https://storage12.openstreetcam.org/files/photo/2019/8/27/lth/1952009_59_cad62_5.jpg","video":null,"url":"https://kartaview.org/details/1952009/2954/track-info","credit":"KartaView user 18918 (samsung SM-G610F, Android)","license":"CC BY-SA 4.0","approximate":false,"marker-color":"#475569","marker-size":"small"},"geometry":{"type":"Point","coordinates":[84.92312,27.79704]}},{"type":"Feature","properties":{"name":"KartaView seq 1952009 frame 2878 (Prithvi Highway, Kurintar, Nepal, NP)","kind":"street","period":"before","captured":"2019-08-23","source":"kartaview","image":"https://storage12.openstreetcam.org/files/photo/2019/8/27/lth/1952009_57_a8705_29.jpg","video":null,"url":"https://kartaview.org/details/1952009/2878/track-info","credit":"KartaView user 18918 (samsung SM-G610F, Android)","license":"CC BY-SA 4.0","approximate":false,"marker-color":"#475569","marker-size":"small"},"geometry":{"type":"Point","coordinates":[84.9139,27.80286]}},{"type":"Feature","properties":{"name":"KartaView seq 1952009 frame 2863 (Prithvi Highway, Kurintar, Nepal, NP)","kind":"street","period":"before","captured":"2019-08-23","source":"kartaview","image":"https://storage12.openstreetcam.org/files/photo/2019/8/27/lth/1952009_57_a8705_14.jpg","video":null,"url":"https://kartaview.org/details/1952009/2863/track-info","credit":"KartaView user 18918 (samsung SM-G610F, Android)","license":"CC BY-SA 4.0","approximate":false,"marker-color":"#475569","marker-size":"small"},"geometry":{"type":"Point","coordinates":[84.91136,27.80396]}},{"type":"Feature","properties":{"name":"KartaView seq 1952009 frame 2787 (Prithvi Highway, Kurintar, Nepal, NP)","kind":"street","period":"before","captured":"2019-08-23","source":"kartaview","image":"https://storage12.openstreetcam.org/files/photo/2019/8/27/lth/1952009_55_0b561_38.jpg","video":null,"url":"https://kartaview.org/details/1952009/2787/track-info","credit":"KartaView user 18918 (samsung SM-G610F, Android)","license":"CC BY-SA 4.0","approximate":false,"marker-color":"#475569","marker-size":"small"},"geometry":{"type":"Point","coordinates":[84.89922,27.80565]}},{"type":"Feature","properties":{"name":"KartaView seq 1952009 frame 2722 (Prithvi Highway, Kurintar, Nepal, NP)","kind":"street","period":"before","captured":"2019-08-23","source":"kartaview","image":"https://storage12.openstreetcam.org/files/photo/2019/8/27/lth/1952009_54_e01ee_23.jpg","video":null,"url":"https://kartaview.org/details/1952009/2722/track-info","credit":"KartaView user 18918 (samsung SM-G610F, Android)","license":"CC BY-SA 4.0","approximate":false,"marker-color":"#475569","marker-size":"small"},"geometry":{"type":"Point","coordinates":[84.88835,27.80827]}},{"type":"Feature","properties":{"name":"KartaView seq 1952009 frame 2700 (Prithvi Highway, Kurintar, Nepal, NP)","kind":"street","period":"before","captured":"2019-08-23","source":"kartaview","image":"https://storage12.openstreetcam.org/files/photo/2019/8/27/lth/1952009_54_e01ee_1.jpg","video":null,"url":"https://kartaview.org/details/1952009/2700/track-info","credit":"KartaView user 18918 (samsung SM-G610F, Android)","license":"CC BY-SA 4.0","approximate":false,"marker-color":"#475569","marker-size":"small"},"geometry":{"type":"Point","coordinates":[84.88544,27.80715]}},{"type":"Feature","properties":{"name":"KartaView seq 1952009 frame 2615 (Prithvi Highway, Kurintar, Nepal, NP)","kind":"street","period":"before","captured":"2019-08-23","source":"kartaview","image":"https://storage12.openstreetcam.org/files/photo/2019/8/27/lth/1952009_52_6f291_16.jpg","video":null,"url":"https://kartaview.org/details/1952009/2615/track-info","credit":"KartaView user 18918 (samsung SM-G610F, Android)","license":"CC BY-SA 4.0","approximate":false,"marker-color":"#475569","marker-size":"small"},"geometry":{"type":"Point","coordinates":[84.87243,27.80277]}},{"type":"Feature","properties":{"name":"KartaView seq 1952009 frame 2558 (Prithvi Highway, Kurintar, Nepal, NP)","kind":"street","period":"before","captured":"2019-08-23","source":"kartaview","image":"https://storage12.openstreetcam.org/files/photo/2019/8/27/lth/1952009_51_dcaa9_9.jpg","video":null,"url":"https://kartaview.org/details/1952009/2558/track-info","credit":"KartaView user 18918 (samsung SM-G610F, Android)","license":"CC BY-SA 4.0","approximate":false,"marker-color":"#475569","marker-size":"small"},"geometry":{"type":"Point","coordinates":[84.86583,27.8009]}},{"type":"Feature","properties":{"name":"KartaView seq 1952009 frame 2492 (Prithvi Highway, Kurintar, Nepal, NP)","kind":"street","period":"before","captured":"2019-08-23","source":"kartaview","image":"https://storage12.openstreetcam.org/files/photo/2019/8/27/lth/1952009_49_7afbe_43.jpg","video":null,"url":"https://kartaview.org/details/1952009/2492/track-info","credit":"KartaView user 18918 (samsung SM-G610F, Android)","license":"CC BY-SA 4.0","approximate":false,"marker-color":"#475569","marker-size":"small"},"geometry":{"type":"Point","coordinates":[84.85466,27.80705]}},{"type":"Feature","properties":{"name":"KartaView seq 1952009 frame 2482 (Prithvi Highway, Kurintar, Nepal, NP)","kind":"street","period":"before","captured":"2019-08-23","source":"kartaview","image":"https://storage12.openstreetcam.org/files/photo/2019/8/27/lth/1952009_49_7afbe_33.jpg","video":null,"url":"https://kartaview.org/details/1952009/2482/track-info","credit":"KartaView user 18918 (samsung SM-G610F, Android)","license":"CC BY-SA 4.0","approximate":false,"marker-color":"#475569","marker-size":"small"},"geometry":{"type":"Point","coordinates":[84.85349,27.80767]}},{"type":"Feature","properties":{"name":"KartaView seq 1952009 frame 2428 (Prithvi Highway, Kurintar, Nepal, NP)","kind":"street","period":"before","captured":"2019-08-23","source":"kartaview","image":"https://storage12.openstreetcam.org/files/photo/2019/8/27/lth/1952009_48_38112_29.jpg","video":null,"url":"https://kartaview.org/details/1952009/2428/track-info","credit":"KartaView user 18918 (samsung SM-G610F, Android)","license":"CC BY-SA 4.0","approximate":false,"marker-color":"#475569","marker-size":"small"},"geometry":{"type":"Point","coordinates":[84.84695,27.80321]}},{"type":"Feature","properties":{"name":"KartaView seq 1952009 frame 2367 (Prithvi Highway, Kurintar, Nepal, NP)","kind":"street","period":"before","captured":"2019-08-23","source":"kartaview","image":"https://storage12.openstreetcam.org/files/photo/2019/8/27/lth/1952009_47_d811a_18.jpg","video":null,"url":"https://kartaview.org/details/1952009/2367/track-info","credit":"KartaView user 18918 (samsung SM-G610F, Android)","license":"CC BY-SA 4.0","approximate":false,"marker-color":"#475569","marker-size":"small"},"geometry":{"type":"Point","coordinates":[84.83795,27.80302]}},{"type":"Feature","properties":{"name":"KartaView seq 1952009 frame 2303 (Prithvi Highway, Kurintar, Nepal, NP)","kind":"street","period":"before","captured":"2019-08-23","source":"kartaview","image":"https://storage12.openstreetcam.org/files/photo/2019/8/27/lth/1952009_46_62ebe_4.jpg","video":null,"url":"https://kartaview.org/details/1952009/2303/track-info","credit":"KartaView user 18918 (samsung SM-G610F, Android)","license":"CC BY-SA 4.0","approximate":false,"marker-color":"#475569","marker-size":"small"},"geometry":{"type":"Point","coordinates":[84.8334,27.81112]}},{"type":"Feature","properties":{"name":"KartaView seq 1952009 frame 2179 (Prithvi Highway, Kurintar, Nepal, NP)","kind":"street","period":"before","captured":"2019-08-23","source":"kartaview","image":"https://storage12.openstreetcam.org/files/photo/2019/8/27/lth/1952009_43_0d781_30.jpg","video":null,"url":"https://kartaview.org/details/1952009/2179/track-info","credit":"KartaView user 18918 (samsung SM-G610F, Android)","license":"CC BY-SA 4.0","approximate":false,"marker-color":"#475569","marker-size":"small"},"geometry":{"type":"Point","coordinates":[84.82215,27.80772]}},{"type":"Feature","properties":{"name":"KartaView seq 1952009 frame 2136 (Prithvi Highway, Kurintar, Nepal, NP)","kind":"street","period":"before","captured":"2019-08-23","source":"kartaview","image":"https://storage12.openstreetcam.org/files/photo/2019/8/27/lth/1952009_42_1cf68_37.jpg","video":null,"url":"https://kartaview.org/details/1952009/2136/track-info","credit":"KartaView user 18918 (samsung SM-G610F, Android)","license":"CC BY-SA 4.0","approximate":false,"marker-color":"#475569","marker-size":"small"},"geometry":{"type":"Point","coordinates":[84.8165,27.80925]}},{"type":"Feature","properties":{"name":"KartaView seq 1952009 frame 2082 (Prithvi Highway, Kurintar, Nepal, NP)","kind":"street","period":"before","captured":"2019-08-23","source":"kartaview","image":"https://storage12.openstreetcam.org/files/photo/2019/8/27/lth/1952009_41_7237c_33.jpg","video":null,"url":"https://kartaview.org/details/1952009/2082/track-info","credit":"KartaView user 18918 (samsung SM-G610F, Android)","license":"CC BY-SA 4.0","approximate":false,"marker-color":"#475569","marker-size":"small"},"geometry":{"type":"Point","coordinates":[84.81085,27.81437]}},{"type":"Feature","properties":{"name":"KartaView seq 1952009 frame 1996 (Prithvi Highway, Kurintar, Nepal, NP)","kind":"street","period":"before","captured":"2019-08-23","source":"kartaview","image":"https://storage12.openstreetcam.org/files/photo/2019/8/27/lth/1952009_39_4f624_47.jpg","video":null,"url":"https://kartaview.org/details/1952009/1996/track-info","credit":"KartaView user 18918 (samsung SM-G610F, Android)","license":"CC BY-SA 4.0","approximate":false,"marker-color":"#475569","marker-size":"small"},"geometry":{"type":"Point","coordinates":[84.7992,27.81382]}},{"type":"Feature","properties":{"name":"KartaView seq 1952009 frame 1958 (Prithvi Highway, Kurintar, Nepal, NP)","kind":"street","period":"before","captured":"2019-08-23","source":"kartaview","image":"https://storage12.openstreetcam.org/files/photo/2019/8/27/lth/1952009_39_4f624_9.jpg","video":null,"url":"https://kartaview.org/details/1952009/1958/track-info","credit":"KartaView user 18918 (samsung SM-G610F, Android)","license":"CC BY-SA 4.0","approximate":false,"marker-color":"#475569","marker-size":"small"},"geometry":{"type":"Point","coordinates":[84.79152,27.81209]}},{"type":"Feature","properties":{"name":"KartaView seq 1952009 frame 1896 (Prithvi Highway, Kurintar, Nepal, NP)","kind":"street","period":"before","captured":"2019-08-23","source":"kartaview","image":"https://storage12.openstreetcam.org/files/photo/2019/8/27/lth/1952009_37_2129c_47.jpg","video":null,"url":"https://kartaview.org/details/1952009/1896/track-info","credit":"KartaView user 18918 (samsung SM-G610F, Android)","license":"CC BY-SA 4.0","approximate":false,"marker-color":"#475569","marker-size":"small"},"geometry":{"type":"Point","coordinates":[84.78245,27.81258]}},{"type":"Feature","properties":{"name":"KartaView seq 1952009 frame 1831 (Prithvi Highway, Kurintar, Nepal, NP)","kind":"street","period":"before","captured":"2019-08-23","source":"kartaview","image":"https://storage12.openstreetcam.org/files/photo/2019/8/27/lth/1952009_36_59f4a_32.jpg","video":null,"url":"https://kartaview.org/details/1952009/1831/track-info","credit":"KartaView user 18918 (samsung SM-G610F, Android)","license":"CC BY-SA 4.0","approximate":false,"marker-color":"#475569","marker-size":"small"},"geometry":{"type":"Point","coordinates":[84.77443,27.80801]}},{"type":"Feature","properties":{"name":"KartaView seq 1952009 frame 1762 (Prithvi Highway, Kurintar, Nepal, NP)","kind":"street","period":"before","captured":"2019-08-23","source":"kartaview","image":"https://storage12.openstreetcam.org/files/photo/2019/8/27/lth/1952009_35_14c3e_13.jpg","video":null,"url":"https://kartaview.org/details/1952009/1762/track-info","credit":"KartaView user 18918 (samsung SM-G610F, Android)","license":"CC BY-SA 4.0","approximate":false,"marker-color":"#475569","marker-size":"small"},"geometry":{"type":"Point","coordinates":[84.76732,27.81052]}},{"type":"Feature","properties":{"name":"KartaView seq 1952009 frame 1712 (Prithvi Highway, Kurintar, Nepal, NP)","kind":"street","period":"before","captured":"2019-08-23","source":"kartaview","image":"https://storage12.openstreetcam.org/files/photo/2019/8/27/lth/1952009_34_46624_13.jpg","video":null,"url":"https://kartaview.org/details/1952009/1712/track-info","credit":"KartaView user 18918 (samsung SM-G610F, Android)","license":"CC BY-SA 4.0","approximate":false,"marker-color":"#475569","marker-size":"small"},"geometry":{"type":"Point","coordinates":[84.76103,27.81333]}},{"type":"Feature","properties":{"name":"KartaView seq 1952009 frame 1643 (Prithvi Highway, Kurintar, Nepal, NP)","kind":"street","period":"before","captured":"2019-08-23","source":"kartaview","image":"https://storage12.openstreetcam.org/files/photo/2019/8/27/lth/1952009_32_e31e4_44.jpg","video":null,"url":"https://kartaview.org/details/1952009/1643/track-info","credit":"KartaView user 18918 (samsung SM-G610F, Android)","license":"CC BY-SA 4.0","approximate":false,"marker-color":"#475569","marker-size":"small"},"geometry":{"type":"Point","coordinates":[84.75545,27.80664]}},{"type":"Feature","properties":{"name":"KartaView seq 1952009 frame 1634 (Prithvi Highway, Kurintar, Nepal, NP)","kind":"street","period":"before","captured":"2019-08-23","source":"kartaview","image":"https://storage12.openstreetcam.org/files/photo/2019/8/27/lth/1952009_32_e31e4_35.jpg","video":null,"url":"https://kartaview.org/details/1952009/1634/track-info","credit":"KartaView user 18918 (samsung SM-G610F, Android)","license":"CC BY-SA 4.0","approximate":false,"marker-color":"#475569","marker-size":"small"},"geometry":{"type":"Point","coordinates":[84.75429,27.80551]}},{"type":"Feature","properties":{"name":"KartaView seq 1952009 frame 1577 (Prithvi Highway, Kurintar, Nepal, NP)","kind":"street","period":"before","captured":"2019-08-23","source":"kartaview","image":"https://storage12.openstreetcam.org/files/photo/2019/8/27/lth/1952009_31_32774_28.jpg","video":null,"url":"https://kartaview.org/details/1952009/1577/track-info","credit":"KartaView user 18918 (samsung SM-G610F, Android)","license":"CC BY-SA 4.0","approximate":false,"marker-color":"#475569","marker-size":"small"},"geometry":{"type":"Point","coordinates":[84.74456,27.80254]}},{"type":"Feature","properties":{"name":"KartaView seq 1952009 frame 1516 (Prithvi Highway, Kurintar, Nepal, NP)","kind":"street","period":"before","captured":"2019-08-23","source":"kartaview","image":"https://storage12.openstreetcam.org/files/photo/2019/8/27/lth/1952009_30_ee8e1_17.jpg","video":null,"url":"https://kartaview.org/details/1952009/1516/track-info","credit":"KartaView user 18918 (samsung SM-G610F, Android)","license":"CC BY-SA 4.0","approximate":false,"marker-color":"#475569","marker-size":"small"},"geometry":{"type":"Point","coordinates":[84.73477,27.79696]}},{"type":"Feature","properties":{"name":"KartaView seq 1952009 frame 1484 (Prithvi Highway, Kurintar, Nepal, NP)","kind":"street","period":"before","captured":"2019-08-23","source":"kartaview","image":"https://storage12.openstreetcam.org/files/photo/2019/8/27/lth/1952009_29_4983f_35.jpg","video":null,"url":"https://kartaview.org/details/1952009/1484/track-info","credit":"KartaView user 18918 (samsung SM-G610F, Android)","license":"CC BY-SA 4.0","approximate":false,"marker-color":"#475569","marker-size":"small"},"geometry":{"type":"Point","coordinates":[84.73015,27.79485]}},{"type":"Feature","properties":{"name":"KartaView seq 1952009 frame 1376 (Prithvi Highway, Kurintar, Nepal, NP)","kind":"street","period":"before","captured":"2019-08-23","source":"kartaview","image":"https://storage12.openstreetcam.org/files/photo/2019/8/27/lth/1952009_27_51ee0_27.jpg","video":null,"url":"https://kartaview.org/details/1952009/1376/track-info","credit":"KartaView user 18918 (samsung SM-G610F, Android)","license":"CC BY-SA 4.0","approximate":false,"marker-color":"#475569","marker-size":"small"},"geometry":{"type":"Point","coordinates":[84.71636,27.80166]}},{"type":"Feature","properties":{"name":"KartaView seq 1952009 frame 1366 (Prithvi Highway, Kurintar, Nepal, NP)","kind":"street","period":"before","captured":"2019-08-23","source":"kartaview","image":"https://storage12.openstreetcam.org/files/photo/2019/8/27/lth/1952009_27_51ee0_17.jpg","video":null,"url":"https://kartaview.org/details/1952009/1366/track-info","credit":"KartaView user 18918 (samsung SM-G610F, Android)","license":"CC BY-SA 4.0","approximate":false,"marker-color":"#475569","marker-size":"small"},"geometry":{"type":"Point","coordinates":[84.71484,27.80044]}},{"type":"Feature","properties":{"name":"KartaView seq 1952009 frame 1278 (Prithvi Highway, Kurintar, Nepal, NP)","kind":"street","period":"before","captured":"2019-08-23","source":"kartaview","image":"https://storage12.openstreetcam.org/files/photo/2019/8/27/lth/1952009_25_e3fcc_29.jpg","video":null,"url":"https://kartaview.org/details/1952009/1278/track-info","credit":"KartaView user 18918 (samsung SM-G610F, Android)","license":"CC BY-SA 4.0","approximate":false,"marker-color":"#475569","marker-size":"small"},"geometry":{"type":"Point","coordinates":[84.70261,27.80689]}},{"type":"Feature","properties":{"name":"KartaView seq 1952009 frame 1218 (Prithvi Highway, Kurintar, Nepal, NP)","kind":"street","period":"before","captured":"2019-08-23","source":"kartaview","image":"https://storage12.openstreetcam.org/files/photo/2019/8/27/lth/1952009_24_e6ace_19.jpg","video":null,"url":"https://kartaview.org/details/1952009/1218/track-info","credit":"KartaView user 18918 (samsung SM-G610F, Android)","license":"CC BY-SA 4.0","approximate":false,"marker-color":"#475569","marker-size":"small"},"geometry":{"type":"Point","coordinates":[84.69236,27.80912]}},{"type":"Feature","properties":{"name":"KartaView seq 1952009 frame 1170 (Prithvi Highway, Kurintar, Nepal, NP)","kind":"street","period":"before","captured":"2019-08-23","source":"kartaview","image":"https://storage12.openstreetcam.org/files/photo/2019/8/27/lth/1952009_23_ec17a_21.jpg","video":null,"url":"https://kartaview.org/details/1952009/1170/track-info","credit":"KartaView user 18918 (samsung SM-G610F, Android)","license":"CC BY-SA 4.0","approximate":false,"marker-color":"#475569","marker-size":"small"},"geometry":{"type":"Point","coordinates":[84.68467,27.81004]}},{"type":"Feature","properties":{"name":"KartaView seq 1952009 frame 1139 (Prithvi Highway, Kurintar, Nepal, NP)","kind":"street","period":"before","captured":"2019-08-23","source":"kartaview","image":"https://storage12.openstreetcam.org/files/photo/2019/8/27/lth/1952009_22_baf43_40.jpg","video":null,"url":"https://kartaview.org/details/1952009/1139/track-info","credit":"KartaView user 18918 (samsung SM-G610F, Android)","license":"CC BY-SA 4.0","approximate":false,"marker-color":"#475569","marker-size":"small"},"geometry":{"type":"Point","coordinates":[84.67973,27.81342]}},{"type":"Feature","properties":{"name":"KartaView seq 1952009 frame 1081 (Prithvi Highway, Kurintar, Nepal, NP)","kind":"street","period":"before","captured":"2019-08-23","source":"kartaview","image":"https://storage12.openstreetcam.org/files/photo/2019/8/27/lth/1952009_21_e79c3_32.jpg","video":null,"url":"https://kartaview.org/details/1952009/1081/track-info","credit":"KartaView user 18918 (samsung SM-G610F, Android)","license":"CC BY-SA 4.0","approximate":false,"marker-color":"#475569","marker-size":"small"},"geometry":{"type":"Point","coordinates":[84.67133,27.81663]}},{"type":"Feature","properties":{"name":"KartaView seq 1952009 frame 1006 (Prithvi Highway, Kurintar, Nepal, NP)","kind":"street","period":"before","captured":"2019-08-23","source":"kartaview","image":"https://storage12.openstreetcam.org/files/photo/2019/8/27/lth/1952009_20_eeb3b_7.jpg","video":null,"url":"https://kartaview.org/details/1952009/1006/track-info","credit":"KartaView user 18918 (samsung SM-G610F, Android)","license":"CC BY-SA 4.0","approximate":false,"marker-color":"#475569","marker-size":"small"},"geometry":{"type":"Point","coordinates":[84.66511,27.82519]}},{"type":"Feature","properties":{"name":"KartaView seq 1952009 frame 931 (Prithvi Highway, Kurintar, Nepal, NP)","kind":"street","period":"before","captured":"2019-08-23","source":"kartaview","image":"https://storage12.openstreetcam.org/files/photo/2019/8/27/lth/1952009_18_fe673_32.jpg","video":null,"url":"https://kartaview.org/details/1952009/931/track-info","credit":"KartaView user 18918 (samsung SM-G610F, Android)","license":"CC BY-SA 4.0","approximate":false,"marker-color":"#475569","marker-size":"small"},"geometry":{"type":"Point","coordinates":[84.66241,27.8348]}},{"type":"Feature","properties":{"name":"KartaView seq 1952009 frame 900 (Prithvi Highway, Kurintar, Nepal, NP)","kind":"street","period":"before","captured":"2019-08-23","source":"kartaview","image":"https://storage12.openstreetcam.org/files/photo/2019/8/27/lth/1952009_18_fe673_1.jpg","video":null,"url":"https://kartaview.org/details/1952009/900/track-info","credit":"KartaView user 18918 (samsung SM-G610F, Android)","license":"CC BY-SA 4.0","approximate":false,"marker-color":"#475569","marker-size":"small"},"geometry":{"type":"Point","coordinates":[84.66282,27.83818]}},{"type":"Feature","properties":{"name":"KartaView seq 1952009 frame 827 (Prithvi Highway, Kurintar, Nepal, NP)","kind":"street","period":"before","captured":"2019-08-23","source":"kartaview","image":"https://storage12.openstreetcam.org/files/photo/2019/8/27/lth/1952009_16_ce1d6_28.jpg","video":null,"url":"https://kartaview.org/details/1952009/827/track-info","credit":"KartaView user 18918 (samsung SM-G610F, Android)","license":"CC BY-SA 4.0","approximate":false,"marker-color":"#475569","marker-size":"small"},"geometry":{"type":"Point","coordinates":[84.65894,27.84984]}},{"type":"Feature","properties":{"name":"KartaView seq 1952009 frame 787 (Prithvi Highway, Kurintar, Nepal, NP)","kind":"street","period":"before","captured":"2019-08-23","source":"kartaview","image":"https://storage12.openstreetcam.org/files/photo/2019/8/27/lth/1952009_15_3940e_38.jpg","video":null,"url":"https://kartaview.org/details/1952009/787/track-info","credit":"KartaView user 18918 (samsung SM-G610F, Android)","license":"CC BY-SA 4.0","approximate":false,"marker-color":"#475569","marker-size":"small"},"geometry":{"type":"Point","coordinates":[84.65178,27.85201]}},{"type":"Feature","properties":{"name":"KartaView seq 1952009 frame 735 (Prithvi Highway, Kurintar, Nepal, NP)","kind":"street","period":"before","captured":"2019-08-23","source":"kartaview","image":"https://storage12.openstreetcam.org/files/photo/2019/8/27/lth/1952009_14_99c9d_36.jpg","video":null,"url":"https://kartaview.org/details/1952009/735/track-info","credit":"KartaView user 18918 (samsung SM-G610F, Android)","license":"CC BY-SA 4.0","approximate":false,"marker-color":"#475569","marker-size":"small"},"geometry":{"type":"Point","coordinates":[84.64662,27.85646]}},{"type":"Feature","properties":{"name":"KartaView seq 1952009 frame 667 (Prithvi Highway, Kurintar, Nepal, NP)","kind":"street","period":"before","captured":"2019-08-23","source":"kartaview","image":"https://storage12.openstreetcam.org/files/photo/2019/8/27/lth/1952009_13_fbae2_18.jpg","video":null,"url":"https://kartaview.org/details/1952009/667/track-info","credit":"KartaView user 18918 (samsung SM-G610F, Android)","license":"CC BY-SA 4.0","approximate":false,"marker-color":"#475569","marker-size":"small"},"geometry":{"type":"Point","coordinates":[84.6385,27.85926]}},{"type":"Feature","properties":{"name":"KartaView seq 1952009 frame 632 (Prithvi Highway, Kurintar, Nepal, NP)","kind":"street","period":"before","captured":"2019-08-23","source":"kartaview","image":"https://storage12.openstreetcam.org/files/photo/2019/8/27/lth/1952009_12_e921c_33.jpg","video":null,"url":"https://kartaview.org/details/1952009/632/track-info","credit":"KartaView user 18918 (samsung SM-G610F, Android)","license":"CC BY-SA 4.0","approximate":false,"marker-color":"#475569","marker-size":"small"},"geometry":{"type":"Point","coordinates":[84.6339,27.86105]}},{"type":"Feature","properties":{"name":"KartaView seq 1952009 frame 560 (Prithvi Highway, Kurintar, Nepal, NP)","kind":"street","period":"before","captured":"2019-08-23","source":"kartaview","image":"https://storage12.openstreetcam.org/files/photo/2019/8/27/lth/1952009_11_6ea6a_11.jpg","video":null,"url":"https://kartaview.org/details/1952009/560/track-info","credit":"KartaView user 18918 (samsung SM-G610F, Android)","license":"CC BY-SA 4.0","approximate":false,"marker-color":"#475569","marker-size":"small"},"geometry":{"type":"Point","coordinates":[84.62842,27.8703]}},{"type":"Feature","properties":{"name":"KartaView seq 1952009 frame 467 (Prithvi Highway, Kurintar, Nepal, NP)","kind":"street","period":"before","captured":"2019-08-23","source":"kartaview","image":"https://storage12.openstreetcam.org/files/photo/2019/8/27/lth/1952009_9_4c05e_18.jpg","video":null,"url":"https://kartaview.org/details/1952009/467/track-info","credit":"KartaView user 18918 (samsung SM-G610F, Android)","license":"CC BY-SA 4.0","approximate":false,"marker-color":"#475569","marker-size":"small"},"geometry":{"type":"Point","coordinates":[84.61405,27.87246]}},{"type":"Feature","properties":{"name":"KartaView seq 1952009 frame 372 (Prithvi Highway, Kurintar, Nepal, NP)","kind":"street","period":"before","captured":"2019-08-23","source":"kartaview","image":"https://storage12.openstreetcam.org/files/photo/2019/8/27/lth/1952009_7_464ca_23.jpg","video":null,"url":"https://kartaview.org/details/1952009/372/track-info","credit":"KartaView user 18918 (samsung SM-G610F, Android)","license":"CC BY-SA 4.0","approximate":false,"marker-color":"#475569","marker-size":"small"},"geometry":{"type":"Point","coordinates":[84.59784,27.87481]}},{"type":"Feature","properties":{"name":"KartaView seq 1952009 frame 363 (Prithvi Highway, Kurintar, Nepal, NP)","kind":"street","period":"before","captured":"2019-08-23","source":"kartaview","image":"https://storage12.openstreetcam.org/files/photo/2019/8/27/lth/1952009_7_464ca_14.jpg","video":null,"url":"https://kartaview.org/details/1952009/363/track-info","credit":"KartaView user 18918 (samsung SM-G610F, Android)","license":"CC BY-SA 4.0","approximate":false,"marker-color":"#475569","marker-size":"small"},"geometry":{"type":"Point","coordinates":[84.5963,27.87496]}},{"type":"Feature","properties":{"name":"KartaView seq 1952009 frame 293 (Prithvi Highway, Kurintar, Nepal, NP)","kind":"street","period":"before","captured":"2019-08-23","source":"kartaview","image":"https://storage12.openstreetcam.org/files/photo/2019/8/27/lth/1952009_5_e7e78_44.jpg","video":null,"url":"https://kartaview.org/details/1952009/293/track-info","credit":"KartaView user 18918 (samsung SM-G610F, Android)","license":"CC BY-SA 4.0","approximate":false,"marker-color":"#475569","marker-size":"small"},"geometry":{"type":"Point","coordinates":[84.58492,27.87555]}},{"type":"Feature","properties":{"name":"KartaView seq 1952009 frame 257 (Prithvi Highway, Kurintar, Nepal, NP)","kind":"street","period":"before","captured":"2019-08-23","source":"kartaview","image":"https://storage12.openstreetcam.org/files/photo/2019/8/27/lth/1952009_5_e7e78_8.jpg","video":null,"url":"https://kartaview.org/details/1952009/257/track-info","credit":"KartaView user 18918 (samsung SM-G610F, Android)","license":"CC BY-SA 4.0","approximate":false,"marker-color":"#475569","marker-size":"small"},"geometry":{"type":"Point","coordinates":[84.58049,27.8735]}},{"type":"Feature","properties":{"name":"KartaView seq 1952009 frame 177 (Prithvi Highway, Kurintar, Nepal, NP)","kind":"street","period":"before","captured":"2019-08-23","source":"kartaview","image":"https://storage12.openstreetcam.org/files/photo/2019/8/27/lth/1952009_3_bd84e_28.jpg","video":null,"url":"https://kartaview.org/details/1952009/177/track-info","credit":"KartaView user 18918 (samsung SM-G610F, Android)","license":"CC BY-SA 4.0","approximate":false,"marker-color":"#475569","marker-size":"small"},"geometry":{"type":"Point","coordinates":[84.57613,27.86311]}},{"type":"Feature","properties":{"name":"KartaView seq 1952009 frame 86 (Prithvi Highway, Kurintar, Nepal, NP)","kind":"street","period":"before","captured":"2019-08-23","source":"kartaview","image":"https://storage12.openstreetcam.org/files/photo/2019/8/27/lth/1952009_1_53fda_37.jpg","video":null,"url":"https://kartaview.org/details/1952009/86/track-info","credit":"KartaView user 18918 (samsung SM-G610F, Android)","license":"CC BY-SA 4.0","approximate":false,"marker-color":"#475569","marker-size":"small"},"geometry":{"type":"Point","coordinates":[84.5646,27.85765]}},{"type":"Feature","properties":{"name":"KartaView seq 1952009 frame 36 (Prithvi Highway, Kurintar, Nepal, NP)","kind":"street","period":"before","captured":"2019-08-23","source":"kartaview","image":"https://storage12.openstreetcam.org/files/photo/2019/8/27/lth/1952009_0_bd35e_37.jpg","video":null,"url":"https://kartaview.org/details/1952009/36/track-info","credit":"KartaView user 18918 (samsung SM-G610F, Android)","license":"CC BY-SA 4.0","approximate":false,"marker-color":"#475569","marker-size":"small"},"geometry":{"type":"Point","coordinates":[84.55731,27.85475]}},{"type":"Feature","properties":{"name":"KartaView seq 3881977 frame 2849 (Department of Electricity Development, Thapahaun, Kathmandu, Bagmati, Nepal)","kind":"street","period":"before","captured":"2021-10-14","source":"kartaview","image":"https://storage13.openstreetcam.org/files/photo/2021/10/25/lth/3881977_ade3e9833353115b345cf65dc9e958b0.jpg","video":null,"url":"https://kartaview.org/details/3881977/2849/track-info","credit":"KartaView user 18918 (samsung SM-G610F, Android)","license":"CC BY-SA 4.0","approximate":false,"marker-color":"#475569","marker-size":"small"},"geometry":{"type":"Point","coordinates":[84.99405,27.80038]}},{"type":"Feature","properties":{"name":"KartaView seq 3881977 frame 2865 (Department of Electricity Development, Thapahaun, Kathmandu, Bagmati, Nepal)","kind":"street","period":"before","captured":"2021-10-14","source":"kartaview","image":"https://storage13.openstreetcam.org/files/photo/2021/10/25/lth/3881977_dcd836964803cba92031ae16b6c1b6cb.jpg","video":null,"url":"https://kartaview.org/details/3881977/2865/track-info","credit":"KartaView user 18918 (samsung SM-G610F, Android)","license":"CC BY-SA 4.0","approximate":false,"marker-color":"#475569","marker-size":"small"},"geometry":{"type":"Point","coordinates":[84.99179,27.80044]}},{"type":"Feature","properties":{"name":"KartaView seq 3881977 frame 2942 (Department of Electricity Development, Thapahaun, Kathmandu, Bagmati, Nepal)","kind":"street","period":"before","captured":"2021-10-14","source":"kartaview","image":"https://storage13.openstreetcam.org/files/photo/2021/10/25/lth/3881977_a9774676856a63e3a3bdf6b57a8e8d66.jpg","video":null,"url":"https://kartaview.org/details/3881977/2942/track-info","credit":"KartaView user 18918 (samsung SM-G610F, Android)","license":"CC BY-SA 4.0","approximate":false,"marker-color":"#475569","marker-size":"small"},"geometry":{"type":"Point","coordinates":[84.97918,27.80092]}},{"type":"Feature","properties":{"name":"KartaView seq 3881977 frame 3028 (Department of Electricity Development, Thapahaun, Kathmandu, Bagmati, Nepal)","kind":"street","period":"before","captured":"2021-10-14","source":"kartaview","image":"https://storage13.openstreetcam.org/files/photo/2021/10/25/lth/3881977_4f394e32c1399654f5df26553d1f05eb.jpg","video":null,"url":"https://kartaview.org/details/3881977/3028/track-info","credit":"KartaView user 18918 (samsung SM-G610F, Android)","license":"CC BY-SA 4.0","approximate":false,"marker-color":"#475569","marker-size":"small"},"geometry":{"type":"Point","coordinates":[84.96956,27.80591]}},{"type":"Feature","properties":{"name":"KartaView seq 3881977 frame 3047 (Department of Electricity Development, Thapahaun, Kathmandu, Bagmati, Nepal)","kind":"street","period":"before","captured":"2021-10-14","source":"kartaview","image":"https://storage13.openstreetcam.org/files/photo/2021/10/25/lth/3881977_59cdb07a8c08813756dfbc4e80c68d91.jpg","video":null,"url":"https://kartaview.org/details/3881977/3047/track-info","credit":"KartaView user 18918 (samsung SM-G610F, Android)","license":"CC BY-SA 4.0","approximate":false,"marker-color":"#475569","marker-size":"small"},"geometry":{"type":"Point","coordinates":[84.96862,27.80757]}},{"type":"Feature","properties":{"name":"KartaView seq 3881977 frame 3108 (Department of Electricity Development, Thapahaun, Kathmandu, Bagmati, Nepal)","kind":"street","period":"before","captured":"2021-10-14","source":"kartaview","image":"https://storage13.openstreetcam.org/files/photo/2021/10/25/lth/3881977_d68a490cd1cd6ac7027145c44cdedebc.jpg","video":null,"url":"https://kartaview.org/details/3881977/3108/track-info","credit":"KartaView user 18918 (samsung SM-G610F, Android)","license":"CC BY-SA 4.0","approximate":false,"marker-color":"#475569","marker-size":"small"},"geometry":{"type":"Point","coordinates":[84.96191,27.81178]}},{"type":"Feature","properties":{"name":"KartaView seq 3881977 frame 3159 (Department of Electricity Development, Thapahaun, Kathmandu, Bagmati, Nepal)","kind":"street","period":"before","captured":"2021-10-14","source":"kartaview","image":"https://storage13.openstreetcam.org/files/photo/2021/10/25/lth/3881977_f1729d09060462bf466bf6a585235f33.jpg","video":null,"url":"https://kartaview.org/details/3881977/3159/track-info","credit":"KartaView user 18918 (samsung SM-G610F, Android)","license":"CC BY-SA 4.0","approximate":false,"marker-color":"#475569","marker-size":"small"},"geometry":{"type":"Point","coordinates":[84.95535,27.81569]}},{"type":"Feature","properties":{"name":"KartaView seq 3881977 frame 3228 (Department of Electricity Development, Thapahaun, Kathmandu, Bagmati, Nepal)","kind":"street","period":"before","captured":"2021-10-14","source":"kartaview","image":"https://storage13.openstreetcam.org/files/photo/2021/10/25/lth/3881977_0240c05daef884413fe68f1e1047b760.jpg","video":null,"url":"https://kartaview.org/details/3881977/3228/track-info","credit":"KartaView user 18918 (samsung SM-G610F, Android)","license":"CC BY-SA 4.0","approximate":false,"marker-color":"#475569","marker-size":"small"},"geometry":{"type":"Point","coordinates":[84.94487,27.81077]}},{"type":"Feature","properties":{"name":"KartaView seq 3881977 frame 3290 (Department of Electricity Development, Thapahaun, Kathmandu, Bagmati, Nepal)","kind":"street","period":"before","captured":"2021-10-14","source":"kartaview","image":"https://storage13.openstreetcam.org/files/photo/2021/10/25/lth/3881977_d27a24698aa9aa61fef6a7350ca81e8d.jpg","video":null,"url":"https://kartaview.org/details/3881977/3290/track-info","credit":"KartaView user 18918 (samsung SM-G610F, Android)","license":"CC BY-SA 4.0","approximate":false,"marker-color":"#475569","marker-size":"small"},"geometry":{"type":"Point","coordinates":[84.93874,27.80362]}},{"type":"Feature","properties":{"name":"KartaView seq 3881977 frame 3345 (Department of Electricity Development, Thapahaun, Kathmandu, Bagmati, Nepal)","kind":"street","period":"before","captured":"2021-10-14","source":"kartaview","image":"https://storage13.openstreetcam.org/files/photo/2021/10/25/lth/3881977_dceb14f9ad241dc74cc98007396f8e59.jpg","video":null,"url":"https://kartaview.org/details/3881977/3345/track-info","credit":"KartaView user 18918 (samsung SM-G610F, Android)","license":"CC BY-SA 4.0","approximate":false,"marker-color":"#475569","marker-size":"small"},"geometry":{"type":"Point","coordinates":[84.93074,27.8005]}},{"type":"Feature","properties":{"name":"KartaView seq 3881977 frame 3400 (Department of Electricity Development, Thapahaun, Kathmandu, Bagmati, Nepal)","kind":"street","period":"before","captured":"2021-10-14","source":"kartaview","image":"https://storage13.openstreetcam.org/files/photo/2021/10/25/lth/3881977_57ecc47beac85ffcd8919777c10e5caf.jpg","video":null,"url":"https://kartaview.org/details/3881977/3400/track-info","credit":"KartaView user 18918 (samsung SM-G610F, Android)","license":"CC BY-SA 4.0","approximate":false,"marker-color":"#475569","marker-size":"small"},"geometry":{"type":"Point","coordinates":[84.92311,27.79686]}},{"type":"Feature","properties":{"name":"KartaView seq 3881977 frame 3459 (Department of Electricity Development, Thapahaun, Kathmandu, Bagmati, Nepal)","kind":"street","period":"before","captured":"2021-10-14","source":"kartaview","image":"https://storage13.openstreetcam.org/files/photo/2021/10/25/lth/3881977_0d1d25e36b48ecc37078a1b16394bc64.jpg","video":null,"url":"https://kartaview.org/details/3881977/3459/track-info","credit":"KartaView user 18918 (samsung SM-G610F, Android)","license":"CC BY-SA 4.0","approximate":false,"marker-color":"#475569","marker-size":"small"},"geometry":{"type":"Point","coordinates":[84.91483,27.80118]}},{"type":"Feature","properties":{"name":"KartaView seq 3881977 frame 3485 (Department of Electricity Development, Thapahaun, Kathmandu, Bagmati, Nepal)","kind":"street","period":"before","captured":"2021-10-14","source":"kartaview","image":"https://storage13.openstreetcam.org/files/photo/2021/10/25/lth/3881977_b3ccd43adfa6c3cf9f4f922999357507.jpg","video":null,"url":"https://kartaview.org/details/3881977/3485/track-info","credit":"KartaView user 18918 (samsung SM-G610F, Android)","license":"CC BY-SA 4.0","approximate":false,"marker-color":"#475569","marker-size":"small"},"geometry":{"type":"Point","coordinates":[84.91167,27.80398]}},{"type":"Feature","properties":{"name":"KartaView seq 3881977 frame 3555 (Department of Electricity Development, Thapahaun, Kathmandu, Bagmati, Nepal)","kind":"street","period":"before","captured":"2021-10-14","source":"kartaview","image":"https://storage13.openstreetcam.org/files/photo/2021/10/25/lth/3881977_62e3261d23028c4de159243a04a5b965.jpg","video":null,"url":"https://kartaview.org/details/3881977/3555/track-info","credit":"KartaView user 18918 (samsung SM-G610F, Android)","license":"CC BY-SA 4.0","approximate":false,"marker-color":"#475569","marker-size":"small"},"geometry":{"type":"Point","coordinates":[84.90113,27.8057]}},{"type":"Feature","properties":{"name":"KartaView seq 3881977 frame 3642 (Department of Electricity Development, Thapahaun, Kathmandu, Bagmati, Nepal)","kind":"street","period":"before","captured":"2021-10-14","source":"kartaview","image":"https://storage13.openstreetcam.org/files/photo/2021/10/25/lth/3881977_820f178005d7fa56b41e9819caeae40c.jpg","video":null,"url":"https://kartaview.org/details/3881977/3642/track-info","credit":"KartaView user 18918 (samsung SM-G610F, Android)","license":"CC BY-SA 4.0","approximate":false,"marker-color":"#475569","marker-size":"small"},"geometry":{"type":"Point","coordinates":[84.88842,27.80821]}},{"type":"Feature","properties":{"name":"KartaView seq 3881977 frame 3671 (Department of Electricity Development, Thapahaun, Kathmandu, Bagmati, Nepal)","kind":"street","period":"before","captured":"2021-10-14","source":"kartaview","image":"https://storage13.openstreetcam.org/files/photo/2021/10/25/lth/3881977_d9a0075bc60486b701e2ca4844343caf.jpg","video":null,"url":"https://kartaview.org/details/3881977/3671/track-info","credit":"KartaView user 18918 (samsung SM-G610F, Android)","license":"CC BY-SA 4.0","approximate":false,"marker-color":"#475569","marker-size":"small"},"geometry":{"type":"Point","coordinates":[84.88549,27.80697]}},{"type":"Feature","properties":{"name":"KartaView seq 3881977 frame 3755 (Department of Electricity Development, Thapahaun, Kathmandu, Bagmati, Nepal)","kind":"street","period":"before","captured":"2021-10-14","source":"kartaview","image":"https://storage13.openstreetcam.org/files/photo/2021/10/25/lth/3881977_3ee4a874942abcae5beec84283c67b72.jpg","video":null,"url":"https://kartaview.org/details/3881977/3755/track-info","credit":"KartaView user 18918 (samsung SM-G610F, Android)","license":"CC BY-SA 4.0","approximate":false,"marker-color":"#475569","marker-size":"small"},"geometry":{"type":"Point","coordinates":[84.87249,27.80285]}},{"type":"Feature","properties":{"name":"KartaView seq 3881977 frame 3830 (Department of Electricity Development, Thapahaun, Kathmandu, Bagmati, Nepal)","kind":"street","period":"before","captured":"2021-10-14","source":"kartaview","image":"https://storage13.openstreetcam.org/files/photo/2021/10/25/lth/3881977_67061e43f345c000605e20e0312476a9.jpg","video":null,"url":"https://kartaview.org/details/3881977/3830/track-info","credit":"KartaView user 18918 (samsung SM-G610F, Android)","license":"CC BY-SA 4.0","approximate":false,"marker-color":"#475569","marker-size":"small"},"geometry":{"type":"Point","coordinates":[84.8653,27.80082]}},{"type":"Feature","properties":{"name":"KartaView seq 3881977 frame 3907 (Department of Electricity Development, Thapahaun, Kathmandu, Bagmati, Nepal)","kind":"street","period":"before","captured":"2021-10-14","source":"kartaview","image":"https://storage13.openstreetcam.org/files/photo/2021/10/25/lth/3881977_54ed3f56b81f8830e85f2d0cbccb14ba.jpg","video":null,"url":"https://kartaview.org/details/3881977/3907/track-info","credit":"KartaView user 18918 (samsung SM-G610F, Android)","license":"CC BY-SA 4.0","approximate":false,"marker-color":"#475569","marker-size":"small"},"geometry":{"type":"Point","coordinates":[84.85467,27.80696]}},{"type":"Feature","properties":{"name":"KartaView seq 3881977 frame 3915 (Department of Electricity Development, Thapahaun, Kathmandu, Bagmati, Nepal)","kind":"street","period":"before","captured":"2021-10-14","source":"kartaview","image":"https://storage13.openstreetcam.org/files/photo/2021/10/25/lth/3881977_53595db167de8154ae1cbbab616dfc18.jpg","video":null,"url":"https://kartaview.org/details/3881977/3915/track-info","credit":"KartaView user 18918 (samsung SM-G610F, Android)","license":"CC BY-SA 4.0","approximate":false,"marker-color":"#475569","marker-size":"small"},"geometry":{"type":"Point","coordinates":[84.85353,27.80759]}},{"type":"Feature","properties":{"name":"KartaView seq 3881977 frame 3967 (Department of Electricity Development, Thapahaun, Kathmandu, Bagmati, Nepal)","kind":"street","period":"before","captured":"2021-10-14","source":"kartaview","image":"https://storage13.openstreetcam.org/files/photo/2021/10/25/lth/3881977_f99c40b2461f3a05e04a166b3c16690a.jpg","video":null,"url":"https://kartaview.org/details/3881977/3967/track-info","credit":"KartaView user 18918 (samsung SM-G610F, Android)","license":"CC BY-SA 4.0","approximate":false,"marker-color":"#475569","marker-size":"small"},"geometry":{"type":"Point","coordinates":[84.84705,27.80309]}},{"type":"Feature","properties":{"name":"KartaView seq 3881977 frame 4022 (Department of Electricity Development, Thapahaun, Kathmandu, Bagmati, Nepal)","kind":"street","period":"before","captured":"2021-10-14","source":"kartaview","image":"https://storage13.openstreetcam.org/files/photo/2021/10/25/lth/3881977_0b7f90ea3f24b635627cb58667c448ca.jpg","video":null,"url":"https://kartaview.org/details/3881977/4022/track-info","credit":"KartaView user 18918 (samsung SM-G610F, Android)","license":"CC BY-SA 4.0","approximate":false,"marker-color":"#475569","marker-size":"small"},"geometry":{"type":"Point","coordinates":[84.83791,27.80302]}},{"type":"Feature","properties":{"name":"KartaView seq 3881977 frame 4082 (Department of Electricity Development, Thapahaun, Kathmandu, Bagmati, Nepal)","kind":"street","period":"before","captured":"2021-10-14","source":"kartaview","image":"https://storage13.openstreetcam.org/files/photo/2021/10/25/lth/3881977_368bbca55eed853702282efc6fef5802.jpg","video":null,"url":"https://kartaview.org/details/3881977/4082/track-info","credit":"KartaView user 18918 (samsung SM-G610F, Android)","license":"CC BY-SA 4.0","approximate":false,"marker-color":"#475569","marker-size":"small"},"geometry":{"type":"Point","coordinates":[84.83329,27.8112]}},{"type":"Feature","properties":{"name":"KartaView seq 3881977 frame 4193 (Department of Electricity Development, Thapahaun, Kathmandu, Bagmati, Nepal)","kind":"street","period":"before","captured":"2021-10-14","source":"kartaview","image":"https://storage13.openstreetcam.org/files/photo/2021/10/25/lth/3881977_7ec25aad3d044c85e25becbc876b1817.jpg","video":null,"url":"https://kartaview.org/details/3881977/4193/track-info","credit":"KartaView user 18918 (samsung SM-G610F, Android)","license":"CC BY-SA 4.0","approximate":false,"marker-color":"#475569","marker-size":"small"},"geometry":{"type":"Point","coordinates":[84.82221,27.8077]}},{"type":"Feature","properties":{"name":"KartaView seq 3881977 frame 4233 (Department of Electricity Development, Thapahaun, Kathmandu, Bagmati, Nepal)","kind":"street","period":"before","captured":"2021-10-14","source":"kartaview","image":"https://storage13.openstreetcam.org/files/photo/2021/10/25/lth/3881977_bc9d320da9df97237e86b6903e2f0231.jpg","video":null,"url":"https://kartaview.org/details/3881977/4233/track-info","credit":"KartaView user 18918 (samsung SM-G610F, Android)","license":"CC BY-SA 4.0","approximate":false,"marker-color":"#475569","marker-size":"small"},"geometry":{"type":"Point","coordinates":[84.81651,27.80923]}},{"type":"Feature","properties":{"name":"KartaView seq 3881977 frame 4278 (Department of Electricity Development, Thapahaun, Kathmandu, Bagmati, Nepal)","kind":"street","period":"before","captured":"2021-10-14","source":"kartaview","image":"https://storage13.openstreetcam.org/files/photo/2021/10/25/lth/3881977_eb4ec934ac917e2964fbf7e4e3cab1d6.jpg","video":null,"url":"https://kartaview.org/details/3881977/4278/track-info","credit":"KartaView user 18918 (samsung SM-G610F, Android)","license":"CC BY-SA 4.0","approximate":false,"marker-color":"#475569","marker-size":"small"},"geometry":{"type":"Point","coordinates":[84.8108,27.81435]}},{"type":"Feature","properties":{"name":"KartaView seq 3881977 frame 4359 (Department of Electricity Development, Thapahaun, Kathmandu, Bagmati, Nepal)","kind":"street","period":"before","captured":"2021-10-14","source":"kartaview","image":"https://storage13.openstreetcam.org/files/photo/2021/10/25/lth/3881977_ac6980149eab2c4288fca853e83632e9.jpg","video":null,"url":"https://kartaview.org/details/3881977/4359/track-info","credit":"KartaView user 18918 (samsung SM-G610F, Android)","license":"CC BY-SA 4.0","approximate":false,"marker-color":"#475569","marker-size":"small"},"geometry":{"type":"Point","coordinates":[84.79926,27.81376]}},{"type":"Feature","properties":{"name":"KartaView seq 3881977 frame 4400 (Department of Electricity Development, Thapahaun, Kathmandu, Bagmati, Nepal)","kind":"street","period":"before","captured":"2021-10-14","source":"kartaview","image":"https://storage13.openstreetcam.org/files/photo/2021/10/25/lth/3881977_6138b5f81998490d5fe56d0e164c9d68.jpg","video":null,"url":"https://kartaview.org/details/3881977/4400/track-info","credit":"KartaView user 18918 (samsung SM-G610F, Android)","license":"CC BY-SA 4.0","approximate":false,"marker-color":"#475569","marker-size":"small"},"geometry":{"type":"Point","coordinates":[84.7916,27.81203]}},{"type":"Feature","properties":{"name":"KartaView seq 3881977 frame 4455 (Department of Electricity Development, Thapahaun, Kathmandu, Bagmati, Nepal)","kind":"street","period":"before","captured":"2021-10-14","source":"kartaview","image":"https://storage13.openstreetcam.org/files/photo/2021/10/25/lth/3881977_138d15ab6ecdee885bc23448bd640bd6.jpg","video":null,"url":"https://kartaview.org/details/3881977/4455/track-info","credit":"KartaView user 18918 (samsung SM-G610F, Android)","license":"CC BY-SA 4.0","approximate":false,"marker-color":"#475569","marker-size":"small"},"geometry":{"type":"Point","coordinates":[84.78251,27.81256]}},{"type":"Feature","properties":{"name":"KartaView seq 3881977 frame 4514 (Department of Electricity Development, Thapahaun, Kathmandu, Bagmati, Nepal)","kind":"street","period":"before","captured":"2021-10-14","source":"kartaview","image":"https://storage13.openstreetcam.org/files/photo/2021/10/25/lth/3881977_5df34bb8c68f9c71e2a0a874a7265cba.jpg","video":null,"url":"https://kartaview.org/details/3881977/4514/track-info","credit":"KartaView user 18918 (samsung SM-G610F, Android)","license":"CC BY-SA 4.0","approximate":false,"marker-color":"#475569","marker-size":"small"},"geometry":{"type":"Point","coordinates":[84.77441,27.80803]}},{"type":"Feature","properties":{"name":"KartaView seq 3881977 frame 4583 (Department of Electricity Development, Thapahaun, Kathmandu, Bagmati, Nepal)","kind":"street","period":"before","captured":"2021-10-14","source":"kartaview","image":"https://storage13.openstreetcam.org/files/photo/2021/10/25/lth/3881977_97cc704033fd8343c4ccaa0e7d314456.jpg","video":null,"url":"https://kartaview.org/details/3881977/4583/track-info","credit":"KartaView user 18918 (samsung SM-G610F, Android)","license":"CC BY-SA 4.0","approximate":false,"marker-color":"#475569","marker-size":"small"},"geometry":{"type":"Point","coordinates":[84.76737,27.81037]}},{"type":"Feature","properties":{"name":"KartaView seq 3881977 frame 4630 (Department of Electricity Development, Thapahaun, Kathmandu, Bagmati, Nepal)","kind":"street","period":"before","captured":"2021-10-14","source":"kartaview","image":"https://storage13.openstreetcam.org/files/photo/2021/10/25/lth/3881977_98d3408b3e766a737b0c608f425ad193.jpg","video":null,"url":"https://kartaview.org/details/3881977/4630/track-info","credit":"KartaView user 18918 (samsung SM-G610F, Android)","license":"CC BY-SA 4.0","approximate":false,"marker-color":"#475569","marker-size":"small"},"geometry":{"type":"Point","coordinates":[84.76109,27.81343]}},{"type":"Feature","properties":{"name":"KartaView seq 3881977 frame 4692 (Department of Electricity Development, Thapahaun, Kathmandu, Bagmati, Nepal)","kind":"street","period":"before","captured":"2021-10-14","source":"kartaview","image":"https://storage13.openstreetcam.org/files/photo/2021/10/25/lth/3881977_c950f0cf1bded1a172e9a3dc9c08ae0b.jpg","video":null,"url":"https://kartaview.org/details/3881977/4692/track-info","credit":"KartaView user 18918 (samsung SM-G610F, Android)","license":"CC BY-SA 4.0","approximate":false,"marker-color":"#475569","marker-size":"small"},"geometry":{"type":"Point","coordinates":[84.75541,27.80657]}},{"type":"Feature","properties":{"name":"KartaView seq 3881977 frame 4700 (Department of Electricity Development, Thapahaun, Kathmandu, Bagmati, Nepal)","kind":"street","period":"before","captured":"2021-10-14","source":"kartaview","image":"https://storage13.openstreetcam.org/files/photo/2021/10/25/lth/3881977_3ad7bf44fa9150404e55ea9107c857b9.jpg","video":null,"url":"https://kartaview.org/details/3881977/4700/track-info","credit":"KartaView user 18918 (samsung SM-G610F, Android)","license":"CC BY-SA 4.0","approximate":false,"marker-color":"#475569","marker-size":"small"},"geometry":{"type":"Point","coordinates":[84.75438,27.80551]}},{"type":"Feature","properties":{"name":"KartaView seq 3881977 frame 4761 (Department of Electricity Development, Thapahaun, Kathmandu, Bagmati, Nepal)","kind":"street","period":"before","captured":"2021-10-14","source":"kartaview","image":"https://storage13.openstreetcam.org/files/photo/2021/10/25/lth/3881977_2f5c318b4393c600ec52690b5fcf8e3d.jpg","video":null,"url":"https://kartaview.org/details/3881977/4761/track-info","credit":"KartaView user 18918 (samsung SM-G610F, Android)","license":"CC BY-SA 4.0","approximate":false,"marker-color":"#475569","marker-size":"small"},"geometry":{"type":"Point","coordinates":[84.74476,27.80259]}},{"type":"Feature","properties":{"name":"KartaView seq 3881977 frame 4834 (Department of Electricity Development, Thapahaun, Kathmandu, Bagmati, Nepal)","kind":"street","period":"before","captured":"2021-10-14","source":"kartaview","image":"https://storage13.openstreetcam.org/files/photo/2021/10/25/lth/3881977_25675576c79122aa2ba23ed4fcbc9e1c.jpg","video":null,"url":"https://kartaview.org/details/3881977/4834/track-info","credit":"KartaView user 18918 (samsung SM-G610F, Android)","license":"CC BY-SA 4.0","approximate":false,"marker-color":"#475569","marker-size":"small"},"geometry":{"type":"Point","coordinates":[84.73501,27.79713]}},{"type":"Feature","properties":{"name":"KartaView seq 3881977 frame 4874 (Department of Electricity Development, Thapahaun, Kathmandu, Bagmati, Nepal)","kind":"street","period":"before","captured":"2021-10-14","source":"kartaview","image":"https://storage13.openstreetcam.org/files/photo/2021/10/25/lth/3881977_271203d5a52d8ed75aa0e45d8b45c217.jpg","video":null,"url":"https://kartaview.org/details/3881977/4874/track-info","credit":"KartaView user 18918 (samsung SM-G610F, Android)","license":"CC BY-SA 4.0","approximate":false,"marker-color":"#475569","marker-size":"small"},"geometry":{"type":"Point","coordinates":[84.73016,27.79504]}},{"type":"Feature","properties":{"name":"KartaView seq 3881977 frame 4976 (Department of Electricity Development, Thapahaun, Kathmandu, Bagmati, Nepal)","kind":"street","period":"before","captured":"2021-10-14","source":"kartaview","image":"https://storage13.openstreetcam.org/files/photo/2021/10/25/lth/3881977_f3c2170536fd548de972e36784e112a0.jpg","video":null,"url":"https://kartaview.org/details/3881977/4976/track-info","credit":"KartaView user 18918 (samsung SM-G610F, Android)","license":"CC BY-SA 4.0","approximate":false,"marker-color":"#475569","marker-size":"small"},"geometry":{"type":"Point","coordinates":[84.71625,27.80161]}},{"type":"Feature","properties":{"name":"KartaView seq 3881977 frame 4987 (Department of Electricity Development, Thapahaun, Kathmandu, Bagmati, Nepal)","kind":"street","period":"before","captured":"2021-10-14","source":"kartaview","image":"https://storage13.openstreetcam.org/files/photo/2021/10/25/lth/3881977_b65fe3af4deba1b90bd3ef6bd0168ab0.jpg","video":null,"url":"https://kartaview.org/details/3881977/4987/track-info","credit":"KartaView user 18918 (samsung SM-G610F, Android)","license":"CC BY-SA 4.0","approximate":false,"marker-color":"#475569","marker-size":"small"},"geometry":{"type":"Point","coordinates":[84.71482,27.80052]}},{"type":"Feature","properties":{"name":"KartaView seq 3881977 frame 5080 (Department of Electricity Development, Thapahaun, Kathmandu, Bagmati, Nepal)","kind":"street","period":"before","captured":"2021-10-14","source":"kartaview","image":"https://storage13.openstreetcam.org/files/photo/2021/10/25/lth/3881977_a82944f7ef778ff7344b5ee3eb94f7db.jpg","video":null,"url":"https://kartaview.org/details/3881977/5080/track-info","credit":"KartaView user 18918 (samsung SM-G610F, Android)","license":"CC BY-SA 4.0","approximate":false,"marker-color":"#475569","marker-size":"small"},"geometry":{"type":"Point","coordinates":[84.70269,27.80696]}},{"type":"Feature","properties":{"name":"KartaView seq 3881977 frame 5143 (Department of Electricity Development, Thapahaun, Kathmandu, Bagmati, Nepal)","kind":"street","period":"before","captured":"2021-10-14","source":"kartaview","image":"https://storage13.openstreetcam.org/files/photo/2021/10/25/lth/3881977_ee6b8975f9cbc61b987f74ed1f4d0907.jpg","video":null,"url":"https://kartaview.org/details/3881977/5143/track-info","credit":"KartaView user 18918 (samsung SM-G610F, Android)","license":"CC BY-SA 4.0","approximate":false,"marker-color":"#475569","marker-size":"small"},"geometry":{"type":"Point","coordinates":[84.69239,27.80936]}},{"type":"Feature","properties":{"name":"KartaView seq 3881977 frame 5186 (Department of Electricity Development, Thapahaun, Kathmandu, Bagmati, Nepal)","kind":"street","period":"before","captured":"2021-10-14","source":"kartaview","image":"https://storage13.openstreetcam.org/files/photo/2021/10/25/lth/3881977_142cf1a409adbb4ed4fe61df4892b2cb.jpg","video":null,"url":"https://kartaview.org/details/3881977/5186/track-info","credit":"KartaView user 18918 (samsung SM-G610F, Android)","license":"CC BY-SA 4.0","approximate":false,"marker-color":"#475569","marker-size":"small"},"geometry":{"type":"Point","coordinates":[84.68481,27.81021]}},{"type":"Feature","properties":{"name":"KartaView seq 3881977 frame 5221 (Department of Electricity Development, Thapahaun, Kathmandu, Bagmati, Nepal)","kind":"street","period":"before","captured":"2021-10-14","source":"kartaview","image":"https://storage13.openstreetcam.org/files/photo/2021/10/25/lth/3881977_a3082e97a486e5e89e2f94b413f11b1b.jpg","video":null,"url":"https://kartaview.org/details/3881977/5221/track-info","credit":"KartaView user 18918 (samsung SM-G610F, Android)","license":"CC BY-SA 4.0","approximate":false,"marker-color":"#475569","marker-size":"small"},"geometry":{"type":"Point","coordinates":[84.68006,27.81336]}},{"type":"Feature","properties":{"name":"KartaView seq 3881977 frame 5289 (Department of Electricity Development, Thapahaun, Kathmandu, Bagmati, Nepal)","kind":"street","period":"before","captured":"2021-10-14","source":"kartaview","image":"https://storage13.openstreetcam.org/files/photo/2021/10/25/lth/3881977_89eda10bb770a8524fd8309bb55bcdc8.jpg","video":null,"url":"https://kartaview.org/details/3881977/5289/track-info","credit":"KartaView user 18918 (samsung SM-G610F, Android)","license":"CC BY-SA 4.0","approximate":false,"marker-color":"#475569","marker-size":"small"},"geometry":{"type":"Point","coordinates":[84.67153,27.81676]}},{"type":"Feature","properties":{"name":"KartaView seq 3881977 frame 5382 (Department of Electricity Development, Thapahaun, Kathmandu, Bagmati, Nepal)","kind":"street","period":"before","captured":"2021-10-14","source":"kartaview","image":"https://storage13.openstreetcam.org/files/photo/2021/10/25/lth/3881977_2385bc464fb204acbfb5bad188d03374.jpg","video":null,"url":"https://kartaview.org/details/3881977/5382/track-info","credit":"KartaView user 18918 (samsung SM-G610F, Android)","license":"CC BY-SA 4.0","approximate":false,"marker-color":"#475569","marker-size":"small"},"geometry":{"type":"Point","coordinates":[84.66524,27.82512]}},{"type":"Feature","properties":{"name":"KartaView seq 3881977 frame 5469 (Department of Electricity Development, Thapahaun, Kathmandu, Bagmati, Nepal)","kind":"street","period":"before","captured":"2021-10-14","source":"kartaview","image":"https://storage13.openstreetcam.org/files/photo/2021/10/25/lth/3881977_7adc10562bdc0c12facd938423b7ef80.jpg","video":null,"url":"https://kartaview.org/details/3881977/5469/track-info","credit":"KartaView user 18918 (samsung SM-G610F, Android)","license":"CC BY-SA 4.0","approximate":false,"marker-color":"#475569","marker-size":"small"},"geometry":{"type":"Point","coordinates":[84.66224,27.83468]}},{"type":"Feature","properties":{"name":"KartaView seq 3881977 frame 5495 (Department of Electricity Development, Thapahaun, Kathmandu, Bagmati, Nepal)","kind":"street","period":"before","captured":"2021-10-14","source":"kartaview","image":"https://storage13.openstreetcam.org/files/photo/2021/10/25/lth/3881977_e0859859199b15e3763ee87a9729fc16.jpg","video":null,"url":"https://kartaview.org/details/3881977/5495/track-info","credit":"KartaView user 18918 (samsung SM-G610F, Android)","license":"CC BY-SA 4.0","approximate":false,"marker-color":"#475569","marker-size":"small"},"geometry":{"type":"Point","coordinates":[84.66275,27.83832]}},{"type":"Feature","properties":{"name":"KartaView seq 3881977 frame 5607 (Department of Electricity Development, Thapahaun, Kathmandu, Bagmati, Nepal)","kind":"street","period":"before","captured":"2021-10-14","source":"kartaview","image":"https://storage13.openstreetcam.org/files/photo/2021/10/25/lth/3881977_3b9f45edf8f32521cfa1d89eef3c6b2d.jpg","video":null,"url":"https://kartaview.org/details/3881977/5607/track-info","credit":"KartaView user 18918 (samsung SM-G610F, Android)","license":"CC BY-SA 4.0","approximate":false,"marker-color":"#475569","marker-size":"small"},"geometry":{"type":"Point","coordinates":[84.65467,27.85176]}},{"type":"Feature","properties":{"name":"KartaView seq 3881977 frame 5623 (Department of Electricity Development, Thapahaun, Kathmandu, Bagmati, Nepal)","kind":"street","period":"before","captured":"2021-10-14","source":"kartaview","image":"https://storage13.openstreetcam.org/files/photo/2021/10/25/lth/3881977_79406f9d5a6b4ce4505af6a2373dbafd.jpg","video":null,"url":"https://kartaview.org/details/3881977/5623/track-info","credit":"KartaView user 18918 (samsung SM-G610F, Android)","license":"CC BY-SA 4.0","approximate":false,"marker-color":"#475569","marker-size":"small"},"geometry":{"type":"Point","coordinates":[84.65187,27.85216]}},{"type":"Feature","properties":{"name":"KartaView seq 3881977 frame 5674 (Department of Electricity Development, Thapahaun, Kathmandu, Bagmati, Nepal)","kind":"street","period":"before","captured":"2021-10-14","source":"kartaview","image":"https://storage13.openstreetcam.org/files/photo/2021/10/25/lth/3881977_4171e037d2fea399a4f80dbce88defa3.jpg","video":null,"url":"https://kartaview.org/details/3881977/5674/track-info","credit":"KartaView user 18918 (samsung SM-G610F, Android)","license":"CC BY-SA 4.0","approximate":false,"marker-color":"#475569","marker-size":"small"},"geometry":{"type":"Point","coordinates":[84.64652,27.85653]}},{"type":"Feature","properties":{"name":"KartaView seq 3881977 frame 5738 (Department of Electricity Development, Thapahaun, Kathmandu, Bagmati, Nepal)","kind":"street","period":"before","captured":"2021-10-14","source":"kartaview","image":"https://storage13.openstreetcam.org/files/photo/2021/10/25/lth/3881977_f6d9cba4d51155126254f81aff339b65.jpg","video":null,"url":"https://kartaview.org/details/3881977/5738/track-info","credit":"KartaView user 18918 (samsung SM-G610F, Android)","license":"CC BY-SA 4.0","approximate":false,"marker-color":"#475569","marker-size":"small"},"geometry":{"type":"Point","coordinates":[84.63862,27.85933]}},{"type":"Feature","properties":{"name":"KartaView seq 3881977 frame 5769 (Department of Electricity Development, Thapahaun, Kathmandu, Bagmati, Nepal)","kind":"street","period":"before","captured":"2021-10-14","source":"kartaview","image":"https://storage13.openstreetcam.org/files/photo/2021/10/25/lth/3881977_9519b1f30b930932d18cf23146633fc1.jpg","video":null,"url":"https://kartaview.org/details/3881977/5769/track-info","credit":"KartaView user 18918 (samsung SM-G610F, Android)","license":"CC BY-SA 4.0","approximate":false,"marker-color":"#475569","marker-size":"small"},"geometry":{"type":"Point","coordinates":[84.63395,27.86106]}},{"type":"Feature","properties":{"name":"KartaView seq 3881977 frame 5834 (Department of Electricity Development, Thapahaun, Kathmandu, Bagmati, Nepal)","kind":"street","period":"before","captured":"2021-10-14","source":"kartaview","image":"https://storage13.openstreetcam.org/files/photo/2021/10/25/lth/3881977_ea7c8816acf535099888f46bd0617558.jpg","video":null,"url":"https://kartaview.org/details/3881977/5834/track-info","credit":"KartaView user 18918 (samsung SM-G610F, Android)","license":"CC BY-SA 4.0","approximate":false,"marker-color":"#475569","marker-size":"small"},"geometry":{"type":"Point","coordinates":[84.62844,27.87027]}},{"type":"Feature","properties":{"name":"KartaView seq 3881977 frame 5912 (Department of Electricity Development, Thapahaun, Kathmandu, Bagmati, Nepal)","kind":"street","period":"before","captured":"2021-10-14","source":"kartaview","image":"https://storage13.openstreetcam.org/files/photo/2021/10/25/lth/3881977_e3667345d901d3e66e122ed3a5e94501.jpg","video":null,"url":"https://kartaview.org/details/3881977/5912/track-info","credit":"KartaView user 18918 (samsung SM-G610F, Android)","license":"CC BY-SA 4.0","approximate":false,"marker-color":"#475569","marker-size":"small"},"geometry":{"type":"Point","coordinates":[84.61404,27.87248]}},{"type":"Feature","properties":{"name":"KartaView seq 3881977 frame 6021 (Department of Electricity Development, Thapahaun, Kathmandu, Bagmati, Nepal)","kind":"street","period":"before","captured":"2021-10-14","source":"kartaview","image":"https://storage13.openstreetcam.org/files/photo/2021/10/25/lth/3881977_3c69f9d9d67248a16e356cd9a5f2cd0d.jpg","video":null,"url":"https://kartaview.org/details/3881977/6021/track-info","credit":"KartaView user 18918 (samsung SM-G610F, Android)","license":"CC BY-SA 4.0","approximate":false,"marker-color":"#475569","marker-size":"small"},"geometry":{"type":"Point","coordinates":[84.59798,27.87481]}},{"type":"Feature","properties":{"name":"KartaView seq 3881977 frame 6029 (Department of Electricity Development, Thapahaun, Kathmandu, Bagmati, Nepal)","kind":"street","period":"before","captured":"2021-10-14","source":"kartaview","image":"https://storage13.openstreetcam.org/files/photo/2021/10/25/lth/3881977_3476a7f100b20e4a8d4bf38db7c11b3f.jpg","video":null,"url":"https://kartaview.org/details/3881977/6029/track-info","credit":"KartaView user 18918 (samsung SM-G610F, Android)","license":"CC BY-SA 4.0","approximate":false,"marker-color":"#475569","marker-size":"small"},"geometry":{"type":"Point","coordinates":[84.59629,27.87505]}},{"type":"Feature","properties":{"name":"KartaView seq 3881977 frame 6124 (Department of Electricity Development, Thapahaun, Kathmandu, Bagmati, Nepal)","kind":"street","period":"before","captured":"2021-10-14","source":"kartaview","image":"https://storage13.openstreetcam.org/files/photo/2021/10/25/lth/3881977_5f066188f54ecb986c7c872cc62ee247.jpg","video":null,"url":"https://kartaview.org/details/3881977/6124/track-info","credit":"KartaView user 18918 (samsung SM-G610F, Android)","license":"CC BY-SA 4.0","approximate":false,"marker-color":"#475569","marker-size":"small"},"geometry":{"type":"Point","coordinates":[84.58234,27.8743]}},{"type":"Feature","properties":{"name":"KartaView seq 3881977 frame 6134 (Department of Electricity Development, Thapahaun, Kathmandu, Bagmati, Nepal)","kind":"street","period":"before","captured":"2021-10-14","source":"kartaview","image":"https://storage13.openstreetcam.org/files/photo/2021/10/25/lth/3881977_2d1b95f0126a7f5b4b2fbb2f53bcfba9.jpg","video":null,"url":"https://kartaview.org/details/3881977/6134/track-info","credit":"KartaView user 18918 (samsung SM-G610F, Android)","license":"CC BY-SA 4.0","approximate":false,"marker-color":"#475569","marker-size":"small"},"geometry":{"type":"Point","coordinates":[84.58067,27.87354]}},{"type":"Feature","properties":{"name":"KartaView seq 3881977 frame 6219 (Department of Electricity Development, Thapahaun, Kathmandu, Bagmati, Nepal)","kind":"street","period":"before","captured":"2021-10-14","source":"kartaview","image":"https://storage13.openstreetcam.org/files/photo/2021/10/25/lth/3881977_1ac62a3b872dfd84ae221b072eb2236a.jpg","video":null,"url":"https://kartaview.org/details/3881977/6219/track-info","credit":"KartaView user 18918 (samsung SM-G610F, Android)","license":"CC BY-SA 4.0","approximate":false,"marker-color":"#475569","marker-size":"small"},"geometry":{"type":"Point","coordinates":[84.57622,27.86314]}},{"type":"Feature","properties":{"name":"KartaView seq 3881977 frame 6295 (Department of Electricity Development, Thapahaun, Kathmandu, Bagmati, Nepal)","kind":"street","period":"before","captured":"2021-10-14","source":"kartaview","image":"https://storage13.openstreetcam.org/files/photo/2021/10/25/lth/3881977_b8585b6f0574a40bfbf73fbb804a6990.jpg","video":null,"url":"https://kartaview.org/details/3881977/6295/track-info","credit":"KartaView user 18918 (samsung SM-G610F, Android)","license":"CC BY-SA 4.0","approximate":false,"marker-color":"#475569","marker-size":"small"},"geometry":{"type":"Point","coordinates":[84.56454,27.85771]}},{"type":"Feature","properties":{"name":"KartaView seq 3881977 frame 6348 (Department of Electricity Development, Thapahaun, Kathmandu, Bagmati, Nepal)","kind":"street","period":"before","captured":"2021-10-14","source":"kartaview","image":"https://storage13.openstreetcam.org/files/photo/2021/10/25/lth/3881977_9795c5fc391de1b727ff614b03840257.jpg","video":null,"url":"https://kartaview.org/details/3881977/6348/track-info","credit":"KartaView user 18918 (samsung SM-G610F, Android)","license":"CC BY-SA 4.0","approximate":false,"marker-color":"#475569","marker-size":"small"},"geometry":{"type":"Point","coordinates":[84.55741,27.85476]}},{"type":"Feature","properties":{"name":"KartaView seq 5745417 frame 264 (Hamlet Restaurant, Baireni, Bagmati, Nepal)","kind":"street","period":"before","captured":"2022-07-25","source":"kartaview","image":"https://storage13.openstreetcam.org/files/photo/2022/7/27/lth/5745417_2b76d2c768802fbe9e3110b02700a7e0.jpg","video":null,"url":"https://kartaview.org/details/5745417/264/track-info","credit":"KartaView user 18918 (samsung SM-A920F, Android)","license":"CC BY-SA 4.0","approximate":false,"marker-color":"#475569","marker-size":"small"},"geometry":{"type":"Point","coordinates":[84.9941,27.80031]}},{"type":"Feature","properties":{"name":"KartaView seq 5745417 frame 250 (Hamlet Restaurant, Baireni, Bagmati, Nepal)","kind":"street","period":"before","captured":"2022-07-25","source":"kartaview","image":"https://storage13.openstreetcam.org/files/photo/2022/7/27/lth/5745417_556598fd575e50c8896064f7db076905.jpg","video":null,"url":"https://kartaview.org/details/5745417/250/track-info","credit":"KartaView user 18918 (samsung SM-A920F, Android)","license":"CC BY-SA 4.0","approximate":false,"marker-color":"#475569","marker-size":"small"},"geometry":{"type":"Point","coordinates":[84.99165,27.80034]}},{"type":"Feature","properties":{"name":"KartaView seq 5745417 frame 156 (Hamlet Restaurant, Baireni, Bagmati, Nepal)","kind":"street","period":"before","captured":"2022-07-25","source":"kartaview","image":"https://storage13.openstreetcam.org/files/photo/2022/7/27/lth/5745417_218ebc3625b385fcae9c702785f8229d.jpg","video":null,"url":"https://kartaview.org/details/5745417/156/track-info","credit":"KartaView user 18918 (samsung SM-A920F, Android)","license":"CC BY-SA 4.0","approximate":false,"marker-color":"#475569","marker-size":"small"},"geometry":{"type":"Point","coordinates":[84.97795,27.80062]}},{"type":"Feature","properties":{"name":"KartaView seq 5745417 frame 60 (Hamlet Restaurant, Baireni, Bagmati, Nepal)","kind":"street","period":"before","captured":"2022-07-25","source":"kartaview","image":"https://storage13.openstreetcam.org/files/photo/2022/7/27/lth/5745417_e28ece90d0bf859755e74923110ca8ef.jpg","video":null,"url":"https://kartaview.org/details/5745417/60/track-info","credit":"KartaView user 18918 (samsung SM-A920F, Android)","license":"CC BY-SA 4.0","approximate":false,"marker-color":"#475569","marker-size":"small"},"geometry":{"type":"Point","coordinates":[84.9692,27.80624]}},{"type":"Feature","properties":{"name":"KartaView seq 5745417 frame 45 (Hamlet Restaurant, Baireni, Bagmati, Nepal)","kind":"street","period":"before","captured":"2022-07-25","source":"kartaview","image":"https://storage13.openstreetcam.org/files/photo/2022/7/27/lth/5745417_5aac0ba11f12c06eeecccac4392b8cb9.jpg","video":null,"url":"https://kartaview.org/details/5745417/45/track-info","credit":"KartaView user 18918 (samsung SM-A920F, Android)","license":"CC BY-SA 4.0","approximate":false,"marker-color":"#475569","marker-size":"small"},"geometry":{"type":"Point","coordinates":[84.96856,27.80762]}},{"type":"Feature","properties":{"name":"KartaView seq 5745401 frame 3644 (Chandi Bhanjyang, Narayani, Nepal)","kind":"street","period":"before","captured":"2022-07-25","source":"kartaview","image":"https://storage13.openstreetcam.org/files/photo/2022/7/27/lth/5745401_1a7e7638c7958bf85e2033bf83a4b607.jpg","video":null,"url":"https://kartaview.org/details/5745401/3644/track-info","credit":"KartaView user 18918 (samsung SM-A920F, Android)","license":"CC BY-SA 4.0","approximate":false,"marker-color":"#475569","marker-size":"small"},"geometry":{"type":"Point","coordinates":[84.96195,27.81166]}},{"type":"Feature","properties":{"name":"KartaView seq 5745401 frame 3589 (Chandi Bhanjyang, Narayani, Nepal)","kind":"street","period":"before","captured":"2022-07-25","source":"kartaview","image":"https://storage13.openstreetcam.org/files/photo/2022/7/27/lth/5745401_071638d6acc78930b65cb5ebed802b65.jpg","video":null,"url":"https://kartaview.org/details/5745401/3589/track-info","credit":"KartaView user 18918 (samsung SM-A920F, Android)","license":"CC BY-SA 4.0","approximate":false,"marker-color":"#475569","marker-size":"small"},"geometry":{"type":"Point","coordinates":[84.95532,27.81567]}},{"type":"Feature","properties":{"name":"KartaView seq 5745401 frame 3518 (Chandi Bhanjyang, Narayani, Nepal)","kind":"street","period":"before","captured":"2022-07-25","source":"kartaview","image":"https://storage13.openstreetcam.org/files/photo/2022/7/27/lth/5745401_a6c0272869478d479f9a054e292f766d.jpg","video":null,"url":"https://kartaview.org/details/5745401/3518/track-info","credit":"KartaView user 18918 (samsung SM-A920F, Android)","license":"CC BY-SA 4.0","approximate":false,"marker-color":"#475569","marker-size":"small"},"geometry":{"type":"Point","coordinates":[84.94471,27.81085]}},{"type":"Feature","properties":{"name":"KartaView seq 5745401 frame 3443 (Chandi Bhanjyang, Narayani, Nepal)","kind":"street","period":"before","captured":"2022-07-25","source":"kartaview","image":"https://storage13.openstreetcam.org/files/photo/2022/7/27/lth/5745401_36c13e13d0793e6b90b7cbdb520ca130.jpg","video":null,"url":"https://kartaview.org/details/5745401/3443/track-info","credit":"KartaView user 18918 (samsung SM-A920F, Android)","license":"CC BY-SA 4.0","approximate":false,"marker-color":"#475569","marker-size":"small"},"geometry":{"type":"Point","coordinates":[84.93863,27.80378]}},{"type":"Feature","properties":{"name":"KartaView seq 5745401 frame 3382 (Chandi Bhanjyang, Narayani, Nepal)","kind":"street","period":"before","captured":"2022-07-25","source":"kartaview","image":"https://storage13.openstreetcam.org/files/photo/2022/7/27/lth/5745401_8064e85b46a4bf6a97afc15e762a368d.jpg","video":null,"url":"https://kartaview.org/details/5745401/3382/track-info","credit":"KartaView user 18918 (samsung SM-A920F, Android)","license":"CC BY-SA 4.0","approximate":false,"marker-color":"#475569","marker-size":"small"},"geometry":{"type":"Point","coordinates":[84.93075,27.8005]}},{"type":"Feature","properties":{"name":"KartaView seq 5745401 frame 3336 (Chandi Bhanjyang, Narayani, Nepal)","kind":"street","period":"before","captured":"2022-07-25","source":"kartaview","image":"https://storage13.openstreetcam.org/files/photo/2022/7/27/lth/5745401_47c9f7dd52776b19fb321cf9b6ec39a7.jpg","video":null,"url":"https://kartaview.org/details/5745401/3336/track-info","credit":"KartaView user 18918 (samsung SM-A920F, Android)","license":"CC BY-SA 4.0","approximate":false,"marker-color":"#475569","marker-size":"small"},"geometry":{"type":"Point","coordinates":[84.92318,27.79693]}},{"type":"Feature","properties":{"name":"KartaView seq 5745401 frame 3263 (Chandi Bhanjyang, Narayani, Nepal)","kind":"street","period":"before","captured":"2022-07-25","source":"kartaview","image":"https://storage13.openstreetcam.org/files/photo/2022/7/27/lth/5745401_f040b187ab375c90e7fbfaed0786dab1.jpg","video":null,"url":"https://kartaview.org/details/5745401/3263/track-info","credit":"KartaView user 18918 (samsung SM-A920F, Android)","license":"CC BY-SA 4.0","approximate":false,"marker-color":"#475569","marker-size":"small"},"geometry":{"type":"Point","coordinates":[84.91393,27.80273]}},{"type":"Feature","properties":{"name":"KartaView seq 5745401 frame 3245 (Chandi Bhanjyang, Narayani, Nepal)","kind":"street","period":"before","captured":"2022-07-25","source":"kartaview","image":"https://storage13.openstreetcam.org/files/photo/2022/7/27/lth/5745401_9cd10178f62dc6ac228001620035a7ce.jpg","video":null,"url":"https://kartaview.org/details/5745401/3245/track-info","credit":"KartaView user 18918 (samsung SM-A920F, Android)","license":"CC BY-SA 4.0","approximate":false,"marker-color":"#475569","marker-size":"small"},"geometry":{"type":"Point","coordinates":[84.91142,27.80393]}},{"type":"Feature","properties":{"name":"KartaView seq 5745401 frame 3153 (Chandi Bhanjyang, Narayani, Nepal)","kind":"street","period":"before","captured":"2022-07-25","source":"kartaview","image":"https://storage13.openstreetcam.org/files/photo/2022/7/27/lth/5745401_abc0c8f39157f6fd6d69a804930206b3.jpg","video":null,"url":"https://kartaview.org/details/5745401/3153/track-info","credit":"KartaView user 18918 (samsung SM-A920F, Android)","license":"CC BY-SA 4.0","approximate":false,"marker-color":"#475569","marker-size":"small"},"geometry":{"type":"Point","coordinates":[84.89887,27.80578]}},{"type":"Feature","properties":{"name":"KartaView seq 5745401 frame 3088 (Chandi Bhanjyang, Narayani, Nepal)","kind":"street","period":"before","captured":"2022-07-25","source":"kartaview","image":"https://storage13.openstreetcam.org/files/photo/2022/7/27/lth/5745401_613b112f0571895a6d250eb41064681a.jpg","video":null,"url":"https://kartaview.org/details/5745401/3088/track-info","credit":"KartaView user 18918 (samsung SM-A920F, Android)","license":"CC BY-SA 4.0","approximate":false,"marker-color":"#475569","marker-size":"small"},"geometry":{"type":"Point","coordinates":[84.88835,27.80823]}},{"type":"Feature","properties":{"name":"KartaView seq 5745401 frame 3068 (Chandi Bhanjyang, Narayani, Nepal)","kind":"street","period":"before","captured":"2022-07-25","source":"kartaview","image":"https://storage13.openstreetcam.org/files/photo/2022/7/27/lth/5745401_8d3b2380d9e95d6619b628d796dee416.jpg","video":null,"url":"https://kartaview.org/details/5745401/3068/track-info","credit":"KartaView user 18918 (samsung SM-A920F, Android)","license":"CC BY-SA 4.0","approximate":false,"marker-color":"#475569","marker-size":"small"},"geometry":{"type":"Point","coordinates":[84.88531,27.8071]}},{"type":"Feature","properties":{"name":"KartaView seq 5745401 frame 2978 (Chandi Bhanjyang, Narayani, Nepal)","kind":"street","period":"before","captured":"2022-07-25","source":"kartaview","image":"https://storage13.openstreetcam.org/files/photo/2022/7/27/lth/5745401_1838a823c398e4d042ee7fc5a9767987.jpg","video":null,"url":"https://kartaview.org/details/5745401/2978/track-info","credit":"KartaView user 18918 (samsung SM-A920F, Android)","license":"CC BY-SA 4.0","approximate":false,"marker-color":"#475569","marker-size":"small"},"geometry":{"type":"Point","coordinates":[84.87242,27.80281]}},{"type":"Feature","properties":{"name":"KartaView seq 5745401 frame 2917 (Chandi Bhanjyang, Narayani, Nepal)","kind":"street","period":"before","captured":"2022-07-25","source":"kartaview","image":"https://storage13.openstreetcam.org/files/photo/2022/7/27/lth/5745401_eb3c790164701233482edfbd447b0b4e.jpg","video":null,"url":"https://kartaview.org/details/5745401/2917/track-info","credit":"KartaView user 18918 (samsung SM-A920F, Android)","license":"CC BY-SA 4.0","approximate":false,"marker-color":"#475569","marker-size":"small"},"geometry":{"type":"Point","coordinates":[84.86582,27.80079]}},{"type":"Feature","properties":{"name":"KartaView seq 5745401 frame 2838 (Chandi Bhanjyang, Narayani, Nepal)","kind":"street","period":"before","captured":"2022-07-25","source":"kartaview","image":"https://storage13.openstreetcam.org/files/photo/2022/7/27/lth/5745401_3ee649e80c4088a5bae4337099deb4f4.jpg","video":null,"url":"https://kartaview.org/details/5745401/2838/track-info","credit":"KartaView user 18918 (samsung SM-A920F, Android)","license":"CC BY-SA 4.0","approximate":false,"marker-color":"#475569","marker-size":"small"},"geometry":{"type":"Point","coordinates":[84.85427,27.80714]}},{"type":"Feature","properties":{"name":"KartaView seq 5745401 frame 2832 (Chandi Bhanjyang, Narayani, Nepal)","kind":"street","period":"before","captured":"2022-07-25","source":"kartaview","image":"https://storage13.openstreetcam.org/files/photo/2022/7/27/lth/5745401_0b8f419fa9ca9cbb5c0b16825fe88bdd.jpg","video":null,"url":"https://kartaview.org/details/5745401/2832/track-info","credit":"KartaView user 18918 (samsung SM-A920F, Android)","license":"CC BY-SA 4.0","approximate":false,"marker-color":"#475569","marker-size":"small"},"geometry":{"type":"Point","coordinates":[84.85351,27.80765]}},{"type":"Feature","properties":{"name":"KartaView seq 5745401 frame 2768 (Chandi Bhanjyang, Narayani, Nepal)","kind":"street","period":"before","captured":"2022-07-25","source":"kartaview","image":"https://storage13.openstreetcam.org/files/photo/2022/7/27/lth/5745401_6ef6ae22c3b56bae9153be6c7ba31656.jpg","video":null,"url":"https://kartaview.org/details/5745401/2768/track-info","credit":"KartaView user 18918 (samsung SM-A920F, Android)","license":"CC BY-SA 4.0","approximate":false,"marker-color":"#475569","marker-size":"small"},"geometry":{"type":"Point","coordinates":[84.84703,27.80321]}},{"type":"Feature","properties":{"name":"KartaView seq 5745401 frame 2703 (Chandi Bhanjyang, Narayani, Nepal)","kind":"street","period":"before","captured":"2022-07-25","source":"kartaview","image":"https://storage13.openstreetcam.org/files/photo/2022/7/27/lth/5745401_b0ba1131c17d3eb5e5425d261b3a48a1.jpg","video":null,"url":"https://kartaview.org/details/5745401/2703/track-info","credit":"KartaView user 18918 (samsung SM-A920F, Android)","license":"CC BY-SA 4.0","approximate":false,"marker-color":"#475569","marker-size":"small"},"geometry":{"type":"Point","coordinates":[84.83788,27.80303]}},{"type":"Feature","properties":{"name":"KartaView seq 5745401 frame 2635 (Chandi Bhanjyang, Narayani, Nepal)","kind":"street","period":"before","captured":"2022-07-25","source":"kartaview","image":"https://storage13.openstreetcam.org/files/photo/2022/7/27/lth/5745401_2a26d60c9f89b18b275f2d541f93890d.jpg","video":null,"url":"https://kartaview.org/details/5745401/2635/track-info","credit":"KartaView user 18918 (samsung SM-A920F, Android)","license":"CC BY-SA 4.0","approximate":false,"marker-color":"#475569","marker-size":"small"},"geometry":{"type":"Point","coordinates":[84.83329,27.8112]}},{"type":"Feature","properties":{"name":"KartaView seq 5745401 frame 2491 (Chandi Bhanjyang, Narayani, Nepal)","kind":"street","period":"before","captured":"2022-07-25","source":"kartaview","image":"https://storage13.openstreetcam.org/files/photo/2022/7/27/lth/5745401_efb7e786165a526cd3dba7ace39186b4.jpg","video":null,"url":"https://kartaview.org/details/5745401/2491/track-info","credit":"KartaView user 18918 (samsung SM-A920F, Android)","license":"CC BY-SA 4.0","approximate":false,"marker-color":"#475569","marker-size":"small"},"geometry":{"type":"Point","coordinates":[84.82224,27.80784]}},{"type":"Feature","properties":{"name":"KartaView seq 5745401 frame 2444 (Chandi Bhanjyang, Narayani, Nepal)","kind":"street","period":"before","captured":"2022-07-25","source":"kartaview","image":"https://storage13.openstreetcam.org/files/photo/2022/7/27/lth/5745401_c51c688c59e165d8ff1f0e205cb1d779.jpg","video":null,"url":"https://kartaview.org/details/5745401/2444/track-info","credit":"KartaView user 18918 (samsung SM-A920F, Android)","license":"CC BY-SA 4.0","approximate":false,"marker-color":"#475569","marker-size":"small"},"geometry":{"type":"Point","coordinates":[84.81645,27.80927]}},{"type":"Feature","properties":{"name":"KartaView seq 5745401 frame 2390 (Chandi Bhanjyang, Narayani, Nepal)","kind":"street","period":"before","captured":"2022-07-25","source":"kartaview","image":"https://storage13.openstreetcam.org/files/photo/2022/7/27/lth/5745401_d2bdd14a741096e9c8321538d954a674.jpg","video":null,"url":"https://kartaview.org/details/5745401/2390/track-info","credit":"KartaView user 18918 (samsung SM-A920F, Android)","license":"CC BY-SA 4.0","approximate":false,"marker-color":"#475569","marker-size":"small"},"geometry":{"type":"Point","coordinates":[84.81091,27.81432]}},{"type":"Feature","properties":{"name":"KartaView seq 5745401 frame 2311 (Chandi Bhanjyang, Narayani, Nepal)","kind":"street","period":"before","captured":"2022-07-25","source":"kartaview","image":"https://storage13.openstreetcam.org/files/photo/2022/7/27/lth/5745401_fca01b48b5a7aeb67c25a11fd93823b3.jpg","video":null,"url":"https://kartaview.org/details/5745401/2311/track-info","credit":"KartaView user 18918 (samsung SM-A920F, Android)","license":"CC BY-SA 4.0","approximate":false,"marker-color":"#475569","marker-size":"small"},"geometry":{"type":"Point","coordinates":[84.79924,27.81389]}},{"type":"Feature","properties":{"name":"KartaView seq 5745401 frame 2271 (Chandi Bhanjyang, Narayani, Nepal)","kind":"street","period":"before","captured":"2022-07-25","source":"kartaview","image":"https://storage13.openstreetcam.org/files/photo/2022/7/27/lth/5745401_0aad394b394f10392644cb91e80a5f0d.jpg","video":null,"url":"https://kartaview.org/details/5745401/2271/track-info","credit":"KartaView user 18918 (samsung SM-A920F, Android)","license":"CC BY-SA 4.0","approximate":false,"marker-color":"#475569","marker-size":"small"},"geometry":{"type":"Point","coordinates":[84.79187,27.8121]}},{"type":"Feature","properties":{"name":"KartaView seq 5745401 frame 2208 (Chandi Bhanjyang, Narayani, Nepal)","kind":"street","period":"before","captured":"2022-07-25","source":"kartaview","image":"https://storage13.openstreetcam.org/files/photo/2022/7/27/lth/5745401_d7313f09ed818cdd388007e0db2677e0.jpg","video":null,"url":"https://kartaview.org/details/5745401/2208/track-info","credit":"KartaView user 18918 (samsung SM-A920F, Android)","license":"CC BY-SA 4.0","approximate":false,"marker-color":"#475569","marker-size":"small"},"geometry":{"type":"Point","coordinates":[84.78243,27.81261]}},{"type":"Feature","properties":{"name":"KartaView seq 5745401 frame 2151 (Chandi Bhanjyang, Narayani, Nepal)","kind":"street","period":"before","captured":"2022-07-25","source":"kartaview","image":"https://storage13.openstreetcam.org/files/photo/2022/7/27/lth/5745401_2880cd8e38569d9d34dc36d6d91ec620.jpg","video":null,"url":"https://kartaview.org/details/5745401/2151/track-info","credit":"KartaView user 18918 (samsung SM-A920F, Android)","license":"CC BY-SA 4.0","approximate":false,"marker-color":"#475569","marker-size":"small"},"geometry":{"type":"Point","coordinates":[84.77445,27.808]}},{"type":"Feature","properties":{"name":"KartaView seq 5745401 frame 2080 (Chandi Bhanjyang, Narayani, Nepal)","kind":"street","period":"before","captured":"2022-07-25","source":"kartaview","image":"https://storage13.openstreetcam.org/files/photo/2022/7/27/lth/5745401_25393cfa0e23ac3bf18255ca45289f2e.jpg","video":null,"url":"https://kartaview.org/details/5745401/2080/track-info","credit":"KartaView user 18918 (samsung SM-A920F, Android)","license":"CC BY-SA 4.0","approximate":false,"marker-color":"#475569","marker-size":"small"},"geometry":{"type":"Point","coordinates":[84.76732,27.81048]}},{"type":"Feature","properties":{"name":"KartaView seq 5745401 frame 2031 (Chandi Bhanjyang, Narayani, Nepal)","kind":"street","period":"before","captured":"2022-07-25","source":"kartaview","image":"https://storage13.openstreetcam.org/files/photo/2022/7/27/lth/5745401_cfebef63c121bc605f971883f942db09.jpg","video":null,"url":"https://kartaview.org/details/5745401/2031/track-info","credit":"KartaView user 18918 (samsung SM-A920F, Android)","license":"CC BY-SA 4.0","approximate":false,"marker-color":"#475569","marker-size":"small"},"geometry":{"type":"Point","coordinates":[84.76097,27.81339]}},{"type":"Feature","properties":{"name":"KartaView seq 5745401 frame 1965 (Chandi Bhanjyang, Narayani, Nepal)","kind":"street","period":"before","captured":"2022-07-25","source":"kartaview","image":"https://storage13.openstreetcam.org/files/photo/2022/7/27/lth/5745401_e76a5059d784c1018755a5cdc7a63d8f.jpg","video":null,"url":"https://kartaview.org/details/5745401/1965/track-info","credit":"KartaView user 18918 (samsung SM-A920F, Android)","license":"CC BY-SA 4.0","approximate":false,"marker-color":"#475569","marker-size":"small"},"geometry":{"type":"Point","coordinates":[84.75543,27.80666]}},{"type":"Feature","properties":{"name":"KartaView seq 5745401 frame 1953 (Chandi Bhanjyang, Narayani, Nepal)","kind":"street","period":"before","captured":"2022-07-25","source":"kartaview","image":"https://storage13.openstreetcam.org/files/photo/2022/7/27/lth/5745401_4191f2ba6b747278ce72753c0224d93b.jpg","video":null,"url":"https://kartaview.org/details/5745401/1953/track-info","credit":"KartaView user 18918 (samsung SM-A920F, Android)","license":"CC BY-SA 4.0","approximate":false,"marker-color":"#475569","marker-size":"small"},"geometry":{"type":"Point","coordinates":[84.75419,27.80544]}},{"type":"Feature","properties":{"name":"KartaView seq 5745401 frame 1895 (Chandi Bhanjyang, Narayani, Nepal)","kind":"street","period":"before","captured":"2022-07-25","source":"kartaview","image":"https://storage13.openstreetcam.org/files/photo/2022/7/27/lth/5745401_476da5816be9cfe2a3f44533e846fcb3.jpg","video":null,"url":"https://kartaview.org/details/5745401/1895/track-info","credit":"KartaView user 18918 (samsung SM-A920F, Android)","license":"CC BY-SA 4.0","approximate":false,"marker-color":"#475569","marker-size":"small"},"geometry":{"type":"Point","coordinates":[84.74451,27.80251]}},{"type":"Feature","properties":{"name":"KartaView seq 5745401 frame 1825 (Chandi Bhanjyang, Narayani, Nepal)","kind":"street","period":"before","captured":"2022-07-25","source":"kartaview","image":"https://storage13.openstreetcam.org/files/photo/2022/7/27/lth/5745401_ac27e2975320ca5ec7726c8f8d5b03c5.jpg","video":null,"url":"https://kartaview.org/details/5745401/1825/track-info","credit":"KartaView user 18918 (samsung SM-A920F, Android)","license":"CC BY-SA 4.0","approximate":false,"marker-color":"#475569","marker-size":"small"},"geometry":{"type":"Point","coordinates":[84.73493,27.79704]}},{"type":"Feature","properties":{"name":"KartaView seq 5745401 frame 1789 (Chandi Bhanjyang, Narayani, Nepal)","kind":"street","period":"before","captured":"2022-07-25","source":"kartaview","image":"https://storage13.openstreetcam.org/files/photo/2022/7/27/lth/5745401_42024f223e205f747bcf331d266167bd.jpg","video":null,"url":"https://kartaview.org/details/5745401/1789/track-info","credit":"KartaView user 18918 (samsung SM-A920F, Android)","license":"CC BY-SA 4.0","approximate":false,"marker-color":"#475569","marker-size":"small"},"geometry":{"type":"Point","coordinates":[84.73024,27.79494]}},{"type":"Feature","properties":{"name":"KartaView seq 5745401 frame 1659 (Chandi Bhanjyang, Narayani, Nepal)","kind":"street","period":"before","captured":"2022-07-25","source":"kartaview","image":"https://storage13.openstreetcam.org/files/photo/2022/7/27/lth/5745401_acc4809a66ea337ec637f4c4215e2064.jpg","video":null,"url":"https://kartaview.org/details/5745401/1659/track-info","credit":"KartaView user 18918 (samsung SM-A920F, Android)","license":"CC BY-SA 4.0","approximate":false,"marker-color":"#475569","marker-size":"small"},"geometry":{"type":"Point","coordinates":[84.71618,27.80155]}},{"type":"Feature","properties":{"name":"KartaView seq 5745401 frame 1649 (Chandi Bhanjyang, Narayani, Nepal)","kind":"street","period":"before","captured":"2022-07-25","source":"kartaview","image":"https://storage13.openstreetcam.org/files/photo/2022/7/27/lth/5745401_25785dc21e074c18ebd1cff52f16e6b3.jpg","video":null,"url":"https://kartaview.org/details/5745401/1649/track-info","credit":"KartaView user 18918 (samsung SM-A920F, Android)","license":"CC BY-SA 4.0","approximate":false,"marker-color":"#475569","marker-size":"small"},"geometry":{"type":"Point","coordinates":[84.71482,27.80045]}},{"type":"Feature","properties":{"name":"KartaView seq 5745401 frame 1559 (Chandi Bhanjyang, Narayani, Nepal)","kind":"street","period":"before","captured":"2022-07-25","source":"kartaview","image":"https://storage13.openstreetcam.org/files/photo/2022/7/27/lth/5745401_87ca4aac330f745db840a897da7c69c4.jpg","video":null,"url":"https://kartaview.org/details/5745401/1559/track-info","credit":"KartaView user 18918 (samsung SM-A920F, Android)","license":"CC BY-SA 4.0","approximate":false,"marker-color":"#475569","marker-size":"small"},"geometry":{"type":"Point","coordinates":[84.70249,27.80694]}},{"type":"Feature","properties":{"name":"KartaView seq 5745401 frame 1487 (Chandi Bhanjyang, Narayani, Nepal)","kind":"street","period":"before","captured":"2022-07-25","source":"kartaview","image":"https://storage13.openstreetcam.org/files/photo/2022/7/27/lth/5745401_88415d94109ad3f01280b1f2f2d7acd2.jpg","video":null,"url":"https://kartaview.org/details/5745401/1487/track-info","credit":"KartaView user 18918 (samsung SM-A920F, Android)","license":"CC BY-SA 4.0","approximate":false,"marker-color":"#475569","marker-size":"small"},"geometry":{"type":"Point","coordinates":[84.69264,27.80914]}},{"type":"Feature","properties":{"name":"KartaView seq 5745401 frame 1420 (Chandi Bhanjyang, Narayani, Nepal)","kind":"street","period":"before","captured":"2022-07-25","source":"kartaview","image":"https://storage13.openstreetcam.org/files/photo/2022/7/27/lth/5745401_ae51a5dfe5230f180b71ad1cc0d4ec7a.jpg","video":null,"url":"https://kartaview.org/details/5745401/1420/track-info","credit":"KartaView user 18918 (samsung SM-A920F, Android)","license":"CC BY-SA 4.0","approximate":false,"marker-color":"#475569","marker-size":"small"},"geometry":{"type":"Point","coordinates":[84.68152,27.81208]}},{"type":"Feature","properties":{"name":"KartaView seq 5745401 frame 1406 (Chandi Bhanjyang, Narayani, Nepal)","kind":"street","period":"before","captured":"2022-07-25","source":"kartaview","image":"https://storage13.openstreetcam.org/files/photo/2022/7/27/lth/5745401_ab8c3de92bfeed7a51f9dac68c53c2cf.jpg","video":null,"url":"https://kartaview.org/details/5745401/1406/track-info","credit":"KartaView user 18918 (samsung SM-A920F, Android)","license":"CC BY-SA 4.0","approximate":false,"marker-color":"#475569","marker-size":"small"},"geometry":{"type":"Point","coordinates":[84.67961,27.81352]}},{"type":"Feature","properties":{"name":"KartaView seq 5745401 frame 1338 (Chandi Bhanjyang, Narayani, Nepal)","kind":"street","period":"before","captured":"2022-07-25","source":"kartaview","image":"https://storage13.openstreetcam.org/files/photo/2022/7/27/lth/5745401_9e60c00479280045669179b6a1ec6c4b.jpg","video":null,"url":"https://kartaview.org/details/5745401/1338/track-info","credit":"KartaView user 18918 (samsung SM-A920F, Android)","license":"CC BY-SA 4.0","approximate":false,"marker-color":"#475569","marker-size":"small"},"geometry":{"type":"Point","coordinates":[84.67164,27.81659]}},{"type":"Feature","properties":{"name":"KartaView seq 5745401 frame 1251 (Chandi Bhanjyang, Narayani, Nepal)","kind":"street","period":"before","captured":"2022-07-25","source":"kartaview","image":"https://storage13.openstreetcam.org/files/photo/2022/7/27/lth/5745401_4fd006eadd9475e3f28b405384737040.jpg","video":null,"url":"https://kartaview.org/details/5745401/1251/track-info","credit":"KartaView user 18918 (samsung SM-A920F, Android)","license":"CC BY-SA 4.0","approximate":false,"marker-color":"#475569","marker-size":"small"},"geometry":{"type":"Point","coordinates":[84.66689,27.82251]}},{"type":"Feature","properties":{"name":"KartaView seq 5745401 frame 1159 (Chandi Bhanjyang, Narayani, Nepal)","kind":"street","period":"before","captured":"2022-07-25","source":"kartaview","image":"https://storage13.openstreetcam.org/files/photo/2022/7/27/lth/5745401_ec05e89c5ca1a6adba6b48d57c220b28.jpg","video":null,"url":"https://kartaview.org/details/5745401/1159/track-info","credit":"KartaView user 18918 (samsung SM-A920F, Android)","license":"CC BY-SA 4.0","approximate":false,"marker-color":"#475569","marker-size":"small"},"geometry":{"type":"Point","coordinates":[84.66235,27.83486]}},{"type":"Feature","properties":{"name":"KartaView seq 5745401 frame 1142 (Chandi Bhanjyang, Narayani, Nepal)","kind":"street","period":"before","captured":"2022-07-25","source":"kartaview","image":"https://storage13.openstreetcam.org/files/photo/2022/7/27/lth/5745401_4db7aa10d9835d3985a95839b73a82df.jpg","video":null,"url":"https://kartaview.org/details/5745401/1142/track-info","credit":"KartaView user 18918 (samsung SM-A920F, Android)","license":"CC BY-SA 4.0","approximate":false,"marker-color":"#475569","marker-size":"small"},"geometry":{"type":"Point","coordinates":[84.66278,27.83837]}},{"type":"Feature","properties":{"name":"KartaView seq 5745401 frame 1050 (Chandi Bhanjyang, Narayani, Nepal)","kind":"street","period":"before","captured":"2022-07-25","source":"kartaview","image":"https://storage13.openstreetcam.org/files/photo/2022/7/27/lth/5745401_b800ff07fa1e96a7eafaf78dbca5e7bf.jpg","video":null,"url":"https://kartaview.org/details/5745401/1050/track-info","credit":"KartaView user 18918 (samsung SM-A920F, Android)","license":"CC BY-SA 4.0","approximate":false,"marker-color":"#475569","marker-size":"small"},"geometry":{"type":"Point","coordinates":[84.65595,27.85151]}},{"type":"Feature","properties":{"name":"KartaView seq 5745401 frame 1023 (Chandi Bhanjyang, Narayani, Nepal)","kind":"street","period":"before","captured":"2022-07-25","source":"kartaview","image":"https://storage13.openstreetcam.org/files/photo/2022/7/27/lth/5745401_baea2dca07497e983da9aff8584d0854.jpg","video":null,"url":"https://kartaview.org/details/5745401/1023/track-info","credit":"KartaView user 18918 (samsung SM-A920F, Android)","license":"CC BY-SA 4.0","approximate":false,"marker-color":"#475569","marker-size":"small"},"geometry":{"type":"Point","coordinates":[84.65176,27.85201]}},{"type":"Feature","properties":{"name":"KartaView seq 5745401 frame 962 (Chandi Bhanjyang, Narayani, Nepal)","kind":"street","period":"before","captured":"2022-07-25","source":"kartaview","image":"https://storage13.openstreetcam.org/files/photo/2022/7/27/lth/5745401_db176eeb73f4d9e499c336c62afe7990.jpg","video":null,"url":"https://kartaview.org/details/5745401/962/track-info","credit":"KartaView user 18918 (samsung SM-A920F, Android)","license":"CC BY-SA 4.0","approximate":false,"marker-color":"#475569","marker-size":"small"},"geometry":{"type":"Point","coordinates":[84.64773,27.85789]}},{"type":"Feature","properties":{"name":"KartaView seq 5745401 frame 908 (Chandi Bhanjyang, Narayani, Nepal)","kind":"street","period":"before","captured":"2022-07-25","source":"kartaview","image":"https://storage13.openstreetcam.org/files/photo/2022/7/27/lth/5745401_b9f9c1dded0f55b7fa6ea3973d919e6d.jpg","video":null,"url":"https://kartaview.org/details/5745401/908/track-info","credit":"KartaView user 18918 (samsung SM-A920F, Android)","license":"CC BY-SA 4.0","approximate":false,"marker-color":"#475569","marker-size":"small"},"geometry":{"type":"Point","coordinates":[84.63837,27.85926]}},{"type":"Feature","properties":{"name":"KartaView seq 5745401 frame 880 (Chandi Bhanjyang, Narayani, Nepal)","kind":"street","period":"before","captured":"2022-07-25","source":"kartaview","image":"https://storage13.openstreetcam.org/files/photo/2022/7/27/lth/5745401_ea9acd7380b257227d2940fbf018669e.jpg","video":null,"url":"https://kartaview.org/details/5745401/880/track-info","credit":"KartaView user 18918 (samsung SM-A920F, Android)","license":"CC BY-SA 4.0","approximate":false,"marker-color":"#475569","marker-size":"small"},"geometry":{"type":"Point","coordinates":[84.63392,27.86099]}},{"type":"Feature","properties":{"name":"KartaView seq 5745401 frame 808 (Chandi Bhanjyang, Narayani, Nepal)","kind":"street","period":"before","captured":"2022-07-25","source":"kartaview","image":"https://storage13.openstreetcam.org/files/photo/2022/7/27/lth/5745401_04f07366198d2a34564f908bd491c604.jpg","video":null,"url":"https://kartaview.org/details/5745401/808/track-info","credit":"KartaView user 18918 (samsung SM-A920F, Android)","license":"CC BY-SA 4.0","approximate":false,"marker-color":"#475569","marker-size":"small"},"geometry":{"type":"Point","coordinates":[84.62864,27.87015]}},{"type":"Feature","properties":{"name":"KartaView seq 5745401 frame 714 (Chandi Bhanjyang, Narayani, Nepal)","kind":"street","period":"before","captured":"2022-07-25","source":"kartaview","image":"https://storage13.openstreetcam.org/files/photo/2022/7/27/lth/5745401_bf40e53fe51b07875b075c713a9ff272.jpg","video":null,"url":"https://kartaview.org/details/5745401/714/track-info","credit":"KartaView user 18918 (samsung SM-A920F, Android)","license":"CC BY-SA 4.0","approximate":false,"marker-color":"#475569","marker-size":"small"},"geometry":{"type":"Point","coordinates":[84.61412,27.8725]}},{"type":"Feature","properties":{"name":"KartaView seq 5745401 frame 602 (Chandi Bhanjyang, Narayani, Nepal)","kind":"street","period":"before","captured":"2022-07-25","source":"kartaview","image":"https://storage13.openstreetcam.org/files/photo/2022/7/27/lth/5745401_0f744ec798090490812c4cdd0e73f69c.jpg","video":null,"url":"https://kartaview.org/details/5745401/602/track-info","credit":"KartaView user 18918 (samsung SM-A920F, Android)","license":"CC BY-SA 4.0","approximate":false,"marker-color":"#475569","marker-size":"small"},"geometry":{"type":"Point","coordinates":[84.59791,27.87478]}},{"type":"Feature","properties":{"name":"KartaView seq 5745401 frame 590 (Chandi Bhanjyang, Narayani, Nepal)","kind":"street","period":"before","captured":"2022-07-25","source":"kartaview","image":"https://storage13.openstreetcam.org/files/photo/2022/7/27/lth/5745401_8fb565bd1cdabb5d0a67a68737e3cc5f.jpg","video":null,"url":"https://kartaview.org/details/5745401/590/track-info","credit":"KartaView user 18918 (samsung SM-A920F, Android)","license":"CC BY-SA 4.0","approximate":false,"marker-color":"#475569","marker-size":"small"},"geometry":{"type":"Point","coordinates":[84.5963,27.87496]}},{"type":"Feature","properties":{"name":"KartaView seq 5745401 frame 504 (Chandi Bhanjyang, Narayani, Nepal)","kind":"street","period":"before","captured":"2022-07-25","source":"kartaview","image":"https://storage13.openstreetcam.org/files/photo/2022/7/27/lth/5745401_b97aad8a412020057fb21c2d78a81454.jpg","video":null,"url":"https://kartaview.org/details/5745401/504/track-info","credit":"KartaView user 18918 (samsung SM-A920F, Android)","license":"CC BY-SA 4.0","approximate":false,"marker-color":"#475569","marker-size":"small"},"geometry":{"type":"Point","coordinates":[84.58499,27.87565]}},{"type":"Feature","properties":{"name":"KartaView seq 5745401 frame 470 (Chandi Bhanjyang, Narayani, Nepal)","kind":"street","period":"before","captured":"2022-07-25","source":"kartaview","image":"https://storage13.openstreetcam.org/files/photo/2022/7/27/lth/5745401_bb4bc3326793a27e78ba37bf2e13a484.jpg","video":null,"url":"https://kartaview.org/details/5745401/470/track-info","credit":"KartaView user 18918 (samsung SM-A920F, Android)","license":"CC BY-SA 4.0","approximate":false,"marker-color":"#475569","marker-size":"small"},"geometry":{"type":"Point","coordinates":[84.58057,27.87342]}},{"type":"Feature","properties":{"name":"KartaView seq 5745401 frame 374 (Chandi Bhanjyang, Narayani, Nepal)","kind":"street","period":"before","captured":"2022-07-25","source":"kartaview","image":"https://storage13.openstreetcam.org/files/photo/2022/7/27/lth/5745401_26efc74c5b75ea7c1311b6cde12e189c.jpg","video":null,"url":"https://kartaview.org/details/5745401/374/track-info","credit":"KartaView user 18918 (samsung SM-A920F, Android)","license":"CC BY-SA 4.0","approximate":false,"marker-color":"#475569","marker-size":"small"},"geometry":{"type":"Point","coordinates":[84.57455,27.86189]}},{"type":"Feature","properties":{"name":"KartaView seq 5745401 frame 309 (Chandi Bhanjyang, Narayani, Nepal)","kind":"street","period":"before","captured":"2022-07-25","source":"kartaview","image":"https://storage13.openstreetcam.org/files/photo/2022/7/27/lth/5745401_2de822310a3a9c81f12f0edabba170de.jpg","video":null,"url":"https://kartaview.org/details/5745401/309/track-info","credit":"KartaView user 18918 (samsung SM-A920F, Android)","license":"CC BY-SA 4.0","approximate":false,"marker-color":"#475569","marker-size":"small"},"geometry":{"type":"Point","coordinates":[84.56461,27.85758]}},{"type":"Feature","properties":{"name":"KartaView seq 5745401 frame 246 (Chandi Bhanjyang, Narayani, Nepal)","kind":"street","period":"before","captured":"2022-07-25","source":"kartaview","image":"https://storage13.openstreetcam.org/files/photo/2022/7/27/lth/5745401_faf2e8a4a9d28aa72128512ed7aa7d58.jpg","video":null,"url":"https://kartaview.org/details/5745401/246/track-info","credit":"KartaView user 18918 (samsung SM-A920F, Android)","license":"CC BY-SA 4.0","approximate":false,"marker-color":"#475569","marker-size":"small"},"geometry":{"type":"Point","coordinates":[84.55785,27.85145]}},{"type":"Feature","properties":{"name":"KartaView seq 5745401 frame 193 (Chandi Bhanjyang, Narayani, Nepal)","kind":"street","period":"before","captured":"2022-07-25","source":"kartaview","image":"https://storage13.openstreetcam.org/files/photo/2022/7/27/lth/5745401_2589e80dfa51cbf00d3dfdbba71b0f6e.jpg","video":null,"url":"https://kartaview.org/details/5745401/193/track-info","credit":"KartaView user 18918 (samsung SM-A920F, Android)","license":"CC BY-SA 4.0","approximate":false,"marker-color":"#475569","marker-size":"small"},"geometry":{"type":"Point","coordinates":[84.55829,27.8438]}},{"type":"Feature","properties":{"name":"KartaView seq 5745401 frame 165 (Chandi Bhanjyang, Narayani, Nepal)","kind":"street","period":"before","captured":"2022-07-25","source":"kartaview","image":"https://storage13.openstreetcam.org/files/photo/2022/7/27/lth/5745401_136ecf9252cc07141c1fa28adcd4f0b1.jpg","video":null,"url":"https://kartaview.org/details/5745401/165/track-info","credit":"KartaView user 18918 (samsung SM-A920F, Android)","license":"CC BY-SA 4.0","approximate":false,"marker-color":"#475569","marker-size":"small"},"geometry":{"type":"Point","coordinates":[84.55759,27.83972]}},{"type":"Feature","properties":{"name":"KartaView seq 5745401 frame 120 (Chandi Bhanjyang, Narayani, Nepal)","kind":"street","period":"before","captured":"2022-07-25","source":"kartaview","image":"https://storage13.openstreetcam.org/files/photo/2022/7/27/lth/5745401_317406bf9b5bf240d2d9b545f8e4ee2f.jpg","video":null,"url":"https://kartaview.org/details/5745401/120/track-info","credit":"KartaView user 18918 (samsung SM-A920F, Android)","license":"CC BY-SA 4.0","approximate":false,"marker-color":"#475569","marker-size":"small"},"geometry":{"type":"Point","coordinates":[84.55359,27.83432]}},{"type":"Feature","properties":{"name":"KartaView seq 5745401 frame 18 (Chandi Bhanjyang, Narayani, Nepal)","kind":"street","period":"before","captured":"2022-07-25","source":"kartaview","image":"https://storage13.openstreetcam.org/files/photo/2022/7/27/lth/5745401_daff192dbd20143879d89067f4f60229.jpg","video":null,"url":"https://kartaview.org/details/5745401/18/track-info","credit":"KartaView user 18918 (samsung SM-A920F, Android)","license":"CC BY-SA 4.0","approximate":false,"marker-color":"#475569","marker-size":"small"},"geometry":{"type":"Point","coordinates":[84.53746,27.83269]}},{"type":"Feature","properties":{"name":"KartaView seq 5745385 frame 1959 (Central Palms, Bharatpur, Narayani, Nepal)","kind":"street","period":"before","captured":"2022-07-25","source":"kartaview","image":"https://storage13.openstreetcam.org/files/photo/2022/7/27/lth/5745385_9f9d3282a718e1b1594c2e47dffea080.jpg","video":null,"url":"https://kartaview.org/details/5745385/1959/track-info","credit":"KartaView user 18918 (samsung SM-A920F, Android)","license":"CC BY-SA 4.0","approximate":false,"marker-color":"#475569","marker-size":"small"},"geometry":{"type":"Point","coordinates":[84.52893,27.83313]}},{"type":"Feature","properties":{"name":"KartaView seq 5745385 frame 1903 (Central Palms, Bharatpur, Narayani, Nepal)","kind":"street","period":"before","captured":"2022-07-25","source":"kartaview","image":"https://storage13.openstreetcam.org/files/photo/2022/7/27/lth/5745385_7ddc23224f51ca467f50e288cec53949.jpg","video":null,"url":"https://kartaview.org/details/5745385/1903/track-info","credit":"KartaView user 18918 (samsung SM-A920F, Android)","license":"CC BY-SA 4.0","approximate":false,"marker-color":"#475569","marker-size":"small"},"geometry":{"type":"Point","coordinates":[84.5209,27.82905]}},{"type":"Feature","properties":{"name":"KartaView seq 5745385 frame 1847 (Central Palms, Bharatpur, Narayani, Nepal)","kind":"street","period":"before","captured":"2022-07-25","source":"kartaview","image":"https://storage13.openstreetcam.org/files/photo/2022/7/27/lth/5745385_9158af0edbcd52159a2b9773c567c60e.jpg","video":null,"url":"https://kartaview.org/details/5745385/1847/track-info","credit":"KartaView user 18918 (samsung SM-A920F, Android)","license":"CC BY-SA 4.0","approximate":false,"marker-color":"#475569","marker-size":"small"},"geometry":{"type":"Point","coordinates":[84.52073,27.82039]}},{"type":"Feature","properties":{"name":"KartaView seq 5745385 frame 1798 (Central Palms, Bharatpur, Narayani, Nepal)","kind":"street","period":"before","captured":"2022-07-25","source":"kartaview","image":"https://storage13.openstreetcam.org/files/photo/2022/7/27/lth/5745385_45d2404c4caa7a7193a3d8bb5c9495e8.jpg","video":null,"url":"https://kartaview.org/details/5745385/1798/track-info","credit":"KartaView user 18918 (samsung SM-A920F, Android)","license":"CC BY-SA 4.0","approximate":false,"marker-color":"#475569","marker-size":"small"},"geometry":{"type":"Point","coordinates":[84.51549,27.81505]}},{"type":"Feature","properties":{"name":"KartaView seq 5745385 frame 1708 (Central Palms, Bharatpur, Narayani, Nepal)","kind":"street","period":"before","captured":"2022-07-25","source":"kartaview","image":"https://storage13.openstreetcam.org/files/photo/2022/7/27/lth/5745385_7dafc46a6201031737ccc7ee774eae35.jpg","video":null,"url":"https://kartaview.org/details/5745385/1708/track-info","credit":"KartaView user 18918 (samsung SM-A920F, Android)","license":"CC BY-SA 4.0","approximate":false,"marker-color":"#475569","marker-size":"small"},"geometry":{"type":"Point","coordinates":[84.50337,27.81839]}},{"type":"Feature","properties":{"name":"KartaView seq 5745385 frame 1644 (Central Palms, Bharatpur, Narayani, Nepal)","kind":"street","period":"before","captured":"2022-07-25","source":"kartaview","image":"https://storage13.openstreetcam.org/files/photo/2022/7/27/lth/5745385_38bbe2072729af3526ed81c3a2b5ed48.jpg","video":null,"url":"https://kartaview.org/details/5745385/1644/track-info","credit":"KartaView user 18918 (samsung SM-A920F, Android)","license":"CC BY-SA 4.0","approximate":false,"marker-color":"#475569","marker-size":"small"},"geometry":{"type":"Point","coordinates":[84.49367,27.81859]}},{"type":"Feature","properties":{"name":"KartaView seq 5745385 frame 1571 (Central Palms, Bharatpur, Narayani, Nepal)","kind":"street","period":"before","captured":"2022-07-25","source":"kartaview","image":"https://storage13.openstreetcam.org/files/photo/2022/7/27/lth/5745385_cd7ac45dbd43092ca0694b5218d0d008.jpg","video":null,"url":"https://kartaview.org/details/5745385/1571/track-info","credit":"KartaView user 18918 (samsung SM-A920F, Android)","license":"CC BY-SA 4.0","approximate":false,"marker-color":"#475569","marker-size":"small"},"geometry":{"type":"Point","coordinates":[84.48065,27.82087]}},{"type":"Feature","properties":{"name":"KartaView seq 5745385 frame 1554 (Central Palms, Bharatpur, Narayani, Nepal)","kind":"street","period":"before","captured":"2022-07-25","source":"kartaview","image":"https://storage13.openstreetcam.org/files/photo/2022/7/27/lth/5745385_337990296e415c141a246c11edd32ee1.jpg","video":null,"url":"https://kartaview.org/details/5745385/1554/track-info","credit":"KartaView user 18918 (samsung SM-A920F, Android)","license":"CC BY-SA 4.0","approximate":false,"marker-color":"#475569","marker-size":"small"},"geometry":{"type":"Point","coordinates":[84.47771,27.82197]}},{"type":"Feature","properties":{"name":"KartaView seq 5745385 frame 1488 (Central Palms, Bharatpur, Narayani, Nepal)","kind":"street","period":"before","captured":"2022-07-25","source":"kartaview","image":"https://storage13.openstreetcam.org/files/photo/2022/7/27/lth/5745385_caa162af72c2f7bea87cf095b21b870a.jpg","video":null,"url":"https://kartaview.org/details/5745385/1488/track-info","credit":"KartaView user 18918 (samsung SM-A920F, Android)","license":"CC BY-SA 4.0","approximate":false,"marker-color":"#475569","marker-size":"small"},"geometry":{"type":"Point","coordinates":[84.46667,27.82239]}},{"type":"Feature","properties":{"name":"KartaView seq 5745385 frame 1425 (Central Palms, Bharatpur, Narayani, Nepal)","kind":"street","period":"before","captured":"2022-07-25","source":"kartaview","image":"https://storage13.openstreetcam.org/files/photo/2022/7/27/lth/5745385_d190e19a1e3169aaa0208f065aec41ee.jpg","video":null,"url":"https://kartaview.org/details/5745385/1425/track-info","credit":"KartaView user 18918 (samsung SM-A920F, Android)","license":"CC BY-SA 4.0","approximate":false,"marker-color":"#475569","marker-size":"small"},"geometry":{"type":"Point","coordinates":[84.46011,27.81868]}},{"type":"Feature","properties":{"name":"KartaView seq 5745385 frame 1367 (Central Palms, Bharatpur, Narayani, Nepal)","kind":"street","period":"before","captured":"2022-07-25","source":"kartaview","image":"https://storage13.openstreetcam.org/files/photo/2022/7/27/lth/5745385_677848193a91bec60d2cd58ea0928936.jpg","video":null,"url":"https://kartaview.org/details/5745385/1367/track-info","credit":"KartaView user 18918 (samsung SM-A920F, Android)","license":"CC BY-SA 4.0","approximate":false,"marker-color":"#475569","marker-size":"small"},"geometry":{"type":"Point","coordinates":[84.45248,27.82008]}},{"type":"Feature","properties":{"name":"KartaView seq 5745385 frame 1285 (Central Palms, Bharatpur, Narayani, Nepal)","kind":"street","period":"before","captured":"2022-07-25","source":"kartaview","image":"https://storage13.openstreetcam.org/files/photo/2022/7/27/lth/5745385_e8cb4ef4e452f42169dd6724f8f9502b.jpg","video":null,"url":"https://kartaview.org/details/5745385/1285/track-info","credit":"KartaView user 18918 (samsung SM-A920F, Android)","license":"CC BY-SA 4.0","approximate":false,"marker-color":"#475569","marker-size":"small"},"geometry":{"type":"Point","coordinates":[84.44152,27.816]}},{"type":"Feature","properties":{"name":"KartaView seq 5745385 frame 1265 (Central Palms, Bharatpur, Narayani, Nepal)","kind":"street","period":"before","captured":"2022-07-25","source":"kartaview","image":"https://storage13.openstreetcam.org/files/photo/2022/7/27/lth/5745385_6ac8418a5e5f37ebbe945671f8ce9a64.jpg","video":null,"url":"https://kartaview.org/details/5745385/1265/track-info","credit":"KartaView user 18918 (samsung SM-A920F, Android)","license":"CC BY-SA 4.0","approximate":false,"marker-color":"#475569","marker-size":"small"},"geometry":{"type":"Point","coordinates":[84.439,27.81499]}},{"type":"Feature","properties":{"name":"KartaView seq 5745385 frame 1188 (Central Palms, Bharatpur, Narayani, Nepal)","kind":"street","period":"before","captured":"2022-07-25","source":"kartaview","image":"https://storage13.openstreetcam.org/files/photo/2022/7/27/lth/5745385_d59661255ed258a82b1dbfd3351eca01.jpg","video":null,"url":"https://kartaview.org/details/5745385/1188/track-info","credit":"KartaView user 18918 (samsung SM-A920F, Android)","license":"CC BY-SA 4.0","approximate":false,"marker-color":"#475569","marker-size":"small"},"geometry":{"type":"Point","coordinates":[84.4319,27.80608]}},{"type":"Feature","properties":{"name":"KartaView seq 5745385 frame 1153 (Central Palms, Bharatpur, Narayani, Nepal)","kind":"street","period":"before","captured":"2022-07-25","source":"kartaview","image":"https://storage13.openstreetcam.org/files/photo/2022/7/27/lth/5745385_07d8565a2eb7a8672b93ce0bde9946e9.jpg","video":null,"url":"https://kartaview.org/details/5745385/1153/track-info","credit":"KartaView user 18918 (samsung SM-A920F, Android)","license":"CC BY-SA 4.0","approximate":false,"marker-color":"#475569","marker-size":"small"},"geometry":{"type":"Point","coordinates":[84.43164,27.8021]}},{"type":"Feature","properties":{"name":"KartaView seq 5745385 frame 1100 (Central Palms, Bharatpur, Narayani, Nepal)","kind":"street","period":"before","captured":"2022-07-25","source":"kartaview","image":"https://storage13.openstreetcam.org/files/photo/2022/7/27/lth/5745385_b9be9a5810c62cc144e8d8f5acbebd05.jpg","video":null,"url":"https://kartaview.org/details/5745385/1100/track-info","credit":"KartaView user 18918 (samsung SM-A920F, Android)","license":"CC BY-SA 4.0","approximate":false,"marker-color":"#475569","marker-size":"small"},"geometry":{"type":"Point","coordinates":[84.43126,27.79408]}},{"type":"Feature","properties":{"name":"KartaView seq 5745385 frame 992 (Central Palms, Bharatpur, Narayani, Nepal)","kind":"street","period":"before","captured":"2022-07-25","source":"kartaview","image":"https://storage13.openstreetcam.org/files/photo/2022/7/27/lth/5745385_108e34bbf9b044fe1a4fa2621b5ac68e.jpg","video":null,"url":"https://kartaview.org/details/5745385/992/track-info","credit":"KartaView user 18918 (samsung SM-A920F, Android)","license":"CC BY-SA 4.0","approximate":false,"marker-color":"#475569","marker-size":"small"},"geometry":{"type":"Point","coordinates":[84.43822,27.77996]}},{"type":"Feature","properties":{"name":"KartaView seq 5745385 frame 939 (Central Palms, Bharatpur, Narayani, Nepal)","kind":"street","period":"before","captured":"2022-07-25","source":"kartaview","image":"https://storage13.openstreetcam.org/files/photo/2022/7/27/lth/5745385_e4030d8d91a2f4bbeecf7c38a5152f3b.jpg","video":null,"url":"https://kartaview.org/details/5745385/939/track-info","credit":"KartaView user 18918 (samsung SM-A920F, Android)","license":"CC BY-SA 4.0","approximate":false,"marker-color":"#475569","marker-size":"small"},"geometry":{"type":"Point","coordinates":[84.44685,27.77922]}},{"type":"Feature","properties":{"name":"KartaView seq 5745385 frame 919 (Central Palms, Bharatpur, Narayani, Nepal)","kind":"street","period":"before","captured":"2022-07-25","source":"kartaview","image":"https://storage13.openstreetcam.org/files/photo/2022/7/27/lth/5745385_cb19eaf657506e0857881725e350c61f.jpg","video":null,"url":"https://kartaview.org/details/5745385/919/track-info","credit":"KartaView user 18918 (samsung SM-A920F, Android)","license":"CC BY-SA 4.0","approximate":false,"marker-color":"#475569","marker-size":"small"},"geometry":{"type":"Point","coordinates":[84.44958,27.77909]}},{"type":"Feature","properties":{"name":"KartaView seq 5745385 frame 839 (Central Palms, Bharatpur, Narayani, Nepal)","kind":"street","period":"before","captured":"2022-07-25","source":"kartaview","image":"https://storage13.openstreetcam.org/files/photo/2022/7/27/lth/5745385_faf894c9f8ce545fa66a383202040a71.jpg","video":null,"url":"https://kartaview.org/details/5745385/839/track-info","credit":"KartaView user 18918 (samsung SM-A920F, Android)","license":"CC BY-SA 4.0","approximate":false,"marker-color":"#475569","marker-size":"small"},"geometry":{"type":"Point","coordinates":[84.46178,27.77403]}},{"type":"Feature","properties":{"name":"KartaView seq 5745385 frame 749 (Central Palms, Bharatpur, Narayani, Nepal)","kind":"street","period":"before","captured":"2022-07-25","source":"kartaview","image":"https://storage13.openstreetcam.org/files/photo/2022/7/27/lth/5745385_84acdb42ab9fd30f73e6c6b163070c10.jpg","video":null,"url":"https://kartaview.org/details/5745385/749/track-info","credit":"KartaView user 18918 (samsung SM-A920F, Android)","license":"CC BY-SA 4.0","approximate":false,"marker-color":"#475569","marker-size":"small"},"geometry":{"type":"Point","coordinates":[84.47139,27.76336]}},{"type":"Feature","properties":{"name":"KartaView seq 5745385 frame 739 (Central Palms, Bharatpur, Narayani, Nepal)","kind":"street","period":"before","captured":"2022-07-25","source":"kartaview","image":"https://storage13.openstreetcam.org/files/photo/2022/7/27/lth/5745385_bcd36fd95a67f7a731c54a7f00e9d918.jpg","video":null,"url":"https://kartaview.org/details/5745385/739/track-info","credit":"KartaView user 18918 (samsung SM-A920F, Android)","license":"CC BY-SA 4.0","approximate":false,"marker-color":"#475569","marker-size":"small"},"geometry":{"type":"Point","coordinates":[84.47315,27.76202]}},{"type":"Feature","properties":{"name":"KartaView seq 5745385 frame 667 (Central Palms, Bharatpur, Narayani, Nepal)","kind":"street","period":"before","captured":"2022-07-25","source":"kartaview","image":"https://storage13.openstreetcam.org/files/photo/2022/7/27/lth/5745385_f1a75d01f1462e5b6f1bc5c534c7b869.jpg","video":null,"url":"https://kartaview.org/details/5745385/667/track-info","credit":"KartaView user 18918 (samsung SM-A920F, Android)","license":"CC BY-SA 4.0","approximate":false,"marker-color":"#475569","marker-size":"small"},"geometry":{"type":"Point","coordinates":[84.47507,27.75133]}},{"type":"Feature","properties":{"name":"KartaView seq 5745385 frame 503 (Central Palms, Bharatpur, Narayani, Nepal)","kind":"street","period":"before","captured":"2022-07-25","source":"kartaview","image":"https://storage13.openstreetcam.org/files/photo/2022/7/27/lth/5745385_31394961d525e5eb4c9beeec67a0d401.jpg","video":null,"url":"https://kartaview.org/details/5745385/503/track-info","credit":"KartaView user 18918 (samsung SM-A920F, Android)","license":"CC BY-SA 4.0","approximate":false,"marker-color":"#475569","marker-size":"small"},"geometry":{"type":"Point","coordinates":[84.45413,27.73385]}},{"type":"Feature","properties":{"name":"KartaView seq 5745385 frame 382 (Central Palms, Bharatpur, Narayani, Nepal)","kind":"street","period":"before","captured":"2022-07-25","source":"kartaview","image":"https://storage13.openstreetcam.org/files/photo/2022/7/27/lth/5745385_382b8039bc6fbc9580fb146abecc12c4.jpg","video":null,"url":"https://kartaview.org/details/5745385/382/track-info","credit":"KartaView user 18918 (samsung SM-A920F, Android)","license":"CC BY-SA 4.0","approximate":false,"marker-color":"#475569","marker-size":"small"},"geometry":{"type":"Point","coordinates":[84.44698,27.71862]}},{"type":"Feature","properties":{"name":"KartaView seq 5745385 frame 289 (Central Palms, Bharatpur, Narayani, Nepal)","kind":"street","period":"before","captured":"2022-07-25","source":"kartaview","image":"https://storage13.openstreetcam.org/files/photo/2022/7/27/lth/5745385_f3630c5bb05c130419316c4535ee7d72.jpg","video":null,"url":"https://kartaview.org/details/5745385/289/track-info","credit":"KartaView user 18918 (samsung SM-A920F, Android)","license":"CC BY-SA 4.0","approximate":false,"marker-color":"#475569","marker-size":"small"},"geometry":{"type":"Point","coordinates":[84.43788,27.70851]}},{"type":"Feature","properties":{"name":"KartaView seq 5745385 frame 267 (Central Palms, Bharatpur, Narayani, Nepal)","kind":"street","period":"before","captured":"2022-07-25","source":"kartaview","image":"https://storage13.openstreetcam.org/files/photo/2022/7/27/lth/5745385_f68544db38128465d829452efbf63133.jpg","video":null,"url":"https://kartaview.org/details/5745385/267/track-info","credit":"KartaView user 18918 (samsung SM-A920F, Android)","license":"CC BY-SA 4.0","approximate":false,"marker-color":"#475569","marker-size":"small"},"geometry":{"type":"Point","coordinates":[84.43534,27.70563]}},{"type":"Feature","properties":{"name":"The rules of the road","kind":"photo","period":"before","captured":"2009-09-06","source":"flickr","image":"https://live.staticflickr.com/2633/3914642327_c6becf886f_z.jpg","video":null,"url":"https://www.flickr.com/photos/andrewdyson/3914642327/","credit":"rubber bullets","license":"CC BY 2.0","approximate":false,"marker-color":"#0f766e","marker-size":"small"},"geometry":{"type":"Point","coordinates":[85.33697,28.16195]}},{"type":"Feature","properties":{"name":"Troubled water","kind":"photo","period":"before","captured":"2009-09-06","source":"flickr","image":"https://live.staticflickr.com/2427/3915436514_3ffa8c5910_z.jpg","video":null,"url":"https://www.flickr.com/photos/andrewdyson/3915436514/","credit":"rubber bullets","license":"CC BY 2.0","approximate":false,"marker-color":"#0f766e","marker-size":"small"},"geometry":{"type":"Point","coordinates":[85.33697,28.16195]}},{"type":"Feature","properties":{"name":"20180421_105807","kind":"photo","period":"before","captured":"2018-04-21","source":"flickr","image":"https://live.staticflickr.com/1824/42626535694_088bb7e4ba_z.jpg","video":null,"url":"https://www.flickr.com/photos/taver/42626535694/","credit":"taver","license":"CC BY-NC-ND 2.0","approximate":false,"marker-color":"#0f766e","marker-size":"small"},"geometry":{"type":"Point","coordinates":[85.30528,28.10944]}},{"type":"Feature","properties":{"name":"20180421_105827","kind":"photo","period":"before","captured":"2018-04-21","source":"flickr","image":"https://live.staticflickr.com/1788/43343608371_42bdd11c98_z.jpg","video":null,"url":"https://www.flickr.com/photos/taver/43343608371/","credit":"taver","license":"CC BY-NC-ND 2.0","approximate":false,"marker-color":"#0f766e","marker-size":"small"},"geometry":{"type":"Point","coordinates":[85.30333,28.11]}},{"type":"Feature","properties":{"name":"20180421_105837","kind":"photo","period":"before","captured":"2018-04-21","source":"flickr","image":"https://live.staticflickr.com/834/42626532864_07871c136e_z.jpg","video":null,"url":"https://www.flickr.com/photos/taver/42626532864/","credit":"taver","license":"CC BY-NC-ND 2.0","approximate":false,"marker-color":"#0f766e","marker-size":"small"},"geometry":{"type":"Point","coordinates":[85.30111,28.11139]}},{"type":"Feature","properties":{"name":"20180421_105856","kind":"photo","period":"before","captured":"2018-04-21","source":"flickr","image":"https://live.staticflickr.com/1785/43343606211_fba459ea20_z.jpg","video":null,"url":"https://www.flickr.com/photos/taver/43343606211/","credit":"taver","license":"CC BY-NC-ND 2.0","approximate":false,"marker-color":"#0f766e","marker-size":"small"},"geometry":{"type":"Point","coordinates":[85.30111,28.11139]}},{"type":"Feature","properties":{"name":"20180421_105908","kind":"photo","period":"before","captured":"2018-04-21","source":"flickr","image":"https://live.staticflickr.com/1761/42626530314_6f95c5c810_z.jpg","video":null,"url":"https://www.flickr.com/photos/taver/42626530314/","credit":"taver","license":"CC BY-NC-ND 2.0","approximate":false,"marker-color":"#0f766e","marker-size":"small"},"geometry":{"type":"Point","coordinates":[85.29861,28.11306]}},{"type":"Feature","properties":{"name":"20180421_104112","kind":"photo","period":"before","captured":"2018-04-21","source":"flickr","image":"https://live.staticflickr.com/926/41534150850_2d4f0d585a_z.jpg","video":null,"url":"https://www.flickr.com/photos/taver/41534150850/","credit":"taver","license":"CC BY-NC-ND 2.0","approximate":false,"marker-color":"#0f766e","marker-size":"small"},"geometry":{"type":"Point","coordinates":[85.29861,28.11111]}},{"type":"Feature","properties":{"name":"20180421_104147","kind":"photo","period":"before","captured":"2018-04-21","source":"flickr","image":"https://live.staticflickr.com/839/42439519145_89b01960ab_z.jpg","video":null,"url":"https://www.flickr.com/photos/taver/42439519145/","credit":"taver","license":"CC BY-NC-ND 2.0","approximate":false,"marker-color":"#0f766e","marker-size":"small"},"geometry":{"type":"Point","coordinates":[85.29861,28.11111]}},{"type":"Feature","properties":{"name":"20180421_105600","kind":"photo","period":"before","captured":"2018-04-21","source":"flickr","image":"https://live.staticflickr.com/914/42626543744_501e5de3fa_z.jpg","video":null,"url":"https://www.flickr.com/photos/taver/42626543744/","credit":"taver","license":"CC BY-NC-ND 2.0","approximate":false,"marker-color":"#0f766e","marker-size":"small"},"geometry":{"type":"Point","coordinates":[85.29861,28.11111]}},{"type":"Feature","properties":{"name":"20180421_104716","kind":"photo","period":"before","captured":"2018-04-21","source":"flickr","image":"https://live.staticflickr.com/1770/43343510711_a78862c512_z.jpg","video":null,"url":"https://www.flickr.com/photos/taver/43343510711/","credit":"taver","license":"CC BY-NC-ND 2.0","approximate":false,"marker-color":"#0f766e","marker-size":"small"},"geometry":{"type":"Point","coordinates":[85.29722,28.11194]}},{"type":"Feature","properties":{"name":"20180421_110155","kind":"photo","period":"before","captured":"2018-04-21","source":"flickr","image":"https://live.staticflickr.com/1827/43343604521_f49cff625a_z.jpg","video":null,"url":"https://www.flickr.com/photos/taver/43343604521/","credit":"taver","license":"CC BY-NC-ND 2.0","approximate":false,"marker-color":"#0f766e","marker-size":"small"},"geometry":{"type":"Point","coordinates":[85.29778,28.11167]}},{"type":"Feature","properties":{"name":"20180421_110159","kind":"photo","period":"before","captured":"2018-04-21","source":"flickr","image":"https://live.staticflickr.com/836/42626524994_ec927434d4_z.jpg","video":null,"url":"https://www.flickr.com/photos/taver/42626524994/","credit":"taver","license":"CC BY-NC-ND 2.0","approximate":false,"marker-color":"#0f766e","marker-size":"small"},"geometry":{"type":"Point","coordinates":[85.29778,28.11167]}},{"type":"Feature","properties":{"name":"20180421_110201","kind":"photo","period":"before","captured":"2018-04-21","source":"flickr","image":"https://live.staticflickr.com/1784/43343600291_0aa46e9e49_z.jpg","video":null,"url":"https://www.flickr.com/photos/taver/43343600291/","credit":"taver","license":"CC BY-NC-ND 2.0","approximate":false,"marker-color":"#0f766e","marker-size":"small"},"geometry":{"type":"Point","coordinates":[85.29778,28.11167]}},{"type":"Feature","properties":{"name":"20180421_110207","kind":"photo","period":"before","captured":"2018-04-21","source":"flickr","image":"https://live.staticflickr.com/1809/42626520144_882a0bdb51_z.jpg","video":null,"url":"https://www.flickr.com/photos/taver/42626520144/","credit":"taver","license":"CC BY-NC-ND 2.0","approximate":false,"marker-color":"#0f766e","marker-size":"small"},"geometry":{"type":"Point","coordinates":[85.29667,28.11222]}},{"type":"Feature","properties":{"name":"20180421_110220(0)","kind":"photo","period":"before","captured":"2018-04-21","source":"flickr","image":"https://live.staticflickr.com/1768/43343596161_9e4f1fc33b_z.jpg","video":null,"url":"https://www.flickr.com/photos/taver/43343596161/","credit":"taver","license":"CC BY-NC-ND 2.0","approximate":false,"marker-color":"#0f766e","marker-size":"small"},"geometry":{"type":"Point","coordinates":[85.29611,28.1125]}},{"type":"Feature","properties":{"name":"20180421_110701","kind":"photo","period":"before","captured":"2018-04-21","source":"flickr","image":"https://live.staticflickr.com/913/42626515374_9122492e9f_z.jpg","video":null,"url":"https://www.flickr.com/photos/taver/42626515374/","credit":"taver","license":"CC BY-NC-ND 2.0","approximate":false,"marker-color":"#0f766e","marker-size":"small"},"geometry":{"type":"Point","coordinates":[85.2925,28.11194]}},{"type":"Feature","properties":{"name":"Nepal-Disaster-Coverage September-2026 (2026-09-03-03-23-31 UMBRA-07).tiff","kind":"aerial","period":"after","captured":"2026-09-03","source":"wikimedia-commons","image":"https://thumb.wikimedia.org/wikipedia/commons/thumb/8/81/Nepal-Disaster-Coverage_September-2026_%282026-09-03-03-23-31_UMBRA-07%29.tiff/lossy-page1-960px-Nepal-Disaster-Coverage_September-2026_%282026-09-03-03-23-31_UMBRA-07%29.tiff.jpg","video":null,"url":"https://commons.wikimedia.org/wiki/File:Nepal-Disaster-Coverage_September-2026_(2026-09-03-03-23-31_UMBRA-07).tiff","credit":"Umbra Lab, Inc.","license":"CC BY 4.0","approximate":false,"marker-color":"#c2410c","marker-size":"medium"},"geometry":{"type":"Point","coordinates":[85.52917,28.28889]}},{"type":"Feature","properties":{"name":"Gosaikunda, Rasuwa, Bagamati Province, Nepal (2026-09-01-17-56-36 UMBRA-09).tiff","kind":"aerial","period":"after","captured":"2026-09-01","source":"wikimedia-commons","image":"https://thumb.wikimedia.org/wikipedia/commons/thumb/3/3a/Gosaikunda%2C_Rasuwa%2C_Bagamati_Province%2C_Nepal_%282026-09-01-17-56-36_UMBRA-09%29.tiff/lossy-page1-960px-Gosaikunda%2C_Rasuwa%2C_Bagamati_Province%2C_Nepal_%282026-09-01-17-56-36_UMBRA-09%29.tiff.jpg","video":null,"url":"https://commons.wikimedia.org/wiki/File:Gosaikunda,_Rasuwa,_Bagamati_Province,_Nepal_(2026-09-01-17-56-36_UMBRA-09).tiff","credit":"Umbra Lab, Inc.","license":"CC BY 4.0","approximate":false,"marker-color":"#c2410c","marker-size":"medium"},"geometry":{"type":"Point","coordinates":[85.52702,28.29049]}},{"type":"Feature","properties":{"name":"Gosaikunda, Rasuwa, Bagamati Province, Nepal (2026-09-02-03-32-42 UMBRA-07).tiff","kind":"aerial","period":"after","captured":"2026-09-02","source":"wikimedia-commons","image":"https://thumb.wikimedia.org/wikipedia/commons/thumb/e/e8/Gosaikunda%2C_Rasuwa%2C_Bagamati_Province%2C_Nepal_%282026-09-02-03-32-42_UMBRA-07%29.tiff/lossy-page1-960px-Gosaikunda%2C_Rasuwa%2C_Bagamati_Province%2C_Nepal_%282026-09-02-03-32-42_UMBRA-07%29.tiff.jpg","video":null,"url":"https://commons.wikimedia.org/wiki/File:Gosaikunda,_Rasuwa,_Bagamati_Province,_Nepal_(2026-09-02-03-32-42_UMBRA-07).tiff","credit":"Umbra Lab, Inc.","license":"CC BY 4.0","approximate":false,"marker-color":"#c2410c","marker-size":"medium"},"geometry":{"type":"Point","coordinates":[85.52701,28.29048]}},{"type":"Feature","properties":{"name":"Gosaikunda, Rasuwa, Bagamati Province, Nepal (2026-09-03-15-34-32 UMBRA-07).tiff","kind":"aerial","period":"after","captured":"2026-09-03","source":"wikimedia-commons","image":"https://thumb.wikimedia.org/wikipedia/commons/thumb/0/07/Gosaikunda%2C_Rasuwa%2C_Bagamati_Province%2C_Nepal_%282026-09-03-15-34-32_UMBRA-07%29.tiff/lossy-page1-960px-Gosaikunda%2C_Rasuwa%2C_Bagamati_Province%2C_Nepal_%282026-09-03-15-34-32_UMBRA-07%29.tiff.jpg","video":null,"url":"https://commons.wikimedia.org/wiki/File:Gosaikunda,_Rasuwa,_Bagamati_Province,_Nepal_(2026-09-03-15-34-32_UMBRA-07).tiff","credit":"Umbra Lab, Inc.","license":"CC BY 4.0","approximate":false,"marker-color":"#c2410c","marker-size":"medium"},"geometry":{"type":"Point","coordinates":[85.52702,28.29049]}},{"type":"Feature","properties":{"name":"Nepal-Disaster-Coverage September-2026 (2026-09-09-04-04-56 UMBRA-07).tiff","kind":"aerial","period":"after","captured":"2026-09-09","source":"wikimedia-commons","image":"https://thumb.wikimedia.org/wikipedia/commons/thumb/1/15/Nepal-Disaster-Coverage_September-2026_%282026-09-09-04-04-56_UMBRA-07%29.tiff/lossy-page1-960px-Nepal-Disaster-Coverage_September-2026_%282026-09-09-04-04-56_UMBRA-07%29.tiff.jpg","video":null,"url":"https://commons.wikimedia.org/wiki/File:Nepal-Disaster-Coverage_September-2026_(2026-09-09-04-04-56_UMBRA-07).tiff","credit":"Umbra Lab, Inc.","license":"CC BY 4.0","approximate":false,"marker-color":"#c2410c","marker-size":"medium"},"geometry":{"type":"Point","coordinates":[85.52702,28.29049]}},{"type":"Feature","properties":{"name":"Nepal-Disaster-Coverage September-2026 (2026-09-11-05-51-43 UMBRA-10).tiff","kind":"aerial","period":"after","captured":"2026-09-11","source":"wikimedia-commons","image":"https://thumb.wikimedia.org/wikipedia/commons/thumb/9/9e/Nepal-Disaster-Coverage_September-2026_%282026-09-11-05-51-43_UMBRA-10%29.tiff/lossy-page1-960px-Nepal-Disaster-Coverage_September-2026_%282026-09-11-05-51-43_UMBRA-10%29.tiff.jpg","video":null,"url":"https://commons.wikimedia.org/wiki/File:Nepal-Disaster-Coverage_September-2026_(2026-09-11-05-51-43_UMBRA-10).tiff","credit":"Umbra Lab, Inc.","license":"CC BY 4.0","approximate":false,"marker-color":"#c2410c","marker-size":"medium"},"geometry":{"type":"Point","coordinates":[85.52701,28.29048]}},{"type":"Feature","properties":{"name":"Nepal-Disaster-Coverage September-2026 (2026-09-13-17-21-10 UMBRA-10).tiff","kind":"aerial","period":"after","captured":"2026-09-13","source":"wikimedia-commons","image":"https://thumb.wikimedia.org/wikipedia/commons/thumb/5/5a/Nepal-Disaster-Coverage_September-2026_%282026-09-13-17-21-10_UMBRA-10%29.tiff/lossy-page1-960px-Nepal-Disaster-Coverage_September-2026_%282026-09-13-17-21-10_UMBRA-10%29.tiff.jpg","video":null,"url":"https://commons.wikimedia.org/wiki/File:Nepal-Disaster-Coverage_September-2026_(2026-09-13-17-21-10_UMBRA-10).tiff","credit":"Umbra Lab, Inc.","license":"CC BY 4.0","approximate":false,"marker-color":"#c2410c","marker-size":"medium"},"geometry":{"type":"Point","coordinates":[85.52701,28.29048]}},{"type":"Feature","properties":{"name":"Nepal flood 2026 before after","kind":"video","period":"after","captured":"2026-08-27","source":"wikimedia-commons","image":"https://thumb.wikimedia.org/wikipedia/commons/thumb/5/5f/Nepal_flood_2026_before_after.webm/960px--Nepal_flood_2026_before_after.webm.jpg","video":"https://upload.wikimedia.org/wikipedia/commons/5/5f/Nepal_flood_2026_before_after.webm","url":"https://commons.wikimedia.org/wiki/File:Nepal_flood_2026_before_after.webm","credit":"European Space Agency USGS","license":"Public domain","approximate":false,"marker-color":"#b91c1c","marker-size":"medium"},"geometry":{"type":"Point","coordinates":[85.45372,28.29025]}},{"type":"Feature","properties":{"name":"Nepal flood 2026 before after","kind":"aerial","period":"after","captured":"2026-08-27","source":"wikimedia-commons","image":"https://thumb.wikimedia.org/wikipedia/commons/thumb/e/e9/Nepal_flood_2026_before_after.webp/960px-Nepal_flood_2026_before_after.webp","video":null,"url":"https://commons.wikimedia.org/wiki/File:Nepal_flood_2026_before_after.webp","credit":"European Space Agency USGS","license":"Public domain","approximate":false,"marker-color":"#c2410c","marker-size":"medium"},"geometry":{"type":"Point","coordinates":[85.45372,28.29025]}},{"type":"Feature","properties":{"name":"Nepal-Disaster-Coverage September-2026 (2026-08-29-04-07-30 UMBRA-07).tiff","kind":"aerial","period":"after","captured":"2026-08-29","source":"wikimedia-commons","image":"https://thumb.wikimedia.org/wikipedia/commons/thumb/7/76/Nepal-Disaster-Coverage_September-2026_%282026-08-29-04-07-30_UMBRA-07%29.tiff/lossy-page1-960px-Nepal-Disaster-Coverage_September-2026_%282026-08-29-04-07-30_UMBRA-07%29.tiff.jpg","video":null,"url":"https://commons.wikimedia.org/wiki/File:Nepal-Disaster-Coverage_September-2026_(2026-08-29-04-07-30_UMBRA-07).tiff","credit":"Umbra Lab, Inc.","license":"CC BY 4.0","approximate":false,"marker-color":"#c2410c","marker-size":"medium"},"geometry":{"type":"Point","coordinates":[85.48569,28.33199]}},{"type":"Feature","properties":{"name":"Nepal-Disaster-Coverage September-2026 (2026-08-29-17-11-41 UMBRA-10).tiff","kind":"aerial","period":"after","captured":"2026-08-29","source":"wikimedia-commons","image":"https://thumb.wikimedia.org/wikipedia/commons/thumb/7/72/Nepal-Disaster-Coverage_September-2026_%282026-08-29-17-11-41_UMBRA-10%29.tiff/lossy-page1-960px-Nepal-Disaster-Coverage_September-2026_%282026-08-29-17-11-41_UMBRA-10%29.tiff.jpg","video":null,"url":"https://commons.wikimedia.org/wiki/File:Nepal-Disaster-Coverage_September-2026_(2026-08-29-17-11-41_UMBRA-10).tiff","credit":"Umbra Lab, Inc.","license":"CC BY 4.0","approximate":false,"marker-color":"#c2410c","marker-size":"medium"},"geometry":{"type":"Point","coordinates":[85.46675,28.56925]}},{"type":"Feature","properties":{"name":"2026 Nepal floods","kind":"photo","period":"after","captured":"2026-08-26","source":"wikimedia-commons","image":"https://thumb.wikimedia.org/wikipedia/commons/thumb/b/b0/2026_Nepal_floods.gif/960px-2026_Nepal_floods.gif","video":null,"url":"https://commons.wikimedia.org/wiki/File:2026_Nepal_floods.gif","credit":"Fixed camera","license":"Public domain","approximate":true,"marker-color":"#c2410c","marker-size":"medium"},"geometry":{"type":"Point","coordinates":[85.37806,28.27867]}},{"type":"Feature","properties":{"name":"Mudslide at Gyirong Port 2 (screenshot)","kind":"photo","period":"after","captured":"2026-08-26","source":"wikimedia-commons","image":"https://thumb.wikimedia.org/wikipedia/commons/thumb/a/ab/Mudslide_at_Gyirong_Port_2_%28screenshot%29.png/960px-Mudslide_at_Gyirong_Port_2_%28screenshot%29.png","video":null,"url":"https://commons.wikimedia.org/wiki/File:Mudslide_at_Gyirong_Port_2_(screenshot).png","credit":"Unknown author","license":"Public domain","approximate":true,"marker-color":"#c2410c","marker-size":"medium"},"geometry":{"type":"Point","coordinates":[85.37806,28.27867]}},{"type":"Feature","properties":{"name":"Major Flood Hits Rasuwa Nepal | Timure & Syabrubesi Flood | August 26, 2026","kind":"video","period":"after","captured":"2026-08-26","source":"youtube","image":"https://i.ytimg.com/vi/k5OUDfPfDSo/hqdefault.jpg","video":null,"url":"https://www.youtube.com/watch?v=k5OUDfPfDSo","credit":"Touch The Himalaya Treks & Expedition ","license":"Standard YouTube licence (embed via YouTube player only)","approximate":true,"marker-color":"#b91c1c","marker-size":"medium"},"geometry":{"type":"Point","coordinates":[85.338,28.1628]}},{"type":"Feature","properties":{"name":"Rasuwa Flood 2026: Timure & Syabrubesi Hit by Massive Flash Flood | Nepal Flood Update","kind":"video","period":"after","captured":null,"source":"youtube","image":"https://i.ytimg.com/vi/f0St85ui72Q/hqdefault.jpg","video":null,"url":"https://www.youtube.com/watch?v=f0St85ui72Q","credit":"Majestic Darjeeling Vlogs ","license":"Standard YouTube licence (embed via YouTube player only)","approximate":true,"marker-color":"#b91c1c","marker-size":"medium"},"geometry":{"type":"Point","coordinates":[85.338,28.1628]}},{"type":"Feature","properties":{"name":"Nepal Floods: Trishuli River’s Fury Leaves Betrwati Buried Under Debris And Devastation","kind":"video","period":"after","captured":null,"source":"youtube","image":"https://i.ytimg.com/vi/Kzap8S3xmYk/hqdefault.jpg","video":null,"url":"https://www.youtube.com/watch?v=Kzap8S3xmYk","credit":"Business Today","license":"Standard YouTube licence (embed via YouTube player only)","approximate":true,"marker-color":"#b91c1c","marker-size":"medium"},"geometry":{"type":"Point","coordinates":[85.187,27.97]}},{"type":"Feature","properties":{"name":"Nepal Floods | On Camera, Last 3 Minutes Before Water Swallowed Nepal's Trishuli Town","kind":"video","period":"after","captured":null,"source":"youtube","image":"https://i.ytimg.com/vi/0bkCtUstxK8/hqdefault.jpg","video":null,"url":"https://www.youtube.com/watch?v=0bkCtUstxK8","credit":"NDTV","license":"Standard YouTube licence (embed via YouTube player only)","approximate":true,"marker-color":"#b91c1c","marker-size":"medium"},"geometry":{"type":"Point","coordinates":[85.147,27.9135]}},{"type":"Feature","properties":{"name":"Mudslide at Gyirong Port 1","kind":"video","period":"event-day","captured":"2026-08-26","source":"wikimedia-commons","image":"https://thumb.wikimedia.org/wikipedia/commons/thumb/9/9a/Mudslide_at_Gyirong_Port_1.webm/960px--Mudslide_at_Gyirong_Port_1.webm.jpg","video":"https://upload.wikimedia.org/wikipedia/commons/9/9a/Mudslide_at_Gyirong_Port_1.webm","url":"https://commons.wikimedia.org/wiki/File:Mudslide_at_Gyirong_Port_1.webm","credit":"Unknown author","license":"Public domain","approximate":true,"marker-color":"#b91c1c","marker-size":"medium"},"geometry":{"type":"Point","coordinates":[85.37806,28.27867]}},{"type":"Feature","properties":{"name":"Mudslide at Gyirong Port 2","kind":"video","period":"event-day","captured":"2026-08-26","source":"wikimedia-commons","image":"https://thumb.wikimedia.org/wikipedia/commons/thumb/f/fe/Mudslide_at_Gyirong_Port_2.webm/960px--Mudslide_at_Gyirong_Port_2.webm.jpg","video":"https://upload.wikimedia.org/wikipedia/commons/f/fe/Mudslide_at_Gyirong_Port_2.webm","url":"https://commons.wikimedia.org/wiki/File:Mudslide_at_Gyirong_Port_2.webm","credit":"Unknown author","license":"Public domain","approximate":true,"marker-color":"#b91c1c","marker-size":"medium"},"geometry":{"type":"Point","coordinates":[85.37806,28.27867]}},{"type":"Feature","properties":{"name":"Landslide at the Gyirong border crossing between China and Nepal","kind":"photo","period":"event-day","captured":"2026-08-26","source":"wikimedia-commons","image":"https://upload.wikimedia.org/wikipedia/commons/f/f1/Landslide_at_the_Gyirong_border_crossing_between_China_and_Nepal.gif","video":null,"url":"https://commons.wikimedia.org/wiki/File:Landslide_at_the_Gyirong_border_crossing_between_China_and_Nepal.gif","credit":"Unknown author","license":"Public domain","approximate":true,"marker-color":"#b91c1c","marker-size":"medium"},"geometry":{"type":"Point","coordinates":[85.37806,28.27867]}}]}