{"type":"FeatureCollection","features":[{"type":"Feature","properties":{"population":140,"fill":"#fdbb84","fill-opacity":0.55,"stroke":"#7f1d1d","stroke-width":0.3,"stroke-opacity":0.4},"geometry":{"type":"Polygon","coordinates":[[[84.69175,27.8191],[84.69197,27.82379],[84.68736,27.82604],[84.68254,27.82361],[84.68232,27.81892],[84.68693,27.81666],[84.69175,27.8191]]]}},{"type":"Feature","properties":{"population":216,"fill":"#fc8d59","fill-opacity":0.55,"stroke":"#7f1d1d","stroke-width":0.3,"stroke-opacity":0.4},"geometry":{"type":"Polygon","coordinates":[[[84.93722,27.82362],[84.93744,27.82831],[84.93283,27.83058],[84.92799,27.82815],[84.92777,27.82345],[84.93238,27.82119],[84.93722,27.82362]]]}},{"type":"Feature","properties":{"population":18,"fill":"#fee8c8","fill-opacity":0.55,"stroke":"#7f1d1d","stroke-width":0.3,"stroke-opacity":0.4},"geometry":{"type":"Polygon","coordinates":[[[85.18384,28.03866],[85.18406,28.04334],[85.17944,28.04561],[85.17459,28.04319],[85.17437,28.0385],[85.17899,28.03624],[85.18384,28.03866]]]}},{"type":"Feature","properties":{"population":668,"fill":"#e34a33","fill-opacity":0.55,"stroke":"#7f1d1d","stroke-width":0.3,"stroke-opacity":0.4},"geometry":{"type":"Polygon","coordinates":[[[85.33657,28.16043],[85.3368,28.16511],[85.33217,28.16737],[85.32732,28.16496],[85.32709,28.16028],[85.33171,28.15801],[85.33657,28.16043]]]}},{"type":"Feature","properties":{"population":64,"fill":"#fdbb84","fill-opacity":0.55,"stroke":"#7f1d1d","stroke-width":0.3,"stroke-opacity":0.4},"geometry":{"type":"Polygon","coordinates":[[[84.87987,27.80853],[84.88009,27.81323],[84.87548,27.81549],[84.87065,27.81306],[84.87043,27.80836],[84.87504,27.8061],[84.87987,27.80853]]]}},{"type":"Feature","properties":{"population":133,"fill":"#fdbb84","fill-opacity":0.55,"stroke":"#7f1d1d","stroke-width":0.3,"stroke-opacity":0.4},"geometry":{"type":"Polygon","coordinates":[[[84.53587,27.82733],[84.53573,27.82267],[84.54042,27.82046],[84.54524,27.8229],[84.54538,27.82755],[84.54069,27.82977],[84.53587,27.82733]]]}},{"type":"Feature","properties":{"population":97,"fill":"#fdbb84","fill-opacity":0.55,"stroke":"#7f1d1d","stroke-width":0.3,"stroke-opacity":0.4},"geometry":{"type":"Polygon","coordinates":[[[84.90248,27.78783],[84.90271,27.79253],[84.89809,27.79479],[84.89326,27.79236],[84.89304,27.78766],[84.89765,27.7854],[84.90248,27.78783]]]}},{"type":"Feature","properties":{"population":42,"fill":"#fee8c8","fill-opacity":0.55,"stroke":"#7f1d1d","stroke-width":0.3,"stroke-opacity":0.4},"geometry":{"type":"Polygon","coordinates":[[[85.18482,27.96139],[85.18504,27.96608],[85.18042,27.96835],[85.17558,27.96592],[85.17535,27.96124],[85.17997,27.95897],[85.18482,27.96139]]]}},{"type":"Feature","properties":{"population":88,"fill":"#fdbb84","fill-opacity":0.55,"stroke":"#7f1d1d","stroke-width":0.3,"stroke-opacity":0.4},"geometry":{"type":"Polygon","coordinates":[[[84.47842,27.81197],[84.47829,27.80732],[84.48297,27.80511],[84.48779,27.80755],[84.48793,27.81221],[84.48324,27.81442],[84.47842,27.81197]]]}},{"type":"Feature","properties":{"population":212,"fill":"#fc8d59","fill-opacity":0.55,"stroke":"#7f1d1d","stroke-width":0.3,"stroke-opacity":0.4},"geometry":{"type":"Polygon","coordinates":[[[85.06077,27.8398],[85.06099,27.8445],[85.05638,27.84677],[85.05154,27.84434],[85.05131,27.83965],[85.05593,27.83738],[85.06077,27.8398]]]}},{"type":"Feature","properties":{"population":200,"fill":"#fdbb84","fill-opacity":0.55,"stroke":"#7f1d1d","stroke-width":0.3,"stroke-opacity":0.4},"geometry":{"type":"Polygon","coordinates":[[[84.43166,27.83873],[84.43153,27.83407],[84.43622,27.83186],[84.44105,27.83431],[84.44118,27.83896],[84.43649,27.84117],[84.43166,27.83873]]]}},{"type":"Feature","properties":{"population":8,"fill":"#fee8c8","fill-opacity":0.55,"stroke":"#7f1d1d","stroke-width":0.3,"stroke-opacity":0.4},"geometry":{"type":"Polygon","coordinates":[[[85.16316,27.90479],[85.16338,27.90948],[85.15877,27.91175],[85.15392,27.90933],[85.15369,27.90464],[85.15831,27.90237],[85.16316,27.90479]]]}},{"type":"Feature","properties":{"population":178,"fill":"#fdbb84","fill-opacity":0.55,"stroke":"#7f1d1d","stroke-width":0.3,"stroke-opacity":0.4},"geometry":{"type":"Polygon","coordinates":[[[84.66411,27.83262],[84.66433,27.83731],[84.65972,27.83956],[84.65489,27.83712],[84.65468,27.83243],[84.65928,27.83018],[84.66411,27.83262]]]}},{"type":"Feature","properties":{"population":93,"fill":"#fdbb84","fill-opacity":0.55,"stroke":"#7f1d1d","stroke-width":0.3,"stroke-opacity":0.4},"geometry":{"type":"Polygon","coordinates":[[[84.44039,27.81103],[84.44026,27.80638],[84.44495,27.80417],[84.44976,27.80662],[84.4499,27.81127],[84.44521,27.81348],[84.44039,27.81103]]]}},{"type":"Feature","properties":{"population":181,"fill":"#fdbb84","fill-opacity":0.55,"stroke":"#7f1d1d","stroke-width":0.3,"stroke-opacity":0.4},"geometry":{"type":"Polygon","coordinates":[[[85.04253,27.85357],[85.04276,27.85826],[85.03814,27.86053],[85.0333,27.8581],[85.03308,27.85341],[85.03769,27.85114],[85.04253,27.85357]]]}},{"type":"Feature","properties":{"population":255,"fill":"#fc8d59","fill-opacity":0.55,"stroke":"#7f1d1d","stroke-width":0.3,"stroke-opacity":0.4},"geometry":{"type":"Polygon","coordinates":[[[84.62358,27.89919],[84.62344,27.89453],[84.62812,27.89232],[84.63295,27.89475],[84.63309,27.89941],[84.62841,27.90163],[84.62358,27.89919]]]}},{"type":"Feature","properties":{"population":6,"fill":"#fee8c8","fill-opacity":0.55,"stroke":"#7f1d1d","stroke-width":0.3,"stroke-opacity":0.4},"geometry":{"type":"Polygon","coordinates":[[[85.21157,28.02506],[85.21179,28.02975],[85.20717,28.03201],[85.20232,28.02959],[85.20209,28.02491],[85.20672,28.02264],[85.21157,28.02506]]]}},{"type":"Feature","properties":{"population":278,"fill":"#fc8d59","fill-opacity":0.55,"stroke":"#7f1d1d","stroke-width":0.3,"stroke-opacity":0.4},"geometry":{"type":"Polygon","coordinates":[[[84.96995,27.81715],[84.97018,27.82185],[84.96556,27.82411],[84.96073,27.82168],[84.9605,27.81699],[84.96512,27.81473],[84.96995,27.81715]]]}},{"type":"Feature","properties":{"population":354,"fill":"#fc8d59","fill-opacity":0.55,"stroke":"#7f1d1d","stroke-width":0.3,"stroke-opacity":0.4},"geometry":{"type":"Polygon","coordinates":[[[85.19262,28.02475],[85.19285,28.02944],[85.18823,28.0317],[85.18338,28.02928],[85.18315,28.0246],[85.18777,28.02233],[85.19262,28.02475]]]}},{"type":"Feature","properties":{"population":109,"fill":"#fdbb84","fill-opacity":0.55,"stroke":"#7f1d1d","stroke-width":0.3,"stroke-opacity":0.4},"geometry":{"type":"Polygon","coordinates":[[[84.69549,27.79808],[84.6957,27.80277],[84.6911,27.80503],[84.68627,27.80259],[84.68605,27.7979],[84.69066,27.79564],[84.69549,27.79808]]]}},{"type":"Feature","properties":{"population":430,"fill":"#fc8d59","fill-opacity":0.55,"stroke":"#7f1d1d","stroke-width":0.3,"stroke-opacity":0.4},"geometry":{"type":"Polygon","coordinates":[[[84.47266,27.77696],[84.47253,27.77231],[84.47721,27.7701],[84.48203,27.77254],[84.48217,27.77719],[84.47748,27.7794],[84.47266,27.77696]]]}},{"type":"Feature","properties":{"population":115,"fill":"#fdbb84","fill-opacity":0.55,"stroke":"#7f1d1d","stroke-width":0.3,"stroke-opacity":0.4},"geometry":{"type":"Polygon","coordinates":[[[85.34028,28.13943],[85.34051,28.14412],[85.33588,28.14638],[85.33102,28.14397],[85.33079,28.13929],[85.33542,28.13702],[85.34028,28.13943]]]}},{"type":"Feature","properties":{"population":128,"fill":"#fdbb84","fill-opacity":0.55,"stroke":"#7f1d1d","stroke-width":0.3,"stroke-opacity":0.4},"geometry":{"type":"Polygon","coordinates":[[[84.6685,27.82568],[84.66872,27.83036],[84.66411,27.83262],[84.65928,27.83018],[84.65907,27.82549],[84.66367,27.82324],[84.6685,27.82568]]]}},{"type":"Feature","properties":{"population":35,"fill":"#fee8c8","fill-opacity":0.55,"stroke":"#7f1d1d","stroke-width":0.3,"stroke-opacity":0.4},"geometry":{"type":"Polygon","coordinates":[[[84.46891,27.81174],[84.46878,27.80709],[84.47347,27.80488],[84.47829,27.80732],[84.47842,27.81197],[84.47373,27.81418],[84.46891,27.81174]]]}},{"type":"Feature","properties":{"population":432,"fill":"#fc8d59","fill-opacity":0.55,"stroke":"#7f1d1d","stroke-width":0.3,"stroke-opacity":0.4},"geometry":{"type":"Polygon","coordinates":[[[85.14287,27.87633],[85.1431,27.88102],[85.13848,27.88329],[85.13363,27.88087],[85.13341,27.87618],[85.13802,27.87391],[85.14287,27.87633]]]}},{"type":"Feature","properties":{"population":11,"fill":"#fee8c8","fill-opacity":0.55,"stroke":"#7f1d1d","stroke-width":0.3,"stroke-opacity":0.4},"geometry":{"type":"Polygon","coordinates":[[[85.35501,28.25636],[85.35482,28.25169],[85.35948,28.24944],[85.36435,28.25186],[85.36454,28.25652],[85.35988,28.25877],[85.35501,28.25636]]]}},{"type":"Feature","properties":{"population":197,"fill":"#fdbb84","fill-opacity":0.55,"stroke":"#7f1d1d","stroke-width":0.3,"stroke-opacity":0.4},"geometry":{"type":"Polygon","coordinates":[[[84.89943,27.82295],[84.89965,27.82764],[84.89504,27.82991],[84.8902,27.82748],[84.88998,27.82278],[84.89459,27.82052],[84.89943,27.82295]]]}},{"type":"Feature","properties":{"population":769,"fill":"#e34a33","fill-opacity":0.55,"stroke":"#7f1d1d","stroke-width":0.3,"stroke-opacity":0.4},"geometry":{"type":"Polygon","coordinates":[[[85.16452,27.93294],[85.16475,27.93763],[85.16013,27.9399],[85.15528,27.93748],[85.15505,27.93279],[85.15967,27.93052],[85.16452,27.93294]]]}},{"type":"Feature","properties":{"population":413,"fill":"#fc8d59","fill-opacity":0.55,"stroke":"#7f1d1d","stroke-width":0.3,"stroke-opacity":0.4},"geometry":{"type":"Polygon","coordinates":[[[84.60866,27.8779],[84.60852,27.87325],[84.6132,27.87103],[84.61803,27.87347],[84.61817,27.87812],[84.61349,27.88034],[84.60866,27.8779]]]}},{"type":"Feature","properties":{"population":341,"fill":"#fc8d59","fill-opacity":0.55,"stroke":"#7f1d1d","stroke-width":0.3,"stroke-opacity":0.4},"geometry":{"type":"Polygon","coordinates":[[[84.97434,27.81019],[84.97457,27.81489],[84.96995,27.81715],[84.96512,27.81473],[84.96489,27.81003],[84.96951,27.80777],[84.97434,27.81019]]]}},{"type":"Feature","properties":{"population":215,"fill":"#fc8d59","fill-opacity":0.55,"stroke":"#7f1d1d","stroke-width":0.3,"stroke-opacity":0.4},"geometry":{"type":"Polygon","coordinates":[[[84.73257,27.78472],[84.73278,27.78941],[84.72818,27.79167],[84.72335,27.78924],[84.72313,27.78454],[84.72774,27.78229],[84.73257,27.78472]]]}},{"type":"Feature","properties":{"population":294,"fill":"#fc8d59","fill-opacity":0.55,"stroke":"#7f1d1d","stroke-width":0.3,"stroke-opacity":0.4},"geometry":{"type":"Polygon","coordinates":[[[84.76658,27.80646],[84.7668,27.81115],[84.76219,27.81341],[84.75736,27.81097],[84.75714,27.80628],[84.76175,27.80402],[84.76658,27.80646]]]}},{"type":"Feature","properties":{"population":159,"fill":"#fdbb84","fill-opacity":0.55,"stroke":"#7f1d1d","stroke-width":0.3,"stroke-opacity":0.4},"geometry":{"type":"Polygon","coordinates":[[[84.43279,27.71547],[84.433,27.72016],[84.4284,27.72241],[84.42359,27.71996],[84.42337,27.71527],[84.42797,27.71302],[84.43279,27.71547]]]}},{"type":"Feature","properties":{"population":101,"fill":"#fdbb84","fill-opacity":0.55,"stroke":"#7f1d1d","stroke-width":0.3,"stroke-opacity":0.4},"geometry":{"type":"Polygon","coordinates":[[[85.32571,28.13219],[85.32594,28.13687],[85.32131,28.13914],[85.31645,28.13672],[85.31622,28.13204],[85.32085,28.12977],[85.32571,28.13219]]]}},{"type":"Feature","properties":{"population":138,"fill":"#fdbb84","fill-opacity":0.55,"stroke":"#7f1d1d","stroke-width":0.3,"stroke-opacity":0.4},"geometry":{"type":"Polygon","coordinates":[[[84.93655,27.80954],[84.93677,27.81423],[84.93216,27.8165],[84.92732,27.81407],[84.9271,27.80937],[84.93171,27.80711],[84.93655,27.80954]]]}},{"type":"Feature","properties":{"population":606,"fill":"#e34a33","fill-opacity":0.55,"stroke":"#7f1d1d","stroke-width":0.3,"stroke-opacity":0.4},"geometry":{"type":"Polygon","coordinates":[[[85.02801,27.84629],[85.02824,27.85098],[85.02362,27.85325],[85.01878,27.85082],[85.01856,27.84613],[85.02317,27.84386],[85.02801,27.84629]]]}},{"type":"Feature","properties":{"population":47,"fill":"#fee8c8","fill-opacity":0.55,"stroke":"#7f1d1d","stroke-width":0.3,"stroke-opacity":0.4},"geometry":{"type":"Polygon","coordinates":[[[85.20854,28.06013],[85.20877,28.06481],[85.20415,28.06707],[85.1993,28.06466],[85.19907,28.05997],[85.20369,28.05771],[85.20854,28.06013]]]}},{"type":"Feature","properties":{"population":40,"fill":"#fee8c8","fill-opacity":0.55,"stroke":"#7f1d1d","stroke-width":0.3,"stroke-opacity":0.4},"geometry":{"type":"Polygon","coordinates":[[[85.11448,27.87587],[85.11471,27.88056],[85.11009,27.88283],[85.10525,27.8804],[85.10502,27.87571],[85.10964,27.87344],[85.11448,27.87587]]]}},{"type":"Feature","properties":{"population":106,"fill":"#fdbb84","fill-opacity":0.55,"stroke":"#7f1d1d","stroke-width":0.3,"stroke-opacity":0.4},"geometry":{"type":"Polygon","coordinates":[[[84.94972,27.78866],[84.94994,27.79335],[84.94533,27.79562],[84.94049,27.79319],[84.94027,27.78849],[84.94488,27.78623],[84.94972,27.78866]]]}},{"type":"Feature","properties":{"population":48,"fill":"#fee8c8","fill-opacity":0.55,"stroke":"#7f1d1d","stroke-width":0.3,"stroke-opacity":0.4},"geometry":{"type":"Polygon","coordinates":[[[84.41225,27.82429],[84.41212,27.81963],[84.41681,27.81742],[84.42163,27.81987],[84.42176,27.82452],[84.41707,27.82673],[84.41225,27.82429]]]}},{"type":"Feature","properties":{"population":126,"fill":"#fdbb84","fill-opacity":0.55,"stroke":"#7f1d1d","stroke-width":0.3,"stroke-opacity":0.4},"geometry":{"type":"Polygon","coordinates":[[[84.48874,27.84014],[84.4886,27.83548],[84.49329,27.83327],[84.49811,27.83571],[84.49825,27.84037],[84.49356,27.84258],[84.48874,27.84014]]]}},{"type":"Feature","properties":{"population":88,"fill":"#fdbb84","fill-opacity":0.55,"stroke":"#7f1d1d","stroke-width":0.3,"stroke-opacity":0.4},"geometry":{"type":"Polygon","coordinates":[[[84.77097,27.79951],[84.77119,27.8042],[84.76658,27.80646],[84.76175,27.80402],[84.76153,27.79933],[84.76614,27.79707],[84.77097,27.79951]]]}},{"type":"Feature","properties":{"population":317,"fill":"#fc8d59","fill-opacity":0.55,"stroke":"#7f1d1d","stroke-width":0.3,"stroke-opacity":0.4},"geometry":{"type":"Polygon","coordinates":[[[84.4491,27.78335],[84.44897,27.7787],[84.45366,27.77649],[84.45848,27.77893],[84.45861,27.78358],[84.45392,27.78579],[84.4491,27.78335]]]}},{"type":"Feature","properties":{"population":207,"fill":"#fc8d59","fill-opacity":0.55,"stroke":"#7f1d1d","stroke-width":0.3,"stroke-opacity":0.4},"geometry":{"type":"Polygon","coordinates":[[[84.85659,27.81515],[84.85681,27.81984],[84.8522,27.8221],[84.84737,27.81967],[84.84715,27.81498],[84.85176,27.81272],[84.85659,27.81515]]]}},{"type":"Feature","properties":{"population":7,"fill":"#fee8c8","fill-opacity":0.55,"stroke":"#7f1d1d","stroke-width":0.3,"stroke-opacity":0.4},"geometry":{"type":"Polygon","coordinates":[[[85.35889,28.23545],[85.35869,28.23078],[85.36336,28.22853],[85.36822,28.23094],[85.36842,28.23561],[85.36375,28.23786],[85.35889,28.23545]]]}},{"type":"Feature","properties":{"population":11,"fill":"#fee8c8","fill-opacity":0.55,"stroke":"#7f1d1d","stroke-width":0.3,"stroke-opacity":0.4},"geometry":{"type":"Polygon","coordinates":[[[84.51231,27.83373],[84.51217,27.82908],[84.51686,27.82687],[84.52168,27.82931],[84.52182,27.83396],[84.51713,27.83617],[84.51231,27.83373]]]}},{"type":"Feature","properties":{"population":310,"fill":"#fc8d59","fill-opacity":0.55,"stroke":"#7f1d1d","stroke-width":0.3,"stroke-opacity":0.4},"geometry":{"type":"Polygon","coordinates":[[[84.5851,27.88433],[84.58496,27.87967],[84.58964,27.87745],[84.59447,27.87989],[84.59461,27.88455],[84.58993,27.88677],[84.5851,27.88433]]]}},{"type":"Feature","properties":{"population":281,"fill":"#fc8d59","fill-opacity":0.55,"stroke":"#7f1d1d","stroke-width":0.3,"stroke-opacity":0.4},"geometry":{"type":"Polygon","coordinates":[[[84.8792,27.79445],[84.87943,27.79915],[84.87482,27.80141],[84.86998,27.79898],[84.86976,27.79428],[84.87437,27.79202],[84.8792,27.79445]]]}},{"type":"Feature","properties":{"population":631,"fill":"#e34a33","fill-opacity":0.55,"stroke":"#7f1d1d","stroke-width":0.3,"stroke-opacity":0.4},"geometry":{"type":"Polygon","coordinates":[[[85.16149,27.96804],[85.16172,27.97273],[85.1571,27.97499],[85.15225,27.97257],[85.15202,27.96788],[85.15664,27.96562],[85.16149,27.96804]]]}},{"type":"Feature","properties":{"population":241,"fill":"#fc8d59","fill-opacity":0.55,"stroke":"#7f1d1d","stroke-width":0.3,"stroke-opacity":0.4},"geometry":{"type":"Polygon","coordinates":[[[85.21293,28.05317],[85.21316,28.05786],[85.20854,28.06013],[85.20369,28.05771],[85.20346,28.05302],[85.20808,28.05076],[85.21293,28.05317]]]}},{"type":"Feature","properties":{"population":423,"fill":"#fc8d59","fill-opacity":0.55,"stroke":"#7f1d1d","stroke-width":0.3,"stroke-opacity":0.4},"geometry":{"type":"Polygon","coordinates":[[[85.09928,27.85451],[85.0995,27.85921],[85.09489,27.86148],[85.09004,27.85905],[85.08982,27.85436],[85.09443,27.85209],[85.09928,27.85451]]]}},{"type":"Feature","properties":{"population":73,"fill":"#fdbb84","fill-opacity":0.55,"stroke":"#7f1d1d","stroke-width":0.3,"stroke-opacity":0.4},"geometry":{"type":"Polygon","coordinates":[[[84.97806,27.78915],[84.97829,27.79384],[84.97367,27.79611],[84.96884,27.79368],[84.96861,27.78898],[84.97323,27.78672],[84.97806,27.78915]]]}},{"type":"Feature","properties":{"population":30,"fill":"#fee8c8","fill-opacity":0.55,"stroke":"#7f1d1d","stroke-width":0.3,"stroke-opacity":0.4},"geometry":{"type":"Polygon","coordinates":[[[84.74836,27.82018],[84.74858,27.82487],[84.74397,27.82713],[84.73915,27.82469],[84.73893,27.82],[84.74353,27.81774],[84.74836,27.82018]]]}},{"type":"Feature","properties":{"population":18,"fill":"#fee8c8","fill-opacity":0.55,"stroke":"#7f1d1d","stroke-width":0.3,"stroke-opacity":0.4},"geometry":{"type":"Polygon","coordinates":[[[85.20073,27.99678],[85.20096,28.00147],[85.19633,28.00374],[85.19149,28.00132],[85.19126,27.99663],[85.19588,27.99436],[85.20073,27.99678]]]}},{"type":"Feature","properties":{"population":14,"fill":"#fee8c8","fill-opacity":0.55,"stroke":"#7f1d1d","stroke-width":0.3,"stroke-opacity":0.4},"geometry":{"type":"Polygon","coordinates":[[[84.40498,27.73343],[84.40485,27.72878],[84.40953,27.72658],[84.41435,27.72902],[84.41448,27.73367],[84.40979,27.73588],[84.40498,27.73343]]]}},{"type":"Feature","properties":{"population":16,"fill":"#fee8c8","fill-opacity":0.55,"stroke":"#7f1d1d","stroke-width":0.3,"stroke-opacity":0.4},"geometry":{"type":"Polygon","coordinates":[[[85.30743,28.14594],[85.30766,28.15062],[85.30304,28.15288],[85.29818,28.15047],[85.29795,28.14579],[85.30258,28.14352],[85.30743,28.14594]]]}},{"type":"Feature","properties":{"population":1108,"fill":"#e34a33","fill-opacity":0.55,"stroke":"#7f1d1d","stroke-width":0.3,"stroke-opacity":0.4},"geometry":{"type":"Polygon","coordinates":[[[84.75209,27.79916],[84.75231,27.80385],[84.7477,27.8061],[84.74288,27.80367],[84.74266,27.79898],[84.74727,27.79672],[84.75209,27.79916]]]}},{"type":"Feature","properties":{"population":246,"fill":"#fc8d59","fill-opacity":0.55,"stroke":"#7f1d1d","stroke-width":0.3,"stroke-opacity":0.4},"geometry":{"type":"Polygon","coordinates":[[[84.45326,27.76253],[84.45313,27.75788],[84.45781,27.75567],[84.46263,27.75812],[84.46276,27.76277],[84.45808,27.76498],[84.45326,27.76253]]]}},{"type":"Feature","properties":{"population":361,"fill":"#fc8d59","fill-opacity":0.55,"stroke":"#7f1d1d","stroke-width":0.3,"stroke-opacity":0.4},"geometry":{"type":"Polygon","coordinates":[[[85.22886,28.08854],[85.22909,28.09322],[85.22446,28.09548],[85.21961,28.09307],[85.21938,28.08838],[85.22401,28.08612],[85.22886,28.08854]]]}},{"type":"Feature","properties":{"population":498,"fill":"#fc8d59","fill-opacity":0.55,"stroke":"#7f1d1d","stroke-width":0.3,"stroke-opacity":0.4},"geometry":{"type":"Polygon","coordinates":[[[85.12327,27.86194],[85.12349,27.86663],[85.11887,27.8689],[85.11403,27.86648],[85.11381,27.86179],[85.11842,27.85952],[85.12327,27.86194]]]}},{"type":"Feature","properties":{"population":432,"fill":"#fc8d59","fill-opacity":0.55,"stroke":"#7f1d1d","stroke-width":0.3,"stroke-opacity":0.4},"geometry":{"type":"Polygon","coordinates":[[[84.86098,27.80819],[84.8612,27.81289],[84.85659,27.81515],[84.85176,27.81272],[84.85154,27.80802],[84.85615,27.80576],[84.86098,27.80819]]]}},{"type":"Feature","properties":{"population":19,"fill":"#fee8c8","fill-opacity":0.55,"stroke":"#7f1d1d","stroke-width":0.3,"stroke-opacity":0.4},"geometry":{"type":"Polygon","coordinates":[[[84.54083,27.83442],[84.54069,27.82977],[84.54538,27.82755],[84.5502,27.83],[84.55034,27.83465],[84.54565,27.83686],[84.54083,27.83442]]]}},{"type":"Feature","properties":{"population":18,"fill":"#fee8c8","fill-opacity":0.55,"stroke":"#7f1d1d","stroke-width":0.3,"stroke-opacity":0.4},"geometry":{"type":"Polygon","coordinates":[[[84.58552,27.8983],[84.58538,27.89364],[84.59007,27.89142],[84.5949,27.89386],[84.59504,27.89852],[84.59035,27.90074],[84.58552,27.8983]]]}},{"type":"Feature","properties":{"population":531,"fill":"#e34a33","fill-opacity":0.55,"stroke":"#7f1d1d","stroke-width":0.3,"stroke-opacity":0.4},"geometry":{"type":"Polygon","coordinates":[[[84.94027,27.78849],[84.94049,27.79319],[84.93588,27.79545],[84.93104,27.79302],[84.93082,27.78833],[84.93543,27.78606],[84.94027,27.78849]]]}},{"type":"Feature","properties":{"population":239,"fill":"#fc8d59","fill-opacity":0.55,"stroke":"#7f1d1d","stroke-width":0.3,"stroke-opacity":0.4},"geometry":{"type":"Polygon","coordinates":[[[85.16588,27.96108],[85.16611,27.96577],[85.16149,27.96804],[85.15664,27.96562],[85.15642,27.96093],[85.16104,27.95866],[85.16588,27.96108]]]}},{"type":"Feature","properties":{"population":135,"fill":"#fdbb84","fill-opacity":0.55,"stroke":"#7f1d1d","stroke-width":0.3,"stroke-opacity":0.4},"geometry":{"type":"Polygon","coordinates":[[[84.58922,27.86349],[84.58907,27.85883],[84.59376,27.85662],[84.59858,27.85906],[84.59873,27.86371],[84.59404,27.86593],[84.58922,27.86349]]]}},{"type":"Feature","properties":{"population":10,"fill":"#fee8c8","fill-opacity":0.55,"stroke":"#7f1d1d","stroke-width":0.3,"stroke-opacity":0.4},"geometry":{"type":"Polygon","coordinates":[[[84.51645,27.8129],[84.51631,27.80825],[84.52099,27.80604],[84.52581,27.80848],[84.52595,27.81313],[84.52127,27.81535],[84.51645,27.8129]]]}},{"type":"Feature","properties":{"population":79,"fill":"#fdbb84","fill-opacity":0.55,"stroke":"#7f1d1d","stroke-width":0.3,"stroke-opacity":0.4},"geometry":{"type":"Polygon","coordinates":[[[85.19399,28.05287],[85.19422,28.05755],[85.1896,28.05982],[85.18475,28.0574],[85.18452,28.05271],[85.18914,28.05045],[85.19399,28.05287]]]}},{"type":"Feature","properties":{"population":364,"fill":"#fc8d59","fill-opacity":0.55,"stroke":"#7f1d1d","stroke-width":0.3,"stroke-opacity":0.4},"geometry":{"type":"Polygon","coordinates":[[[84.73388,27.81287],[84.7341,27.81757],[84.72949,27.81982],[84.72466,27.81739],[84.72444,27.81269],[84.72905,27.81044],[84.73388,27.81287]]]}},{"type":"Feature","properties":{"population":13,"fill":"#fee8c8","fill-opacity":0.55,"stroke":"#7f1d1d","stroke-width":0.3,"stroke-opacity":0.4},"geometry":{"type":"Polygon","coordinates":[[[85.30605,28.11784],[85.30628,28.12253],[85.30166,28.12479],[85.2968,28.12238],[85.29657,28.11769],[85.3012,28.11543],[85.30605,28.11784]]]}},{"type":"Feature","properties":{"population":473,"fill":"#fc8d59","fill-opacity":0.55,"stroke":"#7f1d1d","stroke-width":0.3,"stroke-opacity":0.4},"geometry":{"type":"Polygon","coordinates":[[[84.95105,27.81683],[84.95128,27.82152],[84.94666,27.82378],[84.94183,27.82136],[84.94161,27.81666],[84.94622,27.8144],[84.95105,27.81683]]]}},{"type":"Feature","properties":{"population":20,"fill":"#fee8c8","fill-opacity":0.55,"stroke":"#7f1d1d","stroke-width":0.3,"stroke-opacity":0.4},"geometry":{"type":"Polygon","coordinates":[[[85.1977,28.03186],[85.19793,28.03654],[85.19331,28.03881],[85.18846,28.03639],[85.18823,28.0317],[85.19285,28.02944],[85.1977,28.03186]]]}},{"type":"Feature","properties":{"population":29,"fill":"#fee8c8","fill-opacity":0.55,"stroke":"#7f1d1d","stroke-width":0.3,"stroke-opacity":0.4},"geometry":{"type":"Polygon","coordinates":[[[84.46931,27.8257],[84.46918,27.82105],[84.47387,27.81884],[84.47869,27.82128],[84.47882,27.82594],[84.47413,27.82815],[84.46931,27.8257]]]}},{"type":"Feature","properties":{"population":283,"fill":"#fc8d59","fill-opacity":0.55,"stroke":"#7f1d1d","stroke-width":0.3,"stroke-opacity":0.4},"geometry":{"type":"Polygon","coordinates":[[[85.21938,28.08838],[85.21961,28.09307],[85.21499,28.09533],[85.21014,28.09291],[85.20991,28.08823],[85.21453,28.08596],[85.21938,28.08838]]]}},{"type":"Feature","properties":{"population":6,"fill":"#fee8c8","fill-opacity":0.55,"stroke":"#7f1d1d","stroke-width":0.3,"stroke-opacity":0.4},"geometry":{"type":"Polygon","coordinates":[[[85.36007,28.26344],[85.35988,28.25877],[85.36454,28.25652],[85.36941,28.25894],[85.3696,28.2636],[85.36494,28.26586],[85.36007,28.26344]]]}},{"type":"Feature","properties":{"population":72,"fill":"#fdbb84","fill-opacity":0.55,"stroke":"#7f1d1d","stroke-width":0.3,"stroke-opacity":0.4},"geometry":{"type":"Polygon","coordinates":[[[84.56565,27.86991],[84.56551,27.86525],[84.5702,27.86303],[84.57502,27.86548],[84.57516,27.87013],[84.57048,27.87235],[84.56565,27.86991]]]}},{"type":"Feature","properties":{"population":340,"fill":"#fc8d59","fill-opacity":0.55,"stroke":"#7f1d1d","stroke-width":0.3,"stroke-opacity":0.4},"geometry":{"type":"Polygon","coordinates":[[[84.91326,27.81616],[84.91349,27.82086],[84.90887,27.82312],[84.90404,27.82069],[84.90382,27.816],[84.90843,27.81373],[84.91326,27.81616]]]}},{"type":"Feature","properties":{"population":174,"fill":"#fdbb84","fill-opacity":0.55,"stroke":"#7f1d1d","stroke-width":0.3,"stroke-opacity":0.4},"geometry":{"type":"Polygon","coordinates":[[[85.01215,27.81084],[85.01237,27.81554],[85.00776,27.8178],[85.00292,27.81537],[85.0027,27.81068],[85.00731,27.80841],[85.01215,27.81084]]]}},{"type":"Feature","properties":{"population":153,"fill":"#fdbb84","fill-opacity":0.55,"stroke":"#7f1d1d","stroke-width":0.3,"stroke-opacity":0.4},"geometry":{"type":"Polygon","coordinates":[[[85.18111,27.98241],[85.18133,27.9871],[85.17671,27.98937],[85.17187,27.98695],[85.17164,27.98226],[85.17626,27.97999],[85.18111,27.98241]]]}},{"type":"Feature","properties":{"population":39,"fill":"#fee8c8","fill-opacity":0.55,"stroke":"#7f1d1d","stroke-width":0.3,"stroke-opacity":0.4},"geometry":{"type":"Polygon","coordinates":[[[84.80499,27.82124],[84.80521,27.82593],[84.8006,27.82819],[84.79577,27.82575],[84.79555,27.82106],[84.80016,27.8188],[84.80499,27.82124]]]}},{"type":"Feature","properties":{"population":21,"fill":"#fee8c8","fill-opacity":0.55,"stroke":"#7f1d1d","stroke-width":0.3,"stroke-opacity":0.4},"geometry":{"type":"Polygon","coordinates":[[[84.73761,27.79185],[84.73783,27.79654],[84.73322,27.7988],[84.7284,27.79636],[84.72818,27.79167],[84.73278,27.78941],[84.73761,27.79185]]]}},{"type":"Feature","properties":{"population":201,"fill":"#fc8d59","fill-opacity":0.55,"stroke":"#7f1d1d","stroke-width":0.3,"stroke-opacity":0.4},"geometry":{"type":"Polygon","coordinates":[[[84.43881,27.7552],[84.43868,27.75055],[84.44337,27.74834],[84.44818,27.75079],[84.44831,27.75544],[84.44363,27.75764],[84.43881,27.7552]]]}},{"type":"Feature","properties":{"population":387,"fill":"#fc8d59","fill-opacity":0.55,"stroke":"#7f1d1d","stroke-width":0.3,"stroke-opacity":0.4},"geometry":{"type":"Polygon","coordinates":[[[85.28778,28.13159],[85.28801,28.13627],[85.28339,28.13854],[85.27853,28.13612],[85.2783,28.13144],[85.28293,28.12918],[85.28778,28.13159]]]}},{"type":"Feature","properties":{"population":17,"fill":"#fee8c8","fill-opacity":0.55,"stroke":"#7f1d1d","stroke-width":0.3,"stroke-opacity":0.4},"geometry":{"type":"Polygon","coordinates":[[[84.78611,27.82089],[84.78633,27.82558],[84.78173,27.82784],[84.7769,27.8254],[84.77668,27.82071],[84.78129,27.81845],[84.78611,27.82089]]]}},{"type":"Feature","properties":{"population":376,"fill":"#fc8d59","fill-opacity":0.55,"stroke":"#7f1d1d","stroke-width":0.3,"stroke-opacity":0.4},"geometry":{"type":"Polygon","coordinates":[[[84.44659,27.70872],[84.4468,27.71342],[84.4422,27.71566],[84.43739,27.71322],[84.43717,27.70853],[84.44177,27.70628],[84.44659,27.70872]]]}},{"type":"Feature","properties":{"population":8,"fill":"#fee8c8","fill-opacity":0.55,"stroke":"#7f1d1d","stroke-width":0.3,"stroke-opacity":0.4},"geometry":{"type":"Polygon","coordinates":[[[85.41399,28.29933],[85.41379,28.29466],[85.41846,28.2924],[85.42332,28.29482],[85.42353,28.29948],[85.41886,28.30174],[85.41399,28.29933]]]}},{"type":"Feature","properties":{"population":361,"fill":"#fc8d59","fill-opacity":0.55,"stroke":"#7f1d1d","stroke-width":0.3,"stroke-opacity":0.4},"geometry":{"type":"Polygon","coordinates":[[[84.84143,27.79377],[84.84165,27.79847],[84.83704,27.80073],[84.83221,27.79829],[84.83199,27.7936],[84.8366,27.79134],[84.84143,27.79377]]]}},{"type":"Feature","properties":{"population":179,"fill":"#fdbb84","fill-opacity":0.55,"stroke":"#7f1d1d","stroke-width":0.3,"stroke-opacity":0.4},"geometry":{"type":"Polygon","coordinates":[[[84.57474,27.85616],[84.5746,27.85151],[84.57928,27.8493],[84.58411,27.85174],[84.58425,27.85639],[84.57956,27.85861],[84.57474,27.85616]]]}},{"type":"Feature","properties":{"population":128,"fill":"#fdbb84","fill-opacity":0.55,"stroke":"#7f1d1d","stroke-width":0.3,"stroke-opacity":0.4},"geometry":{"type":"Polygon","coordinates":[[[84.94161,27.81666],[84.94183,27.82136],[84.93722,27.82362],[84.93238,27.82119],[84.93216,27.8165],[84.93677,27.81423],[84.94161,27.81666]]]}},{"type":"Feature","properties":{"population":117,"fill":"#fdbb84","fill-opacity":0.55,"stroke":"#7f1d1d","stroke-width":0.3,"stroke-opacity":0.4},"geometry":{"type":"Polygon","coordinates":[[[85.14627,27.9467],[85.1465,27.95139],[85.14188,27.95366],[85.13703,27.95124],[85.1368,27.94655],[85.14142,27.94428],[85.14627,27.9467]]]}},{"type":"Feature","properties":{"population":31,"fill":"#fee8c8","fill-opacity":0.55,"stroke":"#7f1d1d","stroke-width":0.3,"stroke-opacity":0.4},"geometry":{"type":"Polygon","coordinates":[[[85.13409,27.89025],[85.13431,27.89495],[85.12969,27.89722],[85.12485,27.89479],[85.12462,27.8901],[85.12924,27.88783],[85.13409,27.89025]]]}},{"type":"Feature","properties":{"population":224,"fill":"#fc8d59","fill-opacity":0.55,"stroke":"#7f1d1d","stroke-width":0.3,"stroke-opacity":0.4},"geometry":{"type":"Polygon","coordinates":[[[84.71435,27.79844],[84.71457,27.80313],[84.70996,27.80539],[84.70514,27.80295],[84.70492,27.79826],[84.70953,27.796],[84.71435,27.79844]]]}},{"type":"Feature","properties":{"population":41,"fill":"#fee8c8","fill-opacity":0.55,"stroke":"#7f1d1d","stroke-width":0.3,"stroke-opacity":0.4},"geometry":{"type":"Polygon","coordinates":[[[84.80872,27.80021],[84.80894,27.8049],[84.80433,27.80716],[84.7995,27.80473],[84.79928,27.80003],[84.80389,27.79778],[84.80872,27.80021]]]}},{"type":"Feature","properties":{"population":87,"fill":"#fdbb84","fill-opacity":0.55,"stroke":"#7f1d1d","stroke-width":0.3,"stroke-opacity":0.4},"geometry":{"type":"Polygon","coordinates":[[[85.03106,27.81116],[85.03128,27.81585],[85.02666,27.81812],[85.02183,27.8157],[85.0216,27.811],[85.02622,27.80873],[85.03106,27.81116]]]}},{"type":"Feature","properties":{"population":47,"fill":"#fee8c8","fill-opacity":0.55,"stroke":"#7f1d1d","stroke-width":0.3,"stroke-opacity":0.4},"geometry":{"type":"Polygon","coordinates":[[[84.42593,27.8037],[84.4258,27.79904],[84.43049,27.79683],[84.43531,27.79928],[84.43544,27.80393],[84.43075,27.80614],[84.42593,27.8037]]]}},{"type":"Feature","properties":{"population":113,"fill":"#fdbb84","fill-opacity":0.55,"stroke":"#7f1d1d","stroke-width":0.3,"stroke-opacity":0.4},"geometry":{"type":"Polygon","coordinates":[[[84.82255,27.79343],[84.82277,27.79812],[84.81816,27.80038],[84.81333,27.79795],[84.81311,27.79326],[84.81772,27.791],[84.82255,27.79343]]]}},{"type":"Feature","properties":{"population":289,"fill":"#fc8d59","fill-opacity":0.55,"stroke":"#7f1d1d","stroke-width":0.3,"stroke-opacity":0.4},"geometry":{"type":"Polygon","coordinates":[[[85.17808,28.01749],[85.1783,28.02218],[85.17368,28.02444],[85.16884,28.02202],[85.16861,28.01734],[85.17323,28.01507],[85.17808,28.01749]]]}},{"type":"Feature","properties":{"population":5,"fill":"#fee8c8","fill-opacity":0.55,"stroke":"#7f1d1d","stroke-width":0.3,"stroke-opacity":0.4},"geometry":{"type":"Polygon","coordinates":[[[84.71062,27.81946],[84.71084,27.82415],[84.70623,27.82641],[84.7014,27.82397],[84.70119,27.81928],[84.70579,27.81702],[84.71062,27.81946]]]}},{"type":"Feature","properties":{"population":5,"fill":"#fee8c8","fill-opacity":0.55,"stroke":"#7f1d1d","stroke-width":0.3,"stroke-opacity":0.4},"geometry":{"type":"Polygon","coordinates":[[[84.41903,27.72682],[84.4189,27.72217],[84.42359,27.71996],[84.4284,27.72241],[84.42853,27.72706],[84.42385,27.72926],[84.41903,27.72682]]]}},{"type":"Feature","properties":{"population":306,"fill":"#fc8d59","fill-opacity":0.55,"stroke":"#7f1d1d","stroke-width":0.3,"stroke-opacity":0.4},"geometry":{"type":"Polygon","coordinates":[[[84.45821,27.76963],[84.45808,27.76498],[84.46276,27.76277],[84.46758,27.76521],[84.46771,27.76986],[84.46303,27.77207],[84.45821,27.76963]]]}},{"type":"Feature","properties":{"population":33,"fill":"#fee8c8","fill-opacity":0.55,"stroke":"#7f1d1d","stroke-width":0.3,"stroke-opacity":0.4},"geometry":{"type":"Polygon","coordinates":[[[85.03545,27.8042],[85.03567,27.80889],[85.03106,27.81116],[85.02622,27.80873],[85.02599,27.80404],[85.03061,27.80177],[85.03545,27.8042]]]}},{"type":"Feature","properties":{"population":18,"fill":"#fee8c8","fill-opacity":0.55,"stroke":"#7f1d1d","stroke-width":0.3,"stroke-opacity":0.4},"geometry":{"type":"Polygon","coordinates":[[[84.55488,27.82778],[84.55474,27.82313],[84.55943,27.82092],[84.56425,27.82336],[84.56439,27.82801],[84.55971,27.83022],[84.55488,27.82778]]]}},{"type":"Feature","properties":{"population":336,"fill":"#fc8d59","fill-opacity":0.55,"stroke":"#7f1d1d","stroke-width":0.3,"stroke-opacity":0.4},"geometry":{"type":"Polygon","coordinates":[[[84.92137,27.78816],[84.9216,27.79286],[84.91699,27.79512],[84.91215,27.79269],[84.91193,27.788],[84.91654,27.78573],[84.92137,27.78816]]]}},{"type":"Feature","properties":{"population":3409,"fill":"#b30000","fill-opacity":0.55,"stroke":"#7f1d1d","stroke-width":0.3,"stroke-opacity":0.4},"geometry":{"type":"Polygon","coordinates":[[[85.14998,27.92567],[85.15021,27.93037],[85.14559,27.93263],[85.14074,27.93021],[85.14052,27.92552],[85.14514,27.92325],[85.14998,27.92567]]]}},{"type":"Feature","properties":{"population":136,"fill":"#fdbb84","fill-opacity":0.55,"stroke":"#7f1d1d","stroke-width":0.3,"stroke-opacity":0.4},"geometry":{"type":"Polygon","coordinates":[[[84.59418,27.87058],[84.59404,27.86593],[84.59873,27.86371],[84.60355,27.86615],[84.60369,27.87081],[84.59901,27.87302],[84.59418,27.87058]]]}},{"type":"Feature","properties":{"population":485,"fill":"#fc8d59","fill-opacity":0.55,"stroke":"#7f1d1d","stroke-width":0.3,"stroke-opacity":0.4},"geometry":{"type":"Polygon","coordinates":[[[84.6467,27.87879],[84.64656,27.87413],[84.65124,27.87192],[84.65607,27.87435],[84.65621,27.87901],[84.65153,27.88123],[84.6467,27.87879]]]}},{"type":"Feature","properties":{"population":237,"fill":"#fc8d59","fill-opacity":0.55,"stroke":"#7f1d1d","stroke-width":0.3,"stroke-opacity":0.4},"geometry":{"type":"Polygon","coordinates":[[[85.13105,27.92537],[85.13128,27.93006],[85.12666,27.93232],[85.12182,27.9299],[85.12159,27.92521],[85.12621,27.92294],[85.13105,27.92537]]]}},{"type":"Feature","properties":{"population":287,"fill":"#fc8d59","fill-opacity":0.55,"stroke":"#7f1d1d","stroke-width":0.3,"stroke-opacity":0.4},"geometry":{"type":"Polygon","coordinates":[[[85.18247,28.01054],[85.1827,28.01523],[85.17808,28.01749],[85.17323,28.01507],[85.173,28.01038],[85.17762,28.00812],[85.18247,28.01054]]]}},{"type":"Feature","properties":{"population":12,"fill":"#fee8c8","fill-opacity":0.55,"stroke":"#7f1d1d","stroke-width":0.3,"stroke-opacity":0.4},"geometry":{"type":"Polygon","coordinates":[[[84.44574,27.8321],[84.4456,27.82744],[84.45029,27.82523],[84.45511,27.82768],[84.45525,27.83233],[84.45056,27.83454],[84.44574,27.8321]]]}},{"type":"Feature","properties":{"population":28,"fill":"#fee8c8","fill-opacity":0.55,"stroke":"#7f1d1d","stroke-width":0.3,"stroke-opacity":0.4},"geometry":{"type":"Polygon","coordinates":[[[84.79423,27.79291],[84.79445,27.7976],[84.78984,27.79986],[84.78501,27.79743],[84.78479,27.79273],[84.7894,27.79047],[84.79423,27.79291]]]}},{"type":"Feature","properties":{"population":21,"fill":"#fee8c8","fill-opacity":0.55,"stroke":"#7f1d1d","stroke-width":0.3,"stroke-opacity":0.4},"geometry":{"type":"Polygon","coordinates":[[[85.27116,28.08219],[85.27139,28.08688],[85.26676,28.08914],[85.26191,28.08673],[85.26168,28.08204],[85.2663,28.07978],[85.27116,28.08219]]]}},{"type":"Feature","properties":{"population":285,"fill":"#fc8d59","fill-opacity":0.55,"stroke":"#7f1d1d","stroke-width":0.3,"stroke-opacity":0.4},"geometry":{"type":"Polygon","coordinates":[[[85.01654,27.80388],[85.01676,27.80857],[85.01215,27.81084],[85.00731,27.80841],[85.00709,27.80372],[85.0117,27.80145],[85.01654,27.80388]]]}},{"type":"Feature","properties":{"population":72,"fill":"#fdbb84","fill-opacity":0.55,"stroke":"#7f1d1d","stroke-width":0.3,"stroke-opacity":0.4},"geometry":{"type":"Polygon","coordinates":[[[85.31114,28.12494],[85.31137,28.12962],[85.30674,28.13189],[85.30189,28.12948],[85.30166,28.12479],[85.30628,28.12253],[85.31114,28.12494]]]}},{"type":"Feature","properties":{"population":81,"fill":"#fdbb84","fill-opacity":0.55,"stroke":"#7f1d1d","stroke-width":0.3,"stroke-opacity":0.4},"geometry":{"type":"Polygon","coordinates":[[[84.41147,27.79636],[84.41134,27.7917],[84.41603,27.7895],[84.42085,27.79194],[84.42098,27.7966],[84.41629,27.7988],[84.41147,27.79636]]]}},{"type":"Feature","properties":{"population":106,"fill":"#fdbb84","fill-opacity":0.55,"stroke":"#7f1d1d","stroke-width":0.3,"stroke-opacity":0.4},"geometry":{"type":"Polygon","coordinates":[[[84.92204,27.80225],[84.92226,27.80694],[84.91765,27.80921],[84.91282,27.80678],[84.9126,27.80208],[84.91721,27.79982],[84.92204,27.80225]]]}},{"type":"Feature","properties":{"population":223,"fill":"#fc8d59","fill-opacity":0.55,"stroke":"#7f1d1d","stroke-width":0.3,"stroke-opacity":0.4},"geometry":{"type":"Polygon","coordinates":[[[84.63179,27.85751],[84.63164,27.85286],[84.63632,27.85064],[84.64115,27.85308],[84.64129,27.85773],[84.63661,27.85995],[84.63179,27.85751]]]}},{"type":"Feature","properties":{"population":171,"fill":"#fdbb84","fill-opacity":0.55,"stroke":"#7f1d1d","stroke-width":0.3,"stroke-opacity":0.4},"geometry":{"type":"Polygon","coordinates":[[[85.01349,27.83901],[85.01372,27.8437],[85.0091,27.84597],[85.00426,27.84354],[85.00404,27.83885],[85.00866,27.83658],[85.01349,27.83901]]]}},{"type":"Feature","properties":{"population":248,"fill":"#fc8d59","fill-opacity":0.55,"stroke":"#7f1d1d","stroke-width":0.3,"stroke-opacity":0.4},"geometry":{"type":"Polygon","coordinates":[[[85.06212,27.86796],[85.06234,27.87266],[85.05773,27.87492],[85.05289,27.8725],[85.05266,27.86781],[85.05728,27.86554],[85.06212,27.86796]]]}},{"type":"Feature","properties":{"population":325,"fill":"#fc8d59","fill-opacity":0.55,"stroke":"#7f1d1d","stroke-width":0.3,"stroke-opacity":0.4},"geometry":{"type":"Polygon","coordinates":[[[85.13544,27.91841],[85.13567,27.9231],[85.13105,27.92537],[85.12621,27.92294],[85.12598,27.91825],[85.1306,27.91598],[85.13544,27.91841]]]}},{"type":"Feature","properties":{"population":160,"fill":"#fdbb84","fill-opacity":0.55,"stroke":"#7f1d1d","stroke-width":0.3,"stroke-opacity":0.4},"geometry":{"type":"Polygon","coordinates":[[[84.98886,27.81748],[84.98908,27.82217],[84.98446,27.82444],[84.97963,27.82201],[84.9794,27.81732],[84.98402,27.81505],[84.98886,27.81748]]]}},{"type":"Feature","properties":{"population":31,"fill":"#fee8c8","fill-opacity":0.55,"stroke":"#7f1d1d","stroke-width":0.3,"stroke-opacity":0.4},"geometry":{"type":"Polygon","coordinates":[[[84.47427,27.8328],[84.47413,27.82815],[84.47882,27.82594],[84.48364,27.82838],[84.48378,27.83304],[84.47909,27.83525],[84.47427,27.8328]]]}},{"type":"Feature","properties":{"population":49,"fill":"#fee8c8","fill-opacity":0.55,"stroke":"#7f1d1d","stroke-width":0.3,"stroke-opacity":0.4},"geometry":{"type":"Polygon","coordinates":[[[84.41525,27.76158],[84.41512,27.75693],[84.41981,27.75472],[84.42463,27.75717],[84.42476,27.76182],[84.42007,27.76403],[84.41525,27.76158]]]}},{"type":"Feature","properties":{"population":18,"fill":"#fee8c8","fill-opacity":0.55,"stroke":"#7f1d1d","stroke-width":0.3,"stroke-opacity":0.4},"geometry":{"type":"Polygon","coordinates":[[[85.15877,27.91175],[85.15899,27.91645],[85.15437,27.91871],[85.14953,27.91629],[85.1493,27.9116],[85.15392,27.90933],[85.15877,27.91175]]]}},{"type":"Feature","properties":{"population":91,"fill":"#fdbb84","fill-opacity":0.55,"stroke":"#7f1d1d","stroke-width":0.3,"stroke-opacity":0.4},"geometry":{"type":"Polygon","coordinates":[[[84.65577,27.86504],[84.65563,27.86039],[84.66031,27.85817],[84.66513,27.86061],[84.66528,27.86526],[84.6606,27.86748],[84.65577,27.86504]]]}},{"type":"Feature","properties":{"population":53,"fill":"#fdbb84","fill-opacity":0.55,"stroke":"#7f1d1d","stroke-width":0.3,"stroke-opacity":0.4},"geometry":{"type":"Polygon","coordinates":[[[84.82388,27.82159],[84.8241,27.82628],[84.81949,27.82854],[84.81466,27.8261],[84.81443,27.82141],[84.81904,27.81915],[84.82388,27.82159]]]}},{"type":"Feature","properties":{"population":38,"fill":"#fee8c8","fill-opacity":0.55,"stroke":"#7f1d1d","stroke-width":0.3,"stroke-opacity":0.4},"geometry":{"type":"Polygon","coordinates":[[[85.32856,28.19297],[85.32836,28.18831],[85.33303,28.18606],[85.33788,28.18847],[85.33808,28.19314],[85.33341,28.19539],[85.32856,28.19297]]]}},{"type":"Feature","properties":{"population":134,"fill":"#fdbb84","fill-opacity":0.55,"stroke":"#7f1d1d","stroke-width":0.3,"stroke-opacity":0.4},"geometry":{"type":"Polygon","coordinates":[[[84.55117,27.86258],[84.55104,27.85793],[84.55572,27.85571],[84.56055,27.85815],[84.56069,27.86281],[84.556,27.86502],[84.55117,27.86258]]]}},{"type":"Feature","properties":{"population":67,"fill":"#fdbb84","fill-opacity":0.55,"stroke":"#7f1d1d","stroke-width":0.3,"stroke-opacity":0.4},"geometry":{"type":"Polygon","coordinates":[[[85.18921,27.95443],[85.18944,27.95912],[85.18482,27.96139],[85.17997,27.95897],[85.17974,27.95428],[85.18436,27.95201],[85.18921,27.95443]]]}},{"type":"Feature","properties":{"population":230,"fill":"#fc8d59","fill-opacity":0.55,"stroke":"#7f1d1d","stroke-width":0.3,"stroke-opacity":0.4},"geometry":{"type":"Polygon","coordinates":[[[85.08475,27.84724],[85.08498,27.85193],[85.08036,27.8542],[85.07552,27.85177],[85.07529,27.84708],[85.07991,27.84481],[85.08475,27.84724]]]}},{"type":"Feature","properties":{"population":141,"fill":"#fdbb84","fill-opacity":0.55,"stroke":"#7f1d1d","stroke-width":0.3,"stroke-opacity":0.4},"geometry":{"type":"Polygon","coordinates":[[[84.99325,27.81052],[84.99347,27.81521],[84.98886,27.81748],[84.98402,27.81505],[84.98379,27.81036],[84.98841,27.80809],[84.99325,27.81052]]]}},{"type":"Feature","properties":{"population":151,"fill":"#fdbb84","fill-opacity":0.55,"stroke":"#7f1d1d","stroke-width":0.3,"stroke-opacity":0.4},"geometry":{"type":"Polygon","coordinates":[[[85.18618,27.98952],[85.18641,27.99421],[85.18179,27.99648],[85.17694,27.99406],[85.17671,27.98937],[85.18133,27.9871],[85.18618,27.98952]]]}},{"type":"Feature","properties":{"population":242,"fill":"#fc8d59","fill-opacity":0.55,"stroke":"#7f1d1d","stroke-width":0.3,"stroke-opacity":0.4},"geometry":{"type":"Polygon","coordinates":[[[84.6911,27.80503],[84.69132,27.80972],[84.68671,27.81197],[84.68188,27.80953],[84.68166,27.80484],[84.68627,27.80259],[84.6911,27.80503]]]}},{"type":"Feature","properties":{"population":776,"fill":"#e34a33","fill-opacity":0.55,"stroke":"#7f1d1d","stroke-width":0.3,"stroke-opacity":0.4},"geometry":{"type":"Polygon","coordinates":[[[84.41981,27.75472],[84.41968,27.75007],[84.42437,27.74786],[84.42918,27.75031],[84.42931,27.75496],[84.42463,27.75717],[84.41981,27.75472]]]}},{"type":"Feature","properties":{"population":13,"fill":"#fee8c8","fill-opacity":0.55,"stroke":"#7f1d1d","stroke-width":0.3,"stroke-opacity":0.4},"geometry":{"type":"Polygon","coordinates":[[[85.29287,28.13869],[85.2931,28.14337],[85.28847,28.14564],[85.28362,28.14322],[85.28339,28.13854],[85.28801,28.13627],[85.29287,28.13869]]]}},{"type":"Feature","properties":{"population":216,"fill":"#fc8d59","fill-opacity":0.55,"stroke":"#7f1d1d","stroke-width":0.3,"stroke-opacity":0.4},"geometry":{"type":"Polygon","coordinates":[[[84.79116,27.82801],[84.79138,27.8327],[84.78677,27.83496],[84.78194,27.83253],[84.78173,27.82784],[84.78633,27.82558],[84.79116,27.82801]]]}},{"type":"Feature","properties":{"population":6,"fill":"#fee8c8","fill-opacity":0.55,"stroke":"#7f1d1d","stroke-width":0.3,"stroke-opacity":0.4},"geometry":{"type":"Polygon","coordinates":[[[85.34166,28.16752],[85.34189,28.1722],[85.33726,28.17447],[85.3324,28.17205],[85.33217,28.16737],[85.3368,28.16511],[85.34166,28.16752]]]}},{"type":"Feature","properties":{"population":245,"fill":"#fc8d59","fill-opacity":0.55,"stroke":"#7f1d1d","stroke-width":0.3,"stroke-opacity":0.4},"geometry":{"type":"Polygon","coordinates":[[[85.26814,28.11724],[85.26836,28.12193],[85.26374,28.12419],[85.25889,28.12177],[85.25866,28.11709],[85.26328,28.11483],[85.26814,28.11724]]]}},{"type":"Feature","properties":{"population":18,"fill":"#fee8c8","fill-opacity":0.55,"stroke":"#7f1d1d","stroke-width":0.3,"stroke-opacity":0.4},"geometry":{"type":"Polygon","coordinates":[[[84.68802,27.84011],[84.68824,27.8448],[84.68363,27.84705],[84.6788,27.84462],[84.67858,27.83993],[84.68319,27.83767],[84.68802,27.84011]]]}},{"type":"Feature","properties":{"population":776,"fill":"#e34a33","fill-opacity":0.55,"stroke":"#7f1d1d","stroke-width":0.3,"stroke-opacity":0.4},"geometry":{"type":"Polygon","coordinates":[[[84.55572,27.85571],[84.55558,27.85106],[84.56027,27.84884],[84.56509,27.85128],[84.56523,27.85594],[84.56055,27.85815],[84.55572,27.85571]]]}},{"type":"Feature","properties":{"population":50,"fill":"#fee8c8","fill-opacity":0.55,"stroke":"#7f1d1d","stroke-width":0.3,"stroke-opacity":0.4},"geometry":{"type":"Polygon","coordinates":[[[84.48338,27.81907],[84.48324,27.81442],[84.48793,27.81221],[84.49275,27.81465],[84.49288,27.8193],[84.4882,27.82152],[84.48338,27.81907]]]}},{"type":"Feature","properties":{"population":439,"fill":"#fc8d59","fill-opacity":0.55,"stroke":"#7f1d1d","stroke-width":0.3,"stroke-opacity":0.4},"geometry":{"type":"Polygon","coordinates":[[[85.06584,27.84692],[85.06606,27.85162],[85.06144,27.85389],[85.0566,27.85146],[85.05638,27.84677],[85.06099,27.8445],[85.06584,27.84692]]]}},{"type":"Feature","properties":{"population":116,"fill":"#fdbb84","fill-opacity":0.55,"stroke":"#7f1d1d","stroke-width":0.3,"stroke-opacity":0.4},"geometry":{"type":"Polygon","coordinates":[[[85.13916,27.89737],[85.13938,27.90206],[85.13477,27.90433],[85.12992,27.90191],[85.12969,27.89722],[85.13431,27.89495],[85.13916,27.89737]]]}},{"type":"Feature","properties":{"population":137,"fill":"#fdbb84","fill-opacity":0.55,"stroke":"#7f1d1d","stroke-width":0.3,"stroke-opacity":0.4},"geometry":{"type":"Polygon","coordinates":[[[84.43127,27.82476],[84.43114,27.82011],[84.43583,27.8179],[84.44065,27.82034],[84.44078,27.825],[84.43609,27.82721],[84.43127,27.82476]]]}},{"type":"Feature","properties":{"population":330,"fill":"#fc8d59","fill-opacity":0.55,"stroke":"#7f1d1d","stroke-width":0.3,"stroke-opacity":0.4},"geometry":{"type":"Polygon","coordinates":[[[84.7194,27.80557],[84.71962,27.81026],[84.71501,27.81251],[84.71018,27.81008],[84.70996,27.80539],[84.71457,27.80313],[84.7194,27.80557]]]}},{"type":"Feature","properties":{"population":346,"fill":"#fc8d59","fill-opacity":0.55,"stroke":"#7f1d1d","stroke-width":0.3,"stroke-opacity":0.4},"geometry":{"type":"Polygon","coordinates":[[[85.27253,28.1103],[85.27276,28.11498],[85.26814,28.11724],[85.26328,28.11483],[85.26305,28.11014],[85.26768,28.10788],[85.27253,28.1103]]]}},{"type":"Feature","properties":{"population":415,"fill":"#fc8d59","fill-opacity":0.55,"stroke":"#7f1d1d","stroke-width":0.3,"stroke-opacity":0.4},"geometry":{"type":"Polygon","coordinates":[[[84.65987,27.84421],[84.65972,27.83956],[84.66433,27.83731],[84.66915,27.83974],[84.66937,27.84443],[84.66469,27.84665],[84.65987,27.84421]]]}},{"type":"Feature","properties":{"population":63,"fill":"#fdbb84","fill-opacity":0.55,"stroke":"#7f1d1d","stroke-width":0.3,"stroke-opacity":0.4},"geometry":{"type":"Polygon","coordinates":[[[84.44534,27.81813],[84.44521,27.81348],[84.4499,27.81127],[84.45472,27.81371],[84.45485,27.81837],[84.45016,27.82058],[84.44534,27.81813]]]}},{"type":"Feature","properties":{"population":172,"fill":"#fdbb84","fill-opacity":0.55,"stroke":"#7f1d1d","stroke-width":0.3,"stroke-opacity":0.4},"geometry":{"type":"Polygon","coordinates":[[[84.8276,27.80055],[84.82782,27.80525],[84.82321,27.80751],[84.81838,27.80508],[84.81816,27.80038],[84.82277,27.79812],[84.8276,27.80055]]]}},{"type":"Feature","properties":{"population":83,"fill":"#fdbb84","fill-opacity":0.55,"stroke":"#7f1d1d","stroke-width":0.3,"stroke-opacity":0.4},"geometry":{"type":"Polygon","coordinates":[[[85.0476,27.86069],[85.04782,27.86538],[85.04321,27.86765],[85.03837,27.86522],[85.03814,27.86053],[85.04276,27.85826],[85.0476,27.86069]]]}},{"type":"Feature","properties":{"population":40,"fill":"#fee8c8","fill-opacity":0.55,"stroke":"#7f1d1d","stroke-width":0.3,"stroke-opacity":0.4},"geometry":{"type":"Polygon","coordinates":[[[84.62315,27.88522],[84.623,27.88056],[84.62769,27.87835],[84.63251,27.88079],[84.63266,27.88544],[84.62797,27.88766],[84.62315,27.88522]]]}},{"type":"Feature","properties":{"population":112,"fill":"#fdbb84","fill-opacity":0.55,"stroke":"#7f1d1d","stroke-width":0.3,"stroke-opacity":0.4},"geometry":{"type":"Polygon","coordinates":[[[85.21664,28.03217],[85.21687,28.03685],[85.21225,28.03912],[85.2074,28.0367],[85.20717,28.03201],[85.21179,28.02975],[85.21664,28.03217]]]}},{"type":"Feature","properties":{"population":226,"fill":"#fc8d59","fill-opacity":0.55,"stroke":"#7f1d1d","stroke-width":0.3,"stroke-opacity":0.4},"geometry":{"type":"Polygon","coordinates":[[[85.07023,27.83996],[85.07045,27.84466],[85.06584,27.84692],[85.06099,27.8445],[85.06077,27.8398],[85.06538,27.83754],[85.07023,27.83996]]]}},{"type":"Feature","properties":{"population":499,"fill":"#fc8d59","fill-opacity":0.55,"stroke":"#7f1d1d","stroke-width":0.3,"stroke-opacity":0.4},"geometry":{"type":"Polygon","coordinates":[[[84.47226,27.763],[84.47213,27.75835],[84.47681,27.75614],[84.48163,27.75859],[84.48176,27.76324],[84.47708,27.76545],[84.47226,27.763]]]}},{"type":"Feature","properties":{"population":5,"fill":"#fee8c8","fill-opacity":0.55,"stroke":"#7f1d1d","stroke-width":0.3,"stroke-opacity":0.4},"geometry":{"type":"Polygon","coordinates":[[[85.34536,28.14653],[85.34559,28.15121],[85.34097,28.15348],[85.33611,28.15106],[85.33588,28.14638],[85.34051,28.14412],[85.34536,28.14653]]]}},{"type":"Feature","properties":{"population":41,"fill":"#fee8c8","fill-opacity":0.55,"stroke":"#7f1d1d","stroke-width":0.3,"stroke-opacity":0.4},"geometry":{"type":"Polygon","coordinates":[[[84.67354,27.8328],[84.67376,27.83749],[84.66915,27.83974],[84.66433,27.83731],[84.66411,27.83262],[84.66872,27.83036],[84.67354,27.8328]]]}},{"type":"Feature","properties":{"population":956,"fill":"#e34a33","fill-opacity":0.55,"stroke":"#7f1d1d","stroke-width":0.3,"stroke-opacity":0.4},"geometry":{"type":"Polygon","coordinates":[[[85.14794,27.88345],[85.14817,27.88814],[85.14355,27.89041],[85.1387,27.88799],[85.13848,27.88329],[85.1431,27.88102],[85.14794,27.88345]]]}},{"type":"Feature","properties":{"population":27,"fill":"#fee8c8","fill-opacity":0.55,"stroke":"#7f1d1d","stroke-width":0.3,"stroke-opacity":0.4},"geometry":{"type":"Polygon","coordinates":[[[84.86471,27.78716],[84.86493,27.79185],[84.86032,27.79411],[84.85549,27.79168],[84.85527,27.78699],[84.85988,27.78473],[84.86471,27.78716]]]}},{"type":"Feature","properties":{"population":367,"fill":"#fc8d59","fill-opacity":0.55,"stroke":"#7f1d1d","stroke-width":0.3,"stroke-opacity":0.4},"geometry":{"type":"Polygon","coordinates":[[[84.89876,27.80887],[84.89898,27.81356],[84.89437,27.81583],[84.88954,27.8134],[84.88931,27.8087],[84.89393,27.80644],[84.89876,27.80887]]]}},{"type":"Feature","properties":{"population":382,"fill":"#fc8d59","fill-opacity":0.55,"stroke":"#7f1d1d","stroke-width":0.3,"stroke-opacity":0.4},"geometry":{"type":"Polygon","coordinates":[[[85.16959,27.94005],[85.16982,27.94474],[85.1652,27.94701],[85.16035,27.94459],[85.16013,27.9399],[85.16475,27.93763],[85.16959,27.94005]]]}},{"type":"Feature","properties":{"population":66,"fill":"#fdbb84","fill-opacity":0.55,"stroke":"#7f1d1d","stroke-width":0.3,"stroke-opacity":0.4},"geometry":{"type":"Polygon","coordinates":[[[84.60823,27.86393],[84.60809,27.85928],[84.61277,27.85706],[84.6176,27.8595],[84.61774,27.86416],[84.61306,27.86637],[84.60823,27.86393]]]}},{"type":"Feature","properties":{"population":231,"fill":"#fc8d59","fill-opacity":0.55,"stroke":"#7f1d1d","stroke-width":0.3,"stroke-opacity":0.4},"geometry":{"type":"Polygon","coordinates":[[[84.62769,27.87835],[84.62754,27.87369],[84.63222,27.87147],[84.63705,27.87391],[84.63719,27.87857],[84.63251,27.88079],[84.62769,27.87835]]]}},{"type":"Feature","properties":{"population":187,"fill":"#fdbb84","fill-opacity":0.55,"stroke":"#7f1d1d","stroke-width":0.3,"stroke-opacity":0.4},"geometry":{"type":"Polygon","coordinates":[[[84.97367,27.79611],[84.9739,27.8008],[84.96928,27.80307],[84.96445,27.80064],[84.96422,27.79595],[84.96884,27.79368],[84.97367,27.79611]]]}},{"type":"Feature","properties":{"population":21,"fill":"#fee8c8","fill-opacity":0.55,"stroke":"#7f1d1d","stroke-width":0.3,"stroke-opacity":0.4},"geometry":{"type":"Polygon","coordinates":[[[85.32709,28.16028],[85.32732,28.16496],[85.32269,28.16723],[85.31783,28.16481],[85.3176,28.16013],[85.32223,28.15786],[85.32709,28.16028]]]}},{"type":"Feature","properties":{"population":93,"fill":"#fdbb84","fill-opacity":0.55,"stroke":"#7f1d1d","stroke-width":0.3,"stroke-opacity":0.4},"geometry":{"type":"Polygon","coordinates":[[[84.77163,27.81359],[84.77185,27.81828],[84.76724,27.82053],[84.76241,27.8181],[84.76219,27.81341],[84.7668,27.81115],[84.77163,27.81359]]]}},{"type":"Feature","properties":{"population":2229,"fill":"#b30000","fill-opacity":0.55,"stroke":"#7f1d1d","stroke-width":0.3,"stroke-opacity":0.4},"geometry":{"type":"Polygon","coordinates":[[[84.43215,27.70139],[84.43236,27.70608],[84.42776,27.70833],[84.42295,27.70589],[84.42273,27.70119],[84.42733,27.69895],[84.43215,27.70139]]]}},{"type":"Feature","properties":{"population":81,"fill":"#fdbb84","fill-opacity":0.55,"stroke":"#7f1d1d","stroke-width":0.3,"stroke-opacity":0.4},"geometry":{"type":"Polygon","coordinates":[[[84.64963,27.82531],[84.64985,27.83],[84.64525,27.83225],[84.64042,27.82981],[84.6402,27.82512],[84.64481,27.82287],[84.64963,27.82531]]]}},{"type":"Feature","properties":{"population":108,"fill":"#fdbb84","fill-opacity":0.55,"stroke":"#7f1d1d","stroke-width":0.3,"stroke-opacity":0.4},"geometry":{"type":"Polygon","coordinates":[[[85.37526,28.28469],[85.37506,28.28002],[85.37973,28.27777],[85.38459,28.28018],[85.38479,28.28485],[85.38013,28.2871],[85.37526,28.28469]]]}},{"type":"Feature","properties":{"population":5,"fill":"#fee8c8","fill-opacity":0.55,"stroke":"#7f1d1d","stroke-width":0.3,"stroke-opacity":0.4},"geometry":{"type":"Polygon","coordinates":[[[84.53629,27.84129],[84.53615,27.83663],[84.54083,27.83442],[84.54565,27.83686],[84.54579,27.84152],[84.54111,27.84373],[84.53629,27.84129]]]}},{"type":"Feature","properties":{"population":216,"fill":"#fc8d59","fill-opacity":0.55,"stroke":"#7f1d1d","stroke-width":0.3,"stroke-opacity":0.4},"geometry":{"type":"Polygon","coordinates":[[[84.90315,27.80191],[84.90337,27.80661],[84.89876,27.80887],[84.89393,27.80644],[84.8937,27.80175],[84.89832,27.79948],[84.90315,27.80191]]]}},{"type":"Feature","properties":{"population":1490,"fill":"#e34a33","fill-opacity":0.55,"stroke":"#7f1d1d","stroke-width":0.3,"stroke-opacity":0.4},"geometry":{"type":"Polygon","coordinates":[[[84.63676,27.8646],[84.63661,27.85995],[84.64129,27.85773],[84.64612,27.86017],[84.64627,27.86482],[84.64159,27.86704],[84.63676,27.8646]]]}},{"type":"Feature","properties":{"population":187,"fill":"#fdbb84","fill-opacity":0.55,"stroke":"#7f1d1d","stroke-width":0.3,"stroke-opacity":0.4},"geometry":{"type":"Polygon","coordinates":[[[85.02734,27.83221],[85.02756,27.8369],[85.02295,27.83917],[85.01811,27.83674],[85.01788,27.83205],[85.0225,27.82978],[85.02734,27.83221]]]}},{"type":"Feature","properties":{"population":206,"fill":"#fc8d59","fill-opacity":0.55,"stroke":"#7f1d1d","stroke-width":0.3,"stroke-opacity":0.4},"geometry":{"type":"Polygon","coordinates":[[[85.21362,28.06723],[85.21385,28.07191],[85.20922,28.07418],[85.20437,28.07176],[85.20415,28.06707],[85.20877,28.06481],[85.21362,28.06723]]]}},{"type":"Feature","properties":{"population":138,"fill":"#fdbb84","fill-opacity":0.55,"stroke":"#7f1d1d","stroke-width":0.3,"stroke-opacity":0.4},"geometry":{"type":"Polygon","coordinates":[[[85.06719,27.87508],[85.06741,27.87978],[85.0628,27.88204],[85.05795,27.87962],[85.05773,27.87492],[85.06234,27.87266],[85.06719,27.87508]]]}},{"type":"Feature","properties":{"population":69,"fill":"#fdbb84","fill-opacity":0.55,"stroke":"#7f1d1d","stroke-width":0.3,"stroke-opacity":0.4},"geometry":{"type":"Polygon","coordinates":[[[85.11955,27.88298],[85.11978,27.88768],[85.11516,27.88995],[85.11032,27.88752],[85.11009,27.88283],[85.11471,27.88056],[85.11955,27.88298]]]}},{"type":"Feature","properties":{"population":612,"fill":"#e34a33","fill-opacity":0.55,"stroke":"#7f1d1d","stroke-width":0.3,"stroke-opacity":0.4},"geometry":{"type":"Polygon","coordinates":[[[84.77602,27.80664],[84.77624,27.81133],[84.77163,27.81359],[84.7668,27.81115],[84.76658,27.80646],[84.77119,27.8042],[84.77602,27.80664]]]}},{"type":"Feature","properties":{"population":31,"fill":"#fee8c8","fill-opacity":0.55,"stroke":"#7f1d1d","stroke-width":0.3,"stroke-opacity":0.4},"geometry":{"type":"Polygon","coordinates":[[[85.25289,28.09594],[85.25312,28.10063],[85.24849,28.10289],[85.24364,28.10047],[85.24341,28.09579],[85.24804,28.09353],[85.25289,28.09594]]]}},{"type":"Feature","properties":{"population":5737,"fill":"#b30000","fill-opacity":0.55,"stroke":"#7f1d1d","stroke-width":0.3,"stroke-opacity":0.4},"geometry":{"type":"Polygon","coordinates":[[[84.43653,27.69445],[84.43675,27.69914],[84.43215,27.70139],[84.42733,27.69895],[84.42712,27.69425],[84.43172,27.692],[84.43653,27.69445]]]}},{"type":"Feature","properties":{"population":227,"fill":"#fc8d59","fill-opacity":0.55,"stroke":"#7f1d1d","stroke-width":0.3,"stroke-opacity":0.4},"geometry":{"type":"Polygon","coordinates":[[[84.45406,27.79045],[84.45392,27.78579],[84.45861,27.78358],[84.46343,27.78603],[84.46356,27.79068],[84.45887,27.79289],[84.45406,27.79045]]]}},{"type":"Feature","properties":{"population":47,"fill":"#fee8c8","fill-opacity":0.55,"stroke":"#7f1d1d","stroke-width":0.3,"stroke-opacity":0.4},"geometry":{"type":"Polygon","coordinates":[[[84.86165,27.82227],[84.86187,27.82697],[84.85726,27.82923],[84.85242,27.82679],[84.8522,27.8221],[84.85681,27.81984],[84.86165,27.82227]]]}},{"type":"Feature","properties":{"population":45,"fill":"#fee8c8","fill-opacity":0.55,"stroke":"#7f1d1d","stroke-width":0.3,"stroke-opacity":0.4},"geometry":{"type":"Polygon","coordinates":[[[84.51727,27.84083],[84.51713,27.83617],[84.52182,27.83396],[84.52664,27.8364],[84.52678,27.84106],[84.52209,27.84327],[84.51727,27.84083]]]}},{"type":"Feature","properties":{"population":2764,"fill":"#b30000","fill-opacity":0.55,"stroke":"#7f1d1d","stroke-width":0.3,"stroke-opacity":0.4},"geometry":{"type":"Polygon","coordinates":[[[84.88426,27.80158],[84.88448,27.80627],[84.87987,27.80853],[84.87504,27.8061],[84.87482,27.80141],[84.87943,27.79915],[84.88426,27.80158]]]}},{"type":"Feature","properties":{"population":176,"fill":"#fdbb84","fill-opacity":0.55,"stroke":"#7f1d1d","stroke-width":0.3,"stroke-opacity":0.4},"geometry":{"type":"Polygon","coordinates":[[[85.16656,27.97515],[85.16679,27.97984],[85.16217,27.9821],[85.15732,27.97968],[85.1571,27.97499],[85.16172,27.97273],[85.16656,27.97515]]]}},{"type":"Feature","properties":{"population":14,"fill":"#fee8c8","fill-opacity":0.55,"stroke":"#7f1d1d","stroke-width":0.3,"stroke-opacity":0.4},"geometry":{"type":"Polygon","coordinates":[[[85.21801,28.06028],[85.21824,28.06496],[85.21362,28.06723],[85.20877,28.06481],[85.20854,28.06013],[85.21316,28.05786],[85.21801,28.06028]]]}},{"type":"Feature","properties":{"population":437,"fill":"#fc8d59","fill-opacity":0.55,"stroke":"#7f1d1d","stroke-width":0.3,"stroke-opacity":0.4},"geometry":{"type":"Polygon","coordinates":[[[85.10435,27.86163],[85.10457,27.86632],[85.09995,27.86859],[85.09511,27.86617],[85.09489,27.86148],[85.0995,27.85921],[85.10435,27.86163]]]}},{"type":"Feature","properties":{"population":753,"fill":"#e34a33","fill-opacity":0.55,"stroke":"#7f1d1d","stroke-width":0.3,"stroke-opacity":0.4},"geometry":{"type":"Polygon","coordinates":[[[85.20004,27.98272],[85.20027,27.98741],[85.19565,27.98967],[85.1908,27.98725],[85.19057,27.98257],[85.1952,27.9803],[85.20004,27.98272]]]}},{"type":"Feature","properties":{"population":262,"fill":"#fc8d59","fill-opacity":0.55,"stroke":"#7f1d1d","stroke-width":0.3,"stroke-opacity":0.4},"geometry":{"type":"Polygon","coordinates":[[[84.40459,27.71948],[84.40446,27.71483],[84.40915,27.71263],[84.41396,27.71507],[84.41409,27.71972],[84.4094,27.72193],[84.40459,27.71948]]]}},{"type":"Feature","properties":{"population":15,"fill":"#fee8c8","fill-opacity":0.55,"stroke":"#7f1d1d","stroke-width":0.3,"stroke-opacity":0.4},"geometry":{"type":"Polygon","coordinates":[[[84.75144,27.78508],[84.75166,27.78977],[84.74705,27.79203],[84.74222,27.78959],[84.742,27.7849],[84.74661,27.78264],[84.75144,27.78508]]]}},{"type":"Feature","properties":{"population":5,"fill":"#fee8c8","fill-opacity":0.55,"stroke":"#7f1d1d","stroke-width":0.3,"stroke-opacity":0.4},"geometry":{"type":"Polygon","coordinates":[[[85.34675,28.17462],[85.34698,28.1793],[85.34235,28.18156],[85.33749,28.17915],[85.33726,28.17447],[85.34189,28.1722],[85.34675,28.17462]]]}},{"type":"Feature","properties":{"population":270,"fill":"#fc8d59","fill-opacity":0.55,"stroke":"#7f1d1d","stroke-width":0.3,"stroke-opacity":0.4},"geometry":{"type":"Polygon","coordinates":[[[85.12834,27.86906],[85.12856,27.87375],[85.12394,27.87602],[85.1191,27.8736],[85.11887,27.8689],[85.12349,27.86663],[85.12834,27.86906]]]}},{"type":"Feature","properties":{"population":179,"fill":"#fdbb84","fill-opacity":0.55,"stroke":"#7f1d1d","stroke-width":0.3,"stroke-opacity":0.4},"geometry":{"type":"Polygon","coordinates":[[[84.86604,27.81532],[84.86626,27.82001],[84.86165,27.82227],[84.85681,27.81984],[84.85659,27.81515],[84.8612,27.81289],[84.86604,27.81532]]]}},{"type":"Feature","properties":{"population":42,"fill":"#fee8c8","fill-opacity":0.55,"stroke":"#7f1d1d","stroke-width":0.3,"stroke-opacity":0.4},"geometry":{"type":"Polygon","coordinates":[[[84.54042,27.82046],[84.54028,27.81581],[84.54496,27.81359],[84.54978,27.81604],[84.54992,27.82069],[84.54524,27.8229],[84.54042,27.82046]]]}},{"type":"Feature","properties":{"population":191,"fill":"#fdbb84","fill-opacity":0.55,"stroke":"#7f1d1d","stroke-width":0.3,"stroke-opacity":0.4},"geometry":{"type":"Polygon","coordinates":[[[85.17096,27.96819],[85.17118,27.97288],[85.16656,27.97515],[85.16172,27.97273],[85.16149,27.96804],[85.16611,27.96577],[85.17096,27.96819]]]}},{"type":"Feature","properties":{"population":225,"fill":"#fc8d59","fill-opacity":0.55,"stroke":"#7f1d1d","stroke-width":0.3,"stroke-opacity":0.4},"geometry":{"type":"Polygon","coordinates":[[[84.5214,27.82],[84.52127,27.81535],[84.52595,27.81313],[84.53077,27.81558],[84.53091,27.82023],[84.52623,27.82244],[84.5214,27.82]]]}},{"type":"Feature","properties":{"population":218,"fill":"#fc8d59","fill-opacity":0.55,"stroke":"#7f1d1d","stroke-width":0.3,"stroke-opacity":0.4},"geometry":{"type":"Polygon","coordinates":[[[85.19331,28.03881],[85.19353,28.0435],[85.18891,28.04576],[85.18406,28.04334],[85.18384,28.03866],[85.18846,28.03639],[85.19331,28.03881]]]}},{"type":"Feature","properties":{"population":404,"fill":"#fc8d59","fill-opacity":0.55,"stroke":"#7f1d1d","stroke-width":0.3,"stroke-opacity":0.4},"geometry":{"type":"Polygon","coordinates":[[[85.04692,27.84661],[85.04715,27.8513],[85.04253,27.85357],[85.03769,27.85114],[85.03747,27.84645],[85.04208,27.84418],[85.04692,27.84661]]]}},{"type":"Feature","properties":{"population":351,"fill":"#fc8d59","fill-opacity":0.55,"stroke":"#7f1d1d","stroke-width":0.3,"stroke-opacity":0.4},"geometry":{"type":"Polygon","coordinates":[[[84.73322,27.7988],[84.73344,27.80349],[84.72883,27.80575],[84.72401,27.80331],[84.72379,27.79862],[84.7284,27.79636],[84.73322,27.7988]]]}},{"type":"Feature","properties":{"population":35,"fill":"#fee8c8","fill-opacity":0.55,"stroke":"#7f1d1d","stroke-width":0.3,"stroke-opacity":0.4},"geometry":{"type":"Polygon","coordinates":[[[85.2566,28.07494],[85.25683,28.07963],[85.2522,28.08189],[85.24735,28.07947],[85.24712,28.07479],[85.25175,28.07252],[85.2566,28.07494]]]}},{"type":"Feature","properties":{"population":175,"fill":"#fdbb84","fill-opacity":0.55,"stroke":"#7f1d1d","stroke-width":0.3,"stroke-opacity":0.4},"geometry":{"type":"Polygon","coordinates":[[[84.64086,27.84377],[84.64071,27.83912],[84.64539,27.8369],[84.65022,27.83934],[84.65036,27.84399],[84.64568,27.84621],[84.64086,27.84377]]]}},{"type":"Feature","properties":{"population":10,"fill":"#fee8c8","fill-opacity":0.55,"stroke":"#7f1d1d","stroke-width":0.3,"stroke-opacity":0.4},"geometry":{"type":"Polygon","coordinates":[[[84.45029,27.82523],[84.45016,27.82058],[84.45485,27.81837],[84.45967,27.82081],[84.4598,27.82547],[84.45511,27.82768],[84.45029,27.82523]]]}},{"type":"Feature","properties":{"population":65,"fill":"#fdbb84","fill-opacity":0.55,"stroke":"#7f1d1d","stroke-width":0.3,"stroke-opacity":0.4},"geometry":{"type":"Polygon","coordinates":[[[84.61731,27.85019],[84.61717,27.84554],[84.62185,27.84332],[84.62667,27.84576],[84.62682,27.85042],[84.62214,27.85263],[84.61731,27.85019]]]}},{"type":"Feature","properties":{"population":55,"fill":"#fdbb84","fill-opacity":0.55,"stroke":"#7f1d1d","stroke-width":0.3,"stroke-opacity":0.4},"geometry":{"type":"Polygon","coordinates":[[[85.02869,27.86037],[85.02891,27.86506],[85.02429,27.86733],[85.01945,27.8649],[85.01923,27.86021],[85.02385,27.85794],[85.02869,27.86037]]]}},{"type":"Feature","properties":{"population":277,"fill":"#fc8d59","fill-opacity":0.55,"stroke":"#7f1d1d","stroke-width":0.3,"stroke-opacity":0.4},"geometry":{"type":"Polygon","coordinates":[[[84.52595,27.81313],[84.52581,27.80848],[84.5305,27.80627],[84.53532,27.80871],[84.53546,27.81336],[84.53077,27.81558],[84.52595,27.81313]]]}},{"type":"Feature","properties":{"population":269,"fill":"#fc8d59","fill-opacity":0.55,"stroke":"#7f1d1d","stroke-width":0.3,"stroke-opacity":0.4},"geometry":{"type":"Polygon","coordinates":[[[85.22172,28.03927],[85.22195,28.04396],[85.21733,28.04622],[85.21248,28.0438],[85.21225,28.03912],[85.21687,28.03685],[85.22172,28.03927]]]}},{"type":"Feature","properties":{"population":191,"fill":"#fdbb84","fill-opacity":0.55,"stroke":"#7f1d1d","stroke-width":0.3,"stroke-opacity":0.4},"geometry":{"type":"Polygon","coordinates":[[[85.10806,27.84058],[85.10828,27.84528],[85.10367,27.84755],[85.09883,27.84512],[85.0986,27.84043],[85.10322,27.83816],[85.10806,27.84058]]]}},{"type":"Feature","properties":{"population":291,"fill":"#fc8d59","fill-opacity":0.55,"stroke":"#7f1d1d","stroke-width":0.3,"stroke-opacity":0.4},"geometry":{"type":"Polygon","coordinates":[[[85.12091,27.91114],[85.12114,27.91583],[85.11652,27.9181],[85.11167,27.91567],[85.11145,27.91098],[85.11607,27.90871],[85.12091,27.91114]]]}},{"type":"Feature","properties":{"population":168,"fill":"#fdbb84","fill-opacity":0.55,"stroke":"#7f1d1d","stroke-width":0.3,"stroke-opacity":0.4},"geometry":{"type":"Polygon","coordinates":[[[84.95611,27.82395],[84.95634,27.82864],[84.95172,27.83091],[84.94689,27.82848],[84.94666,27.82378],[84.95128,27.82152],[84.95611,27.82395]]]}},{"type":"Feature","properties":{"population":31,"fill":"#fee8c8","fill-opacity":0.55,"stroke":"#7f1d1d","stroke-width":0.3,"stroke-opacity":0.4},"geometry":{"type":"Polygon","coordinates":[[[85.19702,28.0178],[85.19725,28.02249],[85.19262,28.02475],[85.18777,28.02233],[85.18755,28.01765],[85.19217,28.01538],[85.19702,28.0178]]]}},{"type":"Feature","properties":{"population":37,"fill":"#fee8c8","fill-opacity":0.55,"stroke":"#7f1d1d","stroke-width":0.3,"stroke-opacity":0.4},"geometry":{"type":"Polygon","coordinates":[[[85.3264,28.14623],[85.32663,28.15092],[85.322,28.15318],[85.31714,28.15077],[85.31691,28.14609],[85.32154,28.14382],[85.3264,28.14623]]]}},{"type":"Feature","properties":{"population":6,"fill":"#fee8c8","fill-opacity":0.55,"stroke":"#7f1d1d","stroke-width":0.3,"stroke-opacity":0.4},"geometry":{"type":"Polygon","coordinates":[[[84.43465,27.77601],[84.43452,27.77136],[84.43921,27.76915],[84.44402,27.7716],[84.44416,27.77625],[84.43947,27.77846],[84.43465,27.77601]]]}},{"type":"Feature","properties":{"population":152,"fill":"#fdbb84","fill-opacity":0.55,"stroke":"#7f1d1d","stroke-width":0.3,"stroke-opacity":0.4},"geometry":{"type":"Polygon","coordinates":[[[84.86976,27.79428],[84.86998,27.79898],[84.86537,27.80124],[84.86054,27.79881],[84.86032,27.79411],[84.86493,27.79185],[84.86976,27.79428]]]}},{"type":"Feature","properties":{"population":49,"fill":"#fee8c8","fill-opacity":0.55,"stroke":"#7f1d1d","stroke-width":0.3,"stroke-opacity":0.4},"geometry":{"type":"Polygon","coordinates":[[[85.35948,28.24944],[85.35929,28.24478],[85.36395,28.24252],[85.36881,28.24494],[85.36901,28.2496],[85.36435,28.25186],[85.35948,28.24944]]]}},{"type":"Feature","properties":{"population":44,"fill":"#fee8c8","fill-opacity":0.55,"stroke":"#7f1d1d","stroke-width":0.3,"stroke-opacity":0.4},"geometry":{"type":"Polygon","coordinates":[[[84.57062,27.877],[84.57048,27.87235],[84.57516,27.87013],[84.57999,27.87257],[84.58013,27.87723],[84.57544,27.87944],[84.57062,27.877]]]}},{"type":"Feature","properties":{"population":247,"fill":"#fc8d59","fill-opacity":0.55,"stroke":"#7f1d1d","stroke-width":0.3,"stroke-opacity":0.4},"geometry":{"type":"Polygon","coordinates":[[[85.17467,27.94717],[85.17489,27.95186],[85.17027,27.95412],[85.16543,27.9517],[85.1652,27.94701],[85.16982,27.94474],[85.17467,27.94717]]]}},{"type":"Feature","properties":{"population":834,"fill":"#e34a33","fill-opacity":0.55,"stroke":"#7f1d1d","stroke-width":0.3,"stroke-opacity":0.4},"geometry":{"type":"Polygon","coordinates":[[[85.20141,28.01085],[85.20164,28.01553],[85.19702,28.0178],[85.19217,28.01538],[85.19194,28.01069],[85.19656,28.00843],[85.20141,28.01085]]]}},{"type":"Feature","properties":{"population":8,"fill":"#fee8c8","fill-opacity":0.55,"stroke":"#7f1d1d","stroke-width":0.3,"stroke-opacity":0.4},"geometry":{"type":"Polygon","coordinates":[[[84.81005,27.82836],[84.81027,27.83305],[84.80566,27.83531],[84.80082,27.83288],[84.8006,27.82819],[84.80521,27.82593],[84.81005,27.82836]]]}},{"type":"Feature","properties":{"population":107,"fill":"#fdbb84","fill-opacity":0.55,"stroke":"#7f1d1d","stroke-width":0.3,"stroke-opacity":0.4},"geometry":{"type":"Polygon","coordinates":[[[84.73695,27.77777],[84.73717,27.78246],[84.73257,27.78472],[84.72774,27.78229],[84.72752,27.77759],[84.73213,27.77534],[84.73695,27.77777]]]}},{"type":"Feature","properties":{"population":250,"fill":"#fc8d59","fill-opacity":0.55,"stroke":"#7f1d1d","stroke-width":0.3,"stroke-opacity":0.4},"geometry":{"type":"Polygon","coordinates":[[[84.75275,27.81323],[84.75297,27.81792],[84.74836,27.82018],[84.74353,27.81774],[84.74332,27.81305],[84.74792,27.8108],[84.75275,27.81323]]]}},{"type":"Feature","properties":{"population":361,"fill":"#fc8d59","fill-opacity":0.55,"stroke":"#7f1d1d","stroke-width":0.3,"stroke-opacity":0.4},"geometry":{"type":"Polygon","coordinates":[[[84.84649,27.8009],[84.84671,27.80559],[84.8421,27.80785],[84.83727,27.80542],[84.83704,27.80073],[84.84165,27.79847],[84.84649,27.8009]]]}},{"type":"Feature","properties":{"population":585,"fill":"#e34a33","fill-opacity":0.55,"stroke":"#7f1d1d","stroke-width":0.3,"stroke-opacity":0.4},"geometry":{"type":"Polygon","coordinates":[[[84.94094,27.80258],[84.94116,27.80727],[84.93655,27.80954],[84.93171,27.80711],[84.93149,27.80241],[84.9361,27.80015],[84.94094,27.80258]]]}},{"type":"Feature","properties":{"population":347,"fill":"#fc8d59","fill-opacity":0.55,"stroke":"#7f1d1d","stroke-width":0.3,"stroke-opacity":0.4},"geometry":{"type":"Polygon","coordinates":[[[85.15134,27.95382],[85.15157,27.95851],[85.14695,27.96077],[85.1421,27.95835],[85.14188,27.95366],[85.1465,27.95139],[85.15134,27.95382]]]}},{"type":"Feature","properties":{"population":15,"fill":"#fee8c8","fill-opacity":0.55,"stroke":"#7f1d1d","stroke-width":0.3,"stroke-opacity":0.4},"geometry":{"type":"Polygon","coordinates":[[[85.49656,28.33565],[85.49635,28.33098],[85.50102,28.32872],[85.50589,28.33113],[85.50609,28.3358],[85.50143,28.33806],[85.49656,28.33565]]]}},{"type":"Feature","properties":{"population":77,"fill":"#fdbb84","fill-opacity":0.55,"stroke":"#7f1d1d","stroke-width":0.3,"stroke-opacity":0.4},"geometry":{"type":"Polygon","coordinates":[[[85.19467,28.06692],[85.1949,28.0716],[85.19028,28.07387],[85.18543,28.07145],[85.1852,28.06676],[85.18982,28.0645],[85.19467,28.06692]]]}},{"type":"Feature","properties":{"population":36,"fill":"#fee8c8","fill-opacity":0.55,"stroke":"#7f1d1d","stroke-width":0.3,"stroke-opacity":0.4},"geometry":{"type":"Polygon","coordinates":[[[85.08104,27.86828],[85.08126,27.87297],[85.07664,27.87524],[85.0718,27.87282],[85.07158,27.86812],[85.07619,27.86586],[85.08104,27.86828]]]}},{"type":"Feature","properties":{"population":186,"fill":"#fdbb84","fill-opacity":0.55,"stroke":"#7f1d1d","stroke-width":0.3,"stroke-opacity":0.4},"geometry":{"type":"Polygon","coordinates":[[[84.95983,27.80291],[84.96006,27.8076],[84.95544,27.80987],[84.95061,27.80744],[84.95039,27.80274],[84.955,27.80048],[84.95983,27.80291]]]}},{"type":"Feature","properties":{"population":87,"fill":"#fdbb84","fill-opacity":0.55,"stroke":"#7f1d1d","stroke-width":0.3,"stroke-opacity":0.4},"geometry":{"type":"Polygon","coordinates":[[[84.81377,27.80733],[84.81399,27.81203],[84.80938,27.81429],[84.80455,27.81185],[84.80433,27.80716],[84.80894,27.8049],[84.81377,27.80733]]]}},{"type":"Feature","properties":{"population":329,"fill":"#fc8d59","fill-opacity":0.55,"stroke":"#7f1d1d","stroke-width":0.3,"stroke-opacity":0.4},"geometry":{"type":"Polygon","coordinates":[[[85.03612,27.81828],[85.03634,27.82298],[85.03173,27.82524],[85.02689,27.82282],[85.02666,27.81812],[85.03128,27.81585],[85.03612,27.81828]]]}},{"type":"Feature","properties":{"population":56,"fill":"#fdbb84","fill-opacity":0.55,"stroke":"#7f1d1d","stroke-width":0.3,"stroke-opacity":0.4},"geometry":{"type":"Polygon","coordinates":[[[84.43088,27.8108],[84.43075,27.80614],[84.43544,27.80393],[84.44026,27.80638],[84.44039,27.81103],[84.4357,27.81324],[84.43088,27.8108]]]}},{"type":"Feature","properties":{"population":67,"fill":"#fdbb84","fill-opacity":0.55,"stroke":"#7f1d1d","stroke-width":0.3,"stroke-opacity":0.4},"geometry":{"type":"Polygon","coordinates":[[[84.84276,27.82193],[84.84298,27.82662],[84.83837,27.82888],[84.83354,27.82645],[84.83332,27.82176],[84.83793,27.8195],[84.84276,27.82193]]]}},{"type":"Feature","properties":{"population":26,"fill":"#fee8c8","fill-opacity":0.55,"stroke":"#7f1d1d","stroke-width":0.3,"stroke-opacity":0.4},"geometry":{"type":"Polygon","coordinates":[[[84.52223,27.84793],[84.52209,27.84327],[84.52678,27.84106],[84.5316,27.8435],[84.53174,27.84816],[84.52705,27.85037],[84.52223,27.84793]]]}},{"type":"Feature","properties":{"population":259,"fill":"#fc8d59","fill-opacity":0.55,"stroke":"#7f1d1d","stroke-width":0.3,"stroke-opacity":0.4},"geometry":{"type":"Polygon","coordinates":[[[85.0091,27.84597],[85.00933,27.85066],[85.00471,27.85293],[84.99987,27.8505],[84.99965,27.8458],[85.00426,27.84354],[85.0091,27.84597]]]}},{"type":"Feature","properties":{"population":205,"fill":"#fc8d59","fill-opacity":0.55,"stroke":"#7f1d1d","stroke-width":0.3,"stroke-opacity":0.4},"geometry":{"type":"Polygon","coordinates":[[[85.10941,27.86875],[85.10964,27.87344],[85.10502,27.87571],[85.10018,27.87329],[85.09995,27.86859],[85.10457,27.86632],[85.10941,27.86875]]]}},{"type":"Feature","properties":{"population":255,"fill":"#fc8d59","fill-opacity":0.55,"stroke":"#7f1d1d","stroke-width":0.3,"stroke-opacity":0.4},"geometry":{"type":"Polygon","coordinates":[[[84.99696,27.78947],[84.99719,27.79417],[84.99257,27.79643],[84.98774,27.794],[84.98751,27.78931],[84.99213,27.78704],[84.99696,27.78947]]]}},{"type":"Feature","properties":{"population":42,"fill":"#fee8c8","fill-opacity":0.55,"stroke":"#7f1d1d","stroke-width":0.3,"stroke-opacity":0.4},"geometry":{"type":"Polygon","coordinates":[[[84.46971,27.83967],[84.46958,27.83501],[84.47427,27.8328],[84.47909,27.83525],[84.47923,27.8399],[84.47454,27.84211],[84.46971,27.83967]]]}},{"type":"Feature","properties":{"population":401,"fill":"#fc8d59","fill-opacity":0.55,"stroke":"#7f1d1d","stroke-width":0.3,"stroke-opacity":0.4},"geometry":{"type":"Polygon","coordinates":[[[84.96117,27.83107],[84.9614,27.83577],[84.95678,27.83803],[84.95195,27.8356],[84.95172,27.83091],[84.95634,27.82864],[84.96117,27.83107]]]}},{"type":"Feature","properties":{"population":81,"fill":"#fdbb84","fill-opacity":0.55,"stroke":"#7f1d1d","stroke-width":0.3,"stroke-opacity":0.4},"geometry":{"type":"Polygon","coordinates":[[[84.45781,27.75567],[84.45768,27.75102],[84.46236,27.74881],[84.46718,27.75126],[84.46731,27.75591],[84.46263,27.75812],[84.45781,27.75567]]]}},{"type":"Feature","properties":{"population":86,"fill":"#fdbb84","fill-opacity":0.55,"stroke":"#7f1d1d","stroke-width":0.3,"stroke-opacity":0.4},"geometry":{"type":"Polygon","coordinates":[[[85.36063,28.16782],[85.36086,28.1725],[85.35623,28.17476],[85.35137,28.17235],[85.35114,28.16767],[85.35577,28.1654],[85.36063,28.16782]]]}},{"type":"Feature","properties":{"population":7,"fill":"#fee8c8","fill-opacity":0.55,"stroke":"#7f1d1d","stroke-width":0.3,"stroke-opacity":0.4},"geometry":{"type":"Polygon","coordinates":[[[85.23902,28.10274],[85.23925,28.10742],[85.23462,28.10969],[85.22977,28.10727],[85.22954,28.10259],[85.23417,28.10032],[85.23902,28.10274]]]}},{"type":"Feature","properties":{"population":87,"fill":"#fdbb84","fill-opacity":0.55,"stroke":"#7f1d1d","stroke-width":0.3,"stroke-opacity":0.4},"geometry":{"type":"Polygon","coordinates":[[[84.43544,27.80393],[84.43531,27.79928],[84.43999,27.79707],[84.44481,27.79952],[84.44495,27.80417],[84.44026,27.80638],[84.43544,27.80393]]]}},{"type":"Feature","properties":{"population":34,"fill":"#fee8c8","fill-opacity":0.55,"stroke":"#7f1d1d","stroke-width":0.3,"stroke-opacity":0.4},"geometry":{"type":"Polygon","coordinates":[[[85.13341,27.87618],[85.13363,27.88087],[85.12902,27.88314],[85.12417,27.88071],[85.12394,27.87602],[85.12856,27.87375],[85.13341,27.87618]]]}},{"type":"Feature","properties":{"population":36,"fill":"#fee8c8","fill-opacity":0.55,"stroke":"#7f1d1d","stroke-width":0.3,"stroke-opacity":0.4},"geometry":{"type":"Polygon","coordinates":[[[84.55985,27.83488],[84.55971,27.83022],[84.56439,27.82801],[84.56921,27.83045],[84.56935,27.83511],[84.56467,27.83732],[84.55985,27.83488]]]}},{"type":"Feature","properties":{"population":154,"fill":"#fdbb84","fill-opacity":0.55,"stroke":"#7f1d1d","stroke-width":0.3,"stroke-opacity":0.4},"geometry":{"type":"Polygon","coordinates":[[[85.20883,27.9688],[85.20906,27.97349],[85.20444,27.97576],[85.19959,27.97334],[85.19936,27.96865],[85.20398,27.96638],[85.20883,27.9688]]]}},{"type":"Feature","properties":{"population":267,"fill":"#fc8d59","fill-opacity":0.55,"stroke":"#7f1d1d","stroke-width":0.3,"stroke-opacity":0.4},"geometry":{"type":"Polygon","coordinates":[[[84.92643,27.79529],[84.92665,27.79998],[84.92204,27.80225],[84.91721,27.79982],[84.91699,27.79512],[84.9216,27.79286],[84.92643,27.79529]]]}},{"type":"Feature","properties":{"population":362,"fill":"#fc8d59","fill-opacity":0.55,"stroke":"#7f1d1d","stroke-width":0.3,"stroke-opacity":0.4},"geometry":{"type":"Polygon","coordinates":[[[85.15505,27.93279],[85.15528,27.93748],[85.15066,27.93975],[85.14582,27.93732],[85.14559,27.93263],[85.15021,27.93037],[85.15505,27.93279]]]}},{"type":"Feature","properties":{"population":152,"fill":"#fdbb84","fill-opacity":0.55,"stroke":"#7f1d1d","stroke-width":0.3,"stroke-opacity":0.4},"geometry":{"type":"Polygon","coordinates":[[[84.50239,27.81954],[84.50225,27.81488],[84.50694,27.81267],[84.51176,27.81511],[84.5119,27.81977],[84.50721,27.82198],[84.50239,27.81954]]]}},{"type":"Feature","properties":{"population":520,"fill":"#e34a33","fill-opacity":0.55,"stroke":"#7f1d1d","stroke-width":0.3,"stroke-opacity":0.4},"geometry":{"type":"Polygon","coordinates":[[[85.18179,27.99648],[85.18202,28.00116],[85.1774,28.00343],[85.17255,28.00101],[85.17232,27.99632],[85.17694,27.99406],[85.18179,27.99648]]]}},{"type":"Feature","properties":{"population":15,"fill":"#fee8c8","fill-opacity":0.55,"stroke":"#7f1d1d","stroke-width":0.3,"stroke-opacity":0.4},"geometry":{"type":"Polygon","coordinates":[[[85.45396,28.34197],[85.45375,28.3373],[85.45842,28.33504],[85.46329,28.33745],[85.46349,28.34212],[85.45883,28.34438],[85.45396,28.34197]]]}},{"type":"Feature","properties":{"population":59,"fill":"#fdbb84","fill-opacity":0.55,"stroke":"#7f1d1d","stroke-width":0.3,"stroke-opacity":0.4},"geometry":{"type":"Polygon","coordinates":[[[85.27624,28.08929],[85.27647,28.09398],[85.27184,28.09625],[85.26699,28.09383],[85.26676,28.08914],[85.27139,28.08688],[85.27624,28.08929]]]}},{"type":"Feature","properties":{"population":281,"fill":"#fc8d59","fill-opacity":0.55,"stroke":"#7f1d1d","stroke-width":0.3,"stroke-opacity":0.4},"geometry":{"type":"Polygon","coordinates":[[[85.01587,27.78979],[85.01609,27.79449],[85.01148,27.79675],[85.00664,27.79433],[85.00641,27.78963],[85.01103,27.78736],[85.01587,27.78979]]]}},{"type":"Feature","properties":{"population":103,"fill":"#fdbb84","fill-opacity":0.55,"stroke":"#7f1d1d","stroke-width":0.3,"stroke-opacity":0.4},"geometry":{"type":"Polygon","coordinates":[[[85.31045,28.11089],[85.31068,28.11558],[85.30605,28.11784],[85.3012,28.11543],[85.30097,28.11074],[85.30559,28.10848],[85.31045,28.11089]]]}},{"type":"Feature","properties":{"population":166,"fill":"#fdbb84","fill-opacity":0.55,"stroke":"#7f1d1d","stroke-width":0.3,"stroke-opacity":0.4},"geometry":{"type":"Polygon","coordinates":[[[85.01282,27.82492],[85.01305,27.82962],[85.00843,27.83189],[85.00359,27.82946],[85.00337,27.82476],[85.00798,27.8225],[85.01282,27.82492]]]}},{"type":"Feature","properties":{"population":66,"fill":"#fdbb84","fill-opacity":0.55,"stroke":"#7f1d1d","stroke-width":0.3,"stroke-opacity":0.4},"geometry":{"type":"Polygon","coordinates":[[[85.08914,27.84027],[85.08937,27.84497],[85.08475,27.84724],[85.07991,27.84481],[85.07968,27.84012],[85.0843,27.83785],[85.08914,27.84027]]]}},{"type":"Feature","properties":{"population":445,"fill":"#fc8d59","fill-opacity":0.55,"stroke":"#7f1d1d","stroke-width":0.3,"stroke-opacity":0.4},"geometry":{"type":"Polygon","coordinates":[[[85.13477,27.90433],[85.13499,27.90902],[85.13037,27.91129],[85.12553,27.90887],[85.1253,27.90418],[85.12992,27.90191],[85.13477,27.90433]]]}},{"type":"Feature","properties":{"population":62,"fill":"#fdbb84","fill-opacity":0.55,"stroke":"#7f1d1d","stroke-width":0.3,"stroke-opacity":0.4},"geometry":{"type":"Polygon","coordinates":[[[84.47387,27.81884],[84.47373,27.81418],[84.47842,27.81197],[84.48324,27.81442],[84.48338,27.81907],[84.47869,27.82128],[84.47387,27.81884]]]}},{"type":"Feature","properties":{"population":5,"fill":"#fee8c8","fill-opacity":0.55,"stroke":"#7f1d1d","stroke-width":0.3,"stroke-opacity":0.4},"geometry":{"type":"Polygon","coordinates":[[[84.4202,27.76868],[84.42007,27.76403],[84.42476,27.76182],[84.42957,27.76426],[84.4297,27.76892],[84.42502,27.77112],[84.4202,27.76868]]]}},{"type":"Feature","properties":{"population":51,"fill":"#fdbb84","fill-opacity":0.55,"stroke":"#7f1d1d","stroke-width":0.3,"stroke-opacity":0.4},"geometry":{"type":"Polygon","coordinates":[[[84.44337,27.74834],[84.44323,27.74369],[84.44792,27.74148],[84.45273,27.74393],[84.45287,27.74858],[84.44818,27.75079],[84.44337,27.74834]]]}},{"type":"Feature","properties":{"population":236,"fill":"#fc8d59","fill-opacity":0.55,"stroke":"#7f1d1d","stroke-width":0.3,"stroke-opacity":0.4},"geometry":{"type":"Polygon","coordinates":[[[84.67223,27.80466],[84.67245,27.80935],[84.66784,27.8116],[84.66302,27.80917],[84.6628,27.80448],[84.66741,27.80222],[84.67223,27.80466]]]}},{"type":"Feature","properties":{"population":154,"fill":"#fdbb84","fill-opacity":0.55,"stroke":"#7f1d1d","stroke-width":0.3,"stroke-opacity":0.4},"geometry":{"type":"Polygon","coordinates":[[[85.16384,27.91887],[85.16407,27.92356],[85.15945,27.92583],[85.1546,27.92341],[85.15437,27.91871],[85.15899,27.91645],[85.16384,27.91887]]]}},{"type":"Feature","properties":{"population":341,"fill":"#fc8d59","fill-opacity":0.55,"stroke":"#7f1d1d","stroke-width":0.3,"stroke-opacity":0.4},"geometry":{"type":"Polygon","coordinates":[[[84.4396,27.78311],[84.43947,27.77846],[84.44416,27.77625],[84.44897,27.7787],[84.4491,27.78335],[84.44442,27.78556],[84.4396,27.78311]]]}},{"type":"Feature","properties":{"population":243,"fill":"#fc8d59","fill-opacity":0.55,"stroke":"#7f1d1d","stroke-width":0.3,"stroke-opacity":0.4},"geometry":{"type":"Polygon","coordinates":[[[85.11313,27.8477],[85.11335,27.8524],[85.10874,27.85467],[85.10389,27.85224],[85.10367,27.84755],[85.10828,27.84528],[85.11313,27.8477]]]}},{"type":"Feature","properties":{"population":225,"fill":"#fc8d59","fill-opacity":0.55,"stroke":"#7f1d1d","stroke-width":0.3,"stroke-opacity":0.4},"geometry":{"type":"Polygon","coordinates":[[[84.82321,27.80751],[84.82343,27.8122],[84.81882,27.81446],[84.81399,27.81203],[84.81377,27.80733],[84.81838,27.80508],[84.82321,27.80751]]]}},{"type":"Feature","properties":{"population":43,"fill":"#fee8c8","fill-opacity":0.55,"stroke":"#7f1d1d","stroke-width":0.3,"stroke-opacity":0.4},"geometry":{"type":"Polygon","coordinates":[[[84.55614,27.86968],[84.556,27.86502],[84.56069,27.86281],[84.56551,27.86525],[84.56565,27.86991],[84.56097,27.87212],[84.55614,27.86968]]]}},{"type":"Feature","properties":{"population":137,"fill":"#fdbb84","fill-opacity":0.55,"stroke":"#7f1d1d","stroke-width":0.3,"stroke-opacity":0.4},"geometry":{"type":"Polygon","coordinates":[[[84.57928,27.8493],[84.57914,27.84464],[84.58382,27.84243],[84.58865,27.84487],[84.58879,27.84952],[84.58411,27.85174],[84.57928,27.8493]]]}},{"type":"Feature","properties":{"population":377,"fill":"#fc8d59","fill-opacity":0.55,"stroke":"#7f1d1d","stroke-width":0.3,"stroke-opacity":0.4},"geometry":{"type":"Polygon","coordinates":[[[85.08982,27.85436],[85.09004,27.85905],[85.08543,27.86132],[85.08058,27.85889],[85.08036,27.8542],[85.08498,27.85193],[85.08982,27.85436]]]}},{"type":"Feature","properties":{"population":392,"fill":"#fc8d59","fill-opacity":0.55,"stroke":"#7f1d1d","stroke-width":0.3,"stroke-opacity":0.4},"geometry":{"type":"Polygon","coordinates":[[[84.99831,27.81764],[84.99853,27.82234],[84.99392,27.8246],[84.98908,27.82217],[84.98886,27.81748],[84.99347,27.81521],[84.99831,27.81764]]]}},{"type":"Feature","properties":{"population":668,"fill":"#e34a33","fill-opacity":0.55,"stroke":"#7f1d1d","stroke-width":0.3,"stroke-opacity":0.4},"geometry":{"type":"Polygon","coordinates":[[[85.1855,27.97546],[85.18573,27.98014],[85.18111,27.98241],[85.17626,27.97999],[85.17603,27.9753],[85.18065,27.97304],[85.1855,27.97546]]]}},{"type":"Feature","properties":{"population":156,"fill":"#fdbb84","fill-opacity":0.55,"stroke":"#7f1d1d","stroke-width":0.3,"stroke-opacity":0.4},"geometry":{"type":"Polygon","coordinates":[[[84.69614,27.81215],[84.69636,27.81684],[84.69175,27.8191],[84.68693,27.81666],[84.68671,27.81197],[84.69132,27.80972],[84.69614,27.81215]]]}},{"type":"Feature","properties":{"population":30,"fill":"#fee8c8","fill-opacity":0.55,"stroke":"#7f1d1d","stroke-width":0.3,"stroke-opacity":0.4},"geometry":{"type":"Polygon","coordinates":[[[84.42476,27.76182],[84.42463,27.75717],[84.42931,27.75496],[84.43413,27.75741],[84.43426,27.76206],[84.42957,27.76426],[84.42476,27.76182]]]}},{"type":"Feature","properties":{"population":9,"fill":"#fee8c8","fill-opacity":0.55,"stroke":"#7f1d1d","stroke-width":0.3,"stroke-opacity":0.4},"geometry":{"type":"Polygon","coordinates":[[[85.29218,28.12464],[85.29241,28.12933],[85.28778,28.13159],[85.28293,28.12918],[85.2827,28.12449],[85.28732,28.12223],[85.29218,28.12464]]]}},{"type":"Feature","properties":{"population":20,"fill":"#fee8c8","fill-opacity":0.55,"stroke":"#7f1d1d","stroke-width":0.3,"stroke-opacity":0.4},"geometry":{"type":"Polygon","coordinates":[[[84.7905,27.81394],[84.79072,27.81863],[84.78611,27.82089],[84.78129,27.81845],[84.78107,27.81376],[84.78567,27.8115],[84.7905,27.81394]]]}},{"type":"Feature","properties":{"population":6,"fill":"#fee8c8","fill-opacity":0.55,"stroke":"#7f1d1d","stroke-width":0.3,"stroke-opacity":0.4},"geometry":{"type":"Polygon","coordinates":[[[85.35771,28.20746],[85.35751,28.20279],[85.36218,28.20054],[85.36704,28.20296],[85.36723,28.20762],[85.36257,28.20987],[85.35771,28.20746]]]}},{"type":"Feature","properties":{"population":412,"fill":"#fc8d59","fill-opacity":0.55,"stroke":"#7f1d1d","stroke-width":0.3,"stroke-opacity":0.4},"geometry":{"type":"Polygon","coordinates":[[[85.27322,28.12434],[85.27345,28.12902],[85.26882,28.13129],[85.26397,28.12887],[85.26374,28.12419],[85.26836,28.12193],[85.27322,28.12434]]]}},{"type":"Feature","properties":{"population":50,"fill":"#fee8c8","fill-opacity":0.55,"stroke":"#7f1d1d","stroke-width":0.3,"stroke-opacity":0.4},"geometry":{"type":"Polygon","coordinates":[[[85.29588,28.10365],[85.29611,28.10833],[85.29149,28.1106],[85.28663,28.10818],[85.2864,28.1035],[85.29103,28.10123],[85.29588,28.10365]]]}},{"type":"Feature","properties":{"population":50,"fill":"#fee8c8","fill-opacity":0.55,"stroke":"#7f1d1d","stroke-width":0.3,"stroke-opacity":0.4},"geometry":{"type":"Polygon","coordinates":[[[84.85154,27.80802],[84.85176,27.81272],[84.84715,27.81498],[84.84232,27.81255],[84.8421,27.80785],[84.84671,27.80559],[84.85154,27.80802]]]}},{"type":"Feature","properties":{"population":157,"fill":"#fdbb84","fill-opacity":0.55,"stroke":"#7f1d1d","stroke-width":0.3,"stroke-opacity":0.4},"geometry":{"type":"Polygon","coordinates":[[[84.56069,27.86281],[84.56055,27.85815],[84.56523,27.85594],[84.57006,27.85838],[84.5702,27.86303],[84.56551,27.86525],[84.56069,27.86281]]]}},{"type":"Feature","properties":{"population":43,"fill":"#fee8c8","fill-opacity":0.55,"stroke":"#7f1d1d","stroke-width":0.3,"stroke-opacity":0.4},"geometry":{"type":"Polygon","coordinates":[[[85.15642,27.96093],[85.15664,27.96562],[85.15202,27.96788],[85.14718,27.96546],[85.14695,27.96077],[85.15157,27.95851],[85.15642,27.96093]]]}},{"type":"Feature","properties":{"population":7,"fill":"#fee8c8","fill-opacity":0.55,"stroke":"#7f1d1d","stroke-width":0.3,"stroke-opacity":0.4},"geometry":{"type":"Polygon","coordinates":[[[84.48297,27.80511],[84.48284,27.80046],[84.48752,27.79825],[84.49234,27.80069],[84.49248,27.80534],[84.48779,27.80755],[84.48297,27.80511]]]}},{"type":"Feature","properties":{"population":748,"fill":"#e34a33","fill-opacity":0.55,"stroke":"#7f1d1d","stroke-width":0.3,"stroke-opacity":0.4},"geometry":{"type":"Polygon","coordinates":[[[85.13848,27.88329],[85.1387,27.88799],[85.13409,27.89025],[85.12924,27.88783],[85.12902,27.88314],[85.13363,27.88087],[85.13848,27.88329]]]}},{"type":"Feature","properties":{"population":8,"fill":"#fee8c8","fill-opacity":0.55,"stroke":"#7f1d1d","stroke-width":0.3,"stroke-opacity":0.4},"geometry":{"type":"Polygon","coordinates":[[[85.45842,28.33504],[85.45821,28.33037],[85.46288,28.32811],[85.46775,28.33053],[85.46795,28.3352],[85.46329,28.33745],[85.45842,28.33504]]]}},{"type":"Feature","properties":{"population":39,"fill":"#fee8c8","fill-opacity":0.55,"stroke":"#7f1d1d","stroke-width":0.3,"stroke-opacity":0.4},"geometry":{"type":"Polygon","coordinates":[[[84.43622,27.83186],[84.43609,27.82721],[84.44078,27.825],[84.4456,27.82744],[84.44574,27.8321],[84.44105,27.83431],[84.43622,27.83186]]]}},{"type":"Feature","properties":{"population":315,"fill":"#fc8d59","fill-opacity":0.55,"stroke":"#7f1d1d","stroke-width":0.3,"stroke-opacity":0.4},"geometry":{"type":"Polygon","coordinates":[[[84.71874,27.79149],[84.71896,27.79618],[84.71435,27.79844],[84.70953,27.796],[84.70931,27.79131],[84.71392,27.78906],[84.71874,27.79149]]]}},{"type":"Feature","properties":{"population":35,"fill":"#fee8c8","fill-opacity":0.55,"stroke":"#7f1d1d","stroke-width":0.3,"stroke-opacity":0.4},"geometry":{"type":"Polygon","coordinates":[[[84.79489,27.80699],[84.79511,27.81168],[84.7905,27.81394],[84.78567,27.8115],[84.78545,27.80681],[84.79006,27.80455],[84.79489,27.80699]]]}},{"type":"Feature","properties":{"population":466,"fill":"#fc8d59","fill-opacity":0.55,"stroke":"#7f1d1d","stroke-width":0.3,"stroke-opacity":0.4},"geometry":{"type":"Polygon","coordinates":[[[85.27761,28.11739],[85.27784,28.12208],[85.27322,28.12434],[85.26836,28.12193],[85.26814,28.11724],[85.27276,28.11498],[85.27761,28.11739]]]}},{"type":"Feature","properties":{"population":144,"fill":"#fdbb84","fill-opacity":0.55,"stroke":"#7f1d1d","stroke-width":0.3,"stroke-opacity":0.4},"geometry":{"type":"Polygon","coordinates":[[[85.01721,27.81796],[85.01744,27.82266],[85.01282,27.82492],[85.00798,27.8225],[85.00776,27.8178],[85.01237,27.81554],[85.01721,27.81796]]]}},{"type":"Feature","properties":{"population":67,"fill":"#fdbb84","fill-opacity":0.55,"stroke":"#7f1d1d","stroke-width":0.3,"stroke-opacity":0.4},"geometry":{"type":"Polygon","coordinates":[[[84.51149,27.80581],[84.51135,27.80115],[84.51604,27.79894],[84.52086,27.80139],[84.52099,27.80604],[84.51631,27.80825],[84.51149,27.80581]]]}},{"type":"Feature","properties":{"population":130,"fill":"#fdbb84","fill-opacity":0.55,"stroke":"#7f1d1d","stroke-width":0.3,"stroke-opacity":0.4},"geometry":{"type":"Polygon","coordinates":[[[84.62812,27.89232],[84.62797,27.88766],[84.63266,27.88544],[84.63749,27.88788],[84.63763,27.89254],[84.63295,27.89475],[84.62812,27.89232]]]}},{"type":"Feature","properties":{"population":804,"fill":"#e34a33","fill-opacity":0.55,"stroke":"#7f1d1d","stroke-width":0.3,"stroke-opacity":0.4},"geometry":{"type":"Polygon","coordinates":[[[85.00202,27.79659],[85.00225,27.80129],[84.99763,27.80356],[84.9928,27.80113],[84.99257,27.79643],[84.99719,27.79417],[85.00202,27.79659]]]}},{"type":"Feature","properties":{"population":111,"fill":"#fdbb84","fill-opacity":0.55,"stroke":"#7f1d1d","stroke-width":0.3,"stroke-opacity":0.4},"geometry":{"type":"Polygon","coordinates":[[[84.69988,27.79113],[84.70009,27.79582],[84.69549,27.79808],[84.69066,27.79564],[84.69044,27.79095],[84.69505,27.7887],[84.69988,27.79113]]]}},{"type":"Feature","properties":{"population":9,"fill":"#fee8c8","fill-opacity":0.55,"stroke":"#7f1d1d","stroke-width":0.3,"stroke-opacity":0.4},"geometry":{"type":"Polygon","coordinates":[[[84.42892,27.74101],[84.42879,27.73636],[84.43347,27.73415],[84.43829,27.7366],[84.43842,27.74125],[84.43374,27.74345],[84.42892,27.74101]]]}},{"type":"Feature","properties":{"population":66,"fill":"#fdbb84","fill-opacity":0.55,"stroke":"#7f1d1d","stroke-width":0.3,"stroke-opacity":0.4},"geometry":{"type":"Polygon","coordinates":[[[84.47721,27.7701],[84.47708,27.76545],[84.48176,27.76324],[84.48658,27.76568],[84.48672,27.77033],[84.48203,27.77254],[84.47721,27.7701]]]}},{"type":"Feature","properties":{"population":52,"fill":"#fdbb84","fill-opacity":0.55,"stroke":"#7f1d1d","stroke-width":0.3,"stroke-opacity":0.4},"geometry":{"type":"Polygon","coordinates":[[[84.67289,27.81873],[84.6731,27.82342],[84.6685,27.82568],[84.66367,27.82324],[84.66345,27.81855],[84.66806,27.8163],[84.67289,27.81873]]]}},{"type":"Feature","properties":{"population":339,"fill":"#fc8d59","fill-opacity":0.55,"stroke":"#7f1d1d","stroke-width":0.3,"stroke-opacity":0.4},"geometry":{"type":"Polygon","coordinates":[[[85.14726,27.86937],[85.14749,27.87406],[85.14287,27.87633],[85.13802,27.87391],[85.1378,27.86921],[85.14242,27.86694],[85.14726,27.86937]]]}},{"type":"Feature","properties":{"population":166,"fill":"#fdbb84","fill-opacity":0.55,"stroke":"#7f1d1d","stroke-width":0.3,"stroke-opacity":0.4},"geometry":{"type":"Polygon","coordinates":[[[84.56481,27.84197],[84.56467,27.83732],[84.56935,27.83511],[84.57418,27.83755],[84.57432,27.8422],[84.56963,27.84441],[84.56481,27.84197]]]}},{"type":"Feature","properties":{"population":292,"fill":"#fc8d59","fill-opacity":0.55,"stroke":"#7f1d1d","stroke-width":0.3,"stroke-opacity":0.4},"geometry":{"type":"Polygon","coordinates":[[[85.18989,27.9685],[85.19012,27.97319],[85.1855,27.97546],[85.18065,27.97304],[85.18042,27.96835],[85.18504,27.96608],[85.18989,27.9685]]]}},{"type":"Feature","properties":{"population":184,"fill":"#fdbb84","fill-opacity":0.55,"stroke":"#7f1d1d","stroke-width":0.3,"stroke-opacity":0.4},"geometry":{"type":"Polygon","coordinates":[[[84.90382,27.816],[84.90404,27.82069],[84.89943,27.82295],[84.89459,27.82052],[84.89437,27.81583],[84.89898,27.81356],[84.90382,27.816]]]}},{"type":"Feature","properties":{"population":442,"fill":"#fc8d59","fill-opacity":0.55,"stroke":"#7f1d1d","stroke-width":0.3,"stroke-opacity":0.4},"geometry":{"type":"Polygon","coordinates":[[[85.13612,27.93248],[85.13635,27.93717],[85.13173,27.93944],[85.12689,27.93701],[85.12666,27.93232],[85.13128,27.93006],[85.13612,27.93248]]]}},{"type":"Feature","properties":{"population":1190,"fill":"#e34a33","fill-opacity":0.55,"stroke":"#7f1d1d","stroke-width":0.3,"stroke-opacity":0.4},"geometry":{"type":"Polygon","coordinates":[[[84.6132,27.87103],[84.61306,27.86637],[84.61774,27.86416],[84.62257,27.8666],[84.62271,27.87125],[84.61803,27.87347],[84.6132,27.87103]]]}},{"type":"Feature","properties":{"population":8,"fill":"#fee8c8","fill-opacity":0.55,"stroke":"#7f1d1d","stroke-width":0.3,"stroke-opacity":0.4},"geometry":{"type":"Polygon","coordinates":[[[84.63266,27.88544],[84.63251,27.88079],[84.63719,27.87857],[84.64202,27.88101],[84.64217,27.88566],[84.63749,27.88788],[84.63266,27.88544]]]}},{"type":"Feature","properties":{"population":260,"fill":"#fc8d59","fill-opacity":0.55,"stroke":"#7f1d1d","stroke-width":0.3,"stroke-opacity":0.4},"geometry":{"type":"Polygon","coordinates":[[[84.97873,27.80323],[84.97896,27.80793],[84.97434,27.81019],[84.96951,27.80777],[84.96928,27.80307],[84.9739,27.8008],[84.97873,27.80323]]]}},{"type":"Feature","properties":{"population":252,"fill":"#fc8d59","fill-opacity":0.55,"stroke":"#7f1d1d","stroke-width":0.3,"stroke-opacity":0.4},"geometry":{"type":"Polygon","coordinates":[[[84.70426,27.78418],[84.70448,27.78888],[84.69988,27.79113],[84.69505,27.7887],[84.69483,27.784],[84.69944,27.78175],[84.70426,27.78418]]]}},{"type":"Feature","properties":{"population":77,"fill":"#fdbb84","fill-opacity":0.55,"stroke":"#7f1d1d","stroke-width":0.3,"stroke-opacity":0.4},"geometry":{"type":"Polygon","coordinates":[[[85.28132,28.0964],[85.28155,28.10108],[85.27693,28.10335],[85.27207,28.10093],[85.27184,28.09625],[85.27647,28.09398],[85.28132,28.0964]]]}},{"type":"Feature","properties":{"population":29,"fill":"#fee8c8","fill-opacity":0.55,"stroke":"#7f1d1d","stroke-width":0.3,"stroke-opacity":0.4},"geometry":{"type":"Polygon","coordinates":[[[84.43717,27.70853],[84.43739,27.71322],[84.43279,27.71547],[84.42797,27.71302],[84.42776,27.70833],[84.43236,27.70608],[84.43717,27.70853]]]}},{"type":"Feature","properties":{"population":22,"fill":"#fee8c8","fill-opacity":0.55,"stroke":"#7f1d1d","stroke-width":0.3,"stroke-opacity":0.4},"geometry":{"type":"Polygon","coordinates":[[[84.54125,27.84839],[84.54111,27.84373],[84.54579,27.84152],[84.55062,27.84396],[84.55076,27.84861],[84.54607,27.85083],[84.54125,27.84839]]]}},{"type":"Feature","properties":{"population":869,"fill":"#e34a33","fill-opacity":0.55,"stroke":"#7f1d1d","stroke-width":0.3,"stroke-opacity":0.4},"geometry":{"type":"Polygon","coordinates":[[[84.90821,27.80904],[84.90843,27.81373],[84.90382,27.816],[84.89898,27.81356],[84.89876,27.80887],[84.90337,27.80661],[84.90821,27.80904]]]}},{"type":"Feature","properties":{"population":31,"fill":"#fee8c8","fill-opacity":0.55,"stroke":"#7f1d1d","stroke-width":0.3,"stroke-opacity":0.4},"geometry":{"type":"Polygon","coordinates":[[[84.63632,27.85064],[84.63618,27.84599],[84.64086,27.84377],[84.64568,27.84621],[84.64583,27.85086],[84.64115,27.85308],[84.63632,27.85064]]]}},{"type":"Feature","properties":{"population":37,"fill":"#fee8c8","fill-opacity":0.55,"stroke":"#7f1d1d","stroke-width":0.3,"stroke-opacity":0.4},"geometry":{"type":"Polygon","coordinates":[[[85.06651,27.861],[85.06674,27.8657],[85.06212,27.86796],[85.05728,27.86554],[85.05705,27.86085],[85.06167,27.85858],[85.06651,27.861]]]}},{"type":"Feature","properties":{"population":9,"fill":"#fee8c8","fill-opacity":0.55,"stroke":"#7f1d1d","stroke-width":0.3,"stroke-opacity":0.4},"geometry":{"type":"Polygon","coordinates":[[[85.43874,28.32073],[85.43853,28.31606],[85.4432,28.3138],[85.44807,28.31621],[85.44827,28.32088],[85.44361,28.32314],[85.43874,28.32073]]]}},{"type":"Feature","properties":{"population":8,"fill":"#fee8c8","fill-opacity":0.55,"stroke":"#7f1d1d","stroke-width":0.3,"stroke-opacity":0.4},"geometry":{"type":"Polygon","coordinates":[[[84.49329,27.83327],[84.49315,27.82861],[84.49784,27.8264],[84.50266,27.82885],[84.5028,27.8335],[84.49811,27.83571],[84.49329,27.83327]]]}},{"type":"Feature","properties":{"population":107,"fill":"#fdbb84","fill-opacity":0.55,"stroke":"#7f1d1d","stroke-width":0.3,"stroke-opacity":0.4},"geometry":{"type":"Polygon","coordinates":[[[84.77536,27.79256],[84.77558,27.79725],[84.77097,27.79951],[84.76614,27.79707],[84.76592,27.79238],[84.77053,27.79012],[84.77536,27.79256]]]}},{"type":"Feature","properties":{"population":17,"fill":"#fee8c8","fill-opacity":0.55,"stroke":"#7f1d1d","stroke-width":0.3,"stroke-opacity":0.4},"geometry":{"type":"Polygon","coordinates":[[[85.25797,28.10304],[85.2582,28.10773],[85.25358,28.10999],[85.24872,28.10757],[85.24849,28.10289],[85.25312,28.10063],[85.25797,28.10304]]]}},{"type":"Feature","properties":{"population":4352,"fill":"#b30000","fill-opacity":0.55,"stroke":"#7f1d1d","stroke-width":0.3,"stroke-opacity":0.4},"geometry":{"type":"Polygon","coordinates":[[[84.44156,27.70159],[84.44177,27.70628],[84.43717,27.70853],[84.43236,27.70608],[84.43215,27.70139],[84.43675,27.69914],[84.44156,27.70159]]]}},{"type":"Feature","properties":{"population":18,"fill":"#fee8c8","fill-opacity":0.55,"stroke":"#7f1d1d","stroke-width":0.3,"stroke-opacity":0.4},"geometry":{"type":"Polygon","coordinates":[[[84.67728,27.81179],[84.67749,27.81648],[84.67289,27.81873],[84.66806,27.8163],[84.66784,27.8116],[84.67245,27.80935],[84.67728,27.81179]]]}},{"type":"Feature","properties":{"population":218,"fill":"#fc8d59","fill-opacity":0.55,"stroke":"#7f1d1d","stroke-width":0.3,"stroke-opacity":0.4},"geometry":{"type":"Polygon","coordinates":[[[85.16891,27.92598],[85.16914,27.93067],[85.16452,27.93294],[85.15967,27.93052],[85.15945,27.92583],[85.16407,27.92356],[85.16891,27.92598]]]}},{"type":"Feature","properties":{"population":132,"fill":"#fdbb84","fill-opacity":0.55,"stroke":"#7f1d1d","stroke-width":0.3,"stroke-opacity":0.4},"geometry":{"type":"Polygon","coordinates":[[[84.66031,27.85817],[84.66016,27.85352],[84.66484,27.8513],[84.66966,27.85374],[84.66981,27.85839],[84.66513,27.86061],[84.66031,27.85817]]]}},{"type":"Feature","properties":{"population":184,"fill":"#fdbb84","fill-opacity":0.55,"stroke":"#7f1d1d","stroke-width":0.3,"stroke-opacity":0.4},"geometry":{"type":"Polygon","coordinates":[[[84.45366,27.77649],[84.45353,27.77184],[84.45821,27.76963],[84.46303,27.77207],[84.46316,27.77672],[84.45848,27.77893],[84.45366,27.77649]]]}},{"type":"Feature","properties":{"population":6,"fill":"#fee8c8","fill-opacity":0.55,"stroke":"#7f1d1d","stroke-width":0.3,"stroke-opacity":0.4},"geometry":{"type":"Polygon","coordinates":[[[84.53711,27.86922],[84.53698,27.86457],[84.54166,27.86235],[84.54649,27.86479],[84.54663,27.86945],[84.54194,27.87167],[84.53711,27.86922]]]}},{"type":"Feature","properties":{"population":275,"fill":"#fc8d59","fill-opacity":0.55,"stroke":"#7f1d1d","stroke-width":0.3,"stroke-opacity":0.4},"geometry":{"type":"Polygon","coordinates":[[[84.58964,27.87745],[84.5895,27.8728],[84.59418,27.87058],[84.59901,27.87302],[84.59915,27.87768],[84.59447,27.87989],[84.58964,27.87745]]]}},{"type":"Feature","properties":{"population":303,"fill":"#fc8d59","fill-opacity":0.55,"stroke":"#7f1d1d","stroke-width":0.3,"stroke-opacity":0.4},"geometry":{"type":"Polygon","coordinates":[[[84.88359,27.7875],[84.88382,27.79219],[84.8792,27.79445],[84.87437,27.79202],[84.87415,27.78733],[84.87876,27.78506],[84.88359,27.7875]]]}},{"type":"Feature","properties":{"population":231,"fill":"#fc8d59","fill-opacity":0.55,"stroke":"#7f1d1d","stroke-width":0.3,"stroke-opacity":0.4},"geometry":{"type":"Polygon","coordinates":[[[85.21733,28.04622],[85.21756,28.05091],[85.21293,28.05317],[85.20808,28.05076],[85.20786,28.04607],[85.21248,28.0438],[85.21733,28.04622]]]}},{"type":"Feature","properties":{"population":354,"fill":"#fc8d59","fill-opacity":0.55,"stroke":"#7f1d1d","stroke-width":0.3,"stroke-opacity":0.4},"geometry":{"type":"Polygon","coordinates":[[[85.0709,27.85404],[85.07113,27.85874],[85.06651,27.861],[85.06167,27.85858],[85.06144,27.85389],[85.06606,27.85162],[85.0709,27.85404]]]}},{"type":"Feature","properties":{"population":123,"fill":"#fdbb84","fill-opacity":0.55,"stroke":"#7f1d1d","stroke-width":0.3,"stroke-opacity":0.4},"geometry":{"type":"Polygon","coordinates":[[[84.98245,27.78218],[84.98268,27.78688],[84.97806,27.78915],[84.97323,27.78672],[84.973,27.78202],[84.97762,27.77975],[84.98245,27.78218]]]}},{"type":"Feature","properties":{"population":561,"fill":"#e34a33","fill-opacity":0.55,"stroke":"#7f1d1d","stroke-width":0.3,"stroke-opacity":0.4},"geometry":{"type":"Polygon","coordinates":[[[85.20512,27.98983],[85.20535,27.99452],[85.20073,27.99678],[85.19588,27.99436],[85.19565,27.98967],[85.20027,27.98741],[85.20512,27.98983]]]}},{"type":"Feature","properties":{"population":168,"fill":"#fdbb84","fill-opacity":0.55,"stroke":"#7f1d1d","stroke-width":0.3,"stroke-opacity":0.4},"geometry":{"type":"Polygon","coordinates":[[[84.82893,27.82871],[84.82915,27.8334],[84.82454,27.83566],[84.81971,27.83323],[84.81949,27.82854],[84.8241,27.82628],[84.82893,27.82871]]]}},{"type":"Feature","properties":{"population":40,"fill":"#fee8c8","fill-opacity":0.55,"stroke":"#7f1d1d","stroke-width":0.3,"stroke-opacity":0.4},"geometry":{"type":"Polygon","coordinates":[[[84.70119,27.81928],[84.7014,27.82397],[84.6968,27.82622],[84.69197,27.82379],[84.69175,27.8191],[84.69636,27.81684],[84.70119,27.81928]]]}},{"type":"Feature","properties":{"population":138,"fill":"#fdbb84","fill-opacity":0.55,"stroke":"#7f1d1d","stroke-width":0.3,"stroke-opacity":0.4},"geometry":{"type":"Polygon","coordinates":[[[84.94666,27.82378],[84.94689,27.82848],[84.94227,27.83074],[84.93744,27.82831],[84.93722,27.82362],[84.94183,27.82136],[84.94666,27.82378]]]}},{"type":"Feature","properties":{"population":120,"fill":"#fdbb84","fill-opacity":0.55,"stroke":"#7f1d1d","stroke-width":0.3,"stroke-opacity":0.4},"geometry":{"type":"Polygon","coordinates":[[[84.75648,27.79221],[84.7567,27.7969],[84.75209,27.79916],[84.74727,27.79672],[84.74705,27.79203],[84.75166,27.78977],[84.75648,27.79221]]]}},{"type":"Feature","properties":{"population":357,"fill":"#fc8d59","fill-opacity":0.55,"stroke":"#7f1d1d","stroke-width":0.3,"stroke-opacity":0.4},"geometry":{"type":"Polygon","coordinates":[[[85.34605,28.16057],[85.34629,28.16526],[85.34166,28.16752],[85.3368,28.16511],[85.33657,28.16043],[85.3412,28.15816],[85.34605,28.16057]]]}},{"type":"Feature","properties":{"population":385,"fill":"#fc8d59","fill-opacity":0.55,"stroke":"#7f1d1d","stroke-width":0.3,"stroke-opacity":0.4},"geometry":{"type":"Polygon","coordinates":[[[84.66484,27.8513],[84.66469,27.84665],[84.66937,27.84443],[84.67419,27.84687],[84.67434,27.85152],[84.66966,27.85374],[84.66484,27.8513]]]}},{"type":"Feature","properties":{"population":249,"fill":"#fc8d59","fill-opacity":0.55,"stroke":"#7f1d1d","stroke-width":0.3,"stroke-opacity":0.4},"geometry":{"type":"Polygon","coordinates":[[[84.86537,27.80124],[84.86559,27.80593],[84.86098,27.80819],[84.85615,27.80576],[84.85593,27.80107],[84.86054,27.79881],[84.86537,27.80124]]]}},{"type":"Feature","properties":{"population":5,"fill":"#fee8c8","fill-opacity":0.55,"stroke":"#7f1d1d","stroke-width":0.3,"stroke-opacity":0.4},"geometry":{"type":"Polygon","coordinates":[[[84.54538,27.82755],[84.54524,27.8229],[84.54992,27.82069],[84.55474,27.82313],[84.55488,27.82778],[84.5502,27.83],[84.54538,27.82755]]]}},{"type":"Feature","properties":{"population":271,"fill":"#fc8d59","fill-opacity":0.55,"stroke":"#7f1d1d","stroke-width":0.3,"stroke-opacity":0.4},"geometry":{"type":"Polygon","coordinates":[[[84.91193,27.788],[84.91215,27.79269],[84.90754,27.79496],[84.90271,27.79253],[84.90248,27.78783],[84.90709,27.78557],[84.91193,27.788]]]}},{"type":"Feature","properties":{"population":269,"fill":"#fc8d59","fill-opacity":0.55,"stroke":"#7f1d1d","stroke-width":0.3,"stroke-opacity":0.4},"geometry":{"type":"Polygon","coordinates":[[[85.17027,27.95412],[85.1705,27.95881],[85.16588,27.96108],[85.16104,27.95866],[85.16081,27.95397],[85.16543,27.9517],[85.17027,27.95412]]]}},{"type":"Feature","properties":{"population":71,"fill":"#fdbb84","fill-opacity":0.55,"stroke":"#7f1d1d","stroke-width":0.3,"stroke-opacity":0.4},"geometry":{"type":"Polygon","coordinates":[[[85.19838,28.04592],[85.19861,28.0506],[85.19399,28.05287],[85.18914,28.05045],[85.18891,28.04576],[85.19353,28.0435],[85.19838,28.04592]]]}},{"type":"Feature","properties":{"population":301,"fill":"#fc8d59","fill-opacity":0.55,"stroke":"#7f1d1d","stroke-width":0.3,"stroke-opacity":0.4},"geometry":{"type":"Polygon","coordinates":[[[85.05199,27.85373],[85.05221,27.85842],[85.0476,27.86069],[85.04276,27.85826],[85.04253,27.85357],[85.04715,27.8513],[85.05199,27.85373]]]}},{"type":"Feature","properties":{"population":348,"fill":"#fc8d59","fill-opacity":0.55,"stroke":"#7f1d1d","stroke-width":0.3,"stroke-opacity":0.4},"geometry":{"type":"Polygon","coordinates":[[[84.73827,27.80593],[84.73849,27.81062],[84.73388,27.81287],[84.72905,27.81044],[84.72883,27.80575],[84.73344,27.80349],[84.73827,27.80593]]]}},{"type":"Feature","properties":{"population":31,"fill":"#fee8c8","fill-opacity":0.55,"stroke":"#7f1d1d","stroke-width":0.3,"stroke-opacity":0.4},"geometry":{"type":"Polygon","coordinates":[[[85.26168,28.08204],[85.26191,28.08673],[85.25728,28.08899],[85.25243,28.08658],[85.2522,28.08189],[85.25683,28.07963],[85.26168,28.08204]]]}},{"type":"Feature","properties":{"population":3048,"fill":"#b30000","fill-opacity":0.55,"stroke":"#7f1d1d","stroke-width":0.3,"stroke-opacity":0.4},"geometry":{"type":"Polygon","coordinates":[[[85.14862,27.89752],[85.14885,27.90222],[85.14423,27.90449],[85.13938,27.90206],[85.13916,27.89737],[85.14378,27.8951],[85.14862,27.89752]]]}},{"type":"Feature","properties":{"population":121,"fill":"#fdbb84","fill-opacity":0.55,"stroke":"#7f1d1d","stroke-width":0.3,"stroke-opacity":0.4},"geometry":{"type":"Polygon","coordinates":[[[84.64583,27.85086],[84.64568,27.84621],[84.65036,27.84399],[84.65519,27.84643],[84.65533,27.85108],[84.65065,27.8533],[84.64583,27.85086]]]}},{"type":"Feature","properties":{"population":45,"fill":"#fee8c8","fill-opacity":0.55,"stroke":"#7f1d1d","stroke-width":0.3,"stroke-opacity":0.4},"geometry":{"type":"Polygon","coordinates":[[[84.4499,27.81127],[84.44976,27.80662],[84.45445,27.80441],[84.45927,27.80685],[84.45941,27.8115],[84.45472,27.81371],[84.4499,27.81127]]]}},{"type":"Feature","properties":{"population":168,"fill":"#fdbb84","fill-opacity":0.55,"stroke":"#7f1d1d","stroke-width":0.3,"stroke-opacity":0.4},"geometry":{"type":"Polygon","coordinates":[[[85.36395,28.24252],[85.36375,28.23786],[85.36842,28.23561],[85.37328,28.23802],[85.37348,28.24269],[85.36881,28.24494],[85.36395,28.24252]]]}},{"type":"Feature","properties":{"population":54,"fill":"#fdbb84","fill-opacity":0.55,"stroke":"#7f1d1d","stroke-width":0.3,"stroke-opacity":0.4},"geometry":{"type":"Polygon","coordinates":[[[85.03375,27.86749],[85.03397,27.87218],[85.02936,27.87444],[85.02452,27.87202],[85.02429,27.86733],[85.02891,27.86506],[85.03375,27.86749]]]}},{"type":"Feature","properties":{"population":142,"fill":"#fdbb84","fill-opacity":0.55,"stroke":"#7f1d1d","stroke-width":0.3,"stroke-opacity":0.4},"geometry":{"type":"Polygon","coordinates":[[[84.60909,27.89187],[84.60895,27.88721],[84.61364,27.885],[84.61846,27.88744],[84.61861,27.89209],[84.61392,27.89431],[84.60909,27.89187]]]}},{"type":"Feature","properties":{"population":793,"fill":"#e34a33","fill-opacity":0.55,"stroke":"#7f1d1d","stroke-width":0.3,"stroke-opacity":0.4},"geometry":{"type":"Polygon","coordinates":[[[84.95544,27.80987],[84.95567,27.81456],[84.95105,27.81683],[84.94622,27.8144],[84.946,27.8097],[84.95061,27.80744],[84.95544,27.80987]]]}},{"type":"Feature","properties":{"population":5,"fill":"#fee8c8","fill-opacity":0.55,"stroke":"#7f1d1d","stroke-width":0.3,"stroke-opacity":0.4},"geometry":{"type":"Polygon","coordinates":[[[85.20209,28.02491],[85.20232,28.02959],[85.1977,28.03186],[85.19285,28.02944],[85.19262,28.02475],[85.19725,28.02249],[85.20209,28.02491]]]}},{"type":"Feature","properties":{"population":19,"fill":"#fee8c8","fill-opacity":0.55,"stroke":"#7f1d1d","stroke-width":0.3,"stroke-opacity":0.4},"geometry":{"type":"Polygon","coordinates":[[[84.45445,27.80441],[84.45432,27.79975],[84.45901,27.79754],[84.46383,27.79999],[84.46396,27.80464],[84.45927,27.80685],[84.45445,27.80441]]]}},{"type":"Feature","properties":{"population":195,"fill":"#fdbb84","fill-opacity":0.55,"stroke":"#7f1d1d","stroke-width":0.3,"stroke-opacity":0.4},"geometry":{"type":"Polygon","coordinates":[[[85.36454,28.25652],[85.36435,28.25186],[85.36901,28.2496],[85.37387,28.25202],[85.37407,28.25668],[85.36941,28.25894],[85.36454,28.25652]]]}},{"type":"Feature","properties":{"population":61,"fill":"#fdbb84","fill-opacity":0.55,"stroke":"#7f1d1d","stroke-width":0.3,"stroke-opacity":0.4},"geometry":{"type":"Polygon","coordinates":[[[84.88493,27.81566],[84.88515,27.82035],[84.88054,27.82261],[84.8757,27.82018],[84.87548,27.81549],[84.88009,27.81323],[84.88493,27.81566]]]}},{"type":"Feature","properties":{"population":243,"fill":"#fc8d59","fill-opacity":0.55,"stroke":"#7f1d1d","stroke-width":0.3,"stroke-opacity":0.4},"geometry":{"type":"Polygon","coordinates":[[[85.17399,27.93309],[85.17421,27.93779],[85.16959,27.94005],[85.16475,27.93763],[85.16452,27.93294],[85.16914,27.93067],[85.17399,27.93309]]]}},{"type":"Feature","properties":{"population":486,"fill":"#fc8d59","fill-opacity":0.55,"stroke":"#7f1d1d","stroke-width":0.3,"stroke-opacity":0.4},"geometry":{"type":"Polygon","coordinates":[[[84.61817,27.87812],[84.61803,27.87347],[84.62271,27.87125],[84.62754,27.87369],[84.62769,27.87835],[84.623,27.88056],[84.61817,27.87812]]]}},{"type":"Feature","properties":{"population":185,"fill":"#fdbb84","fill-opacity":0.55,"stroke":"#7f1d1d","stroke-width":0.3,"stroke-opacity":0.4},"geometry":{"type":"Polygon","coordinates":[[[85.20649,28.01795],[85.20672,28.02264],[85.20209,28.02491],[85.19725,28.02249],[85.19702,28.0178],[85.20164,28.01553],[85.20649,28.01795]]]}},{"type":"Feature","properties":{"population":16,"fill":"#fee8c8","fill-opacity":0.55,"stroke":"#7f1d1d","stroke-width":0.3,"stroke-opacity":0.4},"geometry":{"type":"Polygon","coordinates":[[[84.742,27.7849],[84.74222,27.78959],[84.73761,27.79185],[84.73278,27.78941],[84.73257,27.78472],[84.73717,27.78246],[84.742,27.7849]]]}},{"type":"Feature","properties":{"population":119,"fill":"#fdbb84","fill-opacity":0.55,"stroke":"#7f1d1d","stroke-width":0.3,"stroke-opacity":0.4},"geometry":{"type":"Polygon","coordinates":[[[84.41031,27.75448],[84.41018,27.74983],[84.41487,27.74763],[84.41968,27.75007],[84.41981,27.75472],[84.41512,27.75693],[84.41031,27.75448]]]}},{"type":"Feature","properties":{"population":11,"fill":"#fee8c8","fill-opacity":0.55,"stroke":"#7f1d1d","stroke-width":0.3,"stroke-opacity":0.4},"geometry":{"type":"Polygon","coordinates":[[[84.7578,27.82036],[84.75802,27.82505],[84.75341,27.8273],[84.74858,27.82487],[84.74836,27.82018],[84.75297,27.81792],[84.7578,27.82036]]]}},{"type":"Feature","properties":{"population":59,"fill":"#fdbb84","fill-opacity":0.55,"stroke":"#7f1d1d","stroke-width":0.3,"stroke-opacity":0.4},"geometry":{"type":"Polygon","coordinates":[[[84.54992,27.82069],[84.54978,27.81604],[84.55447,27.81382],[84.55929,27.81626],[84.55943,27.82092],[84.55474,27.82313],[84.54992,27.82069]]]}},{"type":"Feature","properties":{"population":2710,"fill":"#b30000","fill-opacity":0.55,"stroke":"#7f1d1d","stroke-width":0.3,"stroke-opacity":0.4},"geometry":{"type":"Polygon","coordinates":[[[84.41835,27.70813],[84.41856,27.71283],[84.41396,27.71507],[84.40915,27.71263],[84.40893,27.70794],[84.41353,27.70569],[84.41835,27.70813]]]}},{"type":"Feature","properties":{"population":37,"fill":"#fee8c8","fill-opacity":0.55,"stroke":"#7f1d1d","stroke-width":0.3,"stroke-opacity":0.4},"geometry":{"type":"Polygon","coordinates":[[[84.54621,27.85548],[84.54607,27.85083],[84.55076,27.84861],[84.55558,27.85106],[84.55572,27.85571],[84.55104,27.85793],[84.54621,27.85548]]]}},{"type":"Feature","properties":{"population":541,"fill":"#e34a33","fill-opacity":0.55,"stroke":"#7f1d1d","stroke-width":0.3,"stroke-opacity":0.4},"geometry":{"type":"Polygon","coordinates":[[[84.946,27.8097],[84.94622,27.8144],[84.94161,27.81666],[84.93677,27.81423],[84.93655,27.80954],[84.94116,27.80727],[84.946,27.8097]]]}},{"type":"Feature","properties":{"population":443,"fill":"#fc8d59","fill-opacity":0.55,"stroke":"#7f1d1d","stroke-width":0.3,"stroke-opacity":0.4},"geometry":{"type":"Polygon","coordinates":[[[85.03747,27.84645],[85.03769,27.85114],[85.03308,27.85341],[85.02824,27.85098],[85.02801,27.84629],[85.03263,27.84402],[85.03747,27.84645]]]}},{"type":"Feature","properties":{"population":56,"fill":"#fdbb84","fill-opacity":0.55,"stroke":"#7f1d1d","stroke-width":0.3,"stroke-opacity":0.4},"geometry":{"type":"Polygon","coordinates":[[[85.19975,28.07402],[85.19998,28.07871],[85.19536,28.08097],[85.19051,28.07855],[85.19028,28.07387],[85.1949,28.0716],[85.19975,28.07402]]]}},{"type":"Feature","properties":{"population":14,"fill":"#fee8c8","fill-opacity":0.55,"stroke":"#7f1d1d","stroke-width":0.3,"stroke-opacity":0.4},"geometry":{"type":"Polygon","coordinates":[[[84.49825,27.84037],[84.49811,27.83571],[84.5028,27.8335],[84.50762,27.83594],[84.50776,27.8406],[84.50307,27.84281],[84.49825,27.84037]]]}},{"type":"Feature","properties":{"population":680,"fill":"#e34a33","fill-opacity":0.55,"stroke":"#7f1d1d","stroke-width":0.3,"stroke-opacity":0.4},"geometry":{"type":"Polygon","coordinates":[[[85.26305,28.11014],[85.26328,28.11483],[85.25866,28.11709],[85.2538,28.11467],[85.25358,28.10999],[85.2582,28.10773],[85.26305,28.11014]]]}},{"type":"Feature","properties":{"population":38,"fill":"#fee8c8","fill-opacity":0.55,"stroke":"#7f1d1d","stroke-width":0.3,"stroke-opacity":0.4},"geometry":{"type":"Polygon","coordinates":[[[85.34431,28.2282],[85.34411,28.22354],[85.34878,28.22129],[85.35364,28.2237],[85.35383,28.22837],[85.34917,28.23062],[85.34431,28.2282]]]}},{"type":"Feature","properties":{"population":281,"fill":"#fc8d59","fill-opacity":0.55,"stroke":"#7f1d1d","stroke-width":0.3,"stroke-opacity":0.4},"geometry":{"type":"Polygon","coordinates":[[[84.52182,27.83396],[84.52168,27.82931],[84.52636,27.8271],[84.53119,27.82954],[84.53132,27.83419],[84.52664,27.8364],[84.52182,27.83396]]]}},{"type":"Feature","properties":{"population":116,"fill":"#fdbb84","fill-opacity":0.55,"stroke":"#7f1d1d","stroke-width":0.3,"stroke-opacity":0.4},"geometry":{"type":"Polygon","coordinates":[[[85.01417,27.85309],[85.01439,27.85778],[85.00978,27.86005],[85.00494,27.85762],[85.00471,27.85293],[85.00933,27.85066],[85.01417,27.85309]]]}},{"type":"Feature","properties":{"population":643,"fill":"#e34a33","fill-opacity":0.55,"stroke":"#7f1d1d","stroke-width":0.3,"stroke-opacity":0.4},"geometry":{"type":"Polygon","coordinates":[[[85.10874,27.85467],[85.10896,27.85936],[85.10435,27.86163],[85.0995,27.85921],[85.09928,27.85451],[85.10389,27.85224],[85.10874,27.85467]]]}},{"type":"Feature","properties":{"population":221,"fill":"#fc8d59","fill-opacity":0.55,"stroke":"#7f1d1d","stroke-width":0.3,"stroke-opacity":0.4},"geometry":{"type":"Polygon","coordinates":[[[85.2102,27.99694],[85.21043,28.00162],[85.2058,28.00389],[85.20096,28.00147],[85.20073,27.99678],[85.20535,27.99452],[85.2102,27.99694]]]}},{"type":"Feature","properties":{"population":84,"fill":"#fdbb84","fill-opacity":0.55,"stroke":"#7f1d1d","stroke-width":0.3,"stroke-opacity":0.4},"geometry":{"type":"Polygon","coordinates":[[[84.71501,27.81251],[84.71523,27.81721],[84.71062,27.81946],[84.70579,27.81702],[84.70558,27.81233],[84.71018,27.81008],[84.71501,27.81251]]]}},{"type":"Feature","properties":{"population":273,"fill":"#fc8d59","fill-opacity":0.55,"stroke":"#7f1d1d","stroke-width":0.3,"stroke-opacity":0.4},"geometry":{"type":"Polygon","coordinates":[[[84.76153,27.79933],[84.76175,27.80402],[84.75714,27.80628],[84.75231,27.80385],[84.75209,27.79916],[84.7567,27.7969],[84.76153,27.79933]]]}},{"type":"Feature","properties":{"population":361,"fill":"#fc8d59","fill-opacity":0.55,"stroke":"#7f1d1d","stroke-width":0.3,"stroke-opacity":0.4},"geometry":{"type":"Polygon","coordinates":[[[84.46276,27.76277],[84.46263,27.75812],[84.46731,27.75591],[84.47213,27.75835],[84.47226,27.763],[84.46758,27.76521],[84.46276,27.76277]]]}},{"type":"Feature","properties":{"population":88,"fill":"#fdbb84","fill-opacity":0.55,"stroke":"#7f1d1d","stroke-width":0.3,"stroke-opacity":0.4},"geometry":{"type":"Polygon","coordinates":[[[85.36572,28.17491],[85.36595,28.17959],[85.36132,28.18186],[85.35646,28.17944],[85.35623,28.17476],[85.36086,28.1725],[85.36572,28.17491]]]}},{"type":"Feature","properties":{"population":20,"fill":"#fee8c8","fill-opacity":0.55,"stroke":"#7f1d1d","stroke-width":0.3,"stroke-opacity":0.4},"geometry":{"type":"Polygon","coordinates":[[[85.23833,28.08869],[85.23856,28.09337],[85.23394,28.09564],[85.22909,28.09322],[85.22886,28.08854],[85.23348,28.08627],[85.23833,28.08869]]]}},{"type":"Feature","properties":{"population":63,"fill":"#fdbb84","fill-opacity":0.55,"stroke":"#7f1d1d","stroke-width":0.3,"stroke-opacity":0.4},"geometry":{"type":"Polygon","coordinates":[[[84.43504,27.78997],[84.43491,27.78532],[84.4396,27.78311],[84.44442,27.78556],[84.44455,27.79021],[84.43986,27.79242],[84.43504,27.78997]]]}},{"type":"Feature","properties":{"population":522,"fill":"#e34a33","fill-opacity":0.55,"stroke":"#7f1d1d","stroke-width":0.3,"stroke-opacity":0.4},"geometry":{"type":"Polygon","coordinates":[[[85.13273,27.86209],[85.13295,27.86679],[85.12834,27.86906],[85.12349,27.86663],[85.12327,27.86194],[85.12788,27.85967],[85.13273,27.86209]]]}},{"type":"Feature","properties":{"population":71,"fill":"#fdbb84","fill-opacity":0.55,"stroke":"#7f1d1d","stroke-width":0.3,"stroke-opacity":0.4},"geometry":{"type":"Polygon","coordinates":[[[85.35324,28.21437],[85.35305,28.20971],[85.35771,28.20746],[85.36257,28.20987],[85.36277,28.21454],[85.3581,28.21679],[85.35324,28.21437]]]}},{"type":"Feature","properties":{"population":55,"fill":"#fdbb84","fill-opacity":0.55,"stroke":"#7f1d1d","stroke-width":0.3,"stroke-opacity":0.4},"geometry":{"type":"Polygon","coordinates":[[[84.57104,27.89097],[84.5709,27.88632],[84.57559,27.8841],[84.58041,27.88654],[84.58055,27.8912],[84.57587,27.89341],[84.57104,27.89097]]]}},{"type":"Feature","properties":{"population":126,"fill":"#fdbb84","fill-opacity":0.55,"stroke":"#7f1d1d","stroke-width":0.3,"stroke-opacity":0.4},"geometry":{"type":"Polygon","coordinates":[[[84.92576,27.7812],[84.92599,27.7859],[84.92137,27.78816],[84.91654,27.78573],[84.91632,27.78104],[84.92093,27.77877],[84.92576,27.7812]]]}},{"type":"Feature","properties":{"population":204,"fill":"#fc8d59","fill-opacity":0.55,"stroke":"#7f1d1d","stroke-width":0.3,"stroke-opacity":0.4},"geometry":{"type":"Polygon","coordinates":[[[84.59873,27.86371],[84.59858,27.85906],[84.60327,27.85684],[84.60809,27.85928],[84.60823,27.86393],[84.60355,27.86615],[84.59873,27.86371]]]}},{"type":"Feature","properties":{"population":8,"fill":"#fee8c8","fill-opacity":0.55,"stroke":"#7f1d1d","stroke-width":0.3,"stroke-opacity":0.4},"geometry":{"type":"Polygon","coordinates":[[[84.50735,27.82663],[84.50721,27.82198],[84.5119,27.81977],[84.51672,27.82221],[84.51686,27.82687],[84.51217,27.82908],[84.50735,27.82663]]]}},{"type":"Feature","properties":{"population":92,"fill":"#fdbb84","fill-opacity":0.55,"stroke":"#7f1d1d","stroke-width":0.3,"stroke-opacity":0.4},"geometry":{"type":"Polygon","coordinates":[[[85.20346,28.05302],[85.20369,28.05771],[85.19907,28.05997],[85.19422,28.05755],[85.19399,28.05287],[85.19861,28.0506],[85.20346,28.05302]]]}},{"type":"Feature","properties":{"population":237,"fill":"#fc8d59","fill-opacity":0.55,"stroke":"#7f1d1d","stroke-width":0.3,"stroke-opacity":0.4},"geometry":{"type":"Polygon","coordinates":[[[85.18686,28.00358],[85.18709,28.00827],[85.18247,28.01054],[85.17762,28.00812],[85.1774,28.00343],[85.18202,28.00116],[85.18686,28.00358]]]}},{"type":"Feature","properties":{"population":428,"fill":"#fc8d59","fill-opacity":0.55,"stroke":"#7f1d1d","stroke-width":0.3,"stroke-opacity":0.4},"geometry":{"type":"Polygon","coordinates":[[[84.74332,27.81305],[84.74353,27.81774],[84.73893,27.82],[84.7341,27.81757],[84.73388,27.81287],[84.73849,27.81062],[84.74332,27.81305]]]}},{"type":"Feature","properties":{"population":414,"fill":"#fc8d59","fill-opacity":0.55,"stroke":"#7f1d1d","stroke-width":0.3,"stroke-opacity":0.4},"geometry":{"type":"Polygon","coordinates":[[[84.46731,27.75591],[84.46718,27.75126],[84.47186,27.74905],[84.47668,27.75149],[84.47681,27.75614],[84.47213,27.75835],[84.46731,27.75591]]]}},{"type":"Feature","properties":{"population":179,"fill":"#fdbb84","fill-opacity":0.55,"stroke":"#7f1d1d","stroke-width":0.3,"stroke-opacity":0.4},"geometry":{"type":"Polygon","coordinates":[[[85.02093,27.79691],[85.02115,27.80161],[85.01654,27.80388],[85.0117,27.80145],[85.01148,27.79675],[85.01609,27.79449],[85.02093,27.79691]]]}},{"type":"Feature","properties":{"population":226,"fill":"#fc8d59","fill-opacity":0.55,"stroke":"#7f1d1d","stroke-width":0.3,"stroke-opacity":0.4},"geometry":{"type":"Polygon","coordinates":[[[84.60327,27.85684],[84.60312,27.85219],[84.6078,27.84997],[84.61263,27.85241],[84.61277,27.85706],[84.60809,27.85928],[84.60327,27.85684]]]}},{"type":"Feature","properties":{"population":212,"fill":"#fc8d59","fill-opacity":0.55,"stroke":"#7f1d1d","stroke-width":0.3,"stroke-opacity":0.4},"geometry":{"type":"Polygon","coordinates":[[[85.01788,27.83205],[85.01811,27.83674],[85.01349,27.83901],[85.00866,27.83658],[85.00843,27.83189],[85.01305,27.82962],[85.01788,27.83205]]]}},{"type":"Feature","properties":{"population":199,"fill":"#fdbb84","fill-opacity":0.55,"stroke":"#7f1d1d","stroke-width":0.3,"stroke-opacity":0.4},"geometry":{"type":"Polygon","coordinates":[[[85.09421,27.84739],[85.09443,27.85209],[85.08982,27.85436],[85.08498,27.85193],[85.08475,27.84724],[85.08937,27.84497],[85.09421,27.84739]]]}},{"type":"Feature","properties":{"population":389,"fill":"#fc8d59","fill-opacity":0.55,"stroke":"#7f1d1d","stroke-width":0.3,"stroke-opacity":0.4},"geometry":{"type":"Polygon","coordinates":[[[85.13984,27.91145],[85.14006,27.91614],[85.13544,27.91841],[85.1306,27.91598],[85.13037,27.91129],[85.13499,27.90902],[85.13984,27.91145]]]}},{"type":"Feature","properties":{"population":247,"fill":"#fc8d59","fill-opacity":0.55,"stroke":"#7f1d1d","stroke-width":0.3,"stroke-opacity":0.4},"geometry":{"type":"Polygon","coordinates":[[[85.18315,28.0246],[85.18338,28.02928],[85.17876,28.03155],[85.17391,28.02913],[85.17368,28.02444],[85.1783,28.02218],[85.18315,28.0246]]]}},{"type":"Feature","properties":{"population":113,"fill":"#fdbb84","fill-opacity":0.55,"stroke":"#7f1d1d","stroke-width":0.3,"stroke-opacity":0.4},"geometry":{"type":"Polygon","coordinates":[[[84.47882,27.82594],[84.47869,27.82128],[84.48338,27.81907],[84.4882,27.82152],[84.48833,27.82617],[84.48364,27.82838],[84.47882,27.82594]]]}},{"type":"Feature","properties":{"population":29,"fill":"#fee8c8","fill-opacity":0.55,"stroke":"#7f1d1d","stroke-width":0.3,"stroke-opacity":0.4},"geometry":{"type":"Polygon","coordinates":[[[85.20483,28.08113],[85.20506,28.08581],[85.20043,28.08807],[85.19558,28.08565],[85.19536,28.08097],[85.19998,28.07871],[85.20483,28.08113]]]}},{"type":"Feature","properties":{"population":276,"fill":"#fc8d59","fill-opacity":0.55,"stroke":"#7f1d1d","stroke-width":0.3,"stroke-opacity":0.4},"geometry":{"type":"Polygon","coordinates":[[[84.44297,27.73439],[84.44284,27.72974],[84.44744,27.72749],[84.45226,27.72994],[84.45247,27.73463],[84.44779,27.73683],[84.44297,27.73439]]]}},{"type":"Feature","properties":{"population":56,"fill":"#fdbb84","fill-opacity":0.55,"stroke":"#7f1d1d","stroke-width":0.3,"stroke-opacity":0.4},"geometry":{"type":"Polygon","coordinates":[[[84.43921,27.76915],[84.43908,27.7645],[84.44376,27.76229],[84.44858,27.76474],[84.44871,27.76939],[84.44402,27.7716],[84.43921,27.76915]]]}},{"type":"Feature","properties":{"population":311,"fill":"#fc8d59","fill-opacity":0.55,"stroke":"#7f1d1d","stroke-width":0.3,"stroke-opacity":0.4},"geometry":{"type":"Polygon","coordinates":[[[85.1182,27.85482],[85.11842,27.85952],[85.11381,27.86179],[85.10896,27.85936],[85.10874,27.85467],[85.11335,27.8524],[85.1182,27.85482]]]}},{"type":"Feature","properties":{"population":50,"fill":"#fee8c8","fill-opacity":0.55,"stroke":"#7f1d1d","stroke-width":0.3,"stroke-opacity":0.4},"geometry":{"type":"Polygon","coordinates":[[[84.82827,27.81463],[84.82849,27.81933],[84.82388,27.82159],[84.81904,27.81915],[84.81882,27.81446],[84.82343,27.8122],[84.82827,27.81463]]]}},{"type":"Feature","properties":{"population":14,"fill":"#fee8c8","fill-opacity":0.55,"stroke":"#7f1d1d","stroke-width":0.3,"stroke-opacity":0.4},"geometry":{"type":"Polygon","coordinates":[[[85.33303,28.18606],[85.33283,28.1814],[85.33749,28.17915],[85.34235,28.18156],[85.34255,28.18623],[85.33788,28.18847],[85.33303,28.18606]]]}},{"type":"Feature","properties":{"population":220,"fill":"#fc8d59","fill-opacity":0.55,"stroke":"#7f1d1d","stroke-width":0.3,"stroke-opacity":0.4},"geometry":{"type":"Polygon","coordinates":[[[84.57516,27.87013],[84.57502,27.86548],[84.57971,27.86326],[84.58453,27.8657],[84.58467,27.87036],[84.57999,27.87257],[84.57516,27.87013]]]}},{"type":"Feature","properties":{"population":92,"fill":"#fdbb84","fill-opacity":0.55,"stroke":"#7f1d1d","stroke-width":0.3,"stroke-opacity":0.4},"geometry":{"type":"Polygon","coordinates":[[[84.92271,27.81633],[84.92293,27.82102],[84.91832,27.82329],[84.91349,27.82086],[84.91326,27.81616],[84.91787,27.8139],[84.92271,27.81633]]]}},{"type":"Feature","properties":{"population":260,"fill":"#fc8d59","fill-opacity":0.55,"stroke":"#7f1d1d","stroke-width":0.3,"stroke-opacity":0.4},"geometry":{"type":"Polygon","coordinates":[[[84.99763,27.80356],[84.99786,27.80825],[84.99325,27.81052],[84.98841,27.80809],[84.98818,27.8034],[84.9928,27.80113],[84.99763,27.80356]]]}},{"type":"Feature","properties":{"population":457,"fill":"#fc8d59","fill-opacity":0.55,"stroke":"#7f1d1d","stroke-width":0.3,"stroke-opacity":0.4},"geometry":{"type":"Polygon","coordinates":[[[85.19057,27.98257],[85.1908,27.98725],[85.18618,27.98952],[85.18133,27.9871],[85.18111,27.98241],[85.18573,27.98014],[85.19057,27.98257]]]}},{"type":"Feature","properties":{"population":43,"fill":"#fee8c8","fill-opacity":0.55,"stroke":"#7f1d1d","stroke-width":0.3,"stroke-opacity":0.4},"geometry":{"type":"Polygon","coordinates":[[[84.81443,27.82141],[84.81466,27.8261],[84.81005,27.82836],[84.80521,27.82593],[84.80499,27.82124],[84.8096,27.81898],[84.81443,27.82141]]]}},{"type":"Feature","properties":{"population":102,"fill":"#fdbb84","fill-opacity":0.55,"stroke":"#7f1d1d","stroke-width":0.3,"stroke-opacity":0.4},"geometry":{"type":"Polygon","coordinates":[[[84.72313,27.78454],[84.72335,27.78924],[84.71874,27.79149],[84.71392,27.78906],[84.7137,27.78436],[84.7183,27.78211],[84.72313,27.78454]]]}},{"type":"Feature","properties":{"population":1620,"fill":"#b30000","fill-opacity":0.55,"stroke":"#7f1d1d","stroke-width":0.3,"stroke-opacity":0.4},"geometry":{"type":"Polygon","coordinates":[[[84.42437,27.74786],[84.42424,27.74321],[84.42892,27.74101],[84.43374,27.74345],[84.43387,27.7481],[84.42918,27.75031],[84.42437,27.74786]]]}},{"type":"Feature","properties":{"population":162,"fill":"#fdbb84","fill-opacity":0.55,"stroke":"#7f1d1d","stroke-width":0.3,"stroke-opacity":0.4},"geometry":{"type":"Polygon","coordinates":[[[84.85088,27.79394],[84.8511,27.79864],[84.84649,27.8009],[84.84165,27.79847],[84.84143,27.79377],[84.84604,27.79151],[84.85088,27.79394]]]}},{"type":"Feature","properties":{"population":72,"fill":"#fdbb84","fill-opacity":0.55,"stroke":"#7f1d1d","stroke-width":0.3,"stroke-opacity":0.4},"geometry":{"type":"Polygon","coordinates":[[[84.56027,27.84884],[84.56013,27.84419],[84.56481,27.84197],[84.56963,27.84441],[84.56977,27.84907],[84.56509,27.85128],[84.56027,27.84884]]]}},{"type":"Feature","properties":{"population":269,"fill":"#fc8d59","fill-opacity":0.55,"stroke":"#7f1d1d","stroke-width":0.3,"stroke-opacity":0.4},"geometry":{"type":"Polygon","coordinates":[[[84.9271,27.80937],[84.92732,27.81407],[84.92271,27.81633],[84.91787,27.8139],[84.91765,27.80921],[84.92226,27.80694],[84.9271,27.80937]]]}},{"type":"Feature","properties":{"population":412,"fill":"#fc8d59","fill-opacity":0.55,"stroke":"#7f1d1d","stroke-width":0.3,"stroke-opacity":0.4},"geometry":{"type":"Polygon","coordinates":[[[85.15573,27.94686],[85.15596,27.95155],[85.15134,27.95382],[85.1465,27.95139],[85.14627,27.9467],[85.15089,27.94444],[85.15573,27.94686]]]}},{"type":"Feature","properties":{"population":31,"fill":"#fee8c8","fill-opacity":0.55,"stroke":"#7f1d1d","stroke-width":0.3,"stroke-opacity":0.4},"geometry":{"type":"Polygon","coordinates":[[[84.48793,27.81221],[84.48779,27.80755],[84.49248,27.80534],[84.4973,27.80779],[84.49743,27.81244],[84.49275,27.81465],[84.48793,27.81221]]]}},{"type":"Feature","properties":{"population":2118,"fill":"#b30000","fill-opacity":0.55,"stroke":"#7f1d1d","stroke-width":0.3,"stroke-opacity":0.4},"geometry":{"type":"Polygon","coordinates":[[[85.14355,27.89041],[85.14378,27.8951],[85.13916,27.89737],[85.13431,27.89495],[85.13409,27.89025],[85.1387,27.88799],[85.14355,27.89041]]]}},{"type":"Feature","properties":{"population":527,"fill":"#e34a33","fill-opacity":0.55,"stroke":"#7f1d1d","stroke-width":0.3,"stroke-opacity":0.4},"geometry":{"type":"Polygon","coordinates":[[[84.72379,27.79862],[84.72401,27.80331],[84.7194,27.80557],[84.71457,27.80313],[84.71435,27.79844],[84.71896,27.79618],[84.72379,27.79862]]]}},{"type":"Feature","properties":{"population":196,"fill":"#fdbb84","fill-opacity":0.55,"stroke":"#7f1d1d","stroke-width":0.3,"stroke-opacity":0.4},"geometry":{"type":"Polygon","coordinates":[[[84.79994,27.81411],[84.80016,27.8188],[84.79555,27.82106],[84.79072,27.81863],[84.7905,27.81394],[84.79511,27.81168],[84.79994,27.81411]]]}},{"type":"Feature","properties":{"population":260,"fill":"#fc8d59","fill-opacity":0.55,"stroke":"#7f1d1d","stroke-width":0.3,"stroke-opacity":0.4},"geometry":{"type":"Polygon","coordinates":[[[85.02227,27.82508],[85.0225,27.82978],[85.01788,27.83205],[85.01305,27.82962],[85.01282,27.82492],[85.01744,27.82266],[85.02227,27.82508]]]}},{"type":"Feature","properties":{"population":44,"fill":"#fee8c8","fill-opacity":0.55,"stroke":"#7f1d1d","stroke-width":0.3,"stroke-opacity":0.4},"geometry":{"type":"Polygon","coordinates":[[[84.41681,27.81742],[84.41668,27.81277],[84.42137,27.81056],[84.42619,27.81301],[84.42632,27.81766],[84.42163,27.81987],[84.41681,27.81742]]]}},{"type":"Feature","properties":{"population":146,"fill":"#fdbb84","fill-opacity":0.55,"stroke":"#7f1d1d","stroke-width":0.3,"stroke-opacity":0.4},"geometry":{"type":"Polygon","coordinates":[[[84.83199,27.7936],[84.83221,27.79829],[84.8276,27.80055],[84.82277,27.79812],[84.82255,27.79343],[84.82716,27.79117],[84.83199,27.7936]]]}},{"type":"Feature","properties":{"population":300,"fill":"#fc8d59","fill-opacity":0.55,"stroke":"#7f1d1d","stroke-width":0.3,"stroke-opacity":0.4},"geometry":{"type":"Polygon","coordinates":[[[85.01923,27.86021],[85.01945,27.8649],[85.01484,27.86716],[85.01,27.86474],[85.00978,27.86005],[85.01439,27.85778],[85.01923,27.86021]]]}},{"type":"Feature","properties":{"population":26,"fill":"#fee8c8","fill-opacity":0.55,"stroke":"#7f1d1d","stroke-width":0.3,"stroke-opacity":0.4},"geometry":{"type":"Polygon","coordinates":[[[85.24204,28.06769],[85.24227,28.07237],[85.23765,28.07464],[85.23279,28.07222],[85.23257,28.06753],[85.23719,28.06527],[85.24204,28.06769]]]}},{"type":"Feature","properties":{"population":115,"fill":"#fdbb84","fill-opacity":0.55,"stroke":"#7f1d1d","stroke-width":0.3,"stroke-opacity":0.4},"geometry":{"type":"Polygon","coordinates":[[[85.00135,27.78251],[85.00158,27.7872],[84.99696,27.78947],[84.99213,27.78704],[84.9919,27.78234],[84.99652,27.78008],[85.00135,27.78251]]]}},{"type":"Feature","properties":{"population":285,"fill":"#fc8d59","fill-opacity":0.55,"stroke":"#7f1d1d","stroke-width":0.3,"stroke-opacity":0.4},"geometry":{"type":"Polygon","coordinates":[[[84.44376,27.76229],[84.44363,27.75764],[84.44831,27.75544],[84.45313,27.75788],[84.45326,27.76253],[84.44858,27.76474],[84.44376,27.76229]]]}},{"type":"Feature","properties":{"population":182,"fill":"#fdbb84","fill-opacity":0.55,"stroke":"#7f1d1d","stroke-width":0.3,"stroke-opacity":0.4},"geometry":{"type":"Polygon","coordinates":[[[84.67793,27.82586],[84.67815,27.83055],[84.67354,27.8328],[84.66872,27.83036],[84.6685,27.82568],[84.6731,27.82342],[84.67793,27.82586]]]}},{"type":"Feature","properties":{"population":635,"fill":"#e34a33","fill-opacity":0.55,"stroke":"#7f1d1d","stroke-width":0.3,"stroke-opacity":0.4},"geometry":{"type":"Polygon","coordinates":[[[85.15233,27.87648],[85.15256,27.88118],[85.14794,27.88345],[85.1431,27.88102],[85.14287,27.87633],[85.14749,27.87406],[85.15233,27.87648]]]}},{"type":"Feature","properties":{"population":576,"fill":"#e34a33","fill-opacity":0.55,"stroke":"#7f1d1d","stroke-width":0.3,"stroke-opacity":0.4},"geometry":{"type":"Polygon","coordinates":[[[84.83638,27.78665],[84.8366,27.79134],[84.83199,27.7936],[84.82716,27.79117],[84.82694,27.78647],[84.83155,27.78421],[84.83638,27.78665]]]}},{"type":"Feature","properties":{"population":266,"fill":"#fc8d59","fill-opacity":0.55,"stroke":"#7f1d1d","stroke-width":0.3,"stroke-opacity":0.4},"geometry":{"type":"Polygon","coordinates":[[[85.33419,28.21404],[85.334,28.20938],[85.33866,28.20713],[85.34352,28.20954],[85.34372,28.21421],[85.33906,28.21646],[85.33419,28.21404]]]}},{"type":"Feature","properties":{"population":120,"fill":"#fdbb84","fill-opacity":0.55,"stroke":"#7f1d1d","stroke-width":0.3,"stroke-opacity":0.4},"geometry":{"type":"Polygon","coordinates":[[[84.56439,27.82801],[84.56425,27.82336],[84.56893,27.82114],[84.57375,27.82358],[84.57389,27.82824],[84.56921,27.83045],[84.56439,27.82801]]]}},{"type":"Feature","properties":{"population":272,"fill":"#fc8d59","fill-opacity":0.55,"stroke":"#7f1d1d","stroke-width":0.3,"stroke-opacity":0.4},"geometry":{"type":"Polygon","coordinates":[[[85.19497,27.97561],[85.1952,27.9803],[85.19057,27.98257],[85.18573,27.98014],[85.1855,27.97546],[85.19012,27.97319],[85.19497,27.97561]]]}},{"type":"Feature","properties":{"population":138,"fill":"#fdbb84","fill-opacity":0.55,"stroke":"#7f1d1d","stroke-width":0.3,"stroke-opacity":0.4},"geometry":{"type":"Polygon","coordinates":[[[85.1412,27.93959],[85.14142,27.94428],[85.1368,27.94655],[85.13196,27.94413],[85.13173,27.93944],[85.13635,27.93717],[85.1412,27.93959]]]}},{"type":"Feature","properties":{"population":154,"fill":"#fdbb84","fill-opacity":0.55,"stroke":"#7f1d1d","stroke-width":0.3,"stroke-opacity":0.4},"geometry":{"type":"Polygon","coordinates":[[[84.57971,27.86326],[84.57956,27.85861],[84.58425,27.85639],[84.58907,27.85883],[84.58922,27.86349],[84.58453,27.8657],[84.57971,27.86326]]]}},{"type":"Feature","properties":{"population":164,"fill":"#fdbb84","fill-opacity":0.55,"stroke":"#7f1d1d","stroke-width":0.3,"stroke-opacity":0.4},"geometry":{"type":"Polygon","coordinates":[[[84.63222,27.87147],[84.63208,27.86682],[84.63676,27.8646],[84.64159,27.86704],[84.64173,27.8717],[84.63705,27.87391],[84.63222,27.87147]]]}},{"type":"Feature","properties":{"population":220,"fill":"#fc8d59","fill-opacity":0.55,"stroke":"#7f1d1d","stroke-width":0.3,"stroke-opacity":0.4},"geometry":{"type":"Polygon","coordinates":[[[85.19194,28.01069],[85.19217,28.01538],[85.18755,28.01765],[85.1827,28.01523],[85.18247,28.01054],[85.18709,28.00827],[85.19194,28.01069]]]}},{"type":"Feature","properties":{"population":104,"fill":"#fdbb84","fill-opacity":0.55,"stroke":"#7f1d1d","stroke-width":0.3,"stroke-opacity":0.4},"geometry":{"type":"Polygon","coordinates":[[[84.45525,27.83233],[84.45511,27.82768],[84.4598,27.82547],[84.46462,27.82791],[84.46476,27.83257],[84.46007,27.83478],[84.45525,27.83233]]]}},{"type":"Feature","properties":{"population":44,"fill":"#fee8c8","fill-opacity":0.55,"stroke":"#7f1d1d","stroke-width":0.3,"stroke-opacity":0.4},"geometry":{"type":"Polygon","coordinates":[[[85.02599,27.80404],[85.02622,27.80873],[85.0216,27.811],[85.01676,27.80857],[85.01654,27.80388],[85.02115,27.80161],[85.02599,27.80404]]]}},{"type":"Feature","properties":{"population":276,"fill":"#fc8d59","fill-opacity":0.55,"stroke":"#7f1d1d","stroke-width":0.3,"stroke-opacity":0.4},"geometry":{"type":"Polygon","coordinates":[[[84.90754,27.79496],[84.90776,27.79965],[84.90315,27.80191],[84.89832,27.79948],[84.89809,27.79479],[84.90271,27.79253],[84.90754,27.79496]]]}},{"type":"Feature","properties":{"population":368,"fill":"#fc8d59","fill-opacity":0.55,"stroke":"#7f1d1d","stroke-width":0.3,"stroke-opacity":0.4},"geometry":{"type":"Polygon","coordinates":[[[84.64129,27.85773],[84.64115,27.85308],[84.64583,27.85086],[84.65065,27.8533],[84.6508,27.85795],[84.64612,27.86017],[84.64129,27.85773]]]}},{"type":"Feature","properties":{"population":1981,"fill":"#b30000","fill-opacity":0.55,"stroke":"#7f1d1d","stroke-width":0.3,"stroke-opacity":0.4},"geometry":{"type":"Polygon","coordinates":[[[85.14491,27.91856],[85.14514,27.92325],[85.14052,27.92552],[85.13567,27.9231],[85.13544,27.91841],[85.14006,27.91614],[85.14491,27.91856]]]}},{"type":"Feature","properties":{"population":105,"fill":"#fdbb84","fill-opacity":0.55,"stroke":"#7f1d1d","stroke-width":0.3,"stroke-opacity":0.4},"geometry":{"type":"Polygon","coordinates":[[[85.16724,27.98921],[85.16747,27.9939],[85.16285,27.99617],[85.158,27.99375],[85.15778,27.98906],[85.1624,27.98679],[85.16724,27.98921]]]}},{"type":"Feature","properties":{"population":105,"fill":"#fdbb84","fill-opacity":0.55,"stroke":"#7f1d1d","stroke-width":0.3,"stroke-opacity":0.4},"geometry":{"type":"Polygon","coordinates":[[[84.4598,27.82547],[84.45967,27.82081],[84.46436,27.8186],[84.46918,27.82105],[84.46931,27.8257],[84.46462,27.82791],[84.4598,27.82547]]]}},{"type":"Feature","properties":{"population":279,"fill":"#fc8d59","fill-opacity":0.55,"stroke":"#7f1d1d","stroke-width":0.3,"stroke-opacity":0.4},"geometry":{"type":"Polygon","coordinates":[[[84.78041,27.79968],[84.78063,27.80438],[84.77602,27.80664],[84.77119,27.8042],[84.77097,27.79951],[84.77558,27.79725],[84.78041,27.79968]]]}},{"type":"Feature","properties":{"population":362,"fill":"#fc8d59","fill-opacity":0.55,"stroke":"#7f1d1d","stroke-width":0.3,"stroke-opacity":0.4},"geometry":{"type":"Polygon","coordinates":[[[84.67662,27.79772],[84.67684,27.80241],[84.67223,27.80466],[84.66741,27.80222],[84.66719,27.79753],[84.6718,27.79528],[84.67662,27.79772]]]}},{"type":"Feature","properties":{"population":576,"fill":"#e34a33","fill-opacity":0.55,"stroke":"#7f1d1d","stroke-width":0.3,"stroke-opacity":0.4},"geometry":{"type":"Polygon","coordinates":[[[85.16823,27.91191],[85.16846,27.9166],[85.16384,27.91887],[85.15899,27.91645],[85.15877,27.91175],[85.16338,27.90948],[85.16823,27.91191]]]}},{"type":"Feature","properties":{"population":35,"fill":"#fee8c8","fill-opacity":0.55,"stroke":"#7f1d1d","stroke-width":0.3,"stroke-opacity":0.4},"geometry":{"type":"Polygon","coordinates":[[[84.66528,27.86526],[84.66513,27.86061],[84.66981,27.85839],[84.67464,27.86083],[84.67479,27.86548],[84.67011,27.8677],[84.66528,27.86526]]]}},{"type":"Feature","properties":{"population":109,"fill":"#fdbb84","fill-opacity":0.55,"stroke":"#7f1d1d","stroke-width":0.3,"stroke-opacity":0.4},"geometry":{"type":"Polygon","coordinates":[[[84.45861,27.78358],[84.45848,27.77893],[84.46316,27.77672],[84.46798,27.77917],[84.46811,27.78382],[84.46343,27.78603],[84.45861,27.78358]]]}},{"type":"Feature","properties":{"population":279,"fill":"#fc8d59","fill-opacity":0.55,"stroke":"#7f1d1d","stroke-width":0.3,"stroke-opacity":0.4},"geometry":{"type":"Polygon","coordinates":[[[84.83332,27.82176],[84.83354,27.82645],[84.82893,27.82871],[84.8241,27.82628],[84.82388,27.82159],[84.82849,27.81933],[84.83332,27.82176]]]}},{"type":"Feature","properties":{"population":108,"fill":"#fdbb84","fill-opacity":0.55,"stroke":"#7f1d1d","stroke-width":0.3,"stroke-opacity":0.4},"geometry":{"type":"Polygon","coordinates":[[[85.19868,27.95458],[85.19891,27.95927],[85.19428,27.96154],[85.18944,27.95912],[85.18921,27.95443],[85.19383,27.95216],[85.19868,27.95458]]]}},{"type":"Feature","properties":{"population":320,"fill":"#fc8d59","fill-opacity":0.55,"stroke":"#7f1d1d","stroke-width":0.3,"stroke-opacity":0.4},"geometry":{"type":"Polygon","coordinates":[[[84.88865,27.79462],[84.88887,27.79932],[84.88426,27.80158],[84.87943,27.79915],[84.8792,27.79445],[84.88382,27.79219],[84.88865,27.79462]]]}},{"type":"Feature","properties":{"population":97,"fill":"#fdbb84","fill-opacity":0.55,"stroke":"#7f1d1d","stroke-width":0.3,"stroke-opacity":0.4},"geometry":{"type":"Polygon","coordinates":[[[85.22241,28.05333],[85.22264,28.05801],[85.21801,28.06028],[85.21316,28.05786],[85.21293,28.05317],[85.21756,28.05091],[85.22241,28.05333]]]}},{"type":"Feature","properties":{"population":188,"fill":"#fdbb84","fill-opacity":0.55,"stroke":"#7f1d1d","stroke-width":0.3,"stroke-opacity":0.4},"geometry":{"type":"Polygon","coordinates":[[[85.07597,27.86116],[85.07619,27.86586],[85.07158,27.86812],[85.06674,27.8657],[85.06651,27.861],[85.07113,27.85874],[85.07597,27.86116]]]}},{"type":"Feature","properties":{"population":194,"fill":"#fdbb84","fill-opacity":0.55,"stroke":"#7f1d1d","stroke-width":0.3,"stroke-opacity":0.4},"geometry":{"type":"Polygon","coordinates":[[[85.17164,27.98226],[85.17187,27.98695],[85.16724,27.98921],[85.1624,27.98679],[85.16217,27.9821],[85.16679,27.97984],[85.17164,27.98226]]]}},{"type":"Feature","properties":{"population":448,"fill":"#fc8d59","fill-opacity":0.55,"stroke":"#7f1d1d","stroke-width":0.3,"stroke-opacity":0.4},"geometry":{"type":"Polygon","coordinates":[[[84.70053,27.80521],[84.70075,27.8099],[84.69614,27.81215],[84.69132,27.80972],[84.6911,27.80503],[84.6957,27.80277],[84.70053,27.80521]]]}},{"type":"Feature","properties":{"population":33,"fill":"#fee8c8","fill-opacity":0.55,"stroke":"#7f1d1d","stroke-width":0.3,"stroke-opacity":0.4},"geometry":{"type":"Polygon","coordinates":[[[84.95172,27.83091],[84.95195,27.8356],[84.94733,27.83786],[84.9425,27.83544],[84.94227,27.83074],[84.94689,27.82848],[84.95172,27.83091]]]}},{"type":"Feature","properties":{"population":32,"fill":"#fee8c8","fill-opacity":0.55,"stroke":"#7f1d1d","stroke-width":0.3,"stroke-opacity":0.4},"geometry":{"type":"Polygon","coordinates":[[[84.77668,27.82071],[84.7769,27.8254],[84.77229,27.82766],[84.76746,27.82523],[84.76724,27.82053],[84.77185,27.81828],[84.77668,27.82071]]]}},{"type":"Feature","properties":{"population":175,"fill":"#fdbb84","fill-opacity":0.55,"stroke":"#7f1d1d","stroke-width":0.3,"stroke-opacity":0.4},"geometry":{"type":"Polygon","coordinates":[[[84.66981,27.85839],[84.66966,27.85374],[84.67434,27.85152],[84.67917,27.85396],[84.67932,27.85861],[84.67464,27.86083],[84.66981,27.85839]]]}},{"type":"Feature","properties":{"population":380,"fill":"#fc8d59","fill-opacity":0.55,"stroke":"#7f1d1d","stroke-width":0.3,"stroke-opacity":0.4},"geometry":{"type":"Polygon","coordinates":[[[84.87043,27.80836],[84.87065,27.81306],[84.86604,27.81532],[84.8612,27.81289],[84.86098,27.80819],[84.86559,27.80593],[84.87043,27.80836]]]}},{"type":"Feature","properties":{"population":626,"fill":"#e34a33","fill-opacity":0.55,"stroke":"#7f1d1d","stroke-width":0.3,"stroke-opacity":0.4},"geometry":{"type":"Polygon","coordinates":[[[85.17535,27.96124],[85.17558,27.96592],[85.17096,27.96819],[85.16611,27.96577],[85.16588,27.96108],[85.1705,27.95881],[85.17535,27.96124]]]}},{"type":"Feature","properties":{"population":45,"fill":"#fee8c8","fill-opacity":0.55,"stroke":"#7f1d1d","stroke-width":0.3,"stroke-opacity":0.4},"geometry":{"type":"Polygon","coordinates":[[[84.49288,27.8193],[84.49275,27.81465],[84.49743,27.81244],[84.50225,27.81488],[84.50239,27.81954],[84.4977,27.82175],[84.49288,27.8193]]]}},{"type":"Feature","properties":{"population":83,"fill":"#fdbb84","fill-opacity":0.55,"stroke":"#7f1d1d","stroke-width":0.3,"stroke-opacity":0.4},"geometry":{"type":"Polygon","coordinates":[[[85.05131,27.83965],[85.05154,27.84434],[85.04692,27.84661],[85.04208,27.84418],[85.04186,27.83949],[85.04647,27.83722],[85.05131,27.83965]]]}},{"type":"Feature","properties":{"population":15,"fill":"#fee8c8","fill-opacity":0.55,"stroke":"#7f1d1d","stroke-width":0.3,"stroke-opacity":0.4},"geometry":{"type":"Polygon","coordinates":[[[85.12462,27.8901],[85.12485,27.89479],[85.12023,27.89706],[85.11539,27.89464],[85.11516,27.88995],[85.11978,27.88768],[85.12462,27.8901]]]}},{"type":"Feature","properties":{"population":235,"fill":"#fc8d59","fill-opacity":0.55,"stroke":"#7f1d1d","stroke-width":0.3,"stroke-opacity":0.4},"geometry":{"type":"Polygon","coordinates":[[[84.70492,27.79826],[84.70514,27.80295],[84.70053,27.80521],[84.6957,27.80277],[84.69549,27.79808],[84.70009,27.79582],[84.70492,27.79826]]]}},{"type":"Feature","properties":{"population":607,"fill":"#e34a33","fill-opacity":0.55,"stroke":"#7f1d1d","stroke-width":0.3,"stroke-opacity":0.4},"geometry":{"type":"Polygon","coordinates":[[[85.15369,27.90464],[85.15392,27.90933],[85.1493,27.9116],[85.14446,27.90918],[85.14423,27.90449],[85.14885,27.90222],[85.15369,27.90464]]]}},{"type":"Feature","properties":{"population":419,"fill":"#fc8d59","fill-opacity":0.55,"stroke":"#7f1d1d","stroke-width":0.3,"stroke-opacity":0.4},"geometry":{"type":"Polygon","coordinates":[[[84.64539,27.8369],[84.64525,27.83225],[84.64985,27.83],[84.65468,27.83243],[84.65489,27.83712],[84.65022,27.83934],[84.64539,27.8369]]]}},{"type":"Feature","properties":{"population":105,"fill":"#fdbb84","fill-opacity":0.55,"stroke":"#7f1d1d","stroke-width":0.3,"stroke-opacity":0.4},"geometry":{"type":"Polygon","coordinates":[[[84.45485,27.81837],[84.45472,27.81371],[84.45941,27.8115],[84.46423,27.81395],[84.46436,27.8186],[84.45967,27.82081],[84.45485,27.81837]]]}},{"type":"Feature","properties":{"population":58,"fill":"#fdbb84","fill-opacity":0.55,"stroke":"#7f1d1d","stroke-width":0.3,"stroke-opacity":0.4},"geometry":{"type":"Polygon","coordinates":[[[84.81311,27.79326],[84.81333,27.79795],[84.80872,27.80021],[84.80389,27.79778],[84.80367,27.79308],[84.80828,27.79082],[84.81311,27.79326]]]}},{"type":"Feature","properties":{"population":63,"fill":"#fdbb84","fill-opacity":0.55,"stroke":"#7f1d1d","stroke-width":0.3,"stroke-opacity":0.4},"geometry":{"type":"Polygon","coordinates":[[[85.03308,27.85341],[85.0333,27.8581],[85.02869,27.86037],[85.02385,27.85794],[85.02362,27.85325],[85.02824,27.85098],[85.03308,27.85341]]]}},{"type":"Feature","properties":{"population":73,"fill":"#fdbb84","fill-opacity":0.55,"stroke":"#7f1d1d","stroke-width":0.3,"stroke-opacity":0.4},"geometry":{"type":"Polygon","coordinates":[[[84.61407,27.89897],[84.61392,27.89431],[84.61861,27.89209],[84.62344,27.89453],[84.62358,27.89919],[84.6189,27.90141],[84.61407,27.89897]]]}},{"type":"Feature","properties":{"population":247,"fill":"#fc8d59","fill-opacity":0.55,"stroke":"#7f1d1d","stroke-width":0.3,"stroke-opacity":0.4},"geometry":{"type":"Polygon","coordinates":[[[85.07968,27.84012],[85.07991,27.84481],[85.07529,27.84708],[85.07045,27.84466],[85.07023,27.83996],[85.07484,27.83769],[85.07968,27.84012]]]}},{"type":"Feature","properties":{"population":423,"fill":"#fc8d59","fill-opacity":0.55,"stroke":"#7f1d1d","stroke-width":0.3,"stroke-opacity":0.4},"geometry":{"type":"Polygon","coordinates":[[[85.1253,27.90418],[85.12553,27.90887],[85.12091,27.91114],[85.11607,27.90871],[85.11584,27.90402],[85.12046,27.90175],[85.1253,27.90418]]]}},{"type":"Feature","properties":{"population":295,"fill":"#fc8d59","fill-opacity":0.55,"stroke":"#7f1d1d","stroke-width":0.3,"stroke-opacity":0.4},"geometry":{"type":"Polygon","coordinates":[[[84.9605,27.81699],[84.96073,27.82168],[84.95611,27.82395],[84.95128,27.82152],[84.95105,27.81683],[84.95567,27.81456],[84.9605,27.81699]]]}},{"type":"Feature","properties":{"population":345,"fill":"#fc8d59","fill-opacity":0.55,"stroke":"#7f1d1d","stroke-width":0.3,"stroke-opacity":0.4},"geometry":{"type":"Polygon","coordinates":[[[84.68605,27.7979],[84.68627,27.80259],[84.68166,27.80484],[84.67684,27.80241],[84.67662,27.79772],[84.68123,27.79546],[84.68605,27.7979]]]}},{"type":"Feature","properties":{"population":187,"fill":"#fdbb84","fill-opacity":0.55,"stroke":"#7f1d1d","stroke-width":0.3,"stroke-opacity":0.4},"geometry":{"type":"Polygon","coordinates":[[[84.68297,27.83298],[84.68319,27.83767],[84.67858,27.83993],[84.67376,27.83749],[84.67354,27.8328],[84.67815,27.83055],[84.68297,27.83298]]]}},{"type":"Feature","properties":{"population":150,"fill":"#fdbb84","fill-opacity":0.55,"stroke":"#7f1d1d","stroke-width":0.3,"stroke-opacity":0.4},"geometry":{"type":"Polygon","coordinates":[[[84.45941,27.8115],[84.45927,27.80685],[84.46396,27.80464],[84.46878,27.80709],[84.46891,27.81174],[84.46423,27.81395],[84.45941,27.8115]]]}},{"type":"Feature","properties":{"population":322,"fill":"#fc8d59","fill-opacity":0.55,"stroke":"#7f1d1d","stroke-width":0.3,"stroke-opacity":0.4},"geometry":{"type":"Polygon","coordinates":[[[85.1574,27.8836],[85.15763,27.88829],[85.15301,27.89056],[85.14817,27.88814],[85.14794,27.88345],[85.15256,27.88118],[85.1574,27.8836]]]}},{"type":"Feature","properties":{"population":298,"fill":"#fc8d59","fill-opacity":0.55,"stroke":"#7f1d1d","stroke-width":0.3,"stroke-opacity":0.4},"geometry":{"type":"Polygon","coordinates":[[[84.87415,27.78733],[84.87437,27.79202],[84.86976,27.79428],[84.86493,27.79185],[84.86471,27.78716],[84.86932,27.78489],[84.87415,27.78733]]]}},{"type":"Feature","properties":{"population":19,"fill":"#fee8c8","fill-opacity":0.55,"stroke":"#7f1d1d","stroke-width":0.3,"stroke-opacity":0.4},"geometry":{"type":"Polygon","coordinates":[[[85.31845,28.17882],[85.31826,28.17415],[85.32292,28.17191],[85.32778,28.17432],[85.32797,28.17898],[85.32331,28.18123],[85.31845,28.17882]]]}},{"type":"Feature","properties":{"population":145,"fill":"#fdbb84","fill-opacity":0.55,"stroke":"#7f1d1d","stroke-width":0.3,"stroke-opacity":0.4},"geometry":{"type":"Polygon","coordinates":[[[85.17906,27.94021],[85.17929,27.9449],[85.17467,27.94717],[85.16982,27.94474],[85.16959,27.94005],[85.17421,27.93779],[85.17906,27.94021]]]}},{"type":"Feature","properties":{"population":369,"fill":"#fc8d59","fill-opacity":0.55,"stroke":"#7f1d1d","stroke-width":0.3,"stroke-opacity":0.4},"geometry":{"type":"Polygon","coordinates":[[[84.61774,27.86416],[84.6176,27.8595],[84.62228,27.85729],[84.62711,27.85973],[84.62725,27.86438],[84.62257,27.8666],[84.61774,27.86416]]]}},{"type":"Feature","properties":{"population":566,"fill":"#e34a33","fill-opacity":0.55,"stroke":"#7f1d1d","stroke-width":0.3,"stroke-opacity":0.4},"geometry":{"type":"Polygon","coordinates":[[[84.98312,27.79627],[84.98335,27.80097],[84.97873,27.80323],[84.9739,27.8008],[84.97367,27.79611],[84.97829,27.79384],[84.98312,27.79627]]]}},{"type":"Feature","properties":{"population":353,"fill":"#fc8d59","fill-opacity":0.55,"stroke":"#7f1d1d","stroke-width":0.3,"stroke-opacity":0.4},"geometry":{"type":"Polygon","coordinates":[[[85.2058,28.00389],[85.20603,28.00858],[85.20141,28.01085],[85.19656,28.00843],[85.19633,28.00374],[85.20096,28.00147],[85.2058,28.00389]]]}},{"type":"Feature","properties":{"population":14,"fill":"#fee8c8","fill-opacity":0.55,"stroke":"#7f1d1d","stroke-width":0.3,"stroke-opacity":0.4},"geometry":{"type":"Polygon","coordinates":[[[84.40992,27.74053],[84.40979,27.73588],[84.41448,27.73367],[84.41929,27.73612],[84.41942,27.74077],[84.41474,27.74297],[84.40992,27.74053]]]}},{"type":"Feature","properties":{"population":252,"fill":"#fc8d59","fill-opacity":0.55,"stroke":"#7f1d1d","stroke-width":0.3,"stroke-opacity":0.4},"geometry":{"type":"Polygon","coordinates":[[[85.31252,28.15303],[85.31275,28.15771],[85.30812,28.15998],[85.30327,28.15757],[85.30304,28.15288],[85.30766,28.15062],[85.31252,28.15303]]]}},{"type":"Feature","properties":{"population":199,"fill":"#fdbb84","fill-opacity":0.55,"stroke":"#7f1d1d","stroke-width":0.3,"stroke-opacity":0.4},"geometry":{"type":"Polygon","coordinates":[[[84.75714,27.80628],[84.75736,27.81097],[84.75275,27.81323],[84.74792,27.8108],[84.7477,27.8061],[84.75231,27.80385],[84.75714,27.80628]]]}},{"type":"Feature","properties":{"population":455,"fill":"#fc8d59","fill-opacity":0.55,"stroke":"#7f1d1d","stroke-width":0.3,"stroke-opacity":0.4},"geometry":{"type":"Polygon","coordinates":[[[84.41409,27.71972],[84.41396,27.71507],[84.41856,27.71283],[84.42337,27.71527],[84.42359,27.71996],[84.4189,27.72217],[84.41409,27.71972]]]}},{"type":"Feature","properties":{"population":11,"fill":"#fee8c8","fill-opacity":0.55,"stroke":"#7f1d1d","stroke-width":0.3,"stroke-opacity":0.4},"geometry":{"type":"Polygon","coordinates":[[[84.65907,27.82549],[84.65928,27.83018],[84.65468,27.83243],[84.64985,27.83],[84.64963,27.82531],[84.65424,27.82305],[84.65907,27.82549]]]}},{"type":"Feature","properties":{"population":146,"fill":"#fdbb84","fill-opacity":0.55,"stroke":"#7f1d1d","stroke-width":0.3,"stroke-opacity":0.4},"geometry":{"type":"Polygon","coordinates":[[[84.62228,27.85729],[84.62214,27.85263],[84.62682,27.85042],[84.63164,27.85286],[84.63179,27.85751],[84.62711,27.85973],[84.62228,27.85729]]]}},{"type":"Feature","properties":{"population":42,"fill":"#fee8c8","fill-opacity":0.55,"stroke":"#7f1d1d","stroke-width":0.3,"stroke-opacity":0.4},"geometry":{"type":"Polygon","coordinates":[[[85.03679,27.83237],[85.03702,27.83706],[85.0324,27.83933],[85.02756,27.8369],[85.02734,27.83221],[85.03195,27.82994],[85.03679,27.83237]]]}},{"type":"Feature","properties":{"population":182,"fill":"#fdbb84","fill-opacity":0.55,"stroke":"#7f1d1d","stroke-width":0.3,"stroke-opacity":0.4},"geometry":{"type":"Polygon","coordinates":[[[85.19907,28.05997],[85.1993,28.06466],[85.19467,28.06692],[85.18982,28.0645],[85.1896,28.05982],[85.19422,28.05755],[85.19907,28.05997]]]}},{"type":"Feature","properties":{"population":523,"fill":"#e34a33","fill-opacity":0.55,"stroke":"#7f1d1d","stroke-width":0.3,"stroke-opacity":0.4},"geometry":{"type":"Polygon","coordinates":[[[85.05266,27.86781],[85.05289,27.8725],[85.04827,27.87477],[85.04343,27.87234],[85.04321,27.86765],[85.04782,27.86538],[85.05266,27.86781]]]}},{"type":"Feature","properties":{"population":85,"fill":"#fdbb84","fill-opacity":0.55,"stroke":"#7f1d1d","stroke-width":0.3,"stroke-opacity":0.4},"geometry":{"type":"Polygon","coordinates":[[[85.10502,27.87571],[85.10525,27.8804],[85.10063,27.88267],[85.09579,27.88025],[85.09556,27.87556],[85.10018,27.87329],[85.10502,27.87571]]]}},{"type":"Feature","properties":{"population":177,"fill":"#fdbb84","fill-opacity":0.55,"stroke":"#7f1d1d","stroke-width":0.3,"stroke-opacity":0.4},"geometry":{"type":"Polygon","coordinates":[[[84.96422,27.79595],[84.96445,27.80064],[84.95983,27.80291],[84.955,27.80048],[84.95477,27.79578],[84.95939,27.79352],[84.96422,27.79595]]]}},{"type":"Feature","properties":{"population":152,"fill":"#fdbb84","fill-opacity":0.55,"stroke":"#7f1d1d","stroke-width":0.3,"stroke-opacity":0.4},"geometry":{"type":"Polygon","coordinates":[[[84.49784,27.8264],[84.4977,27.82175],[84.50239,27.81954],[84.50721,27.82198],[84.50735,27.82663],[84.50266,27.82885],[84.49784,27.8264]]]}},{"type":"Feature","properties":{"population":755,"fill":"#e34a33","fill-opacity":0.55,"stroke":"#7f1d1d","stroke-width":0.3,"stroke-opacity":0.4},"geometry":{"type":"Polygon","coordinates":[[[84.78545,27.80681],[84.78567,27.8115],[84.78107,27.81376],[84.77624,27.81133],[84.77602,27.80664],[84.78063,27.80438],[84.78545,27.80681]]]}},{"type":"Feature","properties":{"population":33,"fill":"#fee8c8","fill-opacity":0.55,"stroke":"#7f1d1d","stroke-width":0.3,"stroke-opacity":0.4},"geometry":{"type":"Polygon","coordinates":[[[84.64627,27.86482],[84.64612,27.86017],[84.6508,27.85795],[84.65563,27.86039],[84.65577,27.86504],[84.65109,27.86726],[84.64627,27.86482]]]}},{"type":"Feature","properties":{"population":18,"fill":"#fee8c8","fill-opacity":0.55,"stroke":"#7f1d1d","stroke-width":0.3,"stroke-opacity":0.4},"geometry":{"type":"Polygon","coordinates":[[[84.46356,27.79068],[84.46343,27.78603],[84.46811,27.78382],[84.47293,27.78626],[84.47307,27.79092],[84.46838,27.79313],[84.46356,27.79068]]]}},{"type":"Feature","properties":{"population":233,"fill":"#fc8d59","fill-opacity":0.55,"stroke":"#7f1d1d","stroke-width":0.3,"stroke-opacity":0.4},"geometry":{"type":"Polygon","coordinates":[[[84.84715,27.81498],[84.84737,27.81967],[84.84276,27.82193],[84.83793,27.8195],[84.83771,27.81481],[84.84232,27.81255],[84.84715,27.81498]]]}},{"type":"Feature","properties":{"population":59,"fill":"#fdbb84","fill-opacity":0.55,"stroke":"#7f1d1d","stroke-width":0.3,"stroke-opacity":0.4},"geometry":{"type":"Polygon","coordinates":[[[85.34936,28.23528],[85.34917,28.23062],[85.35383,28.22837],[85.35869,28.23078],[85.35889,28.23545],[85.35423,28.2377],[85.34936,28.23528]]]}},{"type":"Feature","properties":{"population":24,"fill":"#fee8c8","fill-opacity":0.55,"stroke":"#7f1d1d","stroke-width":0.3,"stroke-opacity":0.4},"geometry":{"type":"Polygon","coordinates":[[[84.52678,27.84106],[84.52664,27.8364],[84.53132,27.83419],[84.53615,27.83663],[84.53629,27.84129],[84.5316,27.8435],[84.52678,27.84106]]]}},{"type":"Feature","properties":{"population":364,"fill":"#fc8d59","fill-opacity":0.55,"stroke":"#7f1d1d","stroke-width":0.3,"stroke-opacity":0.4},"geometry":{"type":"Polygon","coordinates":[[[84.8937,27.80175],[84.89393,27.80644],[84.88931,27.8087],[84.88448,27.80627],[84.88426,27.80158],[84.88887,27.79932],[84.8937,27.80175]]]}},{"type":"Feature","properties":{"population":12,"fill":"#fee8c8","fill-opacity":0.55,"stroke":"#7f1d1d","stroke-width":0.3,"stroke-opacity":0.4},"geometry":{"type":"Polygon","coordinates":[[[85.22749,28.06043],[85.22771,28.06512],[85.22309,28.06738],[85.21824,28.06496],[85.21801,28.06028],[85.22264,28.05801],[85.22749,28.06043]]]}},{"type":"Feature","properties":{"population":820,"fill":"#e34a33","fill-opacity":0.55,"stroke":"#7f1d1d","stroke-width":0.3,"stroke-opacity":0.4},"geometry":{"type":"Polygon","coordinates":[[[85.11381,27.86179],[85.11403,27.86648],[85.10941,27.86875],[85.10457,27.86632],[85.10435,27.86163],[85.10896,27.85936],[85.11381,27.86179]]]}},{"type":"Feature","properties":{"population":70,"fill":"#fdbb84","fill-opacity":0.55,"stroke":"#7f1d1d","stroke-width":0.3,"stroke-opacity":0.4},"geometry":{"type":"Polygon","coordinates":[[[84.72005,27.81964],[84.72027,27.82433],[84.71567,27.82659],[84.71084,27.82415],[84.71062,27.81946],[84.71523,27.81721],[84.72005,27.81964]]]}},{"type":"Feature","properties":{"population":39,"fill":"#fee8c8","fill-opacity":0.55,"stroke":"#7f1d1d","stroke-width":0.3,"stroke-opacity":0.4},"geometry":{"type":"Polygon","coordinates":[[[85.31622,28.13204],[85.31645,28.13672],[85.31183,28.13899],[85.30697,28.13657],[85.30674,28.13189],[85.31137,28.12962],[85.31622,28.13204]]]}},{"type":"Feature","properties":{"population":7012,"fill":"#b30000","fill-opacity":0.55,"stroke":"#7f1d1d","stroke-width":0.3,"stroke-opacity":0.4},"geometry":{"type":"Polygon","coordinates":[[[84.42712,27.69425],[84.42733,27.69895],[84.42273,27.70119],[84.41792,27.69875],[84.41771,27.69406],[84.42231,27.69181],[84.42712,27.69425]]]}},{"type":"Feature","properties":{"population":678,"fill":"#e34a33","fill-opacity":0.55,"stroke":"#7f1d1d","stroke-width":0.3,"stroke-opacity":0.4},"geometry":{"type":"Polygon","coordinates":[[[85.1378,27.86921],[85.13802,27.87391],[85.13341,27.87618],[85.12856,27.87375],[85.12834,27.86906],[85.13295,27.86679],[85.1378,27.86921]]]}},{"type":"Feature","properties":{"population":198,"fill":"#fdbb84","fill-opacity":0.55,"stroke":"#7f1d1d","stroke-width":0.3,"stroke-opacity":0.4},"geometry":{"type":"Polygon","coordinates":[[[84.87548,27.81549],[84.8757,27.82018],[84.87109,27.82244],[84.86626,27.82001],[84.86604,27.81532],[84.87065,27.81306],[84.87548,27.81549]]]}},{"type":"Feature","properties":{"population":59,"fill":"#fdbb84","fill-opacity":0.55,"stroke":"#7f1d1d","stroke-width":0.3,"stroke-opacity":0.4},"geometry":{"type":"Polygon","coordinates":[[[84.53132,27.83419],[84.53119,27.82954],[84.53587,27.82733],[84.54069,27.82977],[84.54083,27.83442],[84.53615,27.83663],[84.53132,27.83419]]]}},{"type":"Feature","properties":{"population":118,"fill":"#fdbb84","fill-opacity":0.55,"stroke":"#7f1d1d","stroke-width":0.3,"stroke-opacity":0.4},"geometry":{"type":"Polygon","coordinates":[[[84.93082,27.78833],[84.93104,27.79302],[84.92643,27.79529],[84.9216,27.79286],[84.92137,27.78816],[84.92599,27.7859],[84.93082,27.78833]]]}},{"type":"Feature","properties":{"population":488,"fill":"#fc8d59","fill-opacity":0.55,"stroke":"#7f1d1d","stroke-width":0.3,"stroke-opacity":0.4},"geometry":{"type":"Polygon","coordinates":[[[85.18042,27.96835],[85.18065,27.97304],[85.17603,27.9753],[85.17118,27.97288],[85.17096,27.96819],[85.17558,27.96592],[85.18042,27.96835]]]}},{"type":"Feature","properties":{"population":280,"fill":"#fc8d59","fill-opacity":0.55,"stroke":"#7f1d1d","stroke-width":0.3,"stroke-opacity":0.4},"geometry":{"type":"Polygon","coordinates":[[[84.50694,27.81267],[84.5068,27.80802],[84.51149,27.80581],[84.51631,27.80825],[84.51645,27.8129],[84.51176,27.81511],[84.50694,27.81267]]]}},{"type":"Feature","properties":{"population":17,"fill":"#fee8c8","fill-opacity":0.55,"stroke":"#7f1d1d","stroke-width":0.3,"stroke-opacity":0.4},"geometry":{"type":"Polygon","coordinates":[[[85.20278,28.03896],[85.20301,28.04365],[85.19838,28.04592],[85.19353,28.0435],[85.19331,28.03881],[85.19793,28.03654],[85.20278,28.03896]]]}},{"type":"Feature","properties":{"population":981,"fill":"#e34a33","fill-opacity":0.55,"stroke":"#7f1d1d","stroke-width":0.3,"stroke-opacity":0.4},"geometry":{"type":"Polygon","coordinates":[[[84.74266,27.79898],[84.74288,27.80367],[84.73827,27.80593],[84.73344,27.80349],[84.73322,27.7988],[84.73783,27.79654],[84.74266,27.79898]]]}},{"type":"Feature","properties":{"population":255,"fill":"#fc8d59","fill-opacity":0.55,"stroke":"#7f1d1d","stroke-width":0.3,"stroke-opacity":0.4},"geometry":{"type":"Polygon","coordinates":[[[85.04118,27.8254],[85.04141,27.8301],[85.03679,27.83237],[85.03195,27.82994],[85.03173,27.82524],[85.03634,27.82298],[85.04118,27.8254]]]}},{"type":"Feature","properties":{"population":70,"fill":"#fdbb84","fill-opacity":0.55,"stroke":"#7f1d1d","stroke-width":0.3,"stroke-opacity":0.4},"geometry":{"type":"Polygon","coordinates":[[[85.14219,27.86225],[85.14242,27.86694],[85.1378,27.86921],[85.13295,27.86679],[85.13273,27.86209],[85.13734,27.85982],[85.14219,27.86225]]]}},{"type":"Feature","properties":{"population":115,"fill":"#fdbb84","fill-opacity":0.55,"stroke":"#7f1d1d","stroke-width":0.3,"stroke-opacity":0.4},"geometry":{"type":"Polygon","coordinates":[[[84.43583,27.8179],[84.4357,27.81324],[84.44039,27.81103],[84.44521,27.81348],[84.44534,27.81813],[84.44065,27.82034],[84.43583,27.8179]]]}},{"type":"Feature","properties":{"population":92,"fill":"#fdbb84","fill-opacity":0.55,"stroke":"#7f1d1d","stroke-width":0.3,"stroke-opacity":0.4},"geometry":{"type":"Polygon","coordinates":[[[84.96556,27.82411],[84.96579,27.82881],[84.96117,27.83107],[84.95634,27.82864],[84.95611,27.82395],[84.96073,27.82168],[84.96556,27.82411]]]}},{"type":"Feature","properties":{"population":685,"fill":"#e34a33","fill-opacity":0.55,"stroke":"#7f1d1d","stroke-width":0.3,"stroke-opacity":0.4},"geometry":{"type":"Polygon","coordinates":[[[85.18823,28.0317],[85.18846,28.03639],[85.18384,28.03866],[85.17899,28.03624],[85.17876,28.03155],[85.18338,28.02928],[85.18823,28.0317]]]}},{"type":"Feature","properties":{"population":456,"fill":"#fc8d59","fill-opacity":0.55,"stroke":"#7f1d1d","stroke-width":0.3,"stroke-opacity":0.4},"geometry":{"type":"Polygon","coordinates":[[[85.20991,28.08823],[85.21014,28.09291],[85.20551,28.09518],[85.20066,28.09276],[85.20043,28.08807],[85.20506,28.08581],[85.20991,28.08823]]]}},{"type":"Feature","properties":{"population":221,"fill":"#fc8d59","fill-opacity":0.55,"stroke":"#7f1d1d","stroke-width":0.3,"stroke-opacity":0.4},"geometry":{"type":"Polygon","coordinates":[[[84.44792,27.74148],[84.44779,27.73683],[84.45247,27.73463],[84.45728,27.73707],[84.45742,27.74172],[84.45273,27.74393],[84.44792,27.74148]]]}},{"type":"Feature","properties":{"population":202,"fill":"#fc8d59","fill-opacity":0.55,"stroke":"#7f1d1d","stroke-width":0.3,"stroke-opacity":0.4},"geometry":{"type":"Polygon","coordinates":[[[84.44416,27.77625],[84.44402,27.7716],[84.44871,27.76939],[84.45353,27.77184],[84.45366,27.77649],[84.44897,27.7787],[84.44416,27.77625]]]}},{"type":"Feature","properties":{"population":81,"fill":"#fdbb84","fill-opacity":0.55,"stroke":"#7f1d1d","stroke-width":0.3,"stroke-opacity":0.4},"geometry":{"type":"Polygon","coordinates":[[[85.11752,27.84074],[85.11774,27.84543],[85.11313,27.8477],[85.10828,27.84528],[85.10806,27.84058],[85.11267,27.83831],[85.11752,27.84074]]]}},{"type":"Feature","properties":{"population":59,"fill":"#fdbb84","fill-opacity":0.55,"stroke":"#7f1d1d","stroke-width":0.3,"stroke-opacity":0.4},"geometry":{"type":"Polygon","coordinates":[[[84.85527,27.78699],[84.85549,27.79168],[84.85088,27.79394],[84.84604,27.79151],[84.84582,27.78682],[84.85043,27.78456],[84.85527,27.78699]]]}},{"type":"Feature","properties":{"population":22,"fill":"#fee8c8","fill-opacity":0.55,"stroke":"#7f1d1d","stroke-width":0.3,"stroke-opacity":0.4},"geometry":{"type":"Polygon","coordinates":[[[85.33808,28.19314],[85.33788,28.18847],[85.34255,28.18623],[85.3474,28.18864],[85.3476,28.1933],[85.34294,28.19555],[85.33808,28.19314]]]}},{"type":"Feature","properties":{"population":56,"fill":"#fdbb84","fill-opacity":0.55,"stroke":"#7f1d1d","stroke-width":0.3,"stroke-opacity":0.4},"geometry":{"type":"Polygon","coordinates":[[[84.58013,27.87723],[84.57999,27.87257],[84.58467,27.87036],[84.5895,27.8728],[84.58964,27.87745],[84.58496,27.87967],[84.58013,27.87723]]]}},{"type":"Feature","properties":{"population":201,"fill":"#fc8d59","fill-opacity":0.55,"stroke":"#7f1d1d","stroke-width":0.3,"stroke-opacity":0.4},"geometry":{"type":"Polygon","coordinates":[[[85.16013,27.9399],[85.16035,27.94459],[85.15573,27.94686],[85.15089,27.94444],[85.15066,27.93975],[85.15528,27.93748],[85.16013,27.9399]]]}},{"type":"Feature","properties":{"population":42,"fill":"#fee8c8","fill-opacity":0.55,"stroke":"#7f1d1d","stroke-width":0.3,"stroke-opacity":0.4},"geometry":{"type":"Polygon","coordinates":[[[85.0027,27.81068],[85.00292,27.81537],[84.99831,27.81764],[84.99347,27.81521],[84.99325,27.81052],[84.99786,27.80825],[85.0027,27.81068]]]}},{"type":"Feature","properties":{"population":155,"fill":"#fdbb84","fill-opacity":0.55,"stroke":"#7f1d1d","stroke-width":0.3,"stroke-opacity":0.4},"geometry":{"type":"Polygon","coordinates":[[[84.81949,27.82854],[84.81971,27.83323],[84.8151,27.83549],[84.81027,27.83305],[84.81005,27.82836],[84.81466,27.8261],[84.81949,27.82854]]]}},{"type":"Feature","properties":{"population":466,"fill":"#fc8d59","fill-opacity":0.55,"stroke":"#7f1d1d","stroke-width":0.3,"stroke-opacity":0.4},"geometry":{"type":"Polygon","coordinates":[[[84.72818,27.79167],[84.7284,27.79636],[84.72379,27.79862],[84.71896,27.79618],[84.71874,27.79149],[84.72335,27.78924],[84.72818,27.79167]]]}},{"type":"Feature","properties":{"population":641,"fill":"#e34a33","fill-opacity":0.55,"stroke":"#7f1d1d","stroke-width":0.3,"stroke-opacity":0.4},"geometry":{"type":"Polygon","coordinates":[[[84.42931,27.75496],[84.42918,27.75031],[84.43387,27.7481],[84.43868,27.75055],[84.43881,27.7552],[84.43413,27.75741],[84.42931,27.75496]]]}},{"type":"Feature","properties":{"population":175,"fill":"#fdbb84","fill-opacity":0.55,"stroke":"#7f1d1d","stroke-width":0.3,"stroke-opacity":0.4},"geometry":{"type":"Polygon","coordinates":[[[85.36218,28.20054],[85.36198,28.19588],[85.36664,28.19363],[85.3715,28.19604],[85.3717,28.20071],[85.36704,28.20296],[85.36218,28.20054]]]}},{"type":"Feature","properties":{"population":108,"fill":"#fdbb84","fill-opacity":0.55,"stroke":"#7f1d1d","stroke-width":0.3,"stroke-opacity":0.4},"geometry":{"type":"Polygon","coordinates":[[[84.85593,27.80107],[84.85615,27.80576],[84.85154,27.80802],[84.84671,27.80559],[84.84649,27.8009],[84.8511,27.79864],[84.85593,27.80107]]]}},{"type":"Feature","properties":{"population":70,"fill":"#fdbb84","fill-opacity":0.55,"stroke":"#7f1d1d","stroke-width":0.3,"stroke-opacity":0.4},"geometry":{"type":"Polygon","coordinates":[[[84.56523,27.85594],[84.56509,27.85128],[84.56977,27.84907],[84.5746,27.85151],[84.57474,27.85616],[84.57006,27.85838],[84.56523,27.85594]]]}},{"type":"Feature","properties":{"population":224,"fill":"#fc8d59","fill-opacity":0.55,"stroke":"#7f1d1d","stroke-width":0.3,"stroke-opacity":0.4},"geometry":{"type":"Polygon","coordinates":[[[84.93216,27.8165],[84.93238,27.82119],[84.92777,27.82345],[84.92293,27.82102],[84.92271,27.81633],[84.92732,27.81407],[84.93216,27.8165]]]}},{"type":"Feature","properties":{"population":311,"fill":"#fc8d59","fill-opacity":0.55,"stroke":"#7f1d1d","stroke-width":0.3,"stroke-opacity":0.4},"geometry":{"type":"Polygon","coordinates":[[[85.16081,27.95397],[85.16104,27.95866],[85.15642,27.96093],[85.15157,27.95851],[85.15134,27.95382],[85.15596,27.95155],[85.16081,27.95397]]]}},{"type":"Feature","properties":{"population":88,"fill":"#fdbb84","fill-opacity":0.55,"stroke":"#7f1d1d","stroke-width":0.3,"stroke-opacity":0.4},"geometry":{"type":"Polygon","coordinates":[[[85.09049,27.86844],[85.09072,27.87313],[85.0861,27.8754],[85.08126,27.87297],[85.08104,27.86828],[85.08565,27.86601],[85.09049,27.86844]]]}},{"type":"Feature","properties":{"population":178,"fill":"#fdbb84","fill-opacity":0.55,"stroke":"#7f1d1d","stroke-width":0.3,"stroke-opacity":0.4},"geometry":{"type":"Polygon","coordinates":[[[84.94533,27.79562],[84.94555,27.80031],[84.94094,27.80258],[84.9361,27.80015],[84.93588,27.79545],[84.94049,27.79319],[84.94533,27.79562]]]}},{"type":"Feature","properties":{"population":163,"fill":"#fdbb84","fill-opacity":0.55,"stroke":"#7f1d1d","stroke-width":0.3,"stroke-opacity":0.4},"geometry":{"type":"Polygon","coordinates":[[[84.79928,27.80003],[84.7995,27.80473],[84.79489,27.80699],[84.79006,27.80455],[84.78984,27.79986],[84.79445,27.7976],[84.79928,27.80003]]]}},{"type":"Feature","properties":{"population":414,"fill":"#fc8d59","fill-opacity":0.55,"stroke":"#7f1d1d","stroke-width":0.3,"stroke-opacity":0.4},"geometry":{"type":"Polygon","coordinates":[[[85.28201,28.11045],[85.28224,28.11513],[85.27761,28.11739],[85.27276,28.11498],[85.27253,28.1103],[85.27716,28.10803],[85.28201,28.11045]]]}},{"type":"Feature","properties":{"population":489,"fill":"#fc8d59","fill-opacity":0.55,"stroke":"#7f1d1d","stroke-width":0.3,"stroke-opacity":0.4},"geometry":{"type":"Polygon","coordinates":[[[85.0216,27.811],[85.02183,27.8157],[85.01721,27.81796],[85.01237,27.81554],[85.01215,27.81084],[85.01676,27.80857],[85.0216,27.811]]]}},{"type":"Feature","properties":{"population":55,"fill":"#fdbb84","fill-opacity":0.55,"stroke":"#7f1d1d","stroke-width":0.3,"stroke-opacity":0.4},"geometry":{"type":"Polygon","coordinates":[[[84.41642,27.80346],[84.41629,27.7988],[84.42098,27.7966],[84.4258,27.79904],[84.42593,27.8037],[84.42124,27.8059],[84.41642,27.80346]]]}},{"type":"Feature","properties":{"population":33,"fill":"#fee8c8","fill-opacity":0.55,"stroke":"#7f1d1d","stroke-width":0.3,"stroke-opacity":0.4},"geometry":{"type":"Polygon","coordinates":[[[85.35442,28.24236],[85.35423,28.2377],[85.35889,28.23545],[85.36375,28.23786],[85.36395,28.24252],[85.35929,28.24478],[85.35442,28.24236]]]}},{"type":"Feature","properties":{"population":49,"fill":"#fee8c8","fill-opacity":0.55,"stroke":"#7f1d1d","stroke-width":0.3,"stroke-opacity":0.4},"geometry":{"type":"Polygon","coordinates":[[[84.50776,27.8406],[84.50762,27.83594],[84.51231,27.83373],[84.51713,27.83617],[84.51727,27.84083],[84.51258,27.84304],[84.50776,27.8406]]]}},{"type":"Feature","properties":{"population":166,"fill":"#fdbb84","fill-opacity":0.55,"stroke":"#7f1d1d","stroke-width":0.3,"stroke-opacity":0.4},"geometry":{"type":"Polygon","coordinates":[[[85.01856,27.84613],[85.01878,27.85082],[85.01417,27.85309],[85.00933,27.85066],[85.0091,27.84597],[85.01372,27.8437],[85.01856,27.84613]]]}},{"type":"Feature","properties":{"population":278,"fill":"#fc8d59","fill-opacity":0.55,"stroke":"#7f1d1d","stroke-width":0.3,"stroke-opacity":0.4},"geometry":{"type":"Polygon","coordinates":[[[85.09489,27.86148],[85.09511,27.86617],[85.09049,27.86844],[85.08565,27.86601],[85.08543,27.86132],[85.09004,27.85905],[85.09489,27.86148]]]}},{"type":"Feature","properties":{"population":546,"fill":"#e34a33","fill-opacity":0.55,"stroke":"#7f1d1d","stroke-width":0.3,"stroke-opacity":0.4},"geometry":{"type":"Polygon","coordinates":[[[85.00641,27.78963],[85.00664,27.79433],[85.00202,27.79659],[84.99719,27.79417],[84.99696,27.78947],[85.00158,27.7872],[85.00641,27.78963]]]}},{"type":"Feature","properties":{"population":85,"fill":"#fdbb84","fill-opacity":0.55,"stroke":"#7f1d1d","stroke-width":0.3,"stroke-opacity":0.4},"geometry":{"type":"Polygon","coordinates":[[[84.47923,27.8399],[84.47909,27.83525],[84.48378,27.83304],[84.4886,27.83548],[84.48874,27.84014],[84.48405,27.84235],[84.47923,27.8399]]]}},{"type":"Feature","properties":{"population":20,"fill":"#fee8c8","fill-opacity":0.55,"stroke":"#7f1d1d","stroke-width":0.3,"stroke-opacity":0.4},"geometry":{"type":"Polygon","coordinates":[[[84.97062,27.83124],[84.97085,27.83593],[84.96623,27.83819],[84.9614,27.83577],[84.96117,27.83107],[84.96579,27.82881],[84.97062,27.83124]]]}},{"type":"Feature","properties":{"population":406,"fill":"#fc8d59","fill-opacity":0.55,"stroke":"#7f1d1d","stroke-width":0.3,"stroke-opacity":0.4},"geometry":{"type":"Polygon","coordinates":[[[84.44871,27.76939],[84.44858,27.76474],[84.45326,27.76253],[84.45808,27.76498],[84.45821,27.76963],[84.45353,27.77184],[84.44871,27.76939]]]}},{"type":"Feature","properties":{"population":191,"fill":"#fdbb84","fill-opacity":0.55,"stroke":"#7f1d1d","stroke-width":0.3,"stroke-opacity":0.4},"geometry":{"type":"Polygon","coordinates":[[[85.22446,28.09548],[85.22469,28.10017],[85.22007,28.10243],[85.21522,28.10001],[85.21499,28.09533],[85.21961,28.09307],[85.22446,28.09548]]]}},{"type":"Feature","properties":{"population":64,"fill":"#fdbb84","fill-opacity":0.55,"stroke":"#7f1d1d","stroke-width":0.3,"stroke-opacity":0.4},"geometry":{"type":"Polygon","coordinates":[[[84.44495,27.80417],[84.44481,27.79952],[84.4495,27.79731],[84.45432,27.79975],[84.45445,27.80441],[84.44976,27.80662],[84.44495,27.80417]]]}},{"type":"Feature","properties":{"population":187,"fill":"#fdbb84","fill-opacity":0.55,"stroke":"#7f1d1d","stroke-width":0.3,"stroke-opacity":0.4},"geometry":{"type":"Polygon","coordinates":[[[85.11887,27.8689],[85.1191,27.8736],[85.11448,27.87587],[85.10964,27.87344],[85.10941,27.86875],[85.11403,27.86648],[85.11887,27.8689]]]}},{"type":"Feature","properties":{"population":68,"fill":"#fdbb84","fill-opacity":0.55,"stroke":"#7f1d1d","stroke-width":0.3,"stroke-opacity":0.4},"geometry":{"type":"Polygon","coordinates":[[[84.56935,27.83511],[84.56921,27.83045],[84.57389,27.82824],[84.57872,27.83068],[84.57886,27.83533],[84.57418,27.83755],[84.56935,27.83511]]]}},{"type":"Feature","properties":{"population":82,"fill":"#fdbb84","fill-opacity":0.55,"stroke":"#7f1d1d","stroke-width":0.3,"stroke-opacity":0.4},"geometry":{"type":"Polygon","coordinates":[[[85.19428,27.96154],[85.19451,27.96623],[85.18989,27.9685],[85.18504,27.96608],[85.18482,27.96139],[85.18944,27.95912],[85.19428,27.96154]]]}},{"type":"Feature","properties":{"population":377,"fill":"#fc8d59","fill-opacity":0.55,"stroke":"#7f1d1d","stroke-width":0.3,"stroke-opacity":0.4},"geometry":{"type":"Polygon","coordinates":[[[84.93588,27.79545],[84.9361,27.80015],[84.93149,27.80241],[84.92665,27.79998],[84.92643,27.79529],[84.93104,27.79302],[84.93588,27.79545]]]}},{"type":"Feature","properties":{"population":564,"fill":"#e34a33","fill-opacity":0.55,"stroke":"#7f1d1d","stroke-width":0.3,"stroke-opacity":0.4},"geometry":{"type":"Polygon","coordinates":[[[85.14052,27.92552],[85.14074,27.93021],[85.13612,27.93248],[85.13128,27.93006],[85.13105,27.92537],[85.13567,27.9231],[85.14052,27.92552]]]}},{"type":"Feature","properties":{"population":349,"fill":"#fc8d59","fill-opacity":0.55,"stroke":"#7f1d1d","stroke-width":0.3,"stroke-opacity":0.4},"geometry":{"type":"Polygon","coordinates":[[[84.58467,27.87036],[84.58453,27.8657],[84.58922,27.86349],[84.59404,27.86593],[84.59418,27.87058],[84.5895,27.8728],[84.58467,27.87036]]]}},{"type":"Feature","properties":{"population":217,"fill":"#fc8d59","fill-opacity":0.55,"stroke":"#7f1d1d","stroke-width":0.3,"stroke-opacity":0.4},"geometry":{"type":"Polygon","coordinates":[[[84.63719,27.87857],[84.63705,27.87391],[84.64173,27.8717],[84.64656,27.87413],[84.6467,27.87879],[84.64202,27.88101],[84.63719,27.87857]]]}},{"type":"Feature","properties":{"population":127,"fill":"#fdbb84","fill-opacity":0.55,"stroke":"#7f1d1d","stroke-width":0.3,"stroke-opacity":0.4},"geometry":{"type":"Polygon","coordinates":[[[85.19126,27.99663],[85.19149,28.00132],[85.18686,28.00358],[85.18202,28.00116],[85.18179,27.99648],[85.18641,27.99421],[85.19126,27.99663]]]}},{"type":"Feature","properties":{"population":11,"fill":"#fee8c8","fill-opacity":0.55,"stroke":"#7f1d1d","stroke-width":0.3,"stroke-opacity":0.4},"geometry":{"type":"Polygon","coordinates":[[[84.4602,27.83943],[84.46007,27.83478],[84.46476,27.83257],[84.46958,27.83501],[84.46971,27.83967],[84.46502,27.84188],[84.4602,27.83943]]]}},{"type":"Feature","properties":{"population":58,"fill":"#fdbb84","fill-opacity":0.55,"stroke":"#7f1d1d","stroke-width":0.3,"stroke-opacity":0.4},"geometry":{"type":"Polygon","coordinates":[[[85.29795,28.14579],[85.29818,28.15047],[85.29356,28.15273],[85.2887,28.15032],[85.28847,28.14564],[85.2931,28.14337],[85.29795,28.14579]]]}},{"type":"Feature","properties":{"population":15,"fill":"#fee8c8","fill-opacity":0.55,"stroke":"#7f1d1d","stroke-width":0.3,"stroke-opacity":0.4},"geometry":{"type":"Polygon","coordinates":[[[85.28572,28.08944],[85.28595,28.09413],[85.28132,28.0964],[85.27647,28.09398],[85.27624,28.08929],[85.28086,28.08703],[85.28572,28.08944]]]}},{"type":"Feature","properties":{"population":48,"fill":"#fee8c8","fill-opacity":0.55,"stroke":"#7f1d1d","stroke-width":0.3,"stroke-opacity":0.4},"geometry":{"type":"Polygon","coordinates":[[[85.02532,27.78995],[85.02554,27.79464],[85.02093,27.79691],[85.01609,27.79449],[85.01587,27.78979],[85.02048,27.78752],[85.02532,27.78995]]]}},{"type":"Feature","properties":{"population":738,"fill":"#e34a33","fill-opacity":0.55,"stroke":"#7f1d1d","stroke-width":0.3,"stroke-opacity":0.4},"geometry":{"type":"Polygon","coordinates":[[[84.9126,27.80208],[84.91282,27.80678],[84.90821,27.80904],[84.90337,27.80661],[84.90315,27.80191],[84.90776,27.79965],[84.9126,27.80208]]]}},{"type":"Feature","properties":{"population":83,"fill":"#fdbb84","fill-opacity":0.55,"stroke":"#7f1d1d","stroke-width":0.3,"stroke-opacity":0.4},"geometry":{"type":"Polygon","coordinates":[[[84.55656,27.88365],[84.55642,27.87899],[84.56111,27.87678],[84.56593,27.87922],[84.56607,27.88387],[84.56139,27.88609],[84.55656,27.88365]]]}},{"type":"Feature","properties":{"population":263,"fill":"#fc8d59","fill-opacity":0.55,"stroke":"#7f1d1d","stroke-width":0.3,"stroke-opacity":0.4},"geometry":{"type":"Polygon","coordinates":[[[85.00404,27.83885],[85.00426,27.84354],[84.99965,27.8458],[84.99481,27.84338],[84.99459,27.83868],[84.9992,27.83642],[85.00404,27.83885]]]}},{"type":"Feature","properties":{"population":635,"fill":"#e34a33","fill-opacity":0.55,"stroke":"#7f1d1d","stroke-width":0.3,"stroke-opacity":0.4},"geometry":{"type":"Polygon","coordinates":[[[85.14423,27.90449],[85.14446,27.90918],[85.13984,27.91145],[85.13499,27.90902],[85.13477,27.90433],[85.13938,27.90206],[85.14423,27.90449]]]}},{"type":"Feature","properties":{"population":120,"fill":"#fdbb84","fill-opacity":0.55,"stroke":"#7f1d1d","stroke-width":0.3,"stroke-opacity":0.4},"geometry":{"type":"Polygon","coordinates":[[[84.9794,27.81732],[84.97963,27.82201],[84.97501,27.82428],[84.97018,27.82185],[84.96995,27.81715],[84.97457,27.81489],[84.9794,27.81732]]]}},{"type":"Feature","properties":{"population":266,"fill":"#fc8d59","fill-opacity":0.55,"stroke":"#7f1d1d","stroke-width":0.3,"stroke-opacity":0.4},"geometry":{"type":"Polygon","coordinates":[[[85.17232,27.99632],[85.17255,28.00101],[85.16793,28.00328],[85.16308,28.00085],[85.16285,27.99617],[85.16747,27.9939],[85.17232,27.99632]]]}},{"type":"Feature","properties":{"population":17,"fill":"#fee8c8","fill-opacity":0.55,"stroke":"#7f1d1d","stroke-width":0.3,"stroke-opacity":0.4},"geometry":{"type":"Polygon","coordinates":[[[84.46476,27.83257],[84.46462,27.82791],[84.46931,27.8257],[84.47413,27.82815],[84.47427,27.8328],[84.46958,27.83501],[84.46476,27.83257]]]}},{"type":"Feature","properties":{"population":106,"fill":"#fdbb84","fill-opacity":0.55,"stroke":"#7f1d1d","stroke-width":0.3,"stroke-opacity":0.4},"geometry":{"type":"Polygon","coordinates":[[[84.45287,27.74858],[84.45273,27.74393],[84.45742,27.74172],[84.46223,27.74416],[84.46236,27.74881],[84.45768,27.75102],[84.45287,27.74858]]]}},{"type":"Feature","properties":{"population":2731,"fill":"#b30000","fill-opacity":0.55,"stroke":"#7f1d1d","stroke-width":0.3,"stroke-opacity":0.4},"geometry":{"type":"Polygon","coordinates":[[[84.44595,27.69464],[84.44616,27.69934],[84.44156,27.70159],[84.43675,27.69914],[84.43653,27.69445],[84.44113,27.6922],[84.44595,27.69464]]]}},{"type":"Feature","properties":{"population":281,"fill":"#fc8d59","fill-opacity":0.55,"stroke":"#7f1d1d","stroke-width":0.3,"stroke-opacity":0.4},"geometry":{"type":"Polygon","coordinates":[[[84.68166,27.80484],[84.68188,27.80953],[84.67728,27.81179],[84.67245,27.80935],[84.67223,27.80466],[84.67684,27.80241],[84.68166,27.80484]]]}},{"type":"Feature","properties":{"population":364,"fill":"#fc8d59","fill-opacity":0.55,"stroke":"#7f1d1d","stroke-width":0.3,"stroke-opacity":0.4},"geometry":{"type":"Polygon","coordinates":[[[85.1733,27.91902],[85.17353,27.92371],[85.16891,27.92598],[85.16407,27.92356],[85.16384,27.91887],[85.16846,27.9166],[85.1733,27.91902]]]}},{"type":"Feature","properties":{"population":2062,"fill":"#b30000","fill-opacity":0.55,"stroke":"#7f1d1d","stroke-width":0.3,"stroke-opacity":0.4},"geometry":{"type":"Polygon","coordinates":[[[84.83266,27.80768],[84.83288,27.81237],[84.82827,27.81463],[84.82343,27.8122],[84.82321,27.80751],[84.82782,27.80525],[84.83266,27.80768]]]}},{"type":"Feature","properties":{"population":534,"fill":"#e34a33","fill-opacity":0.55,"stroke":"#7f1d1d","stroke-width":0.3,"stroke-opacity":0.4},"geometry":{"type":"Polygon","coordinates":[[[85.0108,27.78267],[85.01103,27.78736],[85.00641,27.78963],[85.00158,27.7872],[85.00135,27.78251],[85.00597,27.78024],[85.0108,27.78267]]]}},{"type":"Feature","properties":{"population":36,"fill":"#fee8c8","fill-opacity":0.55,"stroke":"#7f1d1d","stroke-width":0.3,"stroke-opacity":0.4},"geometry":{"type":"Polygon","coordinates":[[[85.34313,28.20022],[85.34294,28.19555],[85.3476,28.1933],[85.35246,28.19572],[85.35265,28.20038],[85.34799,28.20263],[85.34313,28.20022]]]}},{"type":"Feature","properties":{"population":40,"fill":"#fee8c8","fill-opacity":0.55,"stroke":"#7f1d1d","stroke-width":0.3,"stroke-opacity":0.4},"geometry":{"type":"Polygon","coordinates":[[[84.54166,27.86235],[84.54152,27.8577],[84.54621,27.85548],[84.55104,27.85793],[84.55117,27.86258],[84.54649,27.86479],[84.54166,27.86235]]]}},{"type":"Feature","properties":{"population":333,"fill":"#fc8d59","fill-opacity":0.55,"stroke":"#7f1d1d","stroke-width":0.3,"stroke-opacity":0.4},"geometry":{"type":"Polygon","coordinates":[[[84.56111,27.87678],[84.56097,27.87212],[84.56565,27.86991],[84.57048,27.87235],[84.57062,27.877],[84.56593,27.87922],[84.56111,27.87678]]]}},{"type":"Feature","properties":{"population":116,"fill":"#fdbb84","fill-opacity":0.55,"stroke":"#7f1d1d","stroke-width":0.3,"stroke-opacity":0.4},"geometry":{"type":"Polygon","coordinates":[[[84.90887,27.82312],[84.9091,27.82781],[84.90448,27.83007],[84.89965,27.82764],[84.89943,27.82295],[84.90404,27.82069],[84.90887,27.82312]]]}},{"type":"Feature","properties":{"population":247,"fill":"#fc8d59","fill-opacity":0.55,"stroke":"#7f1d1d","stroke-width":0.3,"stroke-opacity":0.4},"geometry":{"type":"Polygon","coordinates":[[[85.07529,27.84708],[85.07552,27.85177],[85.0709,27.85404],[85.06606,27.85162],[85.06584,27.84692],[85.07045,27.84466],[85.07529,27.84708]]]}},{"type":"Feature","properties":{"population":302,"fill":"#fc8d59","fill-opacity":0.55,"stroke":"#7f1d1d","stroke-width":0.3,"stroke-opacity":0.4},"geometry":{"type":"Polygon","coordinates":[[[85.00776,27.8178],[85.00798,27.8225],[85.00337,27.82476],[84.99853,27.82234],[84.99831,27.81764],[85.00292,27.81537],[85.00776,27.8178]]]}},{"type":"Feature","properties":{"population":176,"fill":"#fdbb84","fill-opacity":0.55,"stroke":"#7f1d1d","stroke-width":0.3,"stroke-opacity":0.4},"geometry":{"type":"Polygon","coordinates":[[[85.17671,27.98937],[85.17694,27.99406],[85.17232,27.99632],[85.16747,27.9939],[85.16724,27.98921],[85.17187,27.98695],[85.17671,27.98937]]]}},{"type":"Feature","properties":{"population":392,"fill":"#fc8d59","fill-opacity":0.55,"stroke":"#7f1d1d","stroke-width":0.3,"stroke-opacity":0.4},"geometry":{"type":"Polygon","coordinates":[[[84.8006,27.82819],[84.80082,27.83288],[84.79621,27.83514],[84.79138,27.8327],[84.79116,27.82801],[84.79577,27.82575],[84.8006,27.82819]]]}},{"type":"Feature","properties":{"population":137,"fill":"#fdbb84","fill-opacity":0.55,"stroke":"#7f1d1d","stroke-width":0.3,"stroke-opacity":0.4},"geometry":{"type":"Polygon","coordinates":[[[84.70558,27.81233],[84.70579,27.81702],[84.70119,27.81928],[84.69636,27.81684],[84.69614,27.81215],[84.70075,27.8099],[84.70558,27.81233]]]}},{"type":"Feature","properties":{"population":246,"fill":"#fc8d59","fill-opacity":0.55,"stroke":"#7f1d1d","stroke-width":0.3,"stroke-opacity":0.4},"geometry":{"type":"Polygon","coordinates":[[[84.43426,27.76206],[84.43413,27.75741],[84.43881,27.7552],[84.44363,27.75764],[84.44376,27.76229],[84.43908,27.7645],[84.43426,27.76206]]]}},{"type":"Feature","properties":{"population":6,"fill":"#fee8c8","fill-opacity":0.55,"stroke":"#7f1d1d","stroke-width":0.3,"stroke-opacity":0.4},"geometry":{"type":"Polygon","coordinates":[[[84.78173,27.82784],[84.78194,27.83253],[84.77734,27.83478],[84.77251,27.83235],[84.77229,27.82766],[84.7769,27.8254],[84.78173,27.82784]]]}},{"type":"Feature","properties":{"population":18,"fill":"#fee8c8","fill-opacity":0.55,"stroke":"#7f1d1d","stroke-width":0.3,"stroke-opacity":0.4},"geometry":{"type":"Polygon","coordinates":[[[84.67858,27.83993],[84.6788,27.84462],[84.67419,27.84687],[84.66937,27.84443],[84.66915,27.83974],[84.67376,27.83749],[84.67858,27.83993]]]}},{"type":"Feature","properties":{"population":9,"fill":"#fee8c8","fill-opacity":0.55,"stroke":"#7f1d1d","stroke-width":0.3,"stroke-opacity":0.4},"geometry":{"type":"Polygon","coordinates":[[[84.4422,27.71566],[84.44241,27.72036],[84.43781,27.7226],[84.433,27.72016],[84.43279,27.71547],[84.43739,27.71322],[84.4422,27.71566]]]}},{"type":"Feature","properties":{"population":346,"fill":"#fc8d59","fill-opacity":0.55,"stroke":"#7f1d1d","stroke-width":0.3,"stroke-opacity":0.4},"geometry":{"type":"Polygon","coordinates":[[[85.30536,28.10379],[85.30559,28.10848],[85.30097,28.11074],[85.29611,28.10833],[85.29588,28.10365],[85.30051,28.10138],[85.30536,28.10379]]]}},{"type":"Feature","properties":{"population":551,"fill":"#e34a33","fill-opacity":0.55,"stroke":"#7f1d1d","stroke-width":0.3,"stroke-opacity":0.4},"geometry":{"type":"Polygon","coordinates":[[[84.83704,27.80073],[84.83727,27.80542],[84.83266,27.80768],[84.82782,27.80525],[84.8276,27.80055],[84.83221,27.79829],[84.83704,27.80073]]]}},{"type":"Feature","properties":{"population":384,"fill":"#fc8d59","fill-opacity":0.55,"stroke":"#7f1d1d","stroke-width":0.3,"stroke-opacity":0.4},"geometry":{"type":"Polygon","coordinates":[[[84.91632,27.78104],[84.91654,27.78573],[84.91193,27.788],[84.90709,27.78557],[84.90687,27.78087],[84.91148,27.77861],[84.91632,27.78104]]]}},{"type":"Feature","properties":{"population":68,"fill":"#fdbb84","fill-opacity":0.55,"stroke":"#7f1d1d","stroke-width":0.3,"stroke-opacity":0.4},"geometry":{"type":"Polygon","coordinates":[[[85.22378,28.08143],[85.22401,28.08612],[85.21938,28.08838],[85.21453,28.08596],[85.2143,28.08128],[85.21893,28.07902],[85.22378,28.08143]]]}},{"type":"Feature","properties":{"population":445,"fill":"#fc8d59","fill-opacity":0.55,"stroke":"#7f1d1d","stroke-width":0.3,"stroke-opacity":0.4},"geometry":{"type":"Polygon","coordinates":[[[85.05638,27.84677],[85.0566,27.85146],[85.05199,27.85373],[85.04715,27.8513],[85.04692,27.84661],[85.05154,27.84434],[85.05638,27.84677]]]}},{"type":"Feature","properties":{"population":148,"fill":"#fdbb84","fill-opacity":0.55,"stroke":"#7f1d1d","stroke-width":0.3,"stroke-opacity":0.4},"geometry":{"type":"Polygon","coordinates":[[[85.12969,27.89722],[85.12992,27.90191],[85.1253,27.90418],[85.12046,27.90175],[85.12023,27.89706],[85.12485,27.89479],[85.12969,27.89722]]]}},{"type":"Feature","properties":{"population":21,"fill":"#fee8c8","fill-opacity":0.55,"stroke":"#7f1d1d","stroke-width":0.3,"stroke-opacity":0.4},"geometry":{"type":"Polygon","coordinates":[[[84.42176,27.82452],[84.42163,27.81987],[84.42632,27.81766],[84.43114,27.82011],[84.43127,27.82476],[84.42658,27.82697],[84.42176,27.82452]]]}},{"type":"Feature","properties":{"population":320,"fill":"#fc8d59","fill-opacity":0.55,"stroke":"#7f1d1d","stroke-width":0.3,"stroke-opacity":0.4},"geometry":{"type":"Polygon","coordinates":[[[84.70996,27.80539],[84.71018,27.81008],[84.70558,27.81233],[84.70075,27.8099],[84.70053,27.80521],[84.70514,27.80295],[84.70996,27.80539]]]}},{"type":"Feature","properties":{"population":324,"fill":"#fc8d59","fill-opacity":0.55,"stroke":"#7f1d1d","stroke-width":0.3,"stroke-opacity":0.4},"geometry":{"type":"Polygon","coordinates":[[[85.28709,28.11755],[85.28732,28.12223],[85.2827,28.12449],[85.27784,28.12208],[85.27761,28.11739],[85.28224,28.11513],[85.28709,28.11755]]]}},{"type":"Feature","properties":{"population":1836,"fill":"#b30000","fill-opacity":0.55,"stroke":"#7f1d1d","stroke-width":0.3,"stroke-opacity":0.4},"geometry":{"type":"Polygon","coordinates":[[[85.15301,27.89056],[85.15324,27.89525],[85.14862,27.89752],[85.14378,27.8951],[85.14355,27.89041],[85.14817,27.88814],[85.15301,27.89056]]]}},{"type":"Feature","properties":{"population":402,"fill":"#fc8d59","fill-opacity":0.55,"stroke":"#7f1d1d","stroke-width":0.3,"stroke-opacity":0.4},"geometry":{"type":"Polygon","coordinates":[[[84.65036,27.84399],[84.65022,27.83934],[84.65489,27.83712],[84.65972,27.83956],[84.65987,27.84421],[84.65519,27.84643],[84.65036,27.84399]]]}},{"type":"Feature","properties":{"population":143,"fill":"#fdbb84","fill-opacity":0.55,"stroke":"#7f1d1d","stroke-width":0.3,"stroke-opacity":0.4},"geometry":{"type":"Polygon","coordinates":[[[85.36842,28.23561],[85.36822,28.23094],[85.37288,28.22869],[85.37775,28.2311],[85.37794,28.23577],[85.37328,28.23802],[85.36842,28.23561]]]}},{"type":"Feature","properties":{"population":5,"fill":"#fee8c8","fill-opacity":0.55,"stroke":"#7f1d1d","stroke-width":0.3,"stroke-opacity":0.4},"geometry":{"type":"Polygon","coordinates":[[[84.61364,27.885],[84.61349,27.88034],[84.61817,27.87812],[84.623,27.88056],[84.62315,27.88522],[84.61846,27.88744],[84.61364,27.885]]]}},{"type":"Feature","properties":{"population":305,"fill":"#fc8d59","fill-opacity":0.55,"stroke":"#7f1d1d","stroke-width":0.3,"stroke-opacity":0.4},"geometry":{"type":"Polygon","coordinates":[[[84.98751,27.78931],[84.98774,27.794],[84.98312,27.79627],[84.97829,27.79384],[84.97806,27.78915],[84.98268,27.78688],[84.98751,27.78931]]]}},{"type":"Feature","properties":{"population":466,"fill":"#fc8d59","fill-opacity":0.55,"stroke":"#7f1d1d","stroke-width":0.3,"stroke-opacity":0.4},"geometry":{"type":"Polygon","coordinates":[[[85.17368,28.02444],[85.17391,28.02913],[85.16929,28.03139],[85.16444,28.02897],[85.16421,28.02429],[85.16884,28.02202],[85.17368,28.02444]]]}},{"type":"Feature","properties":{"population":8,"fill":"#fee8c8","fill-opacity":0.55,"stroke":"#7f1d1d","stroke-width":0.3,"stroke-opacity":0.4},"geometry":{"type":"Polygon","coordinates":[[[84.41448,27.73367],[84.41435,27.72902],[84.41903,27.72682],[84.42385,27.72926],[84.42398,27.73391],[84.41929,27.73612],[84.41448,27.73367]]]}},{"type":"Feature","properties":{"population":165,"fill":"#fdbb84","fill-opacity":0.55,"stroke":"#7f1d1d","stroke-width":0.3,"stroke-opacity":0.4},"geometry":{"type":"Polygon","coordinates":[[[84.68232,27.81892],[84.68254,27.82361],[84.67793,27.82586],[84.6731,27.82342],[84.67289,27.81873],[84.67749,27.81648],[84.68232,27.81892]]]}},{"type":"Feature","properties":{"population":106,"fill":"#fdbb84","fill-opacity":0.55,"stroke":"#7f1d1d","stroke-width":0.3,"stroke-opacity":0.4},"geometry":{"type":"Polygon","coordinates":[[[85.3235,28.18589],[85.32331,28.18123],[85.32797,28.17898],[85.33283,28.1814],[85.33303,28.18606],[85.32836,28.18831],[85.3235,28.18589]]]}},{"type":"Feature","properties":{"population":150,"fill":"#fdbb84","fill-opacity":0.55,"stroke":"#7f1d1d","stroke-width":0.3,"stroke-opacity":0.4},"geometry":{"type":"Polygon","coordinates":[[[84.55034,27.83465],[84.5502,27.83],[84.55488,27.82778],[84.55971,27.83022],[84.55985,27.83488],[84.55516,27.83709],[84.55034,27.83465]]]}},{"type":"Feature","properties":{"population":124,"fill":"#fdbb84","fill-opacity":0.55,"stroke":"#7f1d1d","stroke-width":0.3,"stroke-opacity":0.4},"geometry":{"type":"Polygon","coordinates":[[[84.88931,27.8087],[84.88954,27.8134],[84.88493,27.81566],[84.88009,27.81323],[84.87987,27.80853],[84.88448,27.80627],[84.88931,27.8087]]]}},{"type":"Feature","properties":{"population":1244,"fill":"#e34a33","fill-opacity":0.55,"stroke":"#7f1d1d","stroke-width":0.3,"stroke-opacity":0.4},"geometry":{"type":"Polygon","coordinates":[[[84.62271,27.87125],[84.62257,27.8666],[84.62725,27.86438],[84.63208,27.86682],[84.63222,27.87147],[84.62754,27.87369],[84.62271,27.87125]]]}},{"type":"Feature","properties":{"population":110,"fill":"#fdbb84","fill-opacity":0.55,"stroke":"#7f1d1d","stroke-width":0.3,"stroke-opacity":0.4},"geometry":{"type":"Polygon","coordinates":[[[84.98818,27.8034],[84.98841,27.80809],[84.98379,27.81036],[84.97896,27.80793],[84.97873,27.80323],[84.98335,27.80097],[84.98818,27.8034]]]}},{"type":"Feature","properties":{"population":427,"fill":"#fc8d59","fill-opacity":0.55,"stroke":"#7f1d1d","stroke-width":0.3,"stroke-opacity":0.4},"geometry":{"type":"Polygon","coordinates":[[[85.21088,28.011],[85.21111,28.01569],[85.20649,28.01795],[85.20164,28.01553],[85.20141,28.01085],[85.20603,28.00858],[85.21088,28.011]]]}},{"type":"Feature","properties":{"population":171,"fill":"#fdbb84","fill-opacity":0.55,"stroke":"#7f1d1d","stroke-width":0.3,"stroke-opacity":0.4},"geometry":{"type":"Polygon","coordinates":[[[84.7137,27.78436],[84.71392,27.78906],[84.70931,27.79131],[84.70448,27.78888],[84.70426,27.78418],[84.70887,27.78193],[84.7137,27.78436]]]}},{"type":"Feature","properties":{"population":176,"fill":"#fdbb84","fill-opacity":0.55,"stroke":"#7f1d1d","stroke-width":0.3,"stroke-opacity":0.4},"geometry":{"type":"Polygon","coordinates":[[[84.41487,27.74763],[84.41474,27.74297],[84.41942,27.74077],[84.42424,27.74321],[84.42437,27.74786],[84.41968,27.75007],[84.41487,27.74763]]]}},{"type":"Feature","properties":{"population":247,"fill":"#fc8d59","fill-opacity":0.55,"stroke":"#7f1d1d","stroke-width":0.3,"stroke-opacity":0.4},"geometry":{"type":"Polygon","coordinates":[[[84.44118,27.83896],[84.44105,27.83431],[84.44574,27.8321],[84.45056,27.83454],[84.45069,27.8392],[84.446,27.84141],[84.44118,27.83896]]]}},{"type":"Feature","properties":{"population":21,"fill":"#fee8c8","fill-opacity":0.55,"stroke":"#7f1d1d","stroke-width":0.3,"stroke-opacity":0.4},"geometry":{"type":"Polygon","coordinates":[[[85.3176,28.16013],[85.31783,28.16481],[85.31321,28.16708],[85.30835,28.16466],[85.30812,28.15998],[85.31275,28.15771],[85.3176,28.16013]]]}},{"type":"Feature","properties":{"population":181,"fill":"#fdbb84","fill-opacity":0.55,"stroke":"#7f1d1d","stroke-width":0.3,"stroke-opacity":0.4},"geometry":{"type":"Polygon","coordinates":[[[84.76219,27.81341],[84.76241,27.8181],[84.7578,27.82036],[84.75297,27.81792],[84.75275,27.81323],[84.75736,27.81097],[84.76219,27.81341]]]}},{"type":"Feature","properties":{"population":4234,"fill":"#b30000","fill-opacity":0.55,"stroke":"#7f1d1d","stroke-width":0.3,"stroke-opacity":0.4},"geometry":{"type":"Polygon","coordinates":[[[84.42273,27.70119],[84.42295,27.70589],[84.41835,27.70813],[84.41353,27.70569],[84.41332,27.701],[84.41792,27.69875],[84.42273,27.70119]]]}},{"type":"Feature","properties":{"population":446,"fill":"#fc8d59","fill-opacity":0.55,"stroke":"#7f1d1d","stroke-width":0.3,"stroke-opacity":0.4},"geometry":{"type":"Polygon","coordinates":[[[84.65841,27.81142],[84.65863,27.81611],[84.65402,27.81836],[84.6492,27.81593],[84.64898,27.81124],[84.65359,27.80898],[84.65841,27.81142]]]}},{"type":"Feature","properties":{"population":22,"fill":"#fee8c8","fill-opacity":0.55,"stroke":"#7f1d1d","stroke-width":0.3,"stroke-opacity":0.4},"geometry":{"type":"Polygon","coordinates":[[[84.55076,27.84861],[84.55062,27.84396],[84.5553,27.84175],[84.56013,27.84419],[84.56027,27.84884],[84.55558,27.85106],[84.55076,27.84861]]]}},{"type":"Feature","properties":{"population":376,"fill":"#fc8d59","fill-opacity":0.55,"stroke":"#7f1d1d","stroke-width":0.3,"stroke-opacity":0.4},"geometry":{"type":"Polygon","coordinates":[[[84.91765,27.80921],[84.91787,27.8139],[84.91326,27.81616],[84.90843,27.81373],[84.90821,27.80904],[84.91282,27.80678],[84.91765,27.80921]]]}},{"type":"Feature","properties":{"population":206,"fill":"#fc8d59","fill-opacity":0.55,"stroke":"#7f1d1d","stroke-width":0.3,"stroke-opacity":0.4},"geometry":{"type":"Polygon","coordinates":[[[84.62725,27.86438],[84.62711,27.85973],[84.63179,27.85751],[84.63661,27.85995],[84.63676,27.8646],[84.63208,27.86682],[84.62725,27.86438]]]}},{"type":"Feature","properties":{"population":24,"fill":"#fee8c8","fill-opacity":0.55,"stroke":"#7f1d1d","stroke-width":0.3,"stroke-opacity":0.4},"geometry":{"type":"Polygon","coordinates":[[[85.04186,27.83949],[85.04208,27.84418],[85.03747,27.84645],[85.03263,27.84402],[85.0324,27.83933],[85.03702,27.83706],[85.04186,27.83949]]]}},{"type":"Feature","properties":{"population":143,"fill":"#fdbb84","fill-opacity":0.55,"stroke":"#7f1d1d","stroke-width":0.3,"stroke-opacity":0.4},"geometry":{"type":"Polygon","coordinates":[[[85.20415,28.06707],[85.20437,28.07176],[85.19975,28.07402],[85.1949,28.0716],[85.19467,28.06692],[85.1993,28.06466],[85.20415,28.06707]]]}},{"type":"Feature","properties":{"population":680,"fill":"#e34a33","fill-opacity":0.55,"stroke":"#7f1d1d","stroke-width":0.3,"stroke-opacity":0.4},"geometry":{"type":"Polygon","coordinates":[[[85.11009,27.88283],[85.11032,27.88752],[85.1057,27.88979],[85.10086,27.88737],[85.10063,27.88267],[85.10525,27.8804],[85.11009,27.88283]]]}},{"type":"Feature","properties":{"population":129,"fill":"#fdbb84","fill-opacity":0.55,"stroke":"#7f1d1d","stroke-width":0.3,"stroke-opacity":0.4},"geometry":{"type":"Polygon","coordinates":[[[84.5028,27.8335],[84.50266,27.82885],[84.50735,27.82663],[84.51217,27.82908],[84.51231,27.83373],[84.50762,27.83594],[84.5028,27.8335]]]}},{"type":"Feature","properties":{"population":298,"fill":"#fc8d59","fill-opacity":0.55,"stroke":"#7f1d1d","stroke-width":0.3,"stroke-opacity":0.4},"geometry":{"type":"Polygon","coordinates":[[[84.78479,27.79273],[84.78501,27.79743],[84.78041,27.79968],[84.77558,27.79725],[84.77536,27.79256],[84.77997,27.7903],[84.78479,27.79273]]]}},{"type":"Feature","properties":{"population":25,"fill":"#fee8c8","fill-opacity":0.55,"stroke":"#7f1d1d","stroke-width":0.3,"stroke-opacity":0.4},"geometry":{"type":"Polygon","coordinates":[[[85.26745,28.1032],[85.26768,28.10788],[85.26305,28.11014],[85.2582,28.10773],[85.25797,28.10304],[85.2626,28.10078],[85.26745,28.1032]]]}},{"type":"Feature","properties":{"population":2860,"fill":"#b30000","fill-opacity":0.55,"stroke":"#7f1d1d","stroke-width":0.3,"stroke-opacity":0.4},"geometry":{"type":"Polygon","coordinates":[[[84.45097,27.70178],[84.45119,27.70647],[84.44659,27.70872],[84.44177,27.70628],[84.44156,27.70159],[84.44616,27.69934],[84.45097,27.70178]]]}},{"type":"Feature","properties":{"population":42,"fill":"#fee8c8","fill-opacity":0.55,"stroke":"#7f1d1d","stroke-width":0.3,"stroke-opacity":0.4},"geometry":{"type":"Polygon","coordinates":[[[84.6628,27.80448],[84.66302,27.80917],[84.65841,27.81142],[84.65359,27.80898],[84.65337,27.80429],[84.65798,27.80204],[84.6628,27.80448]]]}},{"type":"Feature","properties":{"population":1988,"fill":"#b30000","fill-opacity":0.55,"stroke":"#7f1d1d","stroke-width":0.3,"stroke-opacity":0.4},"geometry":{"type":"Polygon","coordinates":[[[85.15437,27.91871],[85.1546,27.92341],[85.14998,27.92567],[85.14514,27.92325],[85.14491,27.91856],[85.14953,27.91629],[85.15437,27.91871]]]}},{"type":"Feature","properties":{"population":135,"fill":"#fdbb84","fill-opacity":0.55,"stroke":"#7f1d1d","stroke-width":0.3,"stroke-opacity":0.4},"geometry":{"type":"Polygon","coordinates":[[[84.65124,27.87192],[84.65109,27.86726],[84.65577,27.86504],[84.6606,27.86748],[84.66075,27.87214],[84.65607,27.87435],[84.65124,27.87192]]]}},{"type":"Feature","properties":{"population":230,"fill":"#fc8d59","fill-opacity":0.55,"stroke":"#7f1d1d","stroke-width":0.3,"stroke-opacity":0.4},"geometry":{"type":"Polygon","coordinates":[[[84.46316,27.77672],[84.46303,27.77207],[84.46771,27.76986],[84.47253,27.77231],[84.47266,27.77696],[84.46798,27.77917],[84.46316,27.77672]]]}},{"type":"Feature","properties":{"population":56,"fill":"#fdbb84","fill-opacity":0.55,"stroke":"#7f1d1d","stroke-width":0.3,"stroke-opacity":0.4},"geometry":{"type":"Polygon","coordinates":[[[84.8522,27.8221],[84.85242,27.82679],[84.84781,27.82905],[84.84298,27.82662],[84.84276,27.82193],[84.84737,27.81967],[84.8522,27.8221]]]}},{"type":"Feature","properties":{"population":102,"fill":"#fdbb84","fill-opacity":0.55,"stroke":"#7f1d1d","stroke-width":0.3,"stroke-opacity":0.4},"geometry":{"type":"Polygon","coordinates":[[[85.3696,28.2636],[85.36941,28.25894],[85.37407,28.25668],[85.37894,28.2591],[85.37913,28.26376],[85.37447,28.26602],[85.3696,28.2636]]]}},{"type":"Feature","properties":{"population":242,"fill":"#fc8d59","fill-opacity":0.55,"stroke":"#7f1d1d","stroke-width":0.3,"stroke-opacity":0.4},"geometry":{"type":"Polygon","coordinates":[[[84.59915,27.87768],[84.59901,27.87302],[84.60369,27.87081],[84.60852,27.87325],[84.60866,27.8779],[84.60398,27.88012],[84.59915,27.87768]]]}},{"type":"Feature","properties":{"population":148,"fill":"#fdbb84","fill-opacity":0.55,"stroke":"#7f1d1d","stroke-width":0.3,"stroke-opacity":0.4},"geometry":{"type":"Polygon","coordinates":[[[85.2268,28.04638],[85.22703,28.05106],[85.22241,28.05333],[85.21756,28.05091],[85.21733,28.04622],[85.22195,28.04396],[85.2268,28.04638]]]}},{"type":"Feature","properties":{"population":48,"fill":"#fee8c8","fill-opacity":0.55,"stroke":"#7f1d1d","stroke-width":0.3,"stroke-opacity":0.4},"geometry":{"type":"Polygon","coordinates":[[[84.83837,27.82888],[84.83859,27.83357],[84.83398,27.83583],[84.82915,27.8334],[84.82893,27.82871],[84.83354,27.82645],[84.83837,27.82888]]]}},{"type":"Feature","properties":{"population":45,"fill":"#fee8c8","fill-opacity":0.55,"stroke":"#7f1d1d","stroke-width":0.3,"stroke-opacity":0.4},"geometry":{"type":"Polygon","coordinates":[[[84.68671,27.81197],[84.68693,27.81666],[84.68232,27.81892],[84.67749,27.81648],[84.67728,27.81179],[84.68188,27.80953],[84.68671,27.81197]]]}},{"type":"Feature","properties":{"population":88,"fill":"#fdbb84","fill-opacity":0.55,"stroke":"#7f1d1d","stroke-width":0.3,"stroke-opacity":0.4},"geometry":{"type":"Polygon","coordinates":[[[85.32131,28.13914],[85.32154,28.14382],[85.31691,28.14609],[85.31206,28.14367],[85.31183,28.13899],[85.31645,28.13672],[85.32131,28.13914]]]}},{"type":"Feature","properties":{"population":245,"fill":"#fc8d59","fill-opacity":0.55,"stroke":"#7f1d1d","stroke-width":0.3,"stroke-opacity":0.4},"geometry":{"type":"Polygon","coordinates":[[[84.76592,27.79238],[84.76614,27.79707],[84.76153,27.79933],[84.7567,27.7969],[84.75648,27.79221],[84.76109,27.78995],[84.76592,27.79238]]]}},{"type":"Feature","properties":{"population":62,"fill":"#fdbb84","fill-opacity":0.55,"stroke":"#7f1d1d","stroke-width":0.3,"stroke-opacity":0.4},"geometry":{"type":"Polygon","coordinates":[[[85.17876,28.03155],[85.17899,28.03624],[85.17437,28.0385],[85.16952,28.03608],[85.16929,28.03139],[85.17391,28.02913],[85.17876,28.03155]]]}},{"type":"Feature","properties":{"population":736,"fill":"#e34a33","fill-opacity":0.55,"stroke":"#7f1d1d","stroke-width":0.3,"stroke-opacity":0.4},"geometry":{"type":"Polygon","coordinates":[[[84.87482,27.80141],[84.87504,27.8061],[84.87043,27.80836],[84.86559,27.80593],[84.86537,27.80124],[84.86998,27.79898],[84.87482,27.80141]]]}},{"type":"Feature","properties":{"population":60,"fill":"#fdbb84","fill-opacity":0.55,"stroke":"#7f1d1d","stroke-width":0.3,"stroke-opacity":0.4},"geometry":{"type":"Polygon","coordinates":[[[84.53091,27.82023],[84.53077,27.81558],[84.53546,27.81336],[84.54028,27.81581],[84.54042,27.82046],[84.53573,27.82267],[84.53091,27.82023]]]}},{"type":"Feature","properties":{"population":154,"fill":"#fdbb84","fill-opacity":0.55,"stroke":"#7f1d1d","stroke-width":0.3,"stroke-opacity":0.4},"geometry":{"type":"Polygon","coordinates":[[[85.17974,27.95428],[85.17997,27.95897],[85.17535,27.96124],[85.1705,27.95881],[85.17027,27.95412],[85.17489,27.95186],[85.17974,27.95428]]]}},{"type":"Feature","properties":{"population":149,"fill":"#fdbb84","fill-opacity":0.55,"stroke":"#7f1d1d","stroke-width":0.3,"stroke-opacity":0.4},"geometry":{"type":"Polygon","coordinates":[[[84.63135,27.84355],[84.63121,27.83889],[84.63589,27.83668],[84.64071,27.83912],[84.64086,27.84377],[84.63618,27.84599],[84.63135,27.84355]]]}},{"type":"Feature","properties":{"population":6,"fill":"#fee8c8","fill-opacity":0.55,"stroke":"#7f1d1d","stroke-width":0.3,"stroke-opacity":0.4},"geometry":{"type":"Polygon","coordinates":[[[84.5119,27.81977],[84.51176,27.81511],[84.51645,27.8129],[84.52127,27.81535],[84.5214,27.82],[84.51672,27.82221],[84.5119,27.81977]]]}},{"type":"Feature","properties":{"population":68,"fill":"#fdbb84","fill-opacity":0.55,"stroke":"#7f1d1d","stroke-width":0.3,"stroke-opacity":0.4},"geometry":{"type":"Polygon","coordinates":[[[85.20786,28.04607],[85.20808,28.05076],[85.20346,28.05302],[85.19861,28.0506],[85.19838,28.04592],[85.20301,28.04365],[85.20786,28.04607]]]}},{"type":"Feature","properties":{"population":441,"fill":"#fc8d59","fill-opacity":0.55,"stroke":"#7f1d1d","stroke-width":0.3,"stroke-opacity":0.4},"geometry":{"type":"Polygon","coordinates":[[[85.06144,27.85389],[85.06167,27.85858],[85.05705,27.86085],[85.05221,27.85842],[85.05199,27.85373],[85.0566,27.85146],[85.06144,27.85389]]]}},{"type":"Feature","properties":{"population":197,"fill":"#fdbb84","fill-opacity":0.55,"stroke":"#7f1d1d","stroke-width":0.3,"stroke-opacity":0.4},"geometry":{"type":"Polygon","coordinates":[[[84.7477,27.8061],[84.74792,27.8108],[84.74332,27.81305],[84.73849,27.81062],[84.73827,27.80593],[84.74288,27.80367],[84.7477,27.8061]]]}},{"type":"Feature","properties":{"population":5,"fill":"#fee8c8","fill-opacity":0.55,"stroke":"#7f1d1d","stroke-width":0.3,"stroke-opacity":0.4},"geometry":{"type":"Polygon","coordinates":[[[84.47186,27.74905],[84.47173,27.7444],[84.47633,27.74215],[84.48115,27.74459],[84.48136,27.74929],[84.47668,27.75149],[84.47186,27.74905]]]}},{"type":"Feature","properties":{"population":54,"fill":"#fdbb84","fill-opacity":0.55,"stroke":"#7f1d1d","stroke-width":0.3,"stroke-opacity":0.4},"geometry":{"type":"Polygon","coordinates":[[[85.24712,28.07479],[85.24735,28.07947],[85.24273,28.08174],[85.23787,28.07932],[85.23765,28.07464],[85.24227,28.07237],[85.24712,28.07479]]]}},{"type":"Feature","properties":{"population":26,"fill":"#fee8c8","fill-opacity":0.55,"stroke":"#7f1d1d","stroke-width":0.3,"stroke-opacity":0.4},"geometry":{"type":"Polygon","coordinates":[[[85.04625,27.83252],[85.04647,27.83722],[85.04186,27.83949],[85.03702,27.83706],[85.03679,27.83237],[85.04141,27.8301],[85.04625,27.83252]]]}},{"type":"Feature","properties":{"population":235,"fill":"#fc8d59","fill-opacity":0.55,"stroke":"#7f1d1d","stroke-width":0.3,"stroke-opacity":0.4},"geometry":{"type":"Polygon","coordinates":[[[84.65533,27.85108],[84.65519,27.84643],[84.65987,27.84421],[84.66469,27.84665],[84.66484,27.8513],[84.66016,27.85352],[84.65533,27.85108]]]}},{"type":"Feature","properties":{"population":189,"fill":"#fdbb84","fill-opacity":0.55,"stroke":"#7f1d1d","stroke-width":0.3,"stroke-opacity":0.4},"geometry":{"type":"Polygon","coordinates":[[[84.44078,27.825],[84.44065,27.82034],[84.44534,27.81813],[84.45016,27.82058],[84.45029,27.82523],[84.4456,27.82744],[84.44078,27.825]]]}},{"type":"Feature","properties":{"population":98,"fill":"#fdbb84","fill-opacity":0.55,"stroke":"#7f1d1d","stroke-width":0.3,"stroke-opacity":0.4},"geometry":{"type":"Polygon","coordinates":[[[85.04321,27.86765],[85.04343,27.87234],[85.03881,27.87461],[85.03397,27.87218],[85.03375,27.86749],[85.03837,27.86522],[85.04321,27.86765]]]}},{"type":"Feature","properties":{"population":12,"fill":"#fee8c8","fill-opacity":0.55,"stroke":"#7f1d1d","stroke-width":0.3,"stroke-opacity":0.4},"geometry":{"type":"Polygon","coordinates":[[[85.21225,28.03912],[85.21248,28.0438],[85.20786,28.04607],[85.20301,28.04365],[85.20278,28.03896],[85.2074,28.0367],[85.21225,28.03912]]]}},{"type":"Feature","properties":{"population":248,"fill":"#fc8d59","fill-opacity":0.55,"stroke":"#7f1d1d","stroke-width":0.3,"stroke-opacity":0.4},"geometry":{"type":"Polygon","coordinates":[[[85.0986,27.84043],[85.09883,27.84512],[85.09421,27.84739],[85.08937,27.84497],[85.08914,27.84027],[85.09376,27.838],[85.0986,27.84043]]]}},{"type":"Feature","properties":{"population":620,"fill":"#e34a33","fill-opacity":0.55,"stroke":"#7f1d1d","stroke-width":0.3,"stroke-opacity":0.4},"geometry":{"type":"Polygon","coordinates":[[[84.96489,27.81003],[84.96512,27.81473],[84.9605,27.81699],[84.95567,27.81456],[84.95544,27.80987],[84.96006,27.8076],[84.96489,27.81003]]]}},{"type":"Feature","properties":{"population":445,"fill":"#fc8d59","fill-opacity":0.55,"stroke":"#7f1d1d","stroke-width":0.3,"stroke-opacity":0.4},"geometry":{"type":"Polygon","coordinates":[[[85.18755,28.01765],[85.18777,28.02233],[85.18315,28.0246],[85.1783,28.02218],[85.17808,28.01749],[85.1827,28.01523],[85.18755,28.01765]]]}},{"type":"Feature","properties":{"population":811,"fill":"#e34a33","fill-opacity":0.55,"stroke":"#7f1d1d","stroke-width":0.3,"stroke-opacity":0.4},"geometry":{"type":"Polygon","coordinates":[[[84.46771,27.76986],[84.46758,27.76521],[84.47226,27.763],[84.47708,27.76545],[84.47721,27.7701],[84.47253,27.77231],[84.46771,27.76986]]]}},{"type":"Feature","properties":{"population":81,"fill":"#fdbb84","fill-opacity":0.55,"stroke":"#7f1d1d","stroke-width":0.3,"stroke-opacity":0.4},"geometry":{"type":"Polygon","coordinates":[[[85.12259,27.84786],[85.12281,27.85255],[85.1182,27.85482],[85.11335,27.8524],[85.11313,27.8477],[85.11774,27.84543],[85.12259,27.84786]]]}},{"type":"Feature","properties":{"population":41,"fill":"#fee8c8","fill-opacity":0.55,"stroke":"#7f1d1d","stroke-width":0.3,"stroke-opacity":0.4},"geometry":{"type":"Polygon","coordinates":[[[84.86032,27.79411],[84.86054,27.79881],[84.85593,27.80107],[84.8511,27.79864],[84.85088,27.79394],[84.85549,27.79168],[84.86032,27.79411]]]}},{"type":"Feature","properties":{"population":505,"fill":"#e34a33","fill-opacity":0.55,"stroke":"#7f1d1d","stroke-width":0.3,"stroke-opacity":0.4},"geometry":{"type":"Polygon","coordinates":[[[85.1652,27.94701],[85.16543,27.9517],[85.16081,27.95397],[85.15596,27.95155],[85.15573,27.94686],[85.16035,27.94459],[85.1652,27.94701]]]}},{"type":"Feature","properties":{"population":372,"fill":"#fc8d59","fill-opacity":0.55,"stroke":"#7f1d1d","stroke-width":0.3,"stroke-opacity":0.4},"geometry":{"type":"Polygon","coordinates":[[[84.60369,27.87081],[84.60355,27.86615],[84.60823,27.86393],[84.61306,27.86637],[84.6132,27.87103],[84.60852,27.87325],[84.60369,27.87081]]]}},{"type":"Feature","properties":{"population":254,"fill":"#fc8d59","fill-opacity":0.55,"stroke":"#7f1d1d","stroke-width":0.3,"stroke-opacity":0.4},"geometry":{"type":"Polygon","coordinates":[[[84.96928,27.80307],[84.96951,27.80777],[84.96489,27.81003],[84.96006,27.8076],[84.95983,27.80291],[84.96445,27.80064],[84.96928,27.80307]]]}},{"type":"Feature","properties":{"population":80,"fill":"#fdbb84","fill-opacity":0.55,"stroke":"#7f1d1d","stroke-width":0.3,"stroke-opacity":0.4},"geometry":{"type":"Polygon","coordinates":[[[84.72752,27.77759],[84.72774,27.78229],[84.72313,27.78454],[84.7183,27.78211],[84.71809,27.77741],[84.72269,27.77516],[84.72752,27.77759]]]}},{"type":"Feature","properties":{"population":1082,"fill":"#e34a33","fill-opacity":0.55,"stroke":"#7f1d1d","stroke-width":0.3,"stroke-opacity":0.4},"geometry":{"type":"Polygon","coordinates":[[[85.3134,28.17174],[85.31321,28.16708],[85.31783,28.16481],[85.32269,28.16723],[85.32292,28.17191],[85.31826,28.17415],[85.3134,28.17174]]]}},{"type":"Feature","properties":{"population":8,"fill":"#fee8c8","fill-opacity":0.55,"stroke":"#7f1d1d","stroke-width":0.3,"stroke-opacity":0.4},"geometry":{"type":"Polygon","coordinates":[[[84.76724,27.82053],[84.76746,27.82523],[84.76285,27.82748],[84.75802,27.82505],[84.7578,27.82036],[84.76241,27.8181],[84.76724,27.82053]]]}},{"type":"Feature","properties":{"population":117,"fill":"#fdbb84","fill-opacity":0.55,"stroke":"#7f1d1d","stroke-width":0.3,"stroke-opacity":0.4},"geometry":{"type":"Polygon","coordinates":[[[85.32062,28.12509],[85.32085,28.12977],[85.31622,28.13204],[85.31137,28.12962],[85.31114,28.12494],[85.31576,28.12268],[85.32062,28.12509]]]}},{"type":"Feature","properties":{"population":16,"fill":"#fee8c8","fill-opacity":0.55,"stroke":"#7f1d1d","stroke-width":0.3,"stroke-opacity":0.4},"geometry":{"type":"Polygon","coordinates":[[[84.53174,27.84816],[84.5316,27.8435],[84.53629,27.84129],[84.54111,27.84373],[84.54125,27.84839],[84.53656,27.8506],[84.53174,27.84816]]]}},{"type":"Feature","properties":{"population":26,"fill":"#fee8c8","fill-opacity":0.55,"stroke":"#7f1d1d","stroke-width":0.3,"stroke-opacity":0.4},"geometry":{"type":"Polygon","coordinates":[[[84.93149,27.80241],[84.93171,27.80711],[84.9271,27.80937],[84.92226,27.80694],[84.92204,27.80225],[84.92665,27.79998],[84.93149,27.80241]]]}},{"type":"Feature","properties":{"population":5,"fill":"#fee8c8","fill-opacity":0.55,"stroke":"#7f1d1d","stroke-width":0.3,"stroke-opacity":0.4},"geometry":{"type":"Polygon","coordinates":[[[85.48703,28.3355],[85.48682,28.33083],[85.49148,28.32857],[85.49635,28.33098],[85.49656,28.33565],[85.4919,28.33791],[85.48703,28.3355]]]}},{"type":"Feature","properties":{"population":433,"fill":"#fc8d59","fill-opacity":0.55,"stroke":"#7f1d1d","stroke-width":0.3,"stroke-opacity":0.4},"geometry":{"type":"Polygon","coordinates":[[[85.02295,27.83917],[85.02317,27.84386],[85.01856,27.84613],[85.01372,27.8437],[85.01349,27.83901],[85.01811,27.83674],[85.02295,27.83917]]]}},{"type":"Feature","properties":{"population":71,"fill":"#fdbb84","fill-opacity":0.55,"stroke":"#7f1d1d","stroke-width":0.3,"stroke-opacity":0.4},"geometry":{"type":"Polygon","coordinates":[[[85.20922,28.07418],[85.20945,28.07886],[85.20483,28.08113],[85.19998,28.07871],[85.19975,28.07402],[85.20437,28.07176],[85.20922,28.07418]]]}},{"type":"Feature","properties":{"population":115,"fill":"#fdbb84","fill-opacity":0.55,"stroke":"#7f1d1d","stroke-width":0.3,"stroke-opacity":0.4},"geometry":{"type":"Polygon","coordinates":[[[85.09556,27.87556],[85.09579,27.88025],[85.09117,27.88252],[85.08633,27.88009],[85.0861,27.8754],[85.09072,27.87313],[85.09556,27.87556]]]}},{"type":"Feature","properties":{"population":285,"fill":"#fc8d59","fill-opacity":0.55,"stroke":"#7f1d1d","stroke-width":0.3,"stroke-opacity":0.4},"geometry":{"type":"Polygon","coordinates":[[[84.95039,27.80274],[84.95061,27.80744],[84.946,27.8097],[84.94116,27.80727],[84.94094,27.80258],[84.94555,27.80031],[84.95039,27.80274]]]}},{"type":"Feature","properties":{"population":5,"fill":"#fee8c8","fill-opacity":0.55,"stroke":"#7f1d1d","stroke-width":0.3,"stroke-opacity":0.4},"geometry":{"type":"Polygon","coordinates":[[[84.48378,27.83304],[84.48364,27.82838],[84.48833,27.82617],[84.49315,27.82861],[84.49329,27.83327],[84.4886,27.83548],[84.48378,27.83304]]]}},{"type":"Feature","properties":{"population":240,"fill":"#fc8d59","fill-opacity":0.55,"stroke":"#7f1d1d","stroke-width":0.3,"stroke-opacity":0.4},"geometry":{"type":"Polygon","coordinates":[[[84.80433,27.80716],[84.80455,27.81185],[84.79994,27.81411],[84.79511,27.81168],[84.79489,27.80699],[84.7995,27.80473],[84.80433,27.80716]]]}},{"type":"Feature","properties":{"population":139,"fill":"#fdbb84","fill-opacity":0.55,"stroke":"#7f1d1d","stroke-width":0.3,"stroke-opacity":0.4},"geometry":{"type":"Polygon","coordinates":[[[85.24849,28.10289],[85.24872,28.10757],[85.2441,28.10984],[85.23925,28.10742],[85.23902,28.10274],[85.24364,28.10047],[85.24849,28.10289]]]}},{"type":"Feature","properties":{"population":152,"fill":"#fdbb84","fill-opacity":0.55,"stroke":"#7f1d1d","stroke-width":0.3,"stroke-opacity":0.4},"geometry":{"type":"Polygon","coordinates":[[[85.02666,27.81812],[85.02689,27.82282],[85.02227,27.82508],[85.01744,27.82266],[85.01721,27.81796],[85.02183,27.8157],[85.02666,27.81812]]]}},{"type":"Feature","properties":{"population":6,"fill":"#fee8c8","fill-opacity":0.55,"stroke":"#7f1d1d","stroke-width":0.3,"stroke-opacity":0.4},"geometry":{"type":"Polygon","coordinates":[[[84.42137,27.81056],[84.42124,27.8059],[84.42593,27.8037],[84.43075,27.80614],[84.43088,27.8108],[84.42619,27.81301],[84.42137,27.81056]]]}},{"type":"Feature","properties":{"population":20,"fill":"#fee8c8","fill-opacity":0.55,"stroke":"#7f1d1d","stroke-width":0.3,"stroke-opacity":0.4},"geometry":{"type":"Polygon","coordinates":[[[84.51272,27.8477],[84.51258,27.84304],[84.51727,27.84083],[84.52209,27.84327],[84.52223,27.84793],[84.51754,27.85014],[84.51272,27.8477]]]}},{"type":"Feature","properties":{"population":185,"fill":"#fdbb84","fill-opacity":0.55,"stroke":"#7f1d1d","stroke-width":0.3,"stroke-opacity":0.4},"geometry":{"type":"Polygon","coordinates":[[[85.02362,27.85325],[85.02385,27.85794],[85.01923,27.86021],[85.01439,27.85778],[85.01417,27.85309],[85.01878,27.85082],[85.02362,27.85325]]]}},{"type":"Feature","properties":{"population":98,"fill":"#fdbb84","fill-opacity":0.55,"stroke":"#7f1d1d","stroke-width":0.3,"stroke-opacity":0.4},"geometry":{"type":"Polygon","coordinates":[[[85.09995,27.86859],[85.10018,27.87329],[85.09556,27.87556],[85.09072,27.87313],[85.09049,27.86844],[85.09511,27.86617],[85.09995,27.86859]]]}},{"type":"Feature","properties":{"population":349,"fill":"#fc8d59","fill-opacity":0.55,"stroke":"#7f1d1d","stroke-width":0.3,"stroke-opacity":0.4},"geometry":{"type":"Polygon","coordinates":[[[85.19565,27.98967],[85.19588,27.99436],[85.19126,27.99663],[85.18641,27.99421],[85.18618,27.98952],[85.1908,27.98725],[85.19565,27.98967]]]}},{"type":"Feature","properties":{"population":77,"fill":"#fdbb84","fill-opacity":0.55,"stroke":"#7f1d1d","stroke-width":0.3,"stroke-opacity":0.4},"geometry":{"type":"Polygon","coordinates":[[[84.72444,27.81269],[84.72466,27.81739],[84.72005,27.81964],[84.71523,27.81721],[84.71501,27.81251],[84.71962,27.81026],[84.72444,27.81269]]]}},{"type":"Feature","properties":{"population":117,"fill":"#fdbb84","fill-opacity":0.55,"stroke":"#7f1d1d","stroke-width":0.3,"stroke-opacity":0.4},"geometry":{"type":"Polygon","coordinates":[[[85.30235,28.13884],[85.30258,28.14352],[85.29795,28.14579],[85.2931,28.14337],[85.29287,28.13869],[85.29749,28.13642],[85.30235,28.13884]]]}},{"type":"Feature","properties":{"population":128,"fill":"#fdbb84","fill-opacity":0.55,"stroke":"#7f1d1d","stroke-width":0.3,"stroke-opacity":0.4},"geometry":{"type":"Polygon","coordinates":[[[84.74705,27.79203],[84.74727,27.79672],[84.74266,27.79898],[84.73783,27.79654],[84.73761,27.79185],[84.74222,27.78959],[84.74705,27.79203]]]}},{"type":"Feature","properties":{"population":142,"fill":"#fdbb84","fill-opacity":0.55,"stroke":"#7f1d1d","stroke-width":0.3,"stroke-opacity":0.4},"geometry":{"type":"Polygon","coordinates":[[[84.44831,27.75544],[84.44818,27.75079],[84.45287,27.74858],[84.45768,27.75102],[84.45781,27.75567],[84.45313,27.75788],[84.44831,27.75544]]]}},{"type":"Feature","properties":{"population":92,"fill":"#fdbb84","fill-opacity":0.55,"stroke":"#7f1d1d","stroke-width":0.3,"stroke-opacity":0.4},"geometry":{"type":"Polygon","coordinates":[[[85.22954,28.10259],[85.22977,28.10727],[85.22515,28.10953],[85.2203,28.10711],[85.22007,28.10243],[85.22469,28.10017],[85.22954,28.10259]]]}},{"type":"Feature","properties":{"population":200,"fill":"#fdbb84","fill-opacity":0.55,"stroke":"#7f1d1d","stroke-width":0.3,"stroke-opacity":0.4},"geometry":{"type":"Polygon","coordinates":[[[84.44455,27.79021],[84.44442,27.78556],[84.4491,27.78335],[84.45392,27.78579],[84.45406,27.79045],[84.44937,27.79265],[84.44455,27.79021]]]}},{"type":"Feature","properties":{"population":351,"fill":"#fc8d59","fill-opacity":0.55,"stroke":"#7f1d1d","stroke-width":0.3,"stroke-opacity":0.4},"geometry":{"type":"Polygon","coordinates":[[[85.12394,27.87602],[85.12417,27.88071],[85.11955,27.88298],[85.11471,27.88056],[85.11448,27.87587],[85.1191,27.8736],[85.12394,27.87602]]]}},{"type":"Feature","properties":{"population":154,"fill":"#fdbb84","fill-opacity":0.55,"stroke":"#7f1d1d","stroke-width":0.3,"stroke-opacity":0.4},"geometry":{"type":"Polygon","coordinates":[[[84.58055,27.8912],[84.58041,27.88654],[84.5851,27.88433],[84.58993,27.88677],[84.59007,27.89142],[84.58538,27.89364],[84.58055,27.8912]]]}},{"type":"Feature","properties":{"population":100,"fill":"#fdbb84","fill-opacity":0.55,"stroke":"#7f1d1d","stroke-width":0.3,"stroke-opacity":0.4},"geometry":{"type":"Polygon","coordinates":[[[85.19936,27.96865],[85.19959,27.97334],[85.19497,27.97561],[85.19012,27.97319],[85.18989,27.9685],[85.19451,27.96623],[85.19936,27.96865]]]}},{"type":"Feature","properties":{"population":26,"fill":"#fee8c8","fill-opacity":0.55,"stroke":"#7f1d1d","stroke-width":0.3,"stroke-opacity":0.4},"geometry":{"type":"Polygon","coordinates":[[[84.93521,27.78137],[84.93543,27.78606],[84.93082,27.78833],[84.92599,27.7859],[84.92576,27.7812],[84.93038,27.77894],[84.93521,27.78137]]]}},{"type":"Feature","properties":{"population":468,"fill":"#fc8d59","fill-opacity":0.55,"stroke":"#7f1d1d","stroke-width":0.3,"stroke-opacity":0.4},"geometry":{"type":"Polygon","coordinates":[[[85.14559,27.93263],[85.14582,27.93732],[85.1412,27.93959],[85.13635,27.93717],[85.13612,27.93248],[85.14074,27.93021],[85.14559,27.93263]]]}},{"type":"Feature","properties":{"population":147,"fill":"#fdbb84","fill-opacity":0.55,"stroke":"#7f1d1d","stroke-width":0.3,"stroke-opacity":0.4},"geometry":{"type":"Polygon","coordinates":[[[84.58425,27.85639],[84.58411,27.85174],[84.58879,27.84952],[84.59362,27.85196],[84.59376,27.85662],[84.58907,27.85883],[84.58425,27.85639]]]}},{"type":"Feature","properties":{"population":111,"fill":"#fdbb84","fill-opacity":0.55,"stroke":"#7f1d1d","stroke-width":0.3,"stroke-opacity":0.4},"geometry":{"type":"Polygon","coordinates":[[[84.51686,27.82687],[84.51672,27.82221],[84.5214,27.82],[84.52623,27.82244],[84.52636,27.8271],[84.52168,27.82931],[84.51686,27.82687]]]}},{"type":"Feature","properties":{"population":131,"fill":"#fdbb84","fill-opacity":0.55,"stroke":"#7f1d1d","stroke-width":0.3,"stroke-opacity":0.4},"geometry":{"type":"Polygon","coordinates":[[[85.18891,28.04576],[85.18914,28.05045],[85.18452,28.05271],[85.17967,28.05029],[85.17944,28.04561],[85.18406,28.04334],[85.18891,28.04576]]]}},{"type":"Feature","properties":{"population":168,"fill":"#fdbb84","fill-opacity":0.55,"stroke":"#7f1d1d","stroke-width":0.3,"stroke-opacity":0.4},"geometry":{"type":"Polygon","coordinates":[[[85.19633,28.00374],[85.19656,28.00843],[85.19194,28.01069],[85.18709,28.00827],[85.18686,28.00358],[85.19149,28.00132],[85.19633,28.00374]]]}},{"type":"Feature","properties":{"population":311,"fill":"#fc8d59","fill-opacity":0.55,"stroke":"#7f1d1d","stroke-width":0.3,"stroke-opacity":0.4},"geometry":{"type":"Polygon","coordinates":[[[84.72883,27.80575],[84.72905,27.81044],[84.72444,27.81269],[84.71962,27.81026],[84.7194,27.80557],[84.72401,27.80331],[84.72883,27.80575]]]}},{"type":"Feature","properties":{"population":8,"fill":"#fee8c8","fill-opacity":0.55,"stroke":"#7f1d1d","stroke-width":0.3,"stroke-opacity":0.4},"geometry":{"type":"Polygon","coordinates":[[[85.30304,28.15288],[85.30327,28.15757],[85.29864,28.15983],[85.29378,28.15741],[85.29356,28.15273],[85.29818,28.15047],[85.30304,28.15288]]]}},{"type":"Feature","properties":{"population":52,"fill":"#fdbb84","fill-opacity":0.55,"stroke":"#7f1d1d","stroke-width":0.3,"stroke-opacity":0.4},"geometry":{"type":"Polygon","coordinates":[[[85.03038,27.79707],[85.03061,27.80177],[85.02599,27.80404],[85.02115,27.80161],[85.02093,27.79691],[85.02554,27.79464],[85.03038,27.79707]]]}},{"type":"Feature","properties":{"population":789,"fill":"#e34a33","fill-opacity":0.55,"stroke":"#7f1d1d","stroke-width":0.3,"stroke-opacity":0.4},"geometry":{"type":"Polygon","coordinates":[[[85.30097,28.11074],[85.3012,28.11543],[85.29657,28.11769],[85.29172,28.11528],[85.29149,28.1106],[85.29611,28.10833],[85.30097,28.11074]]]}},{"type":"Feature","properties":{"population":64,"fill":"#fdbb84","fill-opacity":0.55,"stroke":"#7f1d1d","stroke-width":0.3,"stroke-opacity":0.4},"geometry":{"type":"Polygon","coordinates":[[[84.42554,27.78974],[84.42541,27.78508],[84.4301,27.78287],[84.43491,27.78532],[84.43504,27.78997],[84.43036,27.79218],[84.42554,27.78974]]]}},{"type":"Feature","properties":{"population":265,"fill":"#fc8d59","fill-opacity":0.55,"stroke":"#7f1d1d","stroke-width":0.3,"stroke-opacity":0.4},"geometry":{"type":"Polygon","coordinates":[[[84.61277,27.85706],[84.61263,27.85241],[84.61731,27.85019],[84.62214,27.85263],[84.62228,27.85729],[84.6176,27.8595],[84.61277,27.85706]]]}},{"type":"Feature","properties":{"population":133,"fill":"#fdbb84","fill-opacity":0.55,"stroke":"#7f1d1d","stroke-width":0.3,"stroke-opacity":0.4},"geometry":{"type":"Polygon","coordinates":[[[85.00337,27.82476],[85.00359,27.82946],[84.99898,27.83172],[84.99414,27.8293],[84.99392,27.8246],[84.99853,27.82234],[85.00337,27.82476]]]}},{"type":"Feature","properties":{"population":198,"fill":"#fdbb84","fill-opacity":0.55,"stroke":"#7f1d1d","stroke-width":0.3,"stroke-opacity":0.4},"geometry":{"type":"Polygon","coordinates":[[[85.10367,27.84755],[85.10389,27.85224],[85.09928,27.85451],[85.09443,27.85209],[85.09421,27.84739],[85.09883,27.84512],[85.10367,27.84755]]]}},{"type":"Feature","properties":{"population":1654,"fill":"#b30000","fill-opacity":0.55,"stroke":"#7f1d1d","stroke-width":0.3,"stroke-opacity":0.4},"geometry":{"type":"Polygon","coordinates":[[[85.1493,27.9116],[85.14953,27.91629],[85.14491,27.91856],[85.14006,27.91614],[85.13984,27.91145],[85.14446,27.90918],[85.1493,27.9116]]]}},{"type":"Feature","properties":{"population":9,"fill":"#fee8c8","fill-opacity":0.55,"stroke":"#7f1d1d","stroke-width":0.3,"stroke-opacity":0.4},"geometry":{"type":"Polygon","coordinates":[[[85.26607,28.07509],[85.2663,28.07978],[85.26168,28.08204],[85.25683,28.07963],[85.2566,28.07494],[85.26122,28.07267],[85.26607,28.07509]]]}},{"type":"Feature","properties":{"population":38,"fill":"#fee8c8","fill-opacity":0.55,"stroke":"#7f1d1d","stroke-width":0.3,"stroke-opacity":0.4},"geometry":{"type":"Polygon","coordinates":[[[84.46436,27.8186],[84.46423,27.81395],[84.46891,27.81174],[84.47373,27.81418],[84.47387,27.81884],[84.46918,27.82105],[84.46436,27.8186]]]}},{"type":"Feature","properties":{"population":55,"fill":"#fdbb84","fill-opacity":0.55,"stroke":"#7f1d1d","stroke-width":0.3,"stroke-opacity":0.4},"geometry":{"type":"Polygon","coordinates":[[[84.4301,27.78287],[84.42996,27.77822],[84.43465,27.77601],[84.43947,27.77846],[84.4396,27.78311],[84.43491,27.78532],[84.4301,27.78287]]]}},{"type":"Feature","properties":{"population":41,"fill":"#fee8c8","fill-opacity":0.55,"stroke":"#7f1d1d","stroke-width":0.3,"stroke-opacity":0.4},"geometry":{"type":"Polygon","coordinates":[[[85.12766,27.85498],[85.12788,27.85967],[85.12327,27.86194],[85.11842,27.85952],[85.1182,27.85482],[85.12281,27.85255],[85.12766,27.85498]]]}},{"type":"Feature","properties":{"population":40,"fill":"#fee8c8","fill-opacity":0.55,"stroke":"#7f1d1d","stroke-width":0.3,"stroke-opacity":0.4},"geometry":{"type":"Polygon","coordinates":[[[84.83771,27.81481],[84.83793,27.8195],[84.83332,27.82176],[84.82849,27.81933],[84.82827,27.81463],[84.83288,27.81237],[84.83771,27.81481]]]}},{"type":"Feature","properties":{"population":133,"fill":"#fdbb84","fill-opacity":0.55,"stroke":"#7f1d1d","stroke-width":0.3,"stroke-opacity":0.4},"geometry":{"type":"Polygon","coordinates":[[[84.54663,27.86945],[84.54649,27.86479],[84.55117,27.86258],[84.556,27.86502],[84.55614,27.86968],[84.55145,27.87189],[84.54663,27.86945]]]}},{"type":"Feature","properties":{"population":63,"fill":"#fdbb84","fill-opacity":0.55,"stroke":"#7f1d1d","stroke-width":0.3,"stroke-opacity":0.4},"geometry":{"type":"Polygon","coordinates":[[[84.56607,27.88387],[84.56593,27.87922],[84.57062,27.877],[84.57544,27.87944],[84.57559,27.8841],[84.5709,27.88632],[84.56607,27.88387]]]}},{"type":"Feature","properties":{"population":713,"fill":"#e34a33","fill-opacity":0.55,"stroke":"#7f1d1d","stroke-width":0.3,"stroke-opacity":0.4},"geometry":{"type":"Polygon","coordinates":[[[85.08036,27.8542],[85.08058,27.85889],[85.07597,27.86116],[85.07113,27.85874],[85.0709,27.85404],[85.07552,27.85177],[85.08036,27.8542]]]}},{"type":"Feature","properties":{"population":543,"fill":"#e34a33","fill-opacity":0.55,"stroke":"#7f1d1d","stroke-width":0.3,"stroke-opacity":0.4},"geometry":{"type":"Polygon","coordinates":[[[85.00709,27.80372],[85.00731,27.80841],[85.0027,27.81068],[84.99786,27.80825],[84.99763,27.80356],[85.00225,27.80129],[85.00709,27.80372]]]}},{"type":"Feature","properties":{"population":307,"fill":"#fc8d59","fill-opacity":0.55,"stroke":"#7f1d1d","stroke-width":0.3,"stroke-opacity":0.4},"geometry":{"type":"Polygon","coordinates":[[[85.17603,27.9753],[85.17626,27.97999],[85.17164,27.98226],[85.16679,27.97984],[85.16656,27.97515],[85.17118,27.97288],[85.17603,27.9753]]]}},{"type":"Feature","properties":{"population":268,"fill":"#fc8d59","fill-opacity":0.55,"stroke":"#7f1d1d","stroke-width":0.3,"stroke-opacity":0.4},"geometry":{"type":"Polygon","coordinates":[[[84.43387,27.7481],[84.43374,27.74345],[84.43842,27.74125],[84.44323,27.74369],[84.44337,27.74834],[84.43868,27.75055],[84.43387,27.7481]]]}},{"type":"Feature","properties":{"population":186,"fill":"#fdbb84","fill-opacity":0.55,"stroke":"#7f1d1d","stroke-width":0.3,"stroke-opacity":0.4},"geometry":{"type":"Polygon","coordinates":[[[85.2827,28.12449],[85.28293,28.12918],[85.2783,28.13144],[85.27345,28.12902],[85.27322,28.12434],[85.27784,28.12208],[85.2827,28.12449]]]}},{"type":"Feature","properties":{"population":255,"fill":"#fc8d59","fill-opacity":0.55,"stroke":"#7f1d1d","stroke-width":0.3,"stroke-opacity":0.4},"geometry":{"type":"Polygon","coordinates":[[[84.78107,27.81376],[84.78129,27.81845],[84.77668,27.82071],[84.77185,27.81828],[84.77163,27.81359],[84.77624,27.81133],[84.78107,27.81376]]]}},{"type":"Feature","properties":{"population":205,"fill":"#fc8d59","fill-opacity":0.55,"stroke":"#7f1d1d","stroke-width":0.3,"stroke-opacity":0.4},"geometry":{"type":"Polygon","coordinates":[[[84.67434,27.85152],[84.67419,27.84687],[84.6788,27.84462],[84.68363,27.84705],[84.68385,27.85174],[84.67917,27.85396],[84.67434,27.85152]]]}},{"type":"Feature","properties":{"population":618,"fill":"#e34a33","fill-opacity":0.55,"stroke":"#7f1d1d","stroke-width":0.3,"stroke-opacity":0.4},"geometry":{"type":"Polygon","coordinates":[[[84.8421,27.80785],[84.84232,27.81255],[84.83771,27.81481],[84.83288,27.81237],[84.83266,27.80768],[84.83727,27.80542],[84.8421,27.80785]]]}},{"type":"Feature","properties":{"population":27,"fill":"#fee8c8","fill-opacity":0.55,"stroke":"#7f1d1d","stroke-width":0.3,"stroke-opacity":0.4},"geometry":{"type":"Polygon","coordinates":[[[84.56977,27.84907],[84.56963,27.84441],[84.57432,27.8422],[84.57914,27.84464],[84.57928,27.8493],[84.5746,27.85151],[84.56977,27.84907]]]}},{"type":"Feature","properties":{"population":203,"fill":"#fc8d59","fill-opacity":0.55,"stroke":"#7f1d1d","stroke-width":0.3,"stroke-opacity":0.4},"geometry":{"type":"Polygon","coordinates":[[[84.74639,27.77795],[84.74661,27.78264],[84.742,27.7849],[84.73717,27.78246],[84.73695,27.77777],[84.74156,27.77551],[84.74639,27.77795]]]}},{"type":"Feature","properties":{"population":184,"fill":"#fdbb84","fill-opacity":0.55,"stroke":"#7f1d1d","stroke-width":0.3,"stroke-opacity":0.4},"geometry":{"type":"Polygon","coordinates":[[[84.49743,27.81244],[84.4973,27.80779],[84.50198,27.80558],[84.5068,27.80802],[84.50694,27.81267],[84.50225,27.81488],[84.49743,27.81244]]]}},{"type":"Feature","properties":{"population":57,"fill":"#fdbb84","fill-opacity":0.55,"stroke":"#7f1d1d","stroke-width":0.3,"stroke-opacity":0.4},"geometry":{"type":"Polygon","coordinates":[[[85.22309,28.06738],[85.22332,28.07207],[85.2187,28.07433],[85.21385,28.07191],[85.21362,28.06723],[85.21824,28.06496],[85.22309,28.06738]]]}},{"type":"Feature","properties":{"population":296,"fill":"#fc8d59","fill-opacity":0.55,"stroke":"#7f1d1d","stroke-width":0.3,"stroke-opacity":0.4},"geometry":{"type":"Polygon","coordinates":[[[85.12902,27.88314],[85.12924,27.88783],[85.12462,27.8901],[85.11978,27.88768],[85.11955,27.88298],[85.12417,27.88071],[85.12902,27.88314]]]}},{"type":"Feature","properties":{"population":56,"fill":"#fdbb84","fill-opacity":0.55,"stroke":"#7f1d1d","stroke-width":0.3,"stroke-opacity":0.4},"geometry":{"type":"Polygon","coordinates":[[[84.42671,27.83163],[84.42658,27.82697],[84.43127,27.82476],[84.43609,27.82721],[84.43622,27.83186],[84.43153,27.83407],[84.42671,27.83163]]]}},{"type":"Feature","properties":{"population":105,"fill":"#fdbb84","fill-opacity":0.55,"stroke":"#7f1d1d","stroke-width":0.3,"stroke-opacity":0.4},"geometry":{"type":"Polygon","coordinates":[[[84.70931,27.79131],[84.70953,27.796],[84.70492,27.79826],[84.70009,27.79582],[84.69988,27.79113],[84.70448,27.78888],[84.70931,27.79131]]]}},{"type":"Feature","properties":{"population":363,"fill":"#fc8d59","fill-opacity":0.55,"stroke":"#7f1d1d","stroke-width":0.3,"stroke-opacity":0.4},"geometry":{"type":"Polygon","coordinates":[[[84.80938,27.81429],[84.8096,27.81898],[84.80499,27.82124],[84.80016,27.8188],[84.79994,27.81411],[84.80455,27.81185],[84.80938,27.81429]]]}},{"type":"Feature","properties":{"population":127,"fill":"#fdbb84","fill-opacity":0.55,"stroke":"#7f1d1d","stroke-width":0.3,"stroke-opacity":0.4},"geometry":{"type":"Polygon","coordinates":[[[85.15808,27.89768],[85.15831,27.90237],[85.15369,27.90464],[85.14885,27.90222],[85.14862,27.89752],[85.15324,27.89525],[85.15808,27.89768]]]}},{"type":"Feature","properties":{"population":188,"fill":"#fdbb84","fill-opacity":0.55,"stroke":"#7f1d1d","stroke-width":0.3,"stroke-opacity":0.4},"geometry":{"type":"Polygon","coordinates":[[[85.03173,27.82524],[85.03195,27.82994],[85.02734,27.83221],[85.0225,27.82978],[85.02227,27.82508],[85.02689,27.82282],[85.03173,27.82524]]]}},{"type":"Feature","properties":{"population":18,"fill":"#fee8c8","fill-opacity":0.55,"stroke":"#7f1d1d","stroke-width":0.3,"stroke-opacity":0.4},"geometry":{"type":"Polygon","coordinates":[[[84.42632,27.81766],[84.42619,27.81301],[84.43088,27.8108],[84.4357,27.81324],[84.43583,27.8179],[84.43114,27.82011],[84.42632,27.81766]]]}},{"type":"Feature","properties":{"population":51,"fill":"#fdbb84","fill-opacity":0.55,"stroke":"#7f1d1d","stroke-width":0.3,"stroke-opacity":0.4},"geometry":{"type":"Polygon","coordinates":[[[85.37348,28.24269],[85.37328,28.23802],[85.37794,28.23577],[85.38281,28.23818],[85.383,28.24285],[85.37834,28.2451],[85.37348,28.24269]]]}},{"type":"Feature","properties":{"population":73,"fill":"#fdbb84","fill-opacity":0.55,"stroke":"#7f1d1d","stroke-width":0.3,"stroke-opacity":0.4},"geometry":{"type":"Polygon","coordinates":[[[84.61861,27.89209],[84.61846,27.88744],[84.62315,27.88522],[84.62797,27.88766],[84.62812,27.89232],[84.62344,27.89453],[84.61861,27.89209]]]}},{"type":"Feature","properties":{"population":1223,"fill":"#e34a33","fill-opacity":0.55,"stroke":"#7f1d1d","stroke-width":0.3,"stroke-opacity":0.4},"geometry":{"type":"Polygon","coordinates":[[[84.99257,27.79643],[84.9928,27.80113],[84.98818,27.8034],[84.98335,27.80097],[84.98312,27.79627],[84.98774,27.794],[84.99257,27.79643]]]}},{"type":"Feature","properties":{"population":191,"fill":"#fdbb84","fill-opacity":0.55,"stroke":"#7f1d1d","stroke-width":0.3,"stroke-opacity":0.4},"geometry":{"type":"Polygon","coordinates":[[[84.76285,27.82748],[84.76307,27.83217],[84.75846,27.83443],[84.75363,27.832],[84.75341,27.8273],[84.75802,27.82505],[84.76285,27.82748]]]}},{"type":"Feature","properties":{"population":346,"fill":"#fc8d59","fill-opacity":0.55,"stroke":"#7f1d1d","stroke-width":0.3,"stroke-opacity":0.4},"geometry":{"type":"Polygon","coordinates":[[[85.173,28.01038],[85.17323,28.01507],[85.16861,28.01734],[85.16376,28.01492],[85.16353,28.01023],[85.16815,28.00796],[85.173,28.01038]]]}},{"type":"Feature","properties":{"population":46,"fill":"#fee8c8","fill-opacity":0.55,"stroke":"#7f1d1d","stroke-width":0.3,"stroke-opacity":0.4},"geometry":{"type":"Polygon","coordinates":[[[84.88054,27.82261],[84.88076,27.82731],[84.87615,27.82957],[84.87131,27.82714],[84.87109,27.82244],[84.8757,27.82018],[84.88054,27.82261]]]}},{"type":"Feature","properties":{"population":65,"fill":"#fdbb84","fill-opacity":0.55,"stroke":"#7f1d1d","stroke-width":0.3,"stroke-opacity":0.4},"geometry":{"type":"Polygon","coordinates":[[[84.69044,27.79095],[84.69066,27.79564],[84.68605,27.7979],[84.68123,27.79546],[84.68101,27.79077],[84.68562,27.78851],[84.69044,27.79095]]]}},{"type":"Feature","properties":{"population":323,"fill":"#fc8d59","fill-opacity":0.55,"stroke":"#7f1d1d","stroke-width":0.3,"stroke-opacity":0.4},"geometry":{"type":"Polygon","coordinates":[[[84.41942,27.74077],[84.41929,27.73612],[84.42398,27.73391],[84.42879,27.73636],[84.42892,27.74101],[84.42424,27.74321],[84.41942,27.74077]]]}},{"type":"Feature","properties":{"population":9,"fill":"#fee8c8","fill-opacity":0.55,"stroke":"#7f1d1d","stroke-width":0.3,"stroke-opacity":0.4},"geometry":{"type":"Polygon","coordinates":[[[85.35623,28.17476],[85.35646,28.17944],[85.35184,28.18171],[85.34698,28.1793],[85.34675,28.17462],[85.35137,28.17235],[85.35623,28.17476]]]}},{"type":"Feature","properties":{"population":228,"fill":"#fc8d59","fill-opacity":0.55,"stroke":"#7f1d1d","stroke-width":0.3,"stroke-opacity":0.4},"geometry":{"type":"Polygon","coordinates":[[[84.68736,27.82604],[84.68758,27.83073],[84.68297,27.83298],[84.67815,27.83055],[84.67793,27.82586],[84.68254,27.82361],[84.68736,27.82604]]]}},{"type":"Feature","properties":{"population":106,"fill":"#fdbb84","fill-opacity":0.55,"stroke":"#7f1d1d","stroke-width":0.3,"stroke-opacity":0.4},"geometry":{"type":"Polygon","coordinates":[[[84.46396,27.80464],[84.46383,27.79999],[84.46851,27.79778],[84.47333,27.80022],[84.47347,27.80488],[84.46878,27.80709],[84.46396,27.80464]]]}},{"type":"Feature","properties":{"population":280,"fill":"#fc8d59","fill-opacity":0.55,"stroke":"#7f1d1d","stroke-width":0.3,"stroke-opacity":0.4},"geometry":{"type":"Polygon","coordinates":[[[84.84582,27.78682],[84.84604,27.79151],[84.84143,27.79377],[84.8366,27.79134],[84.83638,27.78665],[84.84099,27.78438],[84.84582,27.78682]]]}},{"type":"Feature","properties":{"population":9,"fill":"#fee8c8","fill-opacity":0.55,"stroke":"#7f1d1d","stroke-width":0.3,"stroke-opacity":0.4},"geometry":{"type":"Polygon","coordinates":[[[84.5553,27.84175],[84.55516,27.83709],[84.55985,27.83488],[84.56467,27.83732],[84.56481,27.84197],[84.56013,27.84419],[84.5553,27.84175]]]}},{"type":"Feature","properties":{"population":80,"fill":"#fdbb84","fill-opacity":0.55,"stroke":"#7f1d1d","stroke-width":0.3,"stroke-opacity":0.4},"geometry":{"type":"Polygon","coordinates":[[[85.20444,27.97576],[85.20467,27.98045],[85.20004,27.98272],[85.1952,27.9803],[85.19497,27.97561],[85.19959,27.97334],[85.20444,27.97576]]]}},{"type":"Feature","properties":{"population":67,"fill":"#fdbb84","fill-opacity":0.55,"stroke":"#7f1d1d","stroke-width":0.3,"stroke-opacity":0.4},"geometry":{"type":"Polygon","coordinates":[[[84.89437,27.81583],[84.89459,27.82052],[84.88998,27.82278],[84.88515,27.82035],[84.88493,27.81566],[84.88954,27.8134],[84.89437,27.81583]]]}},{"type":"Feature","properties":{"population":597,"fill":"#e34a33","fill-opacity":0.55,"stroke":"#7f1d1d","stroke-width":0.3,"stroke-opacity":0.4},"geometry":{"type":"Polygon","coordinates":[[[85.15066,27.93975],[85.15089,27.94444],[85.14627,27.9467],[85.14142,27.94428],[85.1412,27.93959],[85.14582,27.93732],[85.15066,27.93975]]]}},{"type":"Feature","properties":{"population":306,"fill":"#fc8d59","fill-opacity":0.55,"stroke":"#7f1d1d","stroke-width":0.3,"stroke-opacity":0.4},"geometry":{"type":"Polygon","coordinates":[[[84.64173,27.8717],[84.64159,27.86704],[84.64627,27.86482],[84.65109,27.86726],[84.65124,27.87192],[84.64656,27.87413],[84.64173,27.8717]]]}},{"type":"Feature","properties":{"population":193,"fill":"#fdbb84","fill-opacity":0.55,"stroke":"#7f1d1d","stroke-width":0.3,"stroke-opacity":0.4},"geometry":{"type":"Polygon","coordinates":[[[85.12598,27.91825],[85.12621,27.92294],[85.12159,27.92521],[85.11675,27.92279],[85.11652,27.9181],[85.12114,27.91583],[85.12598,27.91825]]]}},{"type":"Feature","properties":{"population":280,"fill":"#fc8d59","fill-opacity":0.55,"stroke":"#7f1d1d","stroke-width":0.3,"stroke-opacity":0.4},"geometry":{"type":"Polygon","coordinates":[[[85.1774,28.00343],[85.17762,28.00812],[85.173,28.01038],[85.16815,28.00796],[85.16793,28.00328],[85.17255,28.00101],[85.1774,28.00343]]]}},{"type":"Feature","properties":{"population":8,"fill":"#fee8c8","fill-opacity":0.55,"stroke":"#7f1d1d","stroke-width":0.3,"stroke-opacity":0.4},"geometry":{"type":"Polygon","coordinates":[[[85.27184,28.09625],[85.27207,28.10093],[85.26745,28.1032],[85.2626,28.10078],[85.26237,28.09609],[85.26699,28.09383],[85.27184,28.09625]]]}},{"type":"Feature","properties":{"population":1483,"fill":"#e34a33","fill-opacity":0.55,"stroke":"#7f1d1d","stroke-width":0.3,"stroke-opacity":0.4},"geometry":{"type":"Polygon","coordinates":[[[84.42776,27.70833],[84.42797,27.71302],[84.42337,27.71527],[84.41856,27.71283],[84.41835,27.70813],[84.42295,27.70589],[84.42776,27.70833]]]}},{"type":"Feature","properties":{"population":38,"fill":"#fee8c8","fill-opacity":0.55,"stroke":"#7f1d1d","stroke-width":0.3,"stroke-opacity":0.4},"geometry":{"type":"Polygon","coordinates":[[[84.66345,27.81855],[84.66367,27.82324],[84.65907,27.82549],[84.65424,27.82305],[84.65402,27.81836],[84.65863,27.81611],[84.66345,27.81855]]]}},{"type":"Feature","properties":{"population":212,"fill":"#fc8d59","fill-opacity":0.55,"stroke":"#7f1d1d","stroke-width":0.3,"stroke-opacity":0.4},"geometry":{"type":"Polygon","coordinates":[[[85.01148,27.79675],[85.0117,27.80145],[85.00709,27.80372],[85.00225,27.80129],[85.00202,27.79659],[85.00664,27.79433],[85.01148,27.79675]]]}},{"type":"Feature","properties":{"population":462,"fill":"#fc8d59","fill-opacity":0.55,"stroke":"#7f1d1d","stroke-width":0.3,"stroke-opacity":0.4},"geometry":{"type":"Polygon","coordinates":[[[84.91699,27.79512],[84.91721,27.79982],[84.9126,27.80208],[84.90776,27.79965],[84.90754,27.79496],[84.91215,27.79269],[84.91699,27.79512]]]}},{"type":"Feature","properties":{"population":60,"fill":"#fdbb84","fill-opacity":0.55,"stroke":"#7f1d1d","stroke-width":0.3,"stroke-opacity":0.4},"geometry":{"type":"Polygon","coordinates":[[[85.3702,28.2776],[85.37,28.27294],[85.37467,28.27068],[85.37953,28.2731],[85.37973,28.27777],[85.37506,28.28002],[85.3702,28.2776]]]}},{"type":"Feature","properties":{"population":97,"fill":"#fdbb84","fill-opacity":0.55,"stroke":"#7f1d1d","stroke-width":0.3,"stroke-opacity":0.4},"geometry":{"type":"Polygon","coordinates":[[[84.62682,27.85042],[84.62667,27.84576],[84.63135,27.84355],[84.63618,27.84599],[84.63632,27.85064],[84.63164,27.85286],[84.62682,27.85042]]]}},{"type":"Feature","properties":{"population":177,"fill":"#fdbb84","fill-opacity":0.55,"stroke":"#7f1d1d","stroke-width":0.3,"stroke-opacity":0.4},"geometry":{"type":"Polygon","coordinates":[[[85.05705,27.86085],[85.05728,27.86554],[85.05266,27.86781],[85.04782,27.86538],[85.0476,27.86069],[85.05221,27.85842],[85.05705,27.86085]]]}},{"type":"Feature","properties":{"population":158,"fill":"#fdbb84","fill-opacity":0.55,"stroke":"#7f1d1d","stroke-width":0.3,"stroke-opacity":0.4},"geometry":{"type":"Polygon","coordinates":[[[85.13037,27.91129],[85.1306,27.91598],[85.12598,27.91825],[85.12114,27.91583],[85.12091,27.91114],[85.12553,27.90887],[85.13037,27.91129]]]}},{"type":"Feature","properties":{"population":17,"fill":"#fee8c8","fill-opacity":0.55,"stroke":"#7f1d1d","stroke-width":0.3,"stroke-opacity":0.4},"geometry":{"type":"Polygon","coordinates":[[[84.78984,27.79986],[84.79006,27.80455],[84.78545,27.80681],[84.78063,27.80438],[84.78041,27.79968],[84.78501,27.79743],[84.78984,27.79986]]]}},{"type":"Feature","properties":{"population":8,"fill":"#fee8c8","fill-opacity":0.55,"stroke":"#7f1d1d","stroke-width":0.3,"stroke-opacity":0.4},"geometry":{"type":"Polygon","coordinates":[[[84.41564,27.77554],[84.41551,27.77088],[84.4202,27.76868],[84.42502,27.77112],[84.42515,27.77578],[84.42046,27.77798],[84.41564,27.77554]]]}},{"type":"Feature","properties":{"population":65,"fill":"#fdbb84","fill-opacity":0.55,"stroke":"#7f1d1d","stroke-width":0.3,"stroke-opacity":0.4},"geometry":{"type":"Polygon","coordinates":[[[84.66784,27.8116],[84.66806,27.8163],[84.66345,27.81855],[84.65863,27.81611],[84.65841,27.81142],[84.66302,27.80917],[84.66784,27.8116]]]}},{"type":"Feature","properties":{"population":304,"fill":"#fc8d59","fill-opacity":0.55,"stroke":"#7f1d1d","stroke-width":0.3,"stroke-opacity":0.4},"geometry":{"type":"Polygon","coordinates":[[[85.15945,27.92583],[85.15967,27.93052],[85.15505,27.93279],[85.15021,27.93037],[85.14998,27.92567],[85.1546,27.92341],[85.15945,27.92583]]]}},{"type":"Feature","properties":{"population":292,"fill":"#fc8d59","fill-opacity":0.55,"stroke":"#7f1d1d","stroke-width":0.3,"stroke-opacity":0.4},"geometry":{"type":"Polygon","coordinates":[[[84.6508,27.85795],[84.65065,27.8533],[84.65533,27.85108],[84.66016,27.85352],[84.66031,27.85817],[84.65563,27.86039],[84.6508,27.85795]]]}},{"type":"Feature","properties":{"population":86,"fill":"#fdbb84","fill-opacity":0.55,"stroke":"#7f1d1d","stroke-width":0.3,"stroke-opacity":0.4},"geometry":{"type":"Polygon","coordinates":[[[84.46811,27.78382],[84.46798,27.77917],[84.47266,27.77696],[84.47748,27.7794],[84.47762,27.78405],[84.47293,27.78626],[84.46811,27.78382]]]}},{"type":"Feature","properties":{"population":246,"fill":"#fc8d59","fill-opacity":0.55,"stroke":"#7f1d1d","stroke-width":0.3,"stroke-opacity":0.4},"geometry":{"type":"Polygon","coordinates":[[[84.81882,27.81446],[84.81904,27.81915],[84.81443,27.82141],[84.8096,27.81898],[84.80938,27.81429],[84.81399,27.81203],[84.81882,27.81446]]]}},{"type":"Feature","properties":{"population":148,"fill":"#fdbb84","fill-opacity":0.55,"stroke":"#7f1d1d","stroke-width":0.3,"stroke-opacity":0.4},"geometry":{"type":"Polygon","coordinates":[[[85.37467,28.27068],[85.37447,28.26602],[85.37913,28.26376],[85.384,28.26618],[85.3842,28.27085],[85.37953,28.2731],[85.37467,28.27068]]]}},{"type":"Feature","properties":{"population":127,"fill":"#fdbb84","fill-opacity":0.55,"stroke":"#7f1d1d","stroke-width":0.3,"stroke-opacity":0.4},"geometry":{"type":"Polygon","coordinates":[[[84.60412,27.88477],[84.60398,27.88012],[84.60866,27.8779],[84.61349,27.88034],[84.61364,27.885],[84.60895,27.88721],[84.60412,27.88477]]]}},{"type":"Feature","properties":{"population":521,"fill":"#e34a33","fill-opacity":0.55,"stroke":"#7f1d1d","stroke-width":0.3,"stroke-opacity":0.4},"geometry":{"type":"Polygon","coordinates":[[[85.18413,27.94732],[85.18436,27.95201],[85.17974,27.95428],[85.17489,27.95186],[85.17467,27.94717],[85.17929,27.9449],[85.18413,27.94732]]]}},{"type":"Feature","properties":{"population":81,"fill":"#fdbb84","fill-opacity":0.55,"stroke":"#7f1d1d","stroke-width":0.3,"stroke-opacity":0.4},"geometry":{"type":"Polygon","coordinates":[[[84.89809,27.79479],[84.89832,27.79948],[84.8937,27.80175],[84.88887,27.79932],[84.88865,27.79462],[84.89326,27.79236],[84.89809,27.79479]]]}},{"type":"Feature","properties":{"population":774,"fill":"#e34a33","fill-opacity":0.55,"stroke":"#7f1d1d","stroke-width":0.3,"stroke-opacity":0.4},"geometry":{"type":"Polygon","coordinates":[[[85.23188,28.05348],[85.23211,28.05817],[85.22749,28.06043],[85.22264,28.05801],[85.22241,28.05333],[85.22703,28.05106],[85.23188,28.05348]]]}},{"type":"Feature","properties":{"population":385,"fill":"#fc8d59","fill-opacity":0.55,"stroke":"#7f1d1d","stroke-width":0.3,"stroke-opacity":0.4},"geometry":{"type":"Polygon","coordinates":[[[85.08543,27.86132],[85.08565,27.86601],[85.08104,27.86828],[85.07619,27.86586],[85.07597,27.86116],[85.08058,27.85889],[85.08543,27.86132]]]}}]}