{"type":"FeatureCollection","features":[{"type":"Feature","properties":{"name":"Road — destroyed","damage":"Destroyed","area":"Syapru Besi","stroke":"#111827","stroke-width":3,"marker-color":"#111827"},"geometry":{"type":"LineString","coordinates":[[85.33258,28.1571],[85.33259,28.15687],[85.33258,28.15676],[85.33255,28.15665],[85.33249,28.15656],[85.33245,28.15652],[85.33241,28.1565],[85.33237,28.1565],[85.33233,28.15651],[85.3322,28.15656],[85.33214,28.15656],[85.33207,28.15656],[85.33199,28.15655],[85.3319,28.15652],[85.33182,28.15647],[85.33057,28.15557],[85.33043,28.15545],[85.33039,28.15541],[85.33017,28.15517],[85.33009,28.15502],[85.32981,28.15456]]}},{"type":"Feature","properties":{"name":"Road — destroyed","damage":"Destroyed","area":"Syapru Besi","stroke":"#111827","stroke-width":3,"marker-color":"#111827"},"geometry":{"type":"LineString","coordinates":[[85.33247,28.15767],[85.33258,28.1571]]}},{"type":"Feature","properties":{"name":"Road — destroyed","damage":"Destroyed","area":"Syapru Besi","stroke":"#111827","stroke-width":3,"marker-color":"#111827"},"geometry":{"type":"LineString","coordinates":[[85.33697,28.16352],[85.33696,28.16336],[85.33688,28.16299],[85.33685,28.16272],[85.33673,28.16255],[85.33667,28.1624],[85.33662,28.16188],[85.33655,28.16171],[85.33645,28.16122],[85.33637,28.16106],[85.33635,28.16088],[85.33632,28.16076],[85.33622,28.16055],[85.33615,28.16042],[85.33604,28.1603],[85.33575,28.16012],[85.33493,28.15948],[85.33423,28.15911],[85.33409,28.15907],[85.33389,28.15905],[85.33372,28.15899],[85.33356,28.15891],[85.33337,28.15882],[85.33313,28.15856],[85.33287,28.15837],[85.33253,28.15801],[85.33245,28.15786],[85.33247,28.15767]]}},{"type":"Feature","properties":{"name":"Road — destroyed","damage":"Destroyed","area":"Syapru Besi","stroke":"#111827","stroke-width":3,"marker-color":"#111827"},"geometry":{"type":"LineString","coordinates":[[85.34329,28.16286],[85.34309,28.16301],[85.34285,28.16304],[85.34256,28.16308],[85.3424,28.16313],[85.34225,28.16312],[85.34199,28.16316],[85.34184,28.16323],[85.34175,28.16334],[85.34178,28.16339],[85.34186,28.16343],[85.342,28.16341],[85.34216,28.16336],[85.34229,28.16335],[85.34241,28.16335],[85.34249,28.16337],[85.34252,28.16344],[85.3425,28.16349],[85.34241,28.16355],[85.34223,28.16362],[85.34198,28.16367],[85.34182,28.16371],[85.34172,28.16371],[85.34165,28.16369],[85.34152,28.16363],[85.34143,28.16364],[85.34139,28.16367],[85.34139,28.16372],[85.34144,28.16375],[85.3415,28.16377],[85.34154,28.16382],[85.34155,28.1639],[85.34149,28.16397],[85.34137,28.16405],[85.34122,28.16407],[85.34083,28.16405],[85.34054,28.16404],[85.34042,28.164],[85.34031,28.16396],[85.34024,28.16398],[85.34015,28.164]]}},{"type":"Feature","properties":{"name":"Road — destroyed","damage":"Destroyed","area":"Syapru Besi","stroke":"#111827","stroke-width":3,"marker-color":"#111827"},"geometry":{"type":"LineString","coordinates":[[85.3374,28.16329],[85.33786,28.1636],[85.33823,28.16385],[85.33834,28.16389],[85.33841,28.16392],[85.33849,28.16394],[85.33869,28.164],[85.33887,28.16407],[85.33906,28.16416],[85.33911,28.16419],[85.33915,28.16423],[85.33926,28.1644],[85.33939,28.16458],[85.33941,28.16467]]}},{"type":"Feature","properties":{"name":"Road — destroyed","damage":"Destroyed","area":"Syapru Besi","stroke":"#111827","stroke-width":3,"marker-color":"#111827"},"geometry":{"type":"LineString","coordinates":[[85.33697,28.16352],[85.33697,28.16373],[85.33697,28.1638],[85.33698,28.16384],[85.33701,28.16391],[85.33707,28.16404],[85.3371,28.16408],[85.33712,28.16413],[85.33715,28.16426],[85.33717,28.16433],[85.33722,28.16441],[85.33726,28.16446]]}},{"type":"Feature","properties":{"name":"Road — destroyed","damage":"Destroyed","area":"Syapru Besi","stroke":"#111827","stroke-width":3,"marker-color":"#111827"},"geometry":{"type":"LineString","coordinates":[[85.34015,28.164],[85.33981,28.16446]]}},{"type":"Feature","properties":{"name":"Road — destroyed","damage":"Destroyed","area":"Syapru Besi","stroke":"#111827","stroke-width":3,"marker-color":"#111827"},"geometry":{"type":"LineString","coordinates":[[85.33981,28.16446],[85.33987,28.16455],[85.34,28.16461],[85.34026,28.16473],[85.34042,28.16484],[85.34061,28.16489],[85.34071,28.16495],[85.34072,28.16502],[85.34066,28.1651]]}},{"type":"Feature","properties":{"name":"Road — destroyed","damage":"Destroyed","area":"Syapru Besi","stroke":"#111827","stroke-width":3,"marker-color":"#111827"},"geometry":{"type":"LineString","coordinates":[[85.3422,28.1661],[85.34183,28.16573],[85.34167,28.16562],[85.34106,28.16534],[85.34066,28.1651],[85.34054,28.16504],[85.34035,28.16496],[85.33941,28.16467],[85.33906,28.16458],[85.33889,28.16454],[85.33837,28.16442],[85.33783,28.16425],[85.33764,28.16418],[85.33745,28.16408],[85.33736,28.16402],[85.33727,28.16395],[85.33716,28.16381],[85.33697,28.16352]]}},{"type":"Feature","properties":{"name":"Road — destroyed","damage":"Destroyed","area":"Syapru Besi","stroke":"#111827","stroke-width":3,"marker-color":"#111827"},"geometry":{"type":"LineString","coordinates":[[85.34087,28.16584],[85.34098,28.16596],[85.34105,28.1661],[85.34103,28.1662]]}},{"type":"Feature","properties":{"name":"Road — destroyed","damage":"Destroyed","area":"Syapru Besi","stroke":"#111827","stroke-width":3,"marker-color":"#111827"},"geometry":{"type":"LineString","coordinates":[[85.3422,28.1661],[85.34236,28.16638],[85.3424,28.16675],[85.34221,28.16729],[85.34206,28.16773],[85.34196,28.16816],[85.34208,28.1688],[85.34211,28.16951],[85.34226,28.17029],[85.34234,28.17074],[85.3423,28.17117],[85.34235,28.17189],[85.34251,28.17342],[85.34261,28.17442],[85.34235,28.17566],[85.34228,28.17659],[85.34231,28.17808],[85.34204,28.1805],[85.34202,28.18118],[85.34205,28.18137],[85.34181,28.18145],[85.34155,28.18155],[85.3414,28.18158],[85.3412,28.18162],[85.34102,28.18174],[85.34091,28.18183],[85.34084,28.18187]]}},{"type":"Feature","properties":{"name":"Road — destroyed","damage":"Destroyed","area":"Syapru Besi","stroke":"#111827","stroke-width":3,"marker-color":"#111827"},"geometry":{"type":"LineString","coordinates":[[85.34405,28.18264],[85.34393,28.18218],[85.34395,28.1821],[85.34383,28.18183],[85.3438,28.18173]]}},{"type":"Feature","properties":{"name":"Road — destroyed","damage":"Destroyed","area":"Syapru Besi","stroke":"#111827","stroke-width":3,"marker-color":"#111827"},"geometry":{"type":"LineString","coordinates":[[85.34252,28.18205],[85.34206,28.18211],[85.34186,28.1822],[85.34165,28.18227],[85.34155,28.18237],[85.34105,28.18248]]}},{"type":"Feature","properties":{"name":"Road — destroyed","damage":"Destroyed","area":"Syapru Besi","stroke":"#111827","stroke-width":3,"marker-color":"#111827"},"geometry":{"type":"LineString","coordinates":[[85.34205,28.18137],[85.34211,28.1814],[85.34229,28.18159],[85.34241,28.18176],[85.34252,28.18205],[85.34259,28.18213],[85.34285,28.18271],[85.34298,28.18281],[85.34318,28.18282],[85.34346,28.18278],[85.34367,28.18269],[85.34405,28.18264],[85.34406,28.18267],[85.3445,28.18397],[85.34467,28.18433],[85.3449,28.18468],[85.34514,28.18499],[85.34539,28.18527],[85.34586,28.18586],[85.3461,28.18629],[85.34617,28.18643],[85.34622,28.18657],[85.34639,28.18749],[85.34645,28.18776],[85.3465,28.18792],[85.34652,28.18796]]}},{"type":"Feature","properties":{"name":"Bridge — destroyed","damage":"Destroyed","area":"Syapru Besi","stroke":"#111827","stroke-width":3,"marker-color":"#111827","marker-symbol":"bridge"},"geometry":{"type":"Point","coordinates":[85.34372,28.16346]}},{"type":"Feature","properties":{"name":"Bridge — destroyed","damage":"Destroyed","area":"Syapru Besi","stroke":"#111827","stroke-width":3,"marker-color":"#111827","marker-symbol":"bridge"},"geometry":{"type":"Point","coordinates":[85.33998,28.16424]}},{"type":"Feature","properties":{"name":"Bridge — destroyed","damage":"Destroyed","area":"Syapru Besi","stroke":"#111827","stroke-width":3,"marker-color":"#111827","marker-symbol":"bridge"},"geometry":{"type":"Point","coordinates":[85.34263,28.16592]}},{"type":"Feature","properties":{"name":"Bridge — destroyed","damage":"Destroyed","area":"Syapru Besi","stroke":"#111827","stroke-width":3,"marker-color":"#111827","marker-symbol":"bridge"},"geometry":{"type":"Point","coordinates":[85.34225,28.18155]}},{"type":"Feature","properties":{"name":"Bridge — destroyed","damage":"Destroyed","area":"Syapru Besi","stroke":"#111827","stroke-width":3,"marker-color":"#111827","marker-symbol":"bridge"},"geometry":{"type":"Point","coordinates":[85.34336,28.18279]}},{"type":"Feature","properties":{"name":"Road — destroyed","damage":"Destroyed","area":"Timure","stroke":"#111827","stroke-width":3,"marker-color":"#111827"},"geometry":{"type":"LineString","coordinates":[[85.36646,28.25373],[85.36651,28.25366],[85.36651,28.25351],[85.36649,28.25335],[85.3664,28.25301],[85.36636,28.25298],[85.36632,28.25278],[85.36626,28.25267],[85.3662,28.25246],[85.3662,28.25238],[85.36618,28.25235],[85.36612,28.25233],[85.36607,28.2523],[85.36606,28.25227],[85.3661,28.25211],[85.36621,28.25174],[85.36623,28.2516],[85.36622,28.25156],[85.36609,28.25148],[85.36609,28.25147]]}},{"type":"Feature","properties":{"name":"Road — destroyed","damage":"Destroyed","area":"Timure","stroke":"#111827","stroke-width":3,"marker-color":"#111827"},"geometry":{"type":"LineString","coordinates":[[85.36712,28.25233],[85.3671,28.25233],[85.36699,28.25244],[85.36687,28.25263],[85.36687,28.25284],[85.36687,28.25293],[85.36687,28.25299],[85.36687,28.25307],[85.36687,28.25318],[85.36686,28.25322],[85.36678,28.25323],[85.36673,28.25325],[85.36668,28.25326],[85.3666,28.25333],[85.36659,28.2534],[85.3666,28.25348],[85.36661,28.25356],[85.3666,28.25365],[85.36649,28.2537]]}},{"type":"Feature","properties":{"name":"Road — destroyed","damage":"Destroyed","area":"Timure","stroke":"#111827","stroke-width":3,"marker-color":"#111827"},"geometry":{"type":"LineString","coordinates":[[85.36461,28.25048],[85.36456,28.25074],[85.36448,28.251],[85.36449,28.2512],[85.36447,28.25152],[85.36441,28.2517],[85.36429,28.252],[85.36434,28.2521],[85.36439,28.25215],[85.3644,28.25219],[85.36437,28.25229],[85.36435,28.25236],[85.36426,28.25267],[85.36426,28.25274],[85.36429,28.25281],[85.36432,28.25287],[85.36435,28.25296],[85.36439,28.25303],[85.36445,28.25315],[85.36451,28.25326],[85.36453,28.25331],[85.36456,28.25337],[85.36458,28.25343],[85.36459,28.25353],[85.36454,28.25365],[85.36461,28.25385],[85.36474,28.25409],[85.36478,28.25423],[85.36485,28.25456],[85.36495,28.25481],[85.36499,28.25509],[85.36506,28.25529],[85.36507,28.25534],[85.36496,28.25525],[85.3649,28.25515],[85.36471,28.25459],[85.3646,28.25447],[85.36434,28.25422],[85.36426,28.25407],[85.36421,28.254],[85.3642,28.25395],[85.36414,28.25391],[85.3641,28.25394],[85.36411,28.25403],[85.36416,28.25418],[85.36418,28.2543],[85.36424,28.2544],[85.36432,28.25451],[85.36436,28.25464],[85.36436,28.25482],[85.36438,28.25498],[85.36438,28.25541],[85.36429,28.25564],[85.36432,28.25604],[85.36427,28.25628]]}},{"type":"Feature","properties":{"name":"Road — destroyed","damage":"Destroyed","area":"Timure","stroke":"#111827","stroke-width":3,"marker-color":"#111827"},"geometry":{"type":"LineString","coordinates":[[85.36593,28.24986],[85.36598,28.25061],[85.36594,28.25105],[85.36572,28.25163],[85.36548,28.25209],[85.36543,28.25229],[85.36541,28.25292],[85.36541,28.25332],[85.36543,28.2537],[85.36554,28.25417],[85.36572,28.25456],[85.36592,28.25509],[85.36593,28.25535],[85.36589,28.25597],[85.36591,28.25621],[85.36604,28.2565],[85.36643,28.25713],[85.36654,28.2573],[85.36659,28.25735],[85.36665,28.25731],[85.36667,28.2572],[85.36666,28.25709],[85.36662,28.25691],[85.36664,28.25684],[85.3667,28.25684],[85.36677,28.25692],[85.36681,28.25701],[85.36691,28.25711],[85.36699,28.2572],[85.36715,28.25743],[85.36715,28.25757],[85.3672,28.25772],[85.3673,28.2579],[85.36745,28.25806],[85.36763,28.25807],[85.36785,28.25808]]}},{"type":"Feature","properties":{"name":"Road — destroyed","damage":"Destroyed","area":"Timure","stroke":"#111827","stroke-width":3,"marker-color":"#111827"},"geometry":{"type":"LineString","coordinates":[[85.35906,28.24253],[85.35935,28.2435],[85.3598,28.24399],[85.36027,28.24433],[85.36065,28.2445],[85.36128,28.24482],[85.36201,28.24532],[85.36303,28.24595],[85.36316,28.24603],[85.3635,28.24628],[85.36379,28.24661],[85.36398,28.24707],[85.36439,28.24809],[85.36452,28.24835],[85.36468,28.24856],[85.36483,28.24871],[85.36524,28.24907],[85.36565,28.24942],[85.36575,28.24955],[85.36585,28.24973],[85.36606,28.25008],[85.36624,28.25064],[85.3663,28.25094],[85.36625,28.25114],[85.36609,28.25147],[85.36595,28.25187],[85.36587,28.25215],[85.3658,28.25244],[85.3658,28.25272],[85.3658,28.25287],[85.36583,28.25308],[85.36587,28.2532],[85.36592,28.25342],[85.36603,28.25385],[85.36621,28.25422],[85.36639,28.25455],[85.36658,28.255],[85.36688,28.25593],[85.36703,28.25651],[85.36729,28.25724],[85.36757,28.25768],[85.36785,28.25808],[85.36809,28.25826],[85.36889,28.25876],[85.36985,28.25943],[85.37037,28.25976],[85.3704,28.25979],[85.37069,28.26008],[85.37083,28.2604],[85.37126,28.26075],[85.37193,28.2613],[85.37287,28.2619],[85.37318,28.26227],[85.37348,28.26289],[85.37364,28.26322],[85.37365,28.26345],[85.37364,28.26364],[85.37368,28.26417],[85.37375,28.26433],[85.3743,28.26472],[85.37518,28.26528],[85.37571,28.26573],[85.37574,28.26575],[85.37582,28.26581]]}},{"type":"Feature","properties":{"name":"Road — destroyed","damage":"Destroyed","area":"Timure","stroke":"#111827","stroke-width":3,"marker-color":"#111827"},"geometry":{"type":"LineString","coordinates":[[85.36658,28.255],[85.36675,28.25495],[85.36688,28.25491],[85.36687,28.2549],[85.36681,28.25474],[85.36679,28.25457],[85.36679,28.25447],[85.36677,28.2544],[85.36672,28.25419],[85.36667,28.25387],[85.36652,28.25388],[85.36646,28.25373],[85.36632,28.25375],[85.3662,28.25377],[85.36603,28.25385]]}},{"type":"Feature","properties":{"name":"Road — destroyed","damage":"Destroyed","area":"Timure","stroke":"#111827","stroke-width":3,"marker-color":"#111827"},"geometry":{"type":"LineString","coordinates":[[85.36688,28.25491],[85.36695,28.25506],[85.36696,28.25519],[85.36691,28.25552],[85.36691,28.25565],[85.36691,28.25578],[85.36692,28.25584],[85.36691,28.25589],[85.36688,28.25593]]}},{"type":"Feature","properties":{"name":"Road — destroyed","damage":"Destroyed","area":"Timure","stroke":"#111827","stroke-width":3,"marker-color":"#111827"},"geometry":{"type":"LineString","coordinates":[[85.37354,28.26301],[85.37361,28.26305],[85.37368,28.26309],[85.37379,28.26315],[85.37386,28.2632],[85.37394,28.26327],[85.37402,28.26336],[85.37415,28.26354],[85.37431,28.26378],[85.37462,28.26421],[85.37469,28.26427],[85.37472,28.26434],[85.37479,28.26441],[85.37484,28.26445],[85.37485,28.26448],[85.37488,28.26456],[85.37497,28.26463],[85.375,28.26466],[85.37504,28.26468],[85.37506,28.26478],[85.37514,28.26483],[85.37531,28.26491],[85.37537,28.26493],[85.37541,28.26494],[85.37547,28.26494],[85.37554,28.26494],[85.37563,28.26493],[85.37571,28.26494],[85.37576,28.26493],[85.37587,28.26495],[85.37599,28.26502],[85.37604,28.26506],[85.37608,28.2651],[85.3761,28.26521],[85.37619,28.26538],[85.37627,28.26542],[85.37634,28.2654],[85.37662,28.2654],[85.37666,28.2654],[85.37672,28.26551],[85.37681,28.26584],[85.37679,28.26601],[85.3766,28.26613],[85.37642,28.26627],[85.37629,28.26633]]}},{"type":"Feature","properties":{"name":"Road — destroyed","damage":"Destroyed","area":"Timure","stroke":"#111827","stroke-width":3,"marker-color":"#111827"},"geometry":{"type":"LineString","coordinates":[[85.37582,28.26581],[85.37628,28.2663]]}},{"type":"Feature","properties":{"name":"Road — destroyed","damage":"Destroyed","area":"Timure","stroke":"#111827","stroke-width":3,"marker-color":"#111827"},"geometry":{"type":"LineString","coordinates":[[85.37771,28.26933],[85.37769,28.26914],[85.37759,28.26904],[85.37765,28.26889],[85.37773,28.26883],[85.37773,28.26858]]}},{"type":"Feature","properties":{"name":"Road — destroyed","damage":"Destroyed","area":"Timure","stroke":"#111827","stroke-width":3,"marker-color":"#111827"},"geometry":{"type":"LineString","coordinates":[[85.37735,28.27113],[85.37722,28.27078],[85.37724,28.27057],[85.37728,28.27044],[85.37725,28.27033],[85.37707,28.27034],[85.37689,28.27037],[85.37681,28.27032]]}},{"type":"Feature","properties":{"name":"Road — destroyed","damage":"Destroyed","area":"Timure","stroke":"#111827","stroke-width":3,"marker-color":"#111827"},"geometry":{"type":"LineString","coordinates":[[85.3786,28.27258],[85.37866,28.27246],[85.37869,28.2723],[85.37868,28.27221],[85.37872,28.27207],[85.37873,28.27178],[85.37873,28.2717],[85.37874,28.27158],[85.37869,28.27144],[85.37865,28.27141],[85.37865,28.27135],[85.37865,28.2713],[85.37863,28.27127],[85.37857,28.27126],[85.3785,28.27125],[85.37848,28.27122],[85.37834,28.27102]]}},{"type":"Feature","properties":{"name":"Road — destroyed","damage":"Destroyed","area":"Timure","stroke":"#111827","stroke-width":3,"marker-color":"#111827"},"geometry":{"type":"LineString","coordinates":[[85.37824,28.27859],[85.37828,28.27845],[85.3782,28.27816],[85.37811,28.27784],[85.37788,28.27731],[85.37766,28.27679],[85.37764,28.27657],[85.37777,28.27603],[85.37816,28.27474],[85.37819,28.27422],[85.37834,28.27367],[85.37844,28.2734],[85.37858,28.27292],[85.3786,28.27258],[85.37863,28.27233],[85.37848,28.27177],[85.37836,28.27116],[85.37827,28.2705],[85.37816,28.27018],[85.37794,28.26972],[85.37769,28.2693],[85.37749,28.26907],[85.37716,28.26882],[85.37702,28.26859],[85.37697,28.26838],[85.37697,28.26796],[85.37686,28.2677],[85.3767,28.26728],[85.3766,28.26708],[85.37628,28.2663]]}},{"type":"Feature","properties":{"name":"Road — destroyed","damage":"Destroyed","area":"Timure","stroke":"#111827","stroke-width":3,"marker-color":"#111827"},"geometry":{"type":"LineString","coordinates":[[85.37731,28.27409],[85.37715,28.27445],[85.37712,28.27464],[85.37713,28.27482],[85.37711,28.275],[85.37697,28.27518],[85.37688,28.27519],[85.37684,28.27513],[85.37686,28.27497],[85.37696,28.27474],[85.37693,28.27457],[85.3768,28.27444],[85.37665,28.27439],[85.37655,28.27433],[85.37654,28.27422],[85.37666,28.27394],[85.37665,28.27376],[85.3766,28.27329],[85.37669,28.27293],[85.37677,28.2728],[85.37704,28.27273],[85.37713,28.27246],[85.37728,28.27176],[85.37734,28.27125],[85.37735,28.27113],[85.37749,28.2711],[85.37773,28.27115],[85.37796,28.27119],[85.37808,28.27121],[85.37813,28.27117],[85.37815,28.2711],[85.37815,28.27096],[85.37811,28.27069],[85.37815,28.27055],[85.37827,28.2705]]}},{"type":"Feature","properties":{"name":"Bridge — destroyed","damage":"Destroyed","area":"Timure","stroke":"#111827","stroke-width":3,"marker-color":"#111827","marker-symbol":"bridge"},"geometry":{"type":"Point","coordinates":[85.37773,28.27115]}},{"type":"Feature","properties":{"name":"Road — destroyed","damage":"Destroyed","area":"Bidur","stroke":"#111827","stroke-width":3,"marker-color":"#111827"},"geometry":{"type":"LineString","coordinates":[[85.10898,27.85836],[85.10932,27.85816],[85.10958,27.85814],[85.11001,27.85797],[85.11053,27.8579],[85.11084,27.85789]]}},{"type":"Feature","properties":{"name":"Road — destroyed","damage":"Destroyed","area":"Bidur","stroke":"#111827","stroke-width":3,"marker-color":"#111827"},"geometry":{"type":"LineString","coordinates":[[85.10818,27.85809],[85.10832,27.85821],[85.10861,27.85835],[85.10876,27.85841]]}},{"type":"Feature","properties":{"name":"Road — destroyed","damage":"Destroyed","area":"Bidur","stroke":"#111827","stroke-width":3,"marker-color":"#111827"},"geometry":{"type":"LineString","coordinates":[[85.10898,27.85836],[85.10894,27.85834],[85.10889,27.85834],[85.10882,27.85837],[85.10876,27.85841],[85.10866,27.85844],[85.10853,27.85846],[85.1084,27.85846],[85.10828,27.85843],[85.10807,27.85837],[85.10775,27.85827],[85.10682,27.85813]]}},{"type":"Feature","properties":{"name":"Road — destroyed","damage":"Destroyed","area":"Bidur","stroke":"#111827","stroke-width":3,"marker-color":"#111827"},"geometry":{"type":"LineString","coordinates":[[85.10898,27.85836],[85.10929,27.85883]]}},{"type":"Feature","properties":{"name":"Road — destroyed","damage":"Destroyed","area":"Bidur","stroke":"#111827","stroke-width":3,"marker-color":"#111827"},"geometry":{"type":"LineString","coordinates":[[85.10932,27.85888],[85.10962,27.8588],[85.10973,27.85878],[85.10995,27.85879],[85.11014,27.85882],[85.11017,27.85883]]}},{"type":"Feature","properties":{"name":"Road — destroyed","damage":"Destroyed","area":"Bidur","stroke":"#111827","stroke-width":3,"marker-color":"#111827"},"geometry":{"type":"LineString","coordinates":[[85.10932,27.85888],[85.10899,27.85906],[85.10869,27.85923],[85.10857,27.85937],[85.10855,27.85953],[85.10853,27.85967],[85.10842,27.85978],[85.10837,27.85981],[85.10838,27.85985],[85.10867,27.86016]]}},{"type":"Feature","properties":{"name":"Road — destroyed","damage":"Destroyed","area":"Bidur","stroke":"#111827","stroke-width":3,"marker-color":"#111827"},"geometry":{"type":"LineString","coordinates":[[85.10653,27.85932],[85.10636,27.85953],[85.10606,27.85975],[85.10598,27.85983]]}},{"type":"Feature","properties":{"name":"Road — destroyed","damage":"Destroyed","area":"Bidur","stroke":"#111827","stroke-width":3,"marker-color":"#111827"},"geometry":{"type":"LineString","coordinates":[[85.10686,27.86021],[85.10685,27.8602],[85.10677,27.86012]]}},{"type":"Feature","properties":{"name":"Road — destroyed","damage":"Destroyed","area":"Bidur","stroke":"#111827","stroke-width":3,"marker-color":"#111827"},"geometry":{"type":"LineString","coordinates":[[85.11051,27.86006],[85.11032,27.86019],[85.10995,27.86041],[85.10979,27.86042]]}},{"type":"Feature","properties":{"name":"Road — destroyed","damage":"Destroyed","area":"Bidur","stroke":"#111827","stroke-width":3,"marker-color":"#111827"},"geometry":{"type":"LineString","coordinates":[[85.10727,27.86056],[85.10718,27.86048],[85.10711,27.86042]]}},{"type":"Feature","properties":{"name":"Road — destroyed","damage":"Destroyed","area":"Bidur","stroke":"#111827","stroke-width":3,"marker-color":"#111827"},"geometry":{"type":"LineString","coordinates":[[85.11241,27.86226],[85.11219,27.86204],[85.11133,27.8612],[85.11115,27.86099],[85.11051,27.86006],[85.11044,27.85996],[85.11014,27.85956],[85.11,27.85943],[85.10985,27.85931],[85.10958,27.85912],[85.10942,27.85898],[85.10932,27.85888],[85.10929,27.85883]]}},{"type":"Feature","properties":{"name":"Road — destroyed","damage":"Destroyed","area":"Bidur","stroke":"#111827","stroke-width":3,"marker-color":"#111827"},"geometry":{"type":"LineString","coordinates":[[85.10743,27.8607],[85.10727,27.86056]]}},{"type":"Feature","properties":{"name":"Road — destroyed","damage":"Destroyed","area":"Bidur","stroke":"#111827","stroke-width":3,"marker-color":"#111827"},"geometry":{"type":"LineString","coordinates":[[85.10764,27.86098],[85.10751,27.86077],[85.10743,27.8607]]}},{"type":"Feature","properties":{"name":"Road — destroyed","damage":"Destroyed","area":"Bidur","stroke":"#111827","stroke-width":3,"marker-color":"#111827"},"geometry":{"type":"LineString","coordinates":[[85.10867,27.86016],[85.10912,27.86047],[85.10976,27.86096],[85.11001,27.86113],[85.11026,27.86131],[85.11054,27.86151],[85.11066,27.86161],[85.11076,27.86174],[85.1109,27.86189],[85.1111,27.86194],[85.11131,27.862],[85.11146,27.86204],[85.11195,27.86223],[85.11241,27.86248],[85.11245,27.86249]]}},{"type":"Feature","properties":{"name":"Road — destroyed","damage":"Destroyed","area":"Bidur","stroke":"#111827","stroke-width":3,"marker-color":"#111827"},"geometry":{"type":"LineString","coordinates":[[85.10764,27.86098],[85.10792,27.86133],[85.10807,27.8616],[85.10804,27.86197],[85.10803,27.86219],[85.10804,27.86221]]}},{"type":"Feature","properties":{"name":"Road — destroyed","damage":"Destroyed","area":"Bidur","stroke":"#111827","stroke-width":3,"marker-color":"#111827"},"geometry":{"type":"LineString","coordinates":[[85.10804,27.86221],[85.10808,27.86231]]}},{"type":"Feature","properties":{"name":"Road — destroyed","damage":"Destroyed","area":"Bidur","stroke":"#111827","stroke-width":3,"marker-color":"#111827"},"geometry":{"type":"LineString","coordinates":[[85.10808,27.86231],[85.10811,27.86238],[85.10813,27.86241]]}},{"type":"Feature","properties":{"name":"Road — destroyed","damage":"Destroyed","area":"Bidur","stroke":"#111827","stroke-width":3,"marker-color":"#111827"},"geometry":{"type":"LineString","coordinates":[[85.10813,27.86241],[85.10821,27.86254]]}},{"type":"Feature","properties":{"name":"Road — destroyed","damage":"Destroyed","area":"Bidur","stroke":"#111827","stroke-width":3,"marker-color":"#111827"},"geometry":{"type":"LineString","coordinates":[[85.11217,27.86307],[85.11213,27.86303],[85.11172,27.86262],[85.11129,27.86223],[85.11131,27.862]]}},{"type":"Feature","properties":{"name":"Road — destroyed","damage":"Destroyed","area":"Bidur","stroke":"#111827","stroke-width":3,"marker-color":"#111827"},"geometry":{"type":"LineString","coordinates":[[85.10821,27.86254],[85.10825,27.86261],[85.10834,27.86281]]}},{"type":"Feature","properties":{"name":"Road — destroyed","damage":"Destroyed","area":"Bidur","stroke":"#111827","stroke-width":3,"marker-color":"#111827"},"geometry":{"type":"LineString","coordinates":[[85.10834,27.86281],[85.1083,27.86285]]}},{"type":"Feature","properties":{"name":"Road — destroyed","damage":"Destroyed","area":"Bidur","stroke":"#111827","stroke-width":3,"marker-color":"#111827"},"geometry":{"type":"LineString","coordinates":[[85.10836,27.86294],[85.10834,27.86281]]}},{"type":"Feature","properties":{"name":"Road — destroyed","damage":"Destroyed","area":"Bidur","stroke":"#111827","stroke-width":3,"marker-color":"#111827"},"geometry":{"type":"LineString","coordinates":[[85.11491,27.86813],[85.11491,27.86825],[85.11492,27.86838],[85.11484,27.86854],[85.11489,27.86875],[85.11512,27.86897]]}},{"type":"Feature","properties":{"name":"Road — destroyed","damage":"Destroyed","area":"Bidur","stroke":"#111827","stroke-width":3,"marker-color":"#111827"},"geometry":{"type":"LineString","coordinates":[[85.11696,27.86966],[85.11706,27.86961],[85.11722,27.86961],[85.11748,27.86965]]}},{"type":"Feature","properties":{"name":"Road — destroyed","damage":"Destroyed","area":"Bidur","stroke":"#111827","stroke-width":3,"marker-color":"#111827"},"geometry":{"type":"LineString","coordinates":[[85.11706,27.86961],[85.11697,27.86953],[85.11683,27.86948],[85.11667,27.86947],[85.11647,27.86949],[85.11646,27.86952],[85.1165,27.86956],[85.11667,27.86963],[85.11682,27.86964],[85.11693,27.86969],[85.117,27.86973],[85.11716,27.86977],[85.11743,27.86978],[85.11779,27.8699],[85.11818,27.87005],[85.11835,27.87014],[85.11854,27.87018],[85.11874,27.87035]]}},{"type":"Feature","properties":{"name":"Road — destroyed","damage":"Destroyed","area":"Bidur","stroke":"#111827","stroke-width":3,"marker-color":"#111827"},"geometry":{"type":"LineString","coordinates":[[85.11316,27.86548],[85.11326,27.86571],[85.11339,27.86614],[85.1135,27.8664],[85.11359,27.86684],[85.11375,27.86709],[85.11399,27.86727],[85.11426,27.86742],[85.11455,27.86771],[85.11481,27.8678],[85.11484,27.86785]]}},{"type":"Feature","properties":{"name":"Road — destroyed","damage":"Destroyed","area":"Bidur","stroke":"#111827","stroke-width":3,"marker-color":"#111827"},"geometry":{"type":"LineString","coordinates":[[85.11647,27.87018],[85.11693,27.86969],[85.11696,27.86966]]}},{"type":"Feature","properties":{"name":"Road — destroyed","damage":"Destroyed","area":"Bidur","stroke":"#111827","stroke-width":3,"marker-color":"#111827"},"geometry":{"type":"LineString","coordinates":[[85.11874,27.87035],[85.11876,27.87037]]}},{"type":"Feature","properties":{"name":"Road — destroyed","damage":"Destroyed","area":"Bidur","stroke":"#111827","stroke-width":3,"marker-color":"#111827"},"geometry":{"type":"LineString","coordinates":[[85.11876,27.87037],[85.11882,27.87041],[85.11884,27.87043]]}},{"type":"Feature","properties":{"name":"Road — destroyed","damage":"Destroyed","area":"Bidur","stroke":"#111827","stroke-width":3,"marker-color":"#111827"},"geometry":{"type":"LineString","coordinates":[[85.1159,27.87077],[85.11647,27.87018]]}},{"type":"Feature","properties":{"name":"Road — destroyed","damage":"Destroyed","area":"Bidur","stroke":"#111827","stroke-width":3,"marker-color":"#111827"},"geometry":{"type":"LineString","coordinates":[[85.11575,27.87093],[85.1159,27.87077]]}},{"type":"Feature","properties":{"name":"Road — destroyed","damage":"Destroyed","area":"Bidur","stroke":"#111827","stroke-width":3,"marker-color":"#111827"},"geometry":{"type":"LineString","coordinates":[[85.11784,27.87072],[85.11798,27.87081],[85.11825,27.87094],[85.11852,27.87105],[85.11869,27.87113],[85.11875,27.87113],[85.11893,27.87117],[85.11921,27.87128],[85.11946,27.87152],[85.11963,27.87163],[85.11971,27.87168],[85.1198,27.87177],[85.12002,27.8719],[85.12012,27.87197]]}},{"type":"Feature","properties":{"name":"Road — destroyed","damage":"Destroyed","area":"Bidur","stroke":"#111827","stroke-width":3,"marker-color":"#111827"},"geometry":{"type":"LineString","coordinates":[[85.12019,27.8718],[85.12024,27.87158]]}},{"type":"Feature","properties":{"name":"Road — destroyed","damage":"Destroyed","area":"Bidur","stroke":"#111827","stroke-width":3,"marker-color":"#111827"},"geometry":{"type":"LineString","coordinates":[[85.12028,27.87158],[85.12056,27.87172],[85.12077,27.87183]]}},{"type":"Feature","properties":{"name":"Road — destroyed","damage":"Destroyed","area":"Bidur","stroke":"#111827","stroke-width":3,"marker-color":"#111827"},"geometry":{"type":"LineString","coordinates":[[85.11542,27.87252],[85.11532,27.87232],[85.11515,27.87205],[85.11501,27.87192],[85.1149,27.87177],[85.11482,27.87161],[85.11478,27.87149],[85.1148,27.87143],[85.1149,27.87138],[85.11542,27.8712],[85.11575,27.87093]]}},{"type":"Feature","properties":{"name":"Road — destroyed","damage":"Destroyed","area":"Bidur","stroke":"#111827","stroke-width":3,"marker-color":"#111827"},"geometry":{"type":"LineString","coordinates":[[85.12093,27.87189],[85.12077,27.87183],[85.12066,27.87165]]}},{"type":"Feature","properties":{"name":"Road — destroyed","damage":"Destroyed","area":"Bidur","stroke":"#111827","stroke-width":3,"marker-color":"#111827"},"geometry":{"type":"LineString","coordinates":[[85.12123,27.87202],[85.12123,27.87204]]}},{"type":"Feature","properties":{"name":"Road — destroyed","damage":"Destroyed","area":"Bidur","stroke":"#111827","stroke-width":3,"marker-color":"#111827"},"geometry":{"type":"LineString","coordinates":[[85.12135,27.87218],[85.12128,27.87211],[85.12123,27.87204],[85.12119,27.87202]]}},{"type":"Feature","properties":{"name":"Road — destroyed","damage":"Destroyed","area":"Bidur","stroke":"#111827","stroke-width":3,"marker-color":"#111827"},"geometry":{"type":"LineString","coordinates":[[85.12012,27.87197],[85.12069,27.87232],[85.12098,27.87243],[85.12129,27.87256],[85.1216,27.8727],[85.12167,27.87272],[85.12176,27.87273],[85.12186,27.87273],[85.12195,27.87274],[85.12204,27.87277],[85.12208,27.87276],[85.12211,27.87273],[85.1221,27.87269],[85.12204,27.87265],[85.12196,27.87262],[85.12172,27.87245],[85.12145,27.8723],[85.12138,27.87224],[85.12135,27.87218],[85.12137,27.87214],[85.12143,27.87212],[85.12153,27.87212],[85.12159,27.87213]]}},{"type":"Feature","properties":{"name":"Road — destroyed","damage":"Destroyed","area":"Bidur","stroke":"#111827","stroke-width":3,"marker-color":"#111827"},"geometry":{"type":"LineString","coordinates":[[85.11743,27.87359],[85.11775,27.87387]]}},{"type":"Feature","properties":{"name":"Road — destroyed","damage":"Destroyed","area":"Bidur","stroke":"#111827","stroke-width":3,"marker-color":"#111827"},"geometry":{"type":"LineString","coordinates":[[85.11775,27.87387],[85.11777,27.87389]]}},{"type":"Feature","properties":{"name":"Road — destroyed","damage":"Destroyed","area":"Bidur","stroke":"#111827","stroke-width":3,"marker-color":"#111827"},"geometry":{"type":"LineString","coordinates":[[85.11777,27.87389],[85.1178,27.87389]]}},{"type":"Feature","properties":{"name":"Road — destroyed","damage":"Destroyed","area":"Bidur","stroke":"#111827","stroke-width":3,"marker-color":"#111827"},"geometry":{"type":"LineString","coordinates":[[85.1178,27.87389],[85.11798,27.87391],[85.11814,27.87398],[85.11828,27.87413],[85.11838,27.87423]]}},{"type":"Feature","properties":{"name":"Road — destroyed","damage":"Destroyed","area":"Bidur","stroke":"#111827","stroke-width":3,"marker-color":"#111827"},"geometry":{"type":"LineString","coordinates":[[85.12755,27.87499],[85.12741,27.87502],[85.12722,27.87516],[85.12708,27.87531]]}},{"type":"Feature","properties":{"name":"Road — destroyed","damage":"Destroyed","area":"Bidur","stroke":"#111827","stroke-width":3,"marker-color":"#111827"},"geometry":{"type":"LineString","coordinates":[[85.12743,27.88105],[85.12714,27.88079],[85.12686,27.88019],[85.12678,27.87961],[85.12676,27.8795],[85.12653,27.87858],[85.12636,27.87846]]}},{"type":"Feature","properties":{"name":"Road — destroyed","damage":"Destroyed","area":"Bidur","stroke":"#111827","stroke-width":3,"marker-color":"#111827"},"geometry":{"type":"LineString","coordinates":[[85.12708,27.87531],[85.12689,27.87544],[85.12686,27.87551],[85.12682,27.8756],[85.12684,27.87575],[85.12701,27.87611],[85.127,27.87639],[85.12677,27.87647],[85.12714,27.87789],[85.12733,27.88031],[85.12743,27.88105],[85.12755,27.8812],[85.12787,27.88142],[85.12801,27.88163],[85.1281,27.88169],[85.12821,27.88177],[85.12839,27.88198],[85.12859,27.8821],[85.12886,27.88222],[85.12927,27.88265],[85.12949,27.8829],[85.12986,27.88317],[85.1303,27.88336],[85.13176,27.88422],[85.13186,27.88422],[85.13193,27.88419],[85.13214,27.88405]]}},{"type":"Feature","properties":{"name":"Road — destroyed","damage":"Destroyed","area":"Bidur","stroke":"#111827","stroke-width":3,"marker-color":"#111827"},"geometry":{"type":"LineString","coordinates":[[85.13839,27.8894],[85.1383,27.88917],[85.13814,27.88894]]}},{"type":"Feature","properties":{"name":"Road — destroyed","damage":"Destroyed","area":"Bidur","stroke":"#111827","stroke-width":3,"marker-color":"#111827"},"geometry":{"type":"LineString","coordinates":[[85.13619,27.89088],[85.13621,27.89087],[85.1363,27.8908],[85.13633,27.89063],[85.13633,27.89062],[85.13641,27.89023],[85.13647,27.8899],[85.13641,27.88962],[85.13626,27.88946],[85.13607,27.88929],[85.13575,27.88916],[85.13551,27.889]]}},{"type":"Feature","properties":{"name":"Road — destroyed","damage":"Destroyed","area":"Bidur","stroke":"#111827","stroke-width":3,"marker-color":"#111827"},"geometry":{"type":"LineString","coordinates":[[85.13619,27.89088],[85.13608,27.89081],[85.13594,27.89083],[85.13566,27.89104],[85.13544,27.89111],[85.13523,27.89106],[85.13507,27.89101],[85.13501,27.89094]]}},{"type":"Feature","properties":{"name":"Road — destroyed","damage":"Destroyed","area":"Bidur","stroke":"#111827","stroke-width":3,"marker-color":"#111827"},"geometry":{"type":"LineString","coordinates":[[85.137,27.89248],[85.13735,27.89166],[85.13751,27.89151],[85.13782,27.8914],[85.13803,27.89109],[85.13813,27.89088],[85.13831,27.89051],[85.13835,27.89033],[85.13839,27.8902]]}},{"type":"Feature","properties":{"name":"Road — destroyed","damage":"Destroyed","area":"Bidur","stroke":"#111827","stroke-width":3,"marker-color":"#111827"},"geometry":{"type":"LineString","coordinates":[[85.1359,27.89222],[85.13579,27.89219],[85.13579,27.89205],[85.136,27.89141],[85.13619,27.89088]]}},{"type":"Feature","properties":{"name":"Road — destroyed","damage":"Destroyed","area":"Bidur","stroke":"#111827","stroke-width":3,"marker-color":"#111827"},"geometry":{"type":"LineString","coordinates":[[85.13551,27.889],[85.13435,27.88839]]}},{"type":"Feature","properties":{"name":"Road — destroyed","damage":"Destroyed","area":"Bidur","stroke":"#111827","stroke-width":3,"marker-color":"#111827"},"geometry":{"type":"LineString","coordinates":[[85.13496,27.89102],[85.13509,27.89121]]}},{"type":"Feature","properties":{"name":"Road — destroyed","damage":"Destroyed","area":"Bidur","stroke":"#111827","stroke-width":3,"marker-color":"#111827"},"geometry":{"type":"LineString","coordinates":[[85.13509,27.89121],[85.13513,27.89128],[85.13521,27.89145]]}},{"type":"Feature","properties":{"name":"Road — destroyed","damage":"Destroyed","area":"Bidur","stroke":"#111827","stroke-width":3,"marker-color":"#111827"},"geometry":{"type":"LineString","coordinates":[[85.13521,27.89145],[85.13535,27.89173],[85.13536,27.89199]]}},{"type":"Feature","properties":{"name":"Road — destroyed","damage":"Destroyed","area":"Bidur","stroke":"#111827","stroke-width":3,"marker-color":"#111827"},"geometry":{"type":"LineString","coordinates":[[85.13555,27.89263],[85.13556,27.89265],[85.13547,27.89363],[85.13539,27.89381]]}},{"type":"Feature","properties":{"name":"Road — destroyed","damage":"Destroyed","area":"Bidur","stroke":"#111827","stroke-width":3,"marker-color":"#111827"},"geometry":{"type":"LineString","coordinates":[[85.13735,27.89166],[85.13768,27.89178],[85.13823,27.89215]]}},{"type":"Feature","properties":{"name":"Road — destroyed","damage":"Destroyed","area":"Bidur","stroke":"#111827","stroke-width":3,"marker-color":"#111827"},"geometry":{"type":"LineString","coordinates":[[85.13688,27.89243],[85.1359,27.89222]]}},{"type":"Feature","properties":{"name":"Road — destroyed","damage":"Destroyed","area":"Bidur","stroke":"#111827","stroke-width":3,"marker-color":"#111827"},"geometry":{"type":"LineString","coordinates":[[85.137,27.89248],[85.13688,27.89243]]}},{"type":"Feature","properties":{"name":"Road — destroyed","damage":"Destroyed","area":"Bidur","stroke":"#111827","stroke-width":3,"marker-color":"#111827"},"geometry":{"type":"LineString","coordinates":[[85.138,27.89651],[85.13784,27.8965],[85.13761,27.8965],[85.13753,27.89649],[85.13739,27.89648],[85.13718,27.89645],[85.13709,27.89638],[85.137,27.89626],[85.13696,27.89616],[85.13692,27.89607],[85.13677,27.89557],[85.13677,27.89551],[85.13666,27.89495],[85.13662,27.89462],[85.13663,27.89442],[85.13669,27.89415],[85.13679,27.89387],[85.13689,27.89347],[85.137,27.89305],[85.13702,27.89285],[85.13702,27.89269],[85.13699,27.89257],[85.137,27.89248]]}},{"type":"Feature","properties":{"name":"Road — destroyed","damage":"Destroyed","area":"Bidur","stroke":"#111827","stroke-width":3,"marker-color":"#111827"},"geometry":{"type":"LineString","coordinates":[[85.13677,27.89557],[85.13713,27.89551],[85.13737,27.89545],[85.13744,27.89521],[85.13757,27.89506],[85.13771,27.89495],[85.13783,27.89491],[85.13795,27.89493],[85.13874,27.8951],[85.13876,27.89511]]}},{"type":"Feature","properties":{"name":"Road — destroyed","damage":"Destroyed","area":"Bidur","stroke":"#111827","stroke-width":3,"marker-color":"#111827"},"geometry":{"type":"LineString","coordinates":[[85.13696,27.89616],[85.1367,27.89604],[85.13653,27.8959],[85.13644,27.89573],[85.13637,27.89542],[85.13632,27.89528],[85.13628,27.89525]]}},{"type":"Feature","properties":{"name":"Road — destroyed","damage":"Destroyed","area":"Bidur","stroke":"#111827","stroke-width":3,"marker-color":"#111827"},"geometry":{"type":"LineString","coordinates":[[85.13753,27.89649],[85.13747,27.89658],[85.13746,27.89666],[85.13744,27.89676],[85.13746,27.89688],[85.13751,27.89697],[85.13759,27.89706],[85.13762,27.89715],[85.13764,27.89723],[85.1376,27.89728],[85.13751,27.89737],[85.13741,27.89743],[85.13729,27.89751],[85.13725,27.89759],[85.13724,27.89782],[85.13727,27.89799],[85.13729,27.89815],[85.13733,27.89835],[85.13742,27.8986],[85.13746,27.89878],[85.13752,27.899],[85.13757,27.89908],[85.13773,27.89908],[85.13789,27.89908],[85.13807,27.89905],[85.13825,27.89904],[85.13839,27.89897],[85.13844,27.89897]]}},{"type":"Feature","properties":{"name":"Road — destroyed","damage":"Destroyed","area":"Bidur","stroke":"#111827","stroke-width":3,"marker-color":"#111827"},"geometry":{"type":"LineString","coordinates":[[85.11838,27.87423],[85.11842,27.87427]]}},{"type":"Feature","properties":{"name":"Road — destroyed","damage":"Destroyed","area":"Bidur","stroke":"#111827","stroke-width":3,"marker-color":"#111827"},"geometry":{"type":"LineString","coordinates":[[85.11842,27.87427],[85.11859,27.87444],[85.11873,27.87458]]}},{"type":"Feature","properties":{"name":"Road — destroyed","damage":"Destroyed","area":"Bidur","stroke":"#111827","stroke-width":3,"marker-color":"#111827"},"geometry":{"type":"LineString","coordinates":[[85.12733,27.88031],[85.12738,27.8802],[85.1278,27.87999],[85.12789,27.87978],[85.12794,27.87933]]}},{"type":"Feature","properties":{"name":"Road — destroyed","damage":"Destroyed","area":"Bidur","stroke":"#111827","stroke-width":3,"marker-color":"#111827"},"geometry":{"type":"LineString","coordinates":[[85.12678,27.87961],[85.12667,27.87957],[85.12656,27.87964],[85.12658,27.88016],[85.12663,27.88041]]}},{"type":"Feature","properties":{"name":"Road — destroyed","damage":"Destroyed","area":"Bidur","stroke":"#111827","stroke-width":3,"marker-color":"#111827"},"geometry":{"type":"LineString","coordinates":[[85.13186,27.88422],[85.132,27.88431],[85.13227,27.88457],[85.13237,27.88468],[85.1325,27.88482],[85.13263,27.88494],[85.13277,27.88502],[85.13284,27.88506],[85.13292,27.88511]]}},{"type":"Feature","properties":{"name":"Road — destroyed","damage":"Destroyed","area":"Bidur","stroke":"#111827","stroke-width":3,"marker-color":"#111827"},"geometry":{"type":"LineString","coordinates":[[85.13757,27.89908],[85.13759,27.89916],[85.13762,27.89926],[85.13761,27.89935],[85.13764,27.8995],[85.13769,27.89963],[85.13782,27.89986],[85.13787,27.89994],[85.13794,27.90003],[85.13801,27.90008],[85.13808,27.90011],[85.13819,27.90016],[85.13827,27.90017],[85.13839,27.90021],[85.13845,27.90025],[85.13849,27.9003],[85.13852,27.9004],[85.13857,27.90049],[85.13863,27.90055],[85.13878,27.90064],[85.13891,27.90063],[85.13917,27.90062],[85.13921,27.90063],[85.13929,27.90067],[85.13938,27.90074],[85.13951,27.90073]]}},{"type":"Feature","properties":{"name":"Road — destroyed","damage":"Destroyed","area":"Bidur","stroke":"#111827","stroke-width":3,"marker-color":"#111827"},"geometry":{"type":"LineString","coordinates":[[85.13768,27.90365],[85.13769,27.90365],[85.13778,27.90364],[85.13787,27.90372],[85.13788,27.90378],[85.1379,27.90386],[85.13795,27.90392],[85.13804,27.90392],[85.13812,27.90383],[85.13819,27.90375],[85.1383,27.90365],[85.13842,27.90357],[85.13855,27.90357],[85.13871,27.90354],[85.13886,27.90354],[85.13901,27.90356],[85.1391,27.90369],[85.13916,27.90382],[85.13922,27.90396],[85.1393,27.90404],[85.13941,27.90405],[85.13948,27.90398],[85.13958,27.90386],[85.13966,27.90376],[85.13982,27.90362],[85.14001,27.90352],[85.1401,27.90344],[85.14021,27.90334],[85.14029,27.90325],[85.14036,27.90316],[85.14037,27.90308],[85.14032,27.90293],[85.14026,27.90281],[85.14021,27.90265],[85.14016,27.90246],[85.13983,27.90209],[85.13917,27.90174],[85.13849,27.90141],[85.13835,27.90129],[85.13833,27.90116],[85.13825,27.90114],[85.13794,27.9011],[85.13762,27.90104]]}},{"type":"Feature","properties":{"name":"Road — destroyed","damage":"Destroyed","area":"Bidur","stroke":"#111827","stroke-width":3,"marker-color":"#111827"},"geometry":{"type":"LineString","coordinates":[[85.13706,27.9087],[85.13711,27.90872],[85.1373,27.90876],[85.13766,27.90886],[85.13784,27.90895],[85.13798,27.90903],[85.13805,27.90885],[85.13807,27.90878],[85.13806,27.90873],[85.13759,27.90839],[85.13758,27.90833],[85.13737,27.90786],[85.13771,27.908],[85.13771,27.90791],[85.13767,27.90782],[85.13772,27.90763],[85.1378,27.90731],[85.13795,27.90684],[85.13787,27.90658],[85.13775,27.90637],[85.1379,27.90578],[85.13791,27.90517],[85.13761,27.90433],[85.13754,27.90414]]}},{"type":"Feature","properties":{"name":"Road — destroyed","damage":"Destroyed","area":"Bidur","stroke":"#111827","stroke-width":3,"marker-color":"#111827"},"geometry":{"type":"LineString","coordinates":[[85.13982,27.90932],[85.13985,27.90922],[85.13985,27.90913],[85.13986,27.90905],[85.13986,27.909],[85.13982,27.90898],[85.13976,27.90899],[85.13967,27.90905],[85.13954,27.90906],[85.13947,27.90904],[85.13944,27.90899],[85.13946,27.90884],[85.13948,27.90861],[85.13947,27.90847],[85.13942,27.90836],[85.13941,27.90826],[85.13949,27.90809],[85.1395,27.9079],[85.13959,27.90769],[85.13968,27.90751]]}},{"type":"Feature","properties":{"name":"Road — destroyed","damage":"Destroyed","area":"Bidur","stroke":"#111827","stroke-width":3,"marker-color":"#111827"},"geometry":{"type":"LineString","coordinates":[[85.13815,27.90914],[85.13798,27.90903]]}},{"type":"Feature","properties":{"name":"Road — destroyed","damage":"Destroyed","area":"Bidur","stroke":"#111827","stroke-width":3,"marker-color":"#111827"},"geometry":{"type":"LineString","coordinates":[[85.13815,27.90922],[85.13815,27.90914]]}},{"type":"Feature","properties":{"name":"Road — destroyed","damage":"Destroyed","area":"Bidur","stroke":"#111827","stroke-width":3,"marker-color":"#111827"},"geometry":{"type":"LineString","coordinates":[[85.13906,27.90973],[85.13815,27.90922]]}},{"type":"Feature","properties":{"name":"Road — destroyed","damage":"Destroyed","area":"Bidur","stroke":"#111827","stroke-width":3,"marker-color":"#111827"},"geometry":{"type":"LineString","coordinates":[[85.13905,27.90969],[85.13906,27.90973],[85.13926,27.90985]]}},{"type":"Feature","properties":{"name":"Road — destroyed","damage":"Destroyed","area":"Bidur","stroke":"#111827","stroke-width":3,"marker-color":"#111827"},"geometry":{"type":"LineString","coordinates":[[85.13982,27.90946],[85.13983,27.90945],[85.13985,27.90936],[85.13982,27.90932],[85.13975,27.9093],[85.1397,27.90932],[85.13954,27.90949],[85.13937,27.90968],[85.13926,27.90985],[85.13871,27.91052],[85.13807,27.91135]]}},{"type":"Feature","properties":{"name":"Road — destroyed","damage":"Destroyed","area":"Bidur","stroke":"#111827","stroke-width":3,"marker-color":"#111827"},"geometry":{"type":"LineString","coordinates":[[85.13766,27.91196],[85.13762,27.91204],[85.13757,27.91213]]}},{"type":"Feature","properties":{"name":"Road — destroyed","damage":"Destroyed","area":"Bidur","stroke":"#111827","stroke-width":3,"marker-color":"#111827"},"geometry":{"type":"LineString","coordinates":[[85.1495,27.92167],[85.14961,27.9215],[85.1496,27.92144],[85.14956,27.92137],[85.14948,27.92132],[85.14907,27.92113],[85.14872,27.92101],[85.14853,27.92094],[85.14828,27.92092],[85.14813,27.92091],[85.1481,27.9209],[85.14806,27.92089],[85.148,27.92086],[85.14789,27.92077],[85.14763,27.92057],[85.14695,27.92032],[85.14657,27.92011],[85.14593,27.91972]]}},{"type":"Feature","properties":{"name":"Road — destroyed","damage":"Destroyed","area":"Bidur","stroke":"#111827","stroke-width":3,"marker-color":"#111827"},"geometry":{"type":"LineString","coordinates":[[85.13762,27.91204],[85.13755,27.91206],[85.13753,27.91206],[85.13742,27.91208],[85.13732,27.91212],[85.13724,27.91215],[85.1371,27.91224],[85.13699,27.91231],[85.13691,27.91238],[85.13683,27.91244],[85.13676,27.91252],[85.13668,27.91262],[85.13646,27.91291],[85.13629,27.91312],[85.1362,27.91321],[85.13613,27.91324],[85.13606,27.91331],[85.13598,27.91339],[85.13586,27.91349],[85.13582,27.91352],[85.13572,27.91365],[85.13559,27.91377],[85.13545,27.91396],[85.13528,27.9142],[85.13514,27.91434],[85.13502,27.91449],[85.13493,27.91455],[85.13487,27.91467],[85.13482,27.91481],[85.13478,27.91489],[85.13471,27.91496],[85.13463,27.91494],[85.13457,27.91486],[85.13457,27.91479],[85.13458,27.91472],[85.13461,27.91468],[85.13466,27.91462],[85.13469,27.91459],[85.13476,27.91455],[85.13481,27.91451],[85.13483,27.91445],[85.13485,27.91442],[85.13488,27.91435],[85.13488,27.9143],[85.13488,27.91424],[85.13482,27.91419],[85.13476,27.91419],[85.13468,27.91422],[85.13464,27.91429]]}},{"type":"Feature","properties":{"name":"Road — destroyed","damage":"Destroyed","area":"Bidur","stroke":"#111827","stroke-width":3,"marker-color":"#111827"},"geometry":{"type":"LineString","coordinates":[[85.13586,27.91349],[85.13669,27.91406]]}},{"type":"Feature","properties":{"name":"Road — destroyed","damage":"Destroyed","area":"Bidur","stroke":"#111827","stroke-width":3,"marker-color":"#111827"},"geometry":{"type":"LineString","coordinates":[[85.13756,27.9145],[85.13755,27.91456],[85.13787,27.91477],[85.13795,27.91482]]}},{"type":"Feature","properties":{"name":"Road — destroyed","damage":"Destroyed","area":"Bidur","stroke":"#111827","stroke-width":3,"marker-color":"#111827"},"geometry":{"type":"LineString","coordinates":[[85.13866,27.91527],[85.13889,27.91542],[85.13902,27.9155]]}},{"type":"Feature","properties":{"name":"Road — destroyed","damage":"Destroyed","area":"Bidur","stroke":"#111827","stroke-width":3,"marker-color":"#111827"},"geometry":{"type":"LineString","coordinates":[[85.13964,27.91623],[85.13956,27.91625],[85.13953,27.91627],[85.13956,27.91632],[85.13965,27.91635],[85.13972,27.91635],[85.1398,27.91633],[85.13987,27.91626]]}},{"type":"Feature","properties":{"name":"Road — destroyed","damage":"Destroyed","area":"Bidur","stroke":"#111827","stroke-width":3,"marker-color":"#111827"},"geometry":{"type":"LineString","coordinates":[[85.14334,27.9186],[85.14053,27.91676],[85.14025,27.91659],[85.1398,27.91633]]}},{"type":"Feature","properties":{"name":"Road — destroyed","damage":"Destroyed","area":"Bidur","stroke":"#111827","stroke-width":3,"marker-color":"#111827"},"geometry":{"type":"LineString","coordinates":[[85.13895,27.91808],[85.13884,27.91785],[85.13872,27.91765],[85.13869,27.91764],[85.13869,27.91754]]}},{"type":"Feature","properties":{"name":"Road — destroyed","damage":"Destroyed","area":"Bidur","stroke":"#111827","stroke-width":3,"marker-color":"#111827"},"geometry":{"type":"LineString","coordinates":[[85.13648,27.91803],[85.13648,27.91802],[85.13631,27.91788]]}},{"type":"Feature","properties":{"name":"Road — destroyed","damage":"Destroyed","area":"Bidur","stroke":"#111827","stroke-width":3,"marker-color":"#111827"},"geometry":{"type":"LineString","coordinates":[[85.1366,27.91805],[85.13648,27.91803]]}},{"type":"Feature","properties":{"name":"Road — destroyed","damage":"Destroyed","area":"Bidur","stroke":"#111827","stroke-width":3,"marker-color":"#111827"},"geometry":{"type":"LineString","coordinates":[[85.14009,27.91796],[85.13993,27.91801],[85.1398,27.91799],[85.1396,27.91793],[85.13941,27.91791],[85.1392,27.91791],[85.13909,27.91799],[85.13895,27.91808],[85.13891,27.91811],[85.13882,27.91842],[85.13877,27.91861],[85.13851,27.9189],[85.13836,27.91898],[85.13808,27.91905],[85.13772,27.91917],[85.13747,27.91921]]}},{"type":"Feature","properties":{"name":"Road — destroyed","damage":"Destroyed","area":"Bidur","stroke":"#111827","stroke-width":3,"marker-color":"#111827"},"geometry":{"type":"LineString","coordinates":[[85.14435,27.91853],[85.14426,27.91858]]}},{"type":"Feature","properties":{"name":"Road — destroyed","damage":"Destroyed","area":"Bidur","stroke":"#111827","stroke-width":3,"marker-color":"#111827"},"geometry":{"type":"LineString","coordinates":[[85.14418,27.9186],[85.1441,27.91862],[85.14388,27.91854],[85.1438,27.91852]]}},{"type":"Feature","properties":{"name":"Road — destroyed","damage":"Destroyed","area":"Bidur","stroke":"#111827","stroke-width":3,"marker-color":"#111827"},"geometry":{"type":"LineString","coordinates":[[85.14692,27.91983],[85.14685,27.91981],[85.14597,27.9197],[85.14593,27.91972],[85.14495,27.91907],[85.14466,27.91875],[85.14441,27.91858],[85.14435,27.91853],[85.14428,27.91848]]}},{"type":"Feature","properties":{"name":"Road — destroyed","damage":"Destroyed","area":"Bidur","stroke":"#111827","stroke-width":3,"marker-color":"#111827"},"geometry":{"type":"LineString","coordinates":[[85.14431,27.91962],[85.14428,27.91958],[85.14422,27.91956],[85.1442,27.91952],[85.1442,27.91947],[85.14422,27.91944],[85.14425,27.91941],[85.14428,27.91938],[85.14432,27.91932],[85.14437,27.91925],[85.14442,27.91917],[85.14449,27.91908],[85.14471,27.9192],[85.14485,27.91928]]}},{"type":"Feature","properties":{"name":"Road — destroyed","damage":"Destroyed","area":"Bidur","stroke":"#111827","stroke-width":3,"marker-color":"#111827"},"geometry":{"type":"LineString","coordinates":[[85.14787,27.92183],[85.14778,27.92169],[85.14782,27.9216],[85.14792,27.92149],[85.1481,27.9209]]}},{"type":"Feature","properties":{"name":"Road — destroyed","damage":"Destroyed","area":"Bidur","stroke":"#111827","stroke-width":3,"marker-color":"#111827"},"geometry":{"type":"LineString","coordinates":[[85.14937,27.9221],[85.1495,27.92167]]}},{"type":"Feature","properties":{"name":"Road — destroyed","damage":"Destroyed","area":"Bidur","stroke":"#111827","stroke-width":3,"marker-color":"#111827"},"geometry":{"type":"LineString","coordinates":[[85.14937,27.9221],[85.14928,27.92219],[85.14873,27.92199],[85.14833,27.92188],[85.14805,27.92182],[85.14787,27.92183],[85.1477,27.92184],[85.14763,27.92187],[85.14753,27.92208],[85.14752,27.92211],[85.1475,27.92217]]}},{"type":"Feature","properties":{"name":"Road — destroyed","damage":"Destroyed","area":"Bidur","stroke":"#111827","stroke-width":3,"marker-color":"#111827"},"geometry":{"type":"LineString","coordinates":[[85.14974,27.92269],[85.1502,27.92254]]}},{"type":"Feature","properties":{"name":"Road — destroyed","damage":"Destroyed","area":"Bidur","stroke":"#111827","stroke-width":3,"marker-color":"#111827"},"geometry":{"type":"LineString","coordinates":[[85.14848,27.92295],[85.14869,27.92314],[85.1489,27.92341]]}},{"type":"Feature","properties":{"name":"Road — destroyed","damage":"Destroyed","area":"Bidur","stroke":"#111827","stroke-width":3,"marker-color":"#111827"},"geometry":{"type":"LineString","coordinates":[[85.14927,27.92325],[85.1489,27.92341]]}},{"type":"Feature","properties":{"name":"Road — destroyed","damage":"Destroyed","area":"Bidur","stroke":"#111827","stroke-width":3,"marker-color":"#111827"},"geometry":{"type":"LineString","coordinates":[[85.14829,27.92322],[85.14799,27.92343],[85.14797,27.92344]]}},{"type":"Feature","properties":{"name":"Road — destroyed","damage":"Destroyed","area":"Bidur","stroke":"#111827","stroke-width":3,"marker-color":"#111827"},"geometry":{"type":"LineString","coordinates":[[85.14786,27.92426],[85.14864,27.92391],[85.14904,27.92376],[85.14952,27.92357],[85.14977,27.92354],[85.14983,27.92342],[85.14984,27.92329],[85.1499,27.92298],[85.14985,27.92283],[85.14983,27.9228],[85.14974,27.92269],[85.14901,27.92282]]}},{"type":"Feature","properties":{"name":"Road — destroyed","damage":"Destroyed","area":"Bidur","stroke":"#111827","stroke-width":3,"marker-color":"#111827"},"geometry":{"type":"LineString","coordinates":[[85.15313,27.93034],[85.15355,27.93055],[85.15385,27.9306],[85.15425,27.93066],[85.15451,27.93074]]}},{"type":"Feature","properties":{"name":"Road — destroyed","damage":"Destroyed","area":"Bidur","stroke":"#111827","stroke-width":3,"marker-color":"#111827"},"geometry":{"type":"LineString","coordinates":[[85.15138,27.93043],[85.1516,27.9302]]}},{"type":"Feature","properties":{"name":"Road — destroyed","damage":"Destroyed","area":"Bidur","stroke":"#111827","stroke-width":3,"marker-color":"#111827"},"geometry":{"type":"LineString","coordinates":[[85.14909,27.93101],[85.14884,27.93064],[85.14876,27.9305],[85.14862,27.93036],[85.1485,27.93025],[85.14835,27.93011],[85.14821,27.92999],[85.14811,27.92989],[85.14806,27.92989],[85.14799,27.92992],[85.14782,27.92999],[85.1477,27.93004],[85.14756,27.93006],[85.14739,27.93005],[85.14727,27.93009],[85.14715,27.9301],[85.14703,27.93007],[85.14692,27.93002],[85.14686,27.93002],[85.14684,27.93006],[85.14688,27.93015],[85.14689,27.93018]]}},{"type":"Feature","properties":{"name":"Road — destroyed","damage":"Destroyed","area":"Bidur","stroke":"#111827","stroke-width":3,"marker-color":"#111827"},"geometry":{"type":"LineString","coordinates":[[85.15027,27.93165],[85.15034,27.93154],[85.15048,27.93135],[85.15066,27.93119],[85.15076,27.93111],[85.15089,27.93101],[85.15098,27.93092],[85.15104,27.93084],[85.15106,27.93079]]}},{"type":"Feature","properties":{"name":"Road — destroyed","damage":"Destroyed","area":"Bidur","stroke":"#111827","stroke-width":3,"marker-color":"#111827"},"geometry":{"type":"LineString","coordinates":[[85.15088,27.93541],[85.15092,27.93539],[85.15098,27.93534],[85.15103,27.93528],[85.15106,27.93524],[85.15111,27.93519],[85.15117,27.93514],[85.1512,27.93506],[85.15119,27.93499],[85.15122,27.93491],[85.15126,27.93486],[85.1513,27.9348],[85.15136,27.93475],[85.1514,27.9347],[85.15142,27.93465],[85.15148,27.93461],[85.15157,27.93458],[85.15163,27.93455],[85.15173,27.93458],[85.15183,27.93464],[85.15189,27.93469],[85.15198,27.93475],[85.15204,27.93479],[85.15213,27.93481],[85.15219,27.93481],[85.15223,27.93479],[85.15226,27.93474],[85.15229,27.93467],[85.15231,27.93459],[85.15233,27.93452],[85.15242,27.93442],[85.15252,27.93434],[85.15262,27.93428],[85.15271,27.93426],[85.15273,27.93421],[85.15275,27.93412],[85.15281,27.93409],[85.15287,27.9341],[85.15293,27.93411],[85.15297,27.93414],[85.15301,27.93414]]}},{"type":"Feature","properties":{"name":"Road — destroyed","damage":"Destroyed","area":"Bidur","stroke":"#111827","stroke-width":3,"marker-color":"#111827"},"geometry":{"type":"LineString","coordinates":[[85.17277,27.96259],[85.17275,27.96261]]}},{"type":"Feature","properties":{"name":"Road — destroyed","damage":"Destroyed","area":"Bidur","stroke":"#111827","stroke-width":3,"marker-color":"#111827"},"geometry":{"type":"LineString","coordinates":[[85.17279,27.96261],[85.173,27.9628]]}},{"type":"Feature","properties":{"name":"Road — destroyed","damage":"Destroyed","area":"Bidur","stroke":"#111827","stroke-width":3,"marker-color":"#111827"},"geometry":{"type":"LineString","coordinates":[[85.173,27.9628],[85.17309,27.96288]]}},{"type":"Feature","properties":{"name":"Road — destroyed","damage":"Destroyed","area":"Bidur","stroke":"#111827","stroke-width":3,"marker-color":"#111827"},"geometry":{"type":"LineString","coordinates":[[85.17309,27.96288],[85.17322,27.963]]}},{"type":"Feature","properties":{"name":"Road — destroyed","damage":"Destroyed","area":"Bidur","stroke":"#111827","stroke-width":3,"marker-color":"#111827"},"geometry":{"type":"LineString","coordinates":[[85.15767,27.93684],[85.15767,27.93686],[85.15767,27.93687]]}},{"type":"Feature","properties":{"name":"Road — destroyed","damage":"Destroyed","area":"Bidur","stroke":"#111827","stroke-width":3,"marker-color":"#111827"},"geometry":{"type":"LineString","coordinates":[[85.15736,27.9367],[85.15734,27.93674],[85.15733,27.93683],[85.15733,27.93692],[85.15734,27.93703],[85.1573,27.93705],[85.15724,27.93705]]}},{"type":"Feature","properties":{"name":"Road — destroyed","damage":"Destroyed","area":"Bidur","stroke":"#111827","stroke-width":3,"marker-color":"#111827"},"geometry":{"type":"LineString","coordinates":[[85.15859,27.93868],[85.15855,27.93872],[85.15849,27.93873],[85.1584,27.93869],[85.15832,27.93862],[85.15823,27.93852],[85.15805,27.93827],[85.15792,27.93802],[85.15771,27.93772],[85.15765,27.9376],[85.1576,27.93747],[85.1575,27.93723],[85.15746,27.93702],[85.15742,27.93691],[85.15736,27.9367],[85.15727,27.93637],[85.15725,27.93618],[85.1572,27.93605],[85.15713,27.93591],[85.15686,27.9354]]}},{"type":"Feature","properties":{"name":"Road — destroyed","damage":"Destroyed","area":"Bidur","stroke":"#111827","stroke-width":3,"marker-color":"#111827"},"geometry":{"type":"LineString","coordinates":[[85.15017,27.935],[85.14988,27.93484],[85.14977,27.93499],[85.14968,27.93518]]}},{"type":"Feature","properties":{"name":"Road — destroyed","damage":"Destroyed","area":"Bidur","stroke":"#111827","stroke-width":3,"marker-color":"#111827"},"geometry":{"type":"LineString","coordinates":[[85.1506,27.93543],[85.15063,27.93538],[85.15066,27.93536],[85.1507,27.93538],[85.15075,27.9354],[85.15081,27.93543],[85.15088,27.93541],[85.15063,27.93526],[85.15054,27.93521]]}},{"type":"Feature","properties":{"name":"Road — destroyed","damage":"Destroyed","area":"Bidur","stroke":"#111827","stroke-width":3,"marker-color":"#111827"},"geometry":{"type":"LineString","coordinates":[[85.15201,27.93619],[85.15231,27.93627],[85.15232,27.93627],[85.15248,27.9363],[85.15259,27.93636],[85.1527,27.93643],[85.15286,27.93648],[85.15295,27.93653],[85.15309,27.93662],[85.15318,27.9367],[85.15326,27.93673],[85.15339,27.93681],[85.15346,27.93692],[85.15356,27.93709],[85.15371,27.93718],[85.15388,27.93731],[85.15406,27.93748],[85.15417,27.93754],[85.15427,27.93757],[85.15439,27.93765],[85.1545,27.93773],[85.15458,27.93781],[85.1547,27.93793],[85.15486,27.93805],[85.15497,27.93811],[85.15508,27.93822],[85.15522,27.9383],[85.1553,27.93836],[85.15545,27.93847],[85.15557,27.93855],[85.15567,27.93866],[85.15576,27.93872],[85.15585,27.93883],[85.15595,27.93892],[85.15605,27.93901],[85.15621,27.93917],[85.15633,27.9393],[85.15641,27.93943],[85.1565,27.93952],[85.15655,27.93956],[85.15663,27.93962],[85.15672,27.93969],[85.15685,27.93976],[85.15693,27.93985],[85.15699,27.93994],[85.15707,27.94005],[85.15713,27.94015],[85.15719,27.94028],[85.15722,27.94038],[85.15723,27.9404],[85.15724,27.94056],[85.15719,27.94088],[85.15718,27.94099],[85.15715,27.9411],[85.15709,27.94118],[85.15707,27.94118]]}},{"type":"Feature","properties":{"name":"Road — destroyed","damage":"Destroyed","area":"Bidur","stroke":"#111827","stroke-width":3,"marker-color":"#111827"},"geometry":{"type":"LineString","coordinates":[[85.15713,27.94015],[85.15725,27.93993],[85.15733,27.93984],[85.15753,27.93974],[85.15774,27.9396],[85.15782,27.93961],[85.15785,27.9396],[85.15788,27.93962],[85.15791,27.93964],[85.15799,27.93975],[85.15809,27.93984],[85.15819,27.93989],[85.15828,27.9399],[85.15836,27.93981],[85.1585,27.93969]]}},{"type":"Feature","properties":{"name":"Road — destroyed","damage":"Destroyed","area":"Bidur","stroke":"#111827","stroke-width":3,"marker-color":"#111827"},"geometry":{"type":"LineString","coordinates":[[85.15828,27.9399],[85.15845,27.94021],[85.15852,27.94028],[85.15869,27.94036],[85.15874,27.9404],[85.15876,27.94052],[85.15887,27.94056],[85.15892,27.94062]]}},{"type":"Feature","properties":{"name":"Road — destroyed","damage":"Destroyed","area":"Bidur","stroke":"#111827","stroke-width":3,"marker-color":"#111827"},"geometry":{"type":"LineString","coordinates":[[85.15691,27.94089],[85.15691,27.94088],[85.15692,27.94082]]}},{"type":"Feature","properties":{"name":"Road — destroyed","damage":"Destroyed","area":"Bidur","stroke":"#111827","stroke-width":3,"marker-color":"#111827"},"geometry":{"type":"LineString","coordinates":[[85.15786,27.93754],[85.15789,27.93764],[85.15812,27.9381],[85.15833,27.93841],[85.15859,27.93868],[85.15886,27.93897],[85.15888,27.93899],[85.15958,27.9398],[85.15977,27.94003],[85.15995,27.94028],[85.16009,27.94057],[85.1602,27.94087],[85.16033,27.94118],[85.16078,27.94202],[85.16094,27.94228],[85.16104,27.9426],[85.16123,27.94328],[85.16184,27.94443],[85.16231,27.94552],[85.16245,27.94571]]}},{"type":"Feature","properties":{"name":"Road — destroyed","damage":"Destroyed","area":"Bidur","stroke":"#111827","stroke-width":3,"marker-color":"#111827"},"geometry":{"type":"LineString","coordinates":[[85.16245,27.94571],[85.16248,27.94574]]}},{"type":"Feature","properties":{"name":"Road — destroyed","damage":"Destroyed","area":"Bidur","stroke":"#111827","stroke-width":3,"marker-color":"#111827"},"geometry":{"type":"LineString","coordinates":[[85.16248,27.94574],[85.16255,27.94582],[85.16269,27.94601],[85.16273,27.94607]]}},{"type":"Feature","properties":{"name":"Road — destroyed","damage":"Destroyed","area":"Bidur","stroke":"#111827","stroke-width":3,"marker-color":"#111827"},"geometry":{"type":"LineString","coordinates":[[85.16255,27.94582],[85.16258,27.94598],[85.16261,27.9461],[85.16271,27.94624],[85.16275,27.94628]]}},{"type":"Feature","properties":{"name":"Road — destroyed","damage":"Destroyed","area":"Bidur","stroke":"#111827","stroke-width":3,"marker-color":"#111827"},"geometry":{"type":"LineString","coordinates":[[85.16275,27.94628],[85.16277,27.9463],[85.16277,27.94633]]}},{"type":"Feature","properties":{"name":"Road — destroyed","damage":"Destroyed","area":"Bidur","stroke":"#111827","stroke-width":3,"marker-color":"#111827"},"geometry":{"type":"LineString","coordinates":[[85.16277,27.94633],[85.16276,27.94637],[85.16267,27.94646],[85.16264,27.94651],[85.16263,27.94657]]}},{"type":"Feature","properties":{"name":"Road — destroyed","damage":"Destroyed","area":"Bidur","stroke":"#111827","stroke-width":3,"marker-color":"#111827"},"geometry":{"type":"LineString","coordinates":[[85.1629,27.94648],[85.16292,27.94653],[85.16308,27.94676],[85.16329,27.94699]]}},{"type":"Feature","properties":{"name":"Road — destroyed","damage":"Destroyed","area":"Bidur","stroke":"#111827","stroke-width":3,"marker-color":"#111827"},"geometry":{"type":"LineString","coordinates":[[85.16356,27.94728],[85.16363,27.94736]]}},{"type":"Feature","properties":{"name":"Road — destroyed","damage":"Destroyed","area":"Bidur","stroke":"#111827","stroke-width":3,"marker-color":"#111827"},"geometry":{"type":"LineString","coordinates":[[85.16143,27.94824],[85.1611,27.94767],[85.16071,27.94738],[85.16038,27.94717],[85.16031,27.94711],[85.16028,27.94702],[85.16025,27.94691],[85.16024,27.94678],[85.16016,27.94653],[85.1598,27.94596],[85.15952,27.94555],[85.15933,27.94529],[85.15907,27.94488]]}},{"type":"Feature","properties":{"name":"Road — destroyed","damage":"Destroyed","area":"Bidur","stroke":"#111827","stroke-width":3,"marker-color":"#111827"},"geometry":{"type":"LineString","coordinates":[[85.16071,27.94738],[85.16063,27.94726],[85.16048,27.94711],[85.16033,27.94694],[85.16024,27.94678]]}},{"type":"Feature","properties":{"name":"Road — destroyed","damage":"Destroyed","area":"Bidur","stroke":"#111827","stroke-width":3,"marker-color":"#111827"},"geometry":{"type":"LineString","coordinates":[[85.16142,27.9484],[85.16143,27.94824]]}},{"type":"Feature","properties":{"name":"Road — destroyed","damage":"Destroyed","area":"Bidur","stroke":"#111827","stroke-width":3,"marker-color":"#111827"},"geometry":{"type":"LineString","coordinates":[[85.16397,27.94822],[85.16399,27.94831],[85.16415,27.94858]]}},{"type":"Feature","properties":{"name":"Road — destroyed","damage":"Destroyed","area":"Bidur","stroke":"#111827","stroke-width":3,"marker-color":"#111827"},"geometry":{"type":"LineString","coordinates":[[85.16415,27.94863],[85.16396,27.94864],[85.16388,27.94862]]}},{"type":"Feature","properties":{"name":"Road — destroyed","damage":"Destroyed","area":"Bidur","stroke":"#111827","stroke-width":3,"marker-color":"#111827"},"geometry":{"type":"LineString","coordinates":[[85.16388,27.94862],[85.16386,27.9488]]}},{"type":"Feature","properties":{"name":"Road — destroyed","damage":"Destroyed","area":"Bidur","stroke":"#111827","stroke-width":3,"marker-color":"#111827"},"geometry":{"type":"LineString","coordinates":[[85.16128,27.94912],[85.16129,27.94903],[85.1613,27.94856],[85.16134,27.94849],[85.16142,27.9484]]}},{"type":"Feature","properties":{"name":"Road — destroyed","damage":"Destroyed","area":"Bidur","stroke":"#111827","stroke-width":3,"marker-color":"#111827"},"geometry":{"type":"LineString","coordinates":[[85.16129,27.9492],[85.16127,27.94916],[85.16128,27.94912]]}},{"type":"Feature","properties":{"name":"Road — destroyed","damage":"Destroyed","area":"Bidur","stroke":"#111827","stroke-width":3,"marker-color":"#111827"},"geometry":{"type":"LineString","coordinates":[[85.16386,27.9488],[85.16391,27.94902],[85.16385,27.94929],[85.16384,27.94944],[85.16386,27.94956],[85.16386,27.94959],[85.16387,27.94962]]}},{"type":"Feature","properties":{"name":"Road — destroyed","damage":"Destroyed","area":"Bidur","stroke":"#111827","stroke-width":3,"marker-color":"#111827"},"geometry":{"type":"LineString","coordinates":[[85.16133,27.94935],[85.16133,27.94925],[85.16129,27.9492]]}},{"type":"Feature","properties":{"name":"Road — destroyed","damage":"Destroyed","area":"Bidur","stroke":"#111827","stroke-width":3,"marker-color":"#111827"},"geometry":{"type":"LineString","coordinates":[[85.16134,27.94945],[85.16133,27.94935]]}},{"type":"Feature","properties":{"name":"Road — destroyed","damage":"Destroyed","area":"Bidur","stroke":"#111827","stroke-width":3,"marker-color":"#111827"},"geometry":{"type":"LineString","coordinates":[[85.16135,27.94956],[85.16135,27.94948],[85.16134,27.94945]]}},{"type":"Feature","properties":{"name":"Road — destroyed","damage":"Destroyed","area":"Bidur","stroke":"#111827","stroke-width":3,"marker-color":"#111827"},"geometry":{"type":"LineString","coordinates":[[85.16142,27.9484],[85.16143,27.94844],[85.16145,27.94847],[85.16149,27.94848],[85.16161,27.94847],[85.16173,27.94848],[85.16181,27.94849],[85.16191,27.94853],[85.16205,27.94856],[85.16213,27.94858],[85.16222,27.94865],[85.16222,27.94876],[85.16223,27.949],[85.16226,27.94912],[85.16226,27.94921],[85.16219,27.94962],[85.16217,27.9498],[85.16216,27.94984],[85.16217,27.95005],[85.16199,27.95068]]}},{"type":"Feature","properties":{"name":"Road — destroyed","damage":"Destroyed","area":"Bidur","stroke":"#111827","stroke-width":3,"marker-color":"#111827"},"geometry":{"type":"LineString","coordinates":[[85.16244,27.95173],[85.16235,27.95162],[85.16227,27.95152],[85.16222,27.9514],[85.16212,27.95129],[85.16204,27.95116],[85.16199,27.95078],[85.16199,27.95068]]}},{"type":"Feature","properties":{"name":"Road — destroyed","damage":"Destroyed","area":"Bidur","stroke":"#111827","stroke-width":3,"marker-color":"#111827"},"geometry":{"type":"LineString","coordinates":[[85.16392,27.94992],[85.16384,27.95015],[85.16373,27.9504],[85.16361,27.95066],[85.16361,27.95084],[85.16367,27.95172],[85.16369,27.95206],[85.16362,27.9523],[85.16347,27.95262],[85.16341,27.95286],[85.16342,27.95315],[85.16356,27.95357],[85.16376,27.95417],[85.16391,27.95469],[85.16398,27.95499],[85.16401,27.95512],[85.16405,27.95516]]}},{"type":"Feature","properties":{"name":"Road — destroyed","damage":"Destroyed","area":"Bidur","stroke":"#111827","stroke-width":3,"marker-color":"#111827"},"geometry":{"type":"LineString","coordinates":[[85.16125,27.95472],[85.16131,27.95464],[85.16133,27.95449],[85.16132,27.95434],[85.16136,27.95409],[85.16134,27.95405]]}},{"type":"Feature","properties":{"name":"Road — destroyed","damage":"Destroyed","area":"Bidur","stroke":"#111827","stroke-width":3,"marker-color":"#111827"},"geometry":{"type":"LineString","coordinates":[[85.16422,27.9552],[85.16428,27.95517],[85.16436,27.95489],[85.16445,27.95479],[85.16452,27.95484]]}},{"type":"Feature","properties":{"name":"Road — destroyed","damage":"Destroyed","area":"Bidur","stroke":"#111827","stroke-width":3,"marker-color":"#111827"},"geometry":{"type":"LineString","coordinates":[[85.16405,27.95516],[85.16422,27.9552]]}},{"type":"Feature","properties":{"name":"Road — destroyed","damage":"Destroyed","area":"Bidur","stroke":"#111827","stroke-width":3,"marker-color":"#111827"},"geometry":{"type":"LineString","coordinates":[[85.16405,27.95516],[85.16392,27.95538]]}},{"type":"Feature","properties":{"name":"Road — destroyed","damage":"Destroyed","area":"Bidur","stroke":"#111827","stroke-width":3,"marker-color":"#111827"},"geometry":{"type":"LineString","coordinates":[[85.16392,27.95538],[85.16381,27.9556],[85.16357,27.95612]]}},{"type":"Feature","properties":{"name":"Road — destroyed","damage":"Destroyed","area":"Bidur","stroke":"#111827","stroke-width":3,"marker-color":"#111827"},"geometry":{"type":"LineString","coordinates":[[85.16357,27.95612],[85.16349,27.95629]]}},{"type":"Feature","properties":{"name":"Road — destroyed","damage":"Destroyed","area":"Bidur","stroke":"#111827","stroke-width":3,"marker-color":"#111827"},"geometry":{"type":"LineString","coordinates":[[85.16363,27.95634],[85.16349,27.95629]]}},{"type":"Feature","properties":{"name":"Road — destroyed","damage":"Destroyed","area":"Bidur","stroke":"#111827","stroke-width":3,"marker-color":"#111827"},"geometry":{"type":"LineString","coordinates":[[85.16469,27.95678],[85.16476,27.95671],[85.16488,27.95662],[85.16506,27.95658],[85.16566,27.95664]]}},{"type":"Feature","properties":{"name":"Road — destroyed","damage":"Destroyed","area":"Bidur","stroke":"#111827","stroke-width":3,"marker-color":"#111827"},"geometry":{"type":"LineString","coordinates":[[85.16349,27.95629],[85.1634,27.95632],[85.16336,27.95641],[85.16337,27.95649],[85.16344,27.95661],[85.16399,27.95687],[85.1645,27.95712],[85.16479,27.95725],[85.16507,27.95739],[85.16519,27.95749],[85.16525,27.9576],[85.16524,27.95784],[85.16517,27.958],[85.16501,27.95809],[85.16489,27.95811],[85.16477,27.9581],[85.16441,27.95801],[85.16437,27.958]]}},{"type":"Feature","properties":{"name":"Road — destroyed","damage":"Destroyed","area":"Bidur","stroke":"#111827","stroke-width":3,"marker-color":"#111827"},"geometry":{"type":"LineString","coordinates":[[85.16717,27.95652],[85.16732,27.95662],[85.1674,27.95669]]}},{"type":"Feature","properties":{"name":"Road — destroyed","damage":"Destroyed","area":"Bidur","stroke":"#111827","stroke-width":3,"marker-color":"#111827"},"geometry":{"type":"LineString","coordinates":[[85.1674,27.95669],[85.16757,27.95683]]}},{"type":"Feature","properties":{"name":"Road — destroyed","damage":"Destroyed","area":"Bidur","stroke":"#111827","stroke-width":3,"marker-color":"#111827"},"geometry":{"type":"LineString","coordinates":[[85.16757,27.95683],[85.16761,27.95687]]}},{"type":"Feature","properties":{"name":"Road — destroyed","damage":"Destroyed","area":"Bidur","stroke":"#111827","stroke-width":3,"marker-color":"#111827"},"geometry":{"type":"LineString","coordinates":[[85.16761,27.95687],[85.16765,27.9569]]}},{"type":"Feature","properties":{"name":"Road — destroyed","damage":"Destroyed","area":"Bidur","stroke":"#111827","stroke-width":3,"marker-color":"#111827"},"geometry":{"type":"LineString","coordinates":[[85.16765,27.9569],[85.16783,27.95706],[85.16792,27.95722]]}},{"type":"Feature","properties":{"name":"Road — destroyed","damage":"Destroyed","area":"Bidur","stroke":"#111827","stroke-width":3,"marker-color":"#111827"},"geometry":{"type":"LineString","coordinates":[[85.16792,27.95722],[85.16794,27.95726]]}},{"type":"Feature","properties":{"name":"Road — destroyed","damage":"Destroyed","area":"Bidur","stroke":"#111827","stroke-width":3,"marker-color":"#111827"},"geometry":{"type":"LineString","coordinates":[[85.16794,27.95726],[85.16827,27.95788],[85.16852,27.95828],[85.16882,27.95857],[85.16939,27.95927],[85.1696,27.95949],[85.17058,27.96049],[85.17192,27.96177]]}},{"type":"Feature","properties":{"name":"Road — destroyed","damage":"Destroyed","area":"Bidur","stroke":"#111827","stroke-width":3,"marker-color":"#111827"},"geometry":{"type":"LineString","coordinates":[[85.17082,27.96439],[85.17073,27.96414],[85.17068,27.96406],[85.1706,27.96399],[85.17054,27.96394],[85.17049,27.96392],[85.17044,27.96393],[85.17008,27.96397],[85.16998,27.96395],[85.16993,27.96392],[85.16992,27.96389],[85.17003,27.96357],[85.17003,27.96352],[85.17003,27.96348],[85.17001,27.96344],[85.16998,27.96341],[85.16989,27.96338],[85.16981,27.96334],[85.16973,27.96329],[85.16956,27.96308],[85.16926,27.96267],[85.16892,27.96218],[85.16845,27.96152],[85.16847,27.96112],[85.1681,27.96032],[85.16776,27.95954],[85.16742,27.95913],[85.16712,27.95869],[85.16671,27.95819],[85.16651,27.95791],[85.16601,27.95737],[85.16578,27.95721],[85.16545,27.95708],[85.16469,27.95678],[85.16441,27.9567],[85.16408,27.95658],[85.16373,27.95644],[85.16366,27.95639],[85.16363,27.95634]]}},{"type":"Feature","properties":{"name":"Road — destroyed","damage":"Destroyed","area":"Bidur","stroke":"#111827","stroke-width":3,"marker-color":"#111827"},"geometry":{"type":"LineString","coordinates":[[85.1696,27.95949],[85.16942,27.95965],[85.16914,27.95977],[85.16905,27.95981],[85.16897,27.95985],[85.16893,27.95989],[85.16892,27.95993],[85.16891,27.95999],[85.16892,27.96058],[85.1691,27.96078],[85.16933,27.96099],[85.16963,27.96121],[85.16978,27.96128],[85.16987,27.96142],[85.16998,27.96148]]}},{"type":"Feature","properties":{"name":"Road — destroyed","damage":"Destroyed","area":"Bidur","stroke":"#111827","stroke-width":3,"marker-color":"#111827"},"geometry":{"type":"LineString","coordinates":[[85.17192,27.96177],[85.172,27.96184]]}},{"type":"Feature","properties":{"name":"Road — destroyed","damage":"Destroyed","area":"Bidur","stroke":"#111827","stroke-width":3,"marker-color":"#111827"},"geometry":{"type":"LineString","coordinates":[[85.172,27.96184],[85.17245,27.96227],[85.17268,27.9625],[85.17272,27.96254]]}},{"type":"Feature","properties":{"name":"Road — destroyed","damage":"Destroyed","area":"Bidur","stroke":"#111827","stroke-width":3,"marker-color":"#111827"},"geometry":{"type":"LineString","coordinates":[[85.17272,27.96254],[85.17276,27.96258],[85.17277,27.96259],[85.17279,27.96261]]}},{"type":"Feature","properties":{"name":"Road — destroyed","damage":"Destroyed","area":"Bidur","stroke":"#111827","stroke-width":3,"marker-color":"#111827"},"geometry":{"type":"LineString","coordinates":[[85.17275,27.96261],[85.17266,27.96267],[85.17261,27.96267],[85.17248,27.96264],[85.17235,27.96273],[85.17232,27.96281],[85.17243,27.96296]]}},{"type":"Feature","properties":{"name":"Road — destroyed","damage":"Destroyed","area":"Bidur","stroke":"#111827","stroke-width":3,"marker-color":"#111827"},"geometry":{"type":"LineString","coordinates":[[85.17007,27.96336],[85.16989,27.96338]]}},{"type":"Feature","properties":{"name":"Road — destroyed","damage":"Destroyed","area":"Bidur","stroke":"#111827","stroke-width":3,"marker-color":"#111827"},"geometry":{"type":"LineString","coordinates":[[85.17063,27.96364],[85.17025,27.96335],[85.17007,27.96336]]}},{"type":"Feature","properties":{"name":"Road — destroyed","damage":"Destroyed","area":"Bidur","stroke":"#111827","stroke-width":3,"marker-color":"#111827"},"geometry":{"type":"LineString","coordinates":[[85.17948,27.96749],[85.17972,27.96798],[85.17982,27.96815],[85.1799,27.96828],[85.17996,27.96836],[85.17999,27.9684],[85.18004,27.96844],[85.18015,27.96853],[85.18032,27.96865],[85.18046,27.96873],[85.18059,27.96878],[85.18083,27.96885],[85.1809,27.96885],[85.18093,27.96887],[85.18102,27.96888],[85.18113,27.96888],[85.18132,27.96887],[85.18139,27.96885],[85.1815,27.96883],[85.18172,27.96878],[85.18183,27.96876],[85.18192,27.96876],[85.18202,27.96876],[85.18214,27.96878],[85.18236,27.96882],[85.18309,27.96902],[85.18372,27.9692],[85.18382,27.96923],[85.18392,27.96927],[85.18404,27.96932],[85.18409,27.96935],[85.1842,27.96942],[85.18426,27.96946],[85.18436,27.96955],[85.18444,27.96964],[85.1845,27.9697],[85.18459,27.96985],[85.18466,27.96997],[85.18469,27.97004],[85.18474,27.97011],[85.18479,27.97031]]}},{"type":"Feature","properties":{"name":"Road — destroyed","damage":"Destroyed","area":"Bidur","stroke":"#111827","stroke-width":3,"marker-color":"#111827"},"geometry":{"type":"LineString","coordinates":[[85.17322,27.963],[85.17327,27.96304]]}},{"type":"Feature","properties":{"name":"Road — destroyed","damage":"Destroyed","area":"Bidur","stroke":"#111827","stroke-width":3,"marker-color":"#111827"},"geometry":{"type":"LineString","coordinates":[[85.17327,27.96304],[85.17383,27.96354],[85.1739,27.96361],[85.17395,27.96364],[85.17404,27.96368],[85.17429,27.96374],[85.17453,27.9638],[85.17464,27.96384],[85.17481,27.9639],[85.17488,27.96393],[85.17534,27.96404],[85.17545,27.96407],[85.1755,27.96409],[85.17559,27.96414],[85.17566,27.96418],[85.17567,27.96419]]}},{"type":"Feature","properties":{"name":"Road — destroyed","damage":"Destroyed","area":"Bidur","stroke":"#111827","stroke-width":3,"marker-color":"#111827"},"geometry":{"type":"LineString","coordinates":[[85.17567,27.96419],[85.1757,27.96421]]}},{"type":"Feature","properties":{"name":"Road — destroyed","damage":"Destroyed","area":"Bidur","stroke":"#111827","stroke-width":3,"marker-color":"#111827"},"geometry":{"type":"LineString","coordinates":[[85.1757,27.96421],[85.1757,27.96422]]}},{"type":"Feature","properties":{"name":"Road — destroyed","damage":"Destroyed","area":"Bidur","stroke":"#111827","stroke-width":3,"marker-color":"#111827"},"geometry":{"type":"LineString","coordinates":[[85.1757,27.96422],[85.17571,27.96422]]}},{"type":"Feature","properties":{"name":"Road — destroyed","damage":"Destroyed","area":"Bidur","stroke":"#111827","stroke-width":3,"marker-color":"#111827"},"geometry":{"type":"LineString","coordinates":[[85.17571,27.96422],[85.17577,27.96427],[85.17585,27.96431],[85.17592,27.96434],[85.176,27.96437],[85.17617,27.96441],[85.17633,27.96446],[85.17644,27.96451],[85.1765,27.96454],[85.17661,27.96461],[85.17663,27.96463]]}},{"type":"Feature","properties":{"name":"Road — destroyed","damage":"Destroyed","area":"Bidur","stroke":"#111827","stroke-width":3,"marker-color":"#111827"},"geometry":{"type":"LineString","coordinates":[[85.17663,27.96463],[85.17665,27.96465],[85.17669,27.9647],[85.1767,27.96472]]}},{"type":"Feature","properties":{"name":"Road — destroyed","damage":"Destroyed","area":"Bidur","stroke":"#111827","stroke-width":3,"marker-color":"#111827"},"geometry":{"type":"LineString","coordinates":[[85.1767,27.96472],[85.17675,27.96479],[85.17683,27.96493],[85.17686,27.96497],[85.17689,27.96501],[85.17693,27.96504],[85.17708,27.96515]]}},{"type":"Feature","properties":{"name":"Road — destroyed","damage":"Destroyed","area":"Bidur","stroke":"#111827","stroke-width":3,"marker-color":"#111827"},"geometry":{"type":"LineString","coordinates":[[85.17708,27.96515],[85.17711,27.96517],[85.17725,27.96527]]}},{"type":"Feature","properties":{"name":"Road — destroyed","damage":"Destroyed","area":"Bidur","stroke":"#111827","stroke-width":3,"marker-color":"#111827"},"geometry":{"type":"LineString","coordinates":[[85.17725,27.96527],[85.17733,27.96532],[85.17746,27.96542]]}},{"type":"Feature","properties":{"name":"Road — destroyed","damage":"Destroyed","area":"Bidur","stroke":"#111827","stroke-width":3,"marker-color":"#111827"},"geometry":{"type":"LineString","coordinates":[[85.17073,27.96414],[85.17082,27.96414],[85.17095,27.96422],[85.17105,27.96426],[85.17117,27.9643],[85.17129,27.96433],[85.17147,27.96434],[85.17158,27.96434],[85.17166,27.96436],[85.17186,27.9644],[85.17198,27.96442],[85.17202,27.96435],[85.17207,27.96436],[85.1721,27.96432],[85.17214,27.96427],[85.17217,27.96424],[85.1722,27.9642],[85.17223,27.96418],[85.17224,27.96414],[85.17226,27.96412],[85.17224,27.96409],[85.17221,27.96406],[85.17216,27.96403],[85.17211,27.964],[85.17206,27.964],[85.17201,27.96399],[85.17195,27.96399],[85.17191,27.96399],[85.17185,27.96399],[85.17179,27.96399],[85.17169,27.96399],[85.17159,27.96398],[85.17148,27.96398],[85.17139,27.96396],[85.17115,27.96391],[85.17105,27.96388],[85.17097,27.96386],[85.17077,27.96375],[85.1707,27.9637],[85.17063,27.96364]]}},{"type":"Feature","properties":{"name":"Road — destroyed","damage":"Destroyed","area":"Bidur","stroke":"#111827","stroke-width":3,"marker-color":"#111827"},"geometry":{"type":"LineString","coordinates":[[85.17082,27.96439],[85.17067,27.96438],[85.17041,27.96449],[85.1701,27.96456],[85.16994,27.96463],[85.16993,27.96468]]}},{"type":"Feature","properties":{"name":"Road — destroyed","damage":"Destroyed","area":"Bidur","stroke":"#111827","stroke-width":3,"marker-color":"#111827"},"geometry":{"type":"LineString","coordinates":[[85.16994,27.96463],[85.16995,27.96468]]}},{"type":"Feature","properties":{"name":"Road — destroyed","damage":"Destroyed","area":"Bidur","stroke":"#111827","stroke-width":3,"marker-color":"#111827"},"geometry":{"type":"LineString","coordinates":[[85.16998,27.96498],[85.17,27.96506],[85.17007,27.96512]]}},{"type":"Feature","properties":{"name":"Road — destroyed","damage":"Destroyed","area":"Bidur","stroke":"#111827","stroke-width":3,"marker-color":"#111827"},"geometry":{"type":"LineString","coordinates":[[85.17746,27.96542],[85.17752,27.96547],[85.17758,27.96553]]}},{"type":"Feature","properties":{"name":"Road — destroyed","damage":"Destroyed","area":"Bidur","stroke":"#111827","stroke-width":3,"marker-color":"#111827"},"geometry":{"type":"LineString","coordinates":[[85.17758,27.96553],[85.17774,27.96569],[85.17808,27.96604],[85.17845,27.96645],[85.17849,27.9665]]}},{"type":"Feature","properties":{"name":"Road — destroyed","damage":"Destroyed","area":"Bidur","stroke":"#111827","stroke-width":3,"marker-color":"#111827"},"geometry":{"type":"LineString","coordinates":[[85.17849,27.9665],[85.1785,27.96651]]}},{"type":"Feature","properties":{"name":"Road — destroyed","damage":"Destroyed","area":"Bidur","stroke":"#111827","stroke-width":3,"marker-color":"#111827"},"geometry":{"type":"LineString","coordinates":[[85.17864,27.96664],[85.17872,27.9667],[85.17883,27.96677]]}},{"type":"Feature","properties":{"name":"Road — destroyed","damage":"Destroyed","area":"Bidur","stroke":"#111827","stroke-width":3,"marker-color":"#111827"},"geometry":{"type":"LineString","coordinates":[[85.17747,27.96968],[85.17744,27.96965],[85.17701,27.96929],[85.17676,27.96899],[85.17654,27.96877],[85.1762,27.9684],[85.17563,27.96761],[85.17561,27.96756],[85.17561,27.9675],[85.17561,27.96738],[85.1756,27.96733],[85.17557,27.96729],[85.17521,27.96713],[85.1751,27.96705],[85.17466,27.96671],[85.17446,27.96659],[85.17417,27.9664],[85.17404,27.96632],[85.17391,27.9663],[85.1737,27.96627],[85.17351,27.96621],[85.17342,27.96615],[85.17341,27.96605],[85.17346,27.9659],[85.17336,27.96577],[85.17324,27.96571],[85.17312,27.96567],[85.17285,27.96563],[85.17262,27.96547],[85.1725,27.9654],[85.17223,27.96537],[85.17197,27.96532],[85.17128,27.96507],[85.1711,27.96499],[85.17093,27.96488],[85.17081,27.96472],[85.17085,27.96454],[85.17082,27.96439]]}},{"type":"Feature","properties":{"name":"Road — destroyed","damage":"Destroyed","area":"Bidur","stroke":"#111827","stroke-width":3,"marker-color":"#111827"},"geometry":{"type":"LineString","coordinates":[[85.17907,27.96692],[85.17911,27.96696],[85.1792,27.96705],[85.17932,27.96718],[85.17938,27.96728],[85.17948,27.96749]]}},{"type":"Feature","properties":{"name":"Road — destroyed","damage":"Destroyed","area":"Bidur","stroke":"#111827","stroke-width":3,"marker-color":"#111827"},"geometry":{"type":"LineString","coordinates":[[85.17488,27.968],[85.17497,27.96789],[85.17494,27.96784],[85.17504,27.96771],[85.17515,27.96754],[85.17518,27.96736],[85.17521,27.96713]]}},{"type":"Feature","properties":{"name":"Road — destroyed","damage":"Destroyed","area":"Bidur","stroke":"#111827","stroke-width":3,"marker-color":"#111827"},"geometry":{"type":"LineString","coordinates":[[85.18479,27.97031],[85.18486,27.97053]]}},{"type":"Feature","properties":{"name":"Road — destroyed","damage":"Destroyed","area":"Bidur","stroke":"#111827","stroke-width":3,"marker-color":"#111827"},"geometry":{"type":"LineString","coordinates":[[85.18486,27.97053],[85.18487,27.97055],[85.18506,27.97111],[85.18526,27.97164],[85.18527,27.97167],[85.18536,27.97188],[85.18546,27.97217],[85.18554,27.97238],[85.18561,27.9726]]}},{"type":"Feature","properties":{"name":"Road — destroyed","damage":"Destroyed","area":"Bidur","stroke":"#111827","stroke-width":3,"marker-color":"#111827"},"geometry":{"type":"LineString","coordinates":[[85.18536,27.97188],[85.18523,27.97186],[85.18518,27.97183],[85.18515,27.97178],[85.18513,27.97174],[85.18514,27.9717],[85.18516,27.97168],[85.18526,27.97164]]}},{"type":"Feature","properties":{"name":"Road — destroyed","damage":"Destroyed","area":"Bidur","stroke":"#111827","stroke-width":3,"marker-color":"#111827"},"geometry":{"type":"LineString","coordinates":[[85.18554,27.97238],[85.18523,27.97248],[85.18517,27.97253],[85.18514,27.97246],[85.18512,27.97243],[85.18508,27.97243]]}},{"type":"Feature","properties":{"name":"Road — destroyed","damage":"Destroyed","area":"Bidur","stroke":"#111827","stroke-width":3,"marker-color":"#111827"},"geometry":{"type":"LineString","coordinates":[[85.18561,27.9726],[85.18567,27.97279],[85.18569,27.97291]]}},{"type":"Feature","properties":{"name":"Road — destroyed","damage":"Destroyed","area":"Bidur","stroke":"#111827","stroke-width":3,"marker-color":"#111827"},"geometry":{"type":"LineString","coordinates":[[85.1823,27.97331],[85.18231,27.97323],[85.18235,27.9732],[85.18242,27.97313],[85.18253,27.97309],[85.1827,27.97318],[85.18284,27.97311],[85.18294,27.97305],[85.18307,27.97302],[85.18316,27.97301],[85.1833,27.97308],[85.18341,27.97312],[85.18349,27.97312],[85.18377,27.97274],[85.18376,27.97258],[85.18383,27.97255],[85.18396,27.97253]]}},{"type":"Feature","properties":{"name":"Road — destroyed","damage":"Destroyed","area":"Bidur","stroke":"#111827","stroke-width":3,"marker-color":"#111827"},"geometry":{"type":"LineString","coordinates":[[85.18569,27.97291],[85.18569,27.97294],[85.18576,27.97315]]}},{"type":"Feature","properties":{"name":"Road — destroyed","damage":"Destroyed","area":"Bidur","stroke":"#111827","stroke-width":3,"marker-color":"#111827"},"geometry":{"type":"LineString","coordinates":[[85.18576,27.97315],[85.18582,27.97333]]}},{"type":"Feature","properties":{"name":"Road — destroyed","damage":"Destroyed","area":"Bidur","stroke":"#111827","stroke-width":3,"marker-color":"#111827"},"geometry":{"type":"LineString","coordinates":[[85.1823,27.97331],[85.18227,27.97346],[85.18222,27.97361],[85.18221,27.97365],[85.1822,27.97367]]}},{"type":"Feature","properties":{"name":"Road — destroyed","damage":"Destroyed","area":"Bidur","stroke":"#111827","stroke-width":3,"marker-color":"#111827"},"geometry":{"type":"LineString","coordinates":[[85.18582,27.97333],[85.18586,27.97345],[85.18592,27.9736],[85.1859,27.97371],[85.18588,27.97391]]}},{"type":"Feature","properties":{"name":"Road — destroyed","damage":"Destroyed","area":"Bidur","stroke":"#111827","stroke-width":3,"marker-color":"#111827"},"geometry":{"type":"LineString","coordinates":[[85.17342,27.96615],[85.1733,27.96648],[85.17321,27.96653],[85.17303,27.96651],[85.17287,27.9665],[85.17267,27.96652],[85.17257,27.96653],[85.17244,27.96649],[85.17231,27.96644],[85.17217,27.96634],[85.17203,27.96628],[85.17187,27.96627],[85.17178,27.96629],[85.17171,27.96629],[85.17162,27.96636],[85.17148,27.96655]]}},{"type":"Feature","properties":{"name":"Road — destroyed","damage":"Destroyed","area":"Bidur","stroke":"#111827","stroke-width":3,"marker-color":"#111827"},"geometry":{"type":"LineString","coordinates":[[85.18588,27.97391],[85.18586,27.97396],[85.18566,27.97448]]}},{"type":"Feature","properties":{"name":"Road — destroyed","damage":"Destroyed","area":"Bidur","stroke":"#111827","stroke-width":3,"marker-color":"#111827"},"geometry":{"type":"LineString","coordinates":[[85.1822,27.97367],[85.18217,27.97369],[85.18204,27.97377],[85.182,27.9738],[85.18196,27.97384],[85.18192,27.97388],[85.18188,27.97394],[85.18178,27.97411],[85.18175,27.97416],[85.18161,27.9743],[85.18156,27.97438],[85.18151,27.97445],[85.18146,27.9745],[85.1814,27.97453],[85.18138,27.97456],[85.18138,27.97457],[85.18138,27.97461],[85.18146,27.97476],[85.18148,27.9748],[85.18148,27.97485],[85.18148,27.97489],[85.18146,27.97491],[85.18144,27.97493],[85.18142,27.97493],[85.18131,27.97494]]}},{"type":"Feature","properties":{"name":"Road — destroyed","damage":"Destroyed","area":"Bidur","stroke":"#111827","stroke-width":3,"marker-color":"#111827"},"geometry":{"type":"LineString","coordinates":[[85.18566,27.97448],[85.18555,27.97475],[85.18551,27.97481],[85.18548,27.97485],[85.18542,27.97489],[85.18533,27.97492],[85.18528,27.97493],[85.18518,27.97493],[85.18494,27.9749]]}},{"type":"Feature","properties":{"name":"Road — destroyed","damage":"Destroyed","area":"Bidur","stroke":"#111827","stroke-width":3,"marker-color":"#111827"},"geometry":{"type":"LineString","coordinates":[[85.18439,27.9748],[85.18427,27.97479],[85.18418,27.97479],[85.18413,27.9748]]}},{"type":"Feature","properties":{"name":"Road — destroyed","damage":"Destroyed","area":"Bidur","stroke":"#111827","stroke-width":3,"marker-color":"#111827"},"geometry":{"type":"LineString","coordinates":[[85.18413,27.9748],[85.18412,27.9748],[85.18407,27.97483],[85.18404,27.97487],[85.18402,27.97489]]}},{"type":"Feature","properties":{"name":"Road — destroyed","damage":"Destroyed","area":"Bidur","stroke":"#111827","stroke-width":3,"marker-color":"#111827"},"geometry":{"type":"LineString","coordinates":[[85.18494,27.9749],[85.18468,27.97487],[85.18461,27.97486],[85.18443,27.97481],[85.18439,27.9748]]}},{"type":"Feature","properties":{"name":"Road — destroyed","damage":"Destroyed","area":"Bidur","stroke":"#111827","stroke-width":3,"marker-color":"#111827"},"geometry":{"type":"LineString","coordinates":[[85.18402,27.97489],[85.18401,27.97494],[85.18398,27.97505],[85.18397,27.97508]]}},{"type":"Feature","properties":{"name":"Road — destroyed","damage":"Destroyed","area":"Bidur","stroke":"#111827","stroke-width":3,"marker-color":"#111827"},"geometry":{"type":"LineString","coordinates":[[85.18059,27.97719],[85.18074,27.97694],[85.18079,27.97683],[85.18084,27.97668],[85.18089,27.97657],[85.18094,27.97647],[85.18115,27.97613],[85.18117,27.9761],[85.18119,27.97603],[85.1812,27.976],[85.1812,27.97595],[85.18119,27.97589],[85.18116,27.97581],[85.18117,27.97575],[85.18123,27.97557],[85.18128,27.97546],[85.1813,27.97536],[85.18133,27.97525],[85.18134,27.97509],[85.18131,27.97494],[85.18124,27.97477],[85.18113,27.97443],[85.18103,27.97419],[85.18087,27.97384],[85.18082,27.97365],[85.18074,27.97341],[85.18069,27.97332],[85.18067,27.9733]]}},{"type":"Feature","properties":{"name":"Road — damaged","damage":"Damaged","area":"Bidur","stroke":"#111827","stroke-width":3,"marker-color":"#111827"},"geometry":{"type":"LineString","coordinates":[[85.18397,27.97508],[85.18394,27.9754],[85.18395,27.97597],[85.18394,27.97606],[85.18394,27.97608]]}},{"type":"Feature","properties":{"name":"Road — destroyed","damage":"Destroyed","area":"Bidur","stroke":"#111827","stroke-width":3,"marker-color":"#111827"},"geometry":{"type":"LineString","coordinates":[[85.18394,27.97608],[85.18392,27.97615],[85.18389,27.97625]]}},{"type":"Feature","properties":{"name":"Road — destroyed","damage":"Destroyed","area":"Bidur","stroke":"#111827","stroke-width":3,"marker-color":"#111827"},"geometry":{"type":"LineString","coordinates":[[85.18058,27.97663],[85.18056,27.97674],[85.18053,27.97691],[85.18054,27.97702],[85.18053,27.97712],[85.18052,27.97717],[85.18051,27.9772],[85.18051,27.97723],[85.18052,27.97723],[85.18054,27.97724],[85.18059,27.97719]]}},{"type":"Feature","properties":{"name":"Road — destroyed","damage":"Destroyed","area":"Bidur","stroke":"#111827","stroke-width":3,"marker-color":"#111827"},"geometry":{"type":"LineString","coordinates":[[85.17765,27.98225],[85.1778,27.98222],[85.17795,27.98196],[85.17861,27.98135],[85.17906,27.98049],[85.1791,27.98016],[85.17948,27.97947],[85.1797,27.97906],[85.17981,27.97889],[85.17989,27.97864],[85.17994,27.97848],[85.18008,27.97829],[85.18013,27.97821],[85.18018,27.97811],[85.18021,27.97798],[85.18034,27.97775],[85.18059,27.97719]]}},{"type":"Feature","properties":{"name":"Road — destroyed","damage":"Destroyed","area":"Bidur","stroke":"#111827","stroke-width":3,"marker-color":"#111827"},"geometry":{"type":"LineString","coordinates":[[85.13747,27.91921],[85.13731,27.91911],[85.1373,27.91901],[85.1373,27.91896],[85.13737,27.91877],[85.13731,27.91865],[85.13728,27.91858],[85.13712,27.91833],[85.13685,27.91811],[85.1367,27.91807],[85.1366,27.91805]]}},{"type":"Feature","properties":{"name":"Road — destroyed","damage":"Destroyed","area":"Bidur","stroke":"#111827","stroke-width":3,"marker-color":"#111827"},"geometry":{"type":"LineString","coordinates":[[85.13747,27.91921],[85.13747,27.91924],[85.13732,27.91931],[85.13733,27.91939],[85.13751,27.91959],[85.13777,27.91974],[85.13817,27.91985],[85.13819,27.91998],[85.13819,27.92018],[85.13822,27.92027]]}},{"type":"Feature","properties":{"name":"Road — destroyed","damage":"Destroyed","area":"Bidur","stroke":"#111827","stroke-width":3,"marker-color":"#111827"},"geometry":{"type":"LineString","coordinates":[[85.13849,27.91976],[85.1383,27.9198],[85.13817,27.91985],[85.13811,27.91994],[85.13806,27.92008]]}},{"type":"Feature","properties":{"name":"Road — destroyed","damage":"Destroyed","area":"Bidur","stroke":"#111827","stroke-width":3,"marker-color":"#111827"},"geometry":{"type":"LineString","coordinates":[[85.14495,27.91907],[85.14491,27.91914],[85.14486,27.91922],[85.14485,27.91928],[85.14483,27.91934],[85.14477,27.91946],[85.14478,27.91953],[85.14477,27.91955],[85.14468,27.91956],[85.14451,27.91957],[85.14444,27.91961],[85.14442,27.91964]]}},{"type":"Feature","properties":{"name":"Road — destroyed","damage":"Destroyed","area":"Bidur","stroke":"#111827","stroke-width":3,"marker-color":"#111827"},"geometry":{"type":"LineString","coordinates":[[85.14752,27.92211],[85.14746,27.92201],[85.14738,27.92193],[85.14722,27.92188],[85.14704,27.92187],[85.14698,27.92182],[85.14698,27.92176],[85.14703,27.92172],[85.14708,27.92172],[85.14728,27.92177],[85.1475,27.92181],[85.1477,27.92184]]}},{"type":"Feature","properties":{"name":"Road — destroyed","damage":"Destroyed","area":"Bidur","stroke":"#111827","stroke-width":3,"marker-color":"#111827"},"geometry":{"type":"LineString","coordinates":[[85.1475,27.92217],[85.1473,27.92217]]}},{"type":"Feature","properties":{"name":"Road — destroyed","damage":"Destroyed","area":"Bidur","stroke":"#111827","stroke-width":3,"marker-color":"#111827"},"geometry":{"type":"LineString","coordinates":[[85.14977,27.92354],[85.14972,27.9237],[85.14976,27.9238],[85.14979,27.92411],[85.14977,27.92421],[85.14978,27.92429]]}},{"type":"Feature","properties":{"name":"Road — destroyed","damage":"Destroyed","area":"Bidur","stroke":"#111827","stroke-width":3,"marker-color":"#111827"},"geometry":{"type":"LineString","coordinates":[[85.1489,27.92341],[85.14904,27.92376],[85.14912,27.92417],[85.14923,27.92448]]}},{"type":"Feature","properties":{"name":"Road — destroyed","damage":"Destroyed","area":"Bidur","stroke":"#111827","stroke-width":3,"marker-color":"#111827"},"geometry":{"type":"LineString","coordinates":[[85.14922,27.92585],[85.14911,27.92539],[85.14905,27.92505],[85.14903,27.92499],[85.14892,27.92461],[85.14872,27.9241],[85.14864,27.92391],[85.14852,27.92365],[85.14833,27.9233],[85.14829,27.92322],[85.14815,27.92298],[85.14802,27.92276],[85.14798,27.92265],[85.14797,27.92261],[85.14791,27.92246],[85.14778,27.92232],[85.1475,27.92217]]}},{"type":"Feature","properties":{"name":"Road — destroyed","damage":"Destroyed","area":"Bidur","stroke":"#111827","stroke-width":3,"marker-color":"#111827"},"geometry":{"type":"LineString","coordinates":[[85.14892,27.92461],[85.1491,27.92453],[85.14923,27.92448],[85.14962,27.92441]]}},{"type":"Feature","properties":{"name":"Road — destroyed","damage":"Destroyed","area":"Bidur","stroke":"#111827","stroke-width":3,"marker-color":"#111827"},"geometry":{"type":"LineString","coordinates":[[85.14787,27.92438],[85.1479,27.92446],[85.14806,27.9247],[85.14815,27.92482],[85.14818,27.92484],[85.14892,27.92461]]}},{"type":"Feature","properties":{"name":"Road — destroyed","damage":"Destroyed","area":"Bidur","stroke":"#111827","stroke-width":3,"marker-color":"#111827"},"geometry":{"type":"LineString","coordinates":[[85.14848,27.92524],[85.14905,27.92505],[85.14938,27.92502],[85.14955,27.925],[85.14962,27.9249],[85.14966,27.92468]]}},{"type":"Feature","properties":{"name":"Road — destroyed","damage":"Destroyed","area":"Bidur","stroke":"#111827","stroke-width":3,"marker-color":"#111827"},"geometry":{"type":"LineString","coordinates":[[85.14848,27.92524],[85.14847,27.92528],[85.14847,27.92534],[85.14851,27.92542],[85.14871,27.92566],[85.14877,27.92587],[85.14878,27.92612]]}},{"type":"Feature","properties":{"name":"Road — destroyed","damage":"Destroyed","area":"Bidur","stroke":"#111827","stroke-width":3,"marker-color":"#111827"},"geometry":{"type":"LineString","coordinates":[[85.14881,27.92668],[85.14886,27.92679],[85.14893,27.92687],[85.1491,27.92682],[85.1493,27.92662],[85.14933,27.9265],[85.14925,27.92597],[85.14922,27.92585]]}},{"type":"Feature","properties":{"name":"Road — destroyed","damage":"Destroyed","area":"Bidur","stroke":"#111827","stroke-width":3,"marker-color":"#111827"},"geometry":{"type":"LineString","coordinates":[[85.15017,27.92694],[85.15022,27.92681],[85.15025,27.92651],[85.15024,27.92645],[85.15023,27.92641],[85.15017,27.92638],[85.15001,27.92632],[85.14994,27.92629],[85.14987,27.92622],[85.14975,27.9261],[85.14958,27.92599],[85.14938,27.92591],[85.14922,27.92585]]}},{"type":"Feature","properties":{"name":"Road — destroyed","damage":"Destroyed","area":"Bidur","stroke":"#111827","stroke-width":3,"marker-color":"#111827"},"geometry":{"type":"LineString","coordinates":[[85.15178,27.92685],[85.15178,27.92674],[85.15178,27.92662],[85.15179,27.9266]]}},{"type":"Feature","properties":{"name":"Road — destroyed","damage":"Destroyed","area":"Bidur","stroke":"#111827","stroke-width":3,"marker-color":"#111827"},"geometry":{"type":"LineString","coordinates":[[85.14875,27.92753],[85.14894,27.92767],[85.14892,27.92744],[85.14894,27.92716],[85.14893,27.92687]]}},{"type":"Feature","properties":{"name":"Road — destroyed","damage":"Destroyed","area":"Bidur","stroke":"#111827","stroke-width":3,"marker-color":"#111827"},"geometry":{"type":"LineString","coordinates":[[85.15089,27.92895],[85.15089,27.92894],[85.1509,27.92874],[85.151,27.92864]]}},{"type":"Feature","properties":{"name":"Road — destroyed","damage":"Destroyed","area":"Bidur","stroke":"#111827","stroke-width":3,"marker-color":"#111827"},"geometry":{"type":"LineString","coordinates":[[85.18946,27.97703],[85.18944,27.97701],[85.1894,27.97698]]}},{"type":"Feature","properties":{"name":"Road — destroyed","damage":"Destroyed","area":"Bidur","stroke":"#111827","stroke-width":3,"marker-color":"#111827"},"geometry":{"type":"LineString","coordinates":[[85.1894,27.97698],[85.18938,27.97698],[85.18933,27.97698],[85.18926,27.977],[85.18917,27.97703],[85.18913,27.97706],[85.18913,27.97708]]}},{"type":"Feature","properties":{"name":"Road — destroyed","damage":"Destroyed","area":"Bidur","stroke":"#111827","stroke-width":3,"marker-color":"#111827"},"geometry":{"type":"LineString","coordinates":[[85.18951,27.97707],[85.18946,27.97703]]}},{"type":"Feature","properties":{"name":"Road — destroyed","damage":"Destroyed","area":"Bidur","stroke":"#111827","stroke-width":3,"marker-color":"#111827"},"geometry":{"type":"LineString","coordinates":[[85.18402,27.97489],[85.184,27.97489],[85.18397,27.9749],[85.18394,27.97491],[85.18392,27.97493],[85.18391,27.97497],[85.18388,27.9751],[85.18386,27.97521],[85.1838,27.97532],[85.18372,27.97545],[85.18312,27.97607],[85.18296,27.97626],[85.18286,27.97641],[85.18272,27.97671],[85.1825,27.97728],[85.18241,27.97742],[85.1821,27.97812],[85.18208,27.97821],[85.1821,27.97827],[85.18241,27.9785],[85.18244,27.97854],[85.18243,27.9786],[85.18229,27.97919],[85.18228,27.97947],[85.18226,27.9795],[85.18214,27.97961],[85.18201,27.97996],[85.18188,27.98017],[85.18162,27.98087],[85.1816,27.98105],[85.18126,27.98147],[85.18122,27.98164],[85.18123,27.98183],[85.18114,27.98209],[85.18113,27.98219],[85.18114,27.98238],[85.1812,27.98253],[85.18136,27.98286]]}},{"type":"Feature","properties":{"name":"Road — destroyed","damage":"Destroyed","area":"Bidur","stroke":"#111827","stroke-width":3,"marker-color":"#111827"},"geometry":{"type":"LineString","coordinates":[[85.17562,27.98261],[85.17564,27.98254],[85.17567,27.9825],[85.17575,27.98246],[85.17583,27.98246],[85.17588,27.98248],[85.17593,27.98251],[85.17601,27.98259],[85.17608,27.98265],[85.17617,27.98269],[85.17629,27.98271],[85.17642,27.98269],[85.17696,27.98245],[85.17746,27.98229],[85.17765,27.98225]]}},{"type":"Feature","properties":{"name":"Road — destroyed","damage":"Destroyed","area":"Bidur","stroke":"#111827","stroke-width":3,"marker-color":"#111827"},"geometry":{"type":"LineString","coordinates":[[85.17552,27.98314],[85.17557,27.98287],[85.17562,27.98261]]}},{"type":"Feature","properties":{"name":"Road — destroyed","damage":"Destroyed","area":"Bidur","stroke":"#111827","stroke-width":3,"marker-color":"#111827"},"geometry":{"type":"LineString","coordinates":[[85.17634,27.98379],[85.17615,27.98369],[85.17581,27.98353],[85.17561,27.98337],[85.17552,27.98314]]}},{"type":"Feature","properties":{"name":"Road — destroyed","damage":"Destroyed","area":"Bidur","stroke":"#111827","stroke-width":3,"marker-color":"#111827"},"geometry":{"type":"LineString","coordinates":[[85.17643,27.98371],[85.17634,27.98345],[85.17618,27.98333],[85.17596,27.98322]]}},{"type":"Feature","properties":{"name":"Road — destroyed","damage":"Destroyed","area":"Bidur","stroke":"#111827","stroke-width":3,"marker-color":"#111827"},"geometry":{"type":"LineString","coordinates":[[85.17641,27.98382],[85.17615,27.98369],[85.17581,27.98353],[85.17561,27.98337],[85.17552,27.98314]]}},{"type":"Feature","properties":{"name":"Road — destroyed","damage":"Destroyed","area":"Bidur","stroke":"#111827","stroke-width":3,"marker-color":"#111827"},"geometry":{"type":"LineString","coordinates":[[85.17666,27.9834],[85.17654,27.9835],[85.17647,27.98379]]}},{"type":"Feature","properties":{"name":"Road — destroyed","damage":"Destroyed","area":"Bidur","stroke":"#111827","stroke-width":3,"marker-color":"#111827"},"geometry":{"type":"LineString","coordinates":[[85.17752,27.98353],[85.17663,27.98354],[85.17634,27.98379]]}},{"type":"Feature","properties":{"name":"Road — destroyed","damage":"Destroyed","area":"Bidur","stroke":"#111827","stroke-width":3,"marker-color":"#111827"},"geometry":{"type":"LineString","coordinates":[[85.17762,27.9839],[85.17727,27.98381],[85.1769,27.9837],[85.17657,27.98369],[85.17634,27.98379]]}},{"type":"Feature","properties":{"name":"Road — destroyed","damage":"Destroyed","area":"Bidur","stroke":"#111827","stroke-width":3,"marker-color":"#111827"},"geometry":{"type":"LineString","coordinates":[[85.17634,27.98379],[85.17623,27.98381],[85.17603,27.98381],[85.17563,27.98379]]}},{"type":"Feature","properties":{"name":"Road — destroyed","damage":"Destroyed","area":"Bidur","stroke":"#111827","stroke-width":3,"marker-color":"#111827"},"geometry":{"type":"LineString","coordinates":[[85.17885,27.98394],[85.17887,27.98383],[85.17883,27.98373],[85.17849,27.98388],[85.17802,27.98389],[85.1778,27.98389]]}},{"type":"Feature","properties":{"name":"Road — destroyed","damage":"Destroyed","area":"Bidur","stroke":"#111827","stroke-width":3,"marker-color":"#111827"},"geometry":{"type":"LineString","coordinates":[[85.1778,27.98389],[85.17762,27.9839]]}},{"type":"Feature","properties":{"name":"Road — destroyed","damage":"Destroyed","area":"Bidur","stroke":"#111827","stroke-width":3,"marker-color":"#111827"},"geometry":{"type":"LineString","coordinates":[[85.1778,27.98389],[85.17754,27.9839]]}},{"type":"Feature","properties":{"name":"Road — destroyed","damage":"Destroyed","area":"Bidur","stroke":"#111827","stroke-width":3,"marker-color":"#111827"},"geometry":{"type":"LineString","coordinates":[[85.18136,27.98286],[85.18138,27.98291]]}},{"type":"Feature","properties":{"name":"Road — destroyed","damage":"Destroyed","area":"Bidur","stroke":"#111827","stroke-width":3,"marker-color":"#111827"},"geometry":{"type":"LineString","coordinates":[[85.18138,27.98291],[85.1815,27.98316]]}},{"type":"Feature","properties":{"name":"Road — destroyed","damage":"Destroyed","area":"Bidur","stroke":"#111827","stroke-width":3,"marker-color":"#111827"},"geometry":{"type":"LineString","coordinates":[[85.1815,27.98316],[85.18157,27.98332],[85.18158,27.98334]]}},{"type":"Feature","properties":{"name":"Road — destroyed","damage":"Destroyed","area":"Bidur","stroke":"#111827","stroke-width":3,"marker-color":"#111827"},"geometry":{"type":"LineString","coordinates":[[85.18158,27.98334],[85.1818,27.98375],[85.18179,27.98385],[85.1817,27.98496],[85.1818,27.9862],[85.1818,27.98648],[85.18176,27.98671],[85.1817,27.98691],[85.18172,27.98714],[85.18203,27.9874],[85.18225,27.98794],[85.18259,27.98825],[85.18253,27.98869],[85.18257,27.98897],[85.18262,27.98919],[85.18281,27.98929],[85.18299,27.98936],[85.18325,27.98975],[85.18326,27.98994],[85.18332,27.99008],[85.18353,27.99053],[85.18352,27.99099],[85.18381,27.99181],[85.18415,27.99283]]}},{"type":"Feature","properties":{"name":"Road — destroyed","damage":"Destroyed","area":"Bidur","stroke":"#111827","stroke-width":3,"marker-color":"#111827"},"geometry":{"type":"LineString","coordinates":[[85.18128,27.99163],[85.18146,27.99183],[85.1815,27.99207],[85.18149,27.99228],[85.18155,27.99248],[85.18168,27.99269],[85.18171,27.99294],[85.18186,27.99317],[85.18187,27.99323]]}},{"type":"Feature","properties":{"name":"Road — destroyed","damage":"Destroyed","area":"Bidur","stroke":"#111827","stroke-width":3,"marker-color":"#111827"},"geometry":{"type":"LineString","coordinates":[[85.18187,27.99323],[85.18189,27.99343],[85.18199,27.99365],[85.1822,27.99401],[85.18238,27.99433],[85.18249,27.99458],[85.18247,27.99472]]}},{"type":"Feature","properties":{"name":"Road — destroyed","damage":"Destroyed","area":"Bidur","stroke":"#111827","stroke-width":3,"marker-color":"#111827"},"geometry":{"type":"LineString","coordinates":[[85.18206,27.99377],[85.18241,27.9941],[85.18256,27.99425],[85.18279,27.99441],[85.18294,27.99442],[85.18313,27.99435],[85.18327,27.99441],[85.18341,27.99456],[85.18361,27.9948],[85.18398,27.9951],[85.18425,27.99541],[85.18457,27.99568]]}},{"type":"Feature","properties":{"name":"Road — destroyed","damage":"Destroyed","area":"Bidur","stroke":"#111827","stroke-width":3,"marker-color":"#111827"},"geometry":{"type":"LineString","coordinates":[[85.18332,27.9962],[85.18321,27.99602],[85.18311,27.99573],[85.18319,27.99561],[85.18331,27.99555]]}},{"type":"Feature","properties":{"name":"Road — destroyed","damage":"Destroyed","area":"Bidur","stroke":"#111827","stroke-width":3,"marker-color":"#111827"},"geometry":{"type":"LineString","coordinates":[[85.18298,27.99619],[85.18339,27.99621],[85.18369,27.99624],[85.18427,27.99642]]}},{"type":"Feature","properties":{"name":"Road — destroyed","damage":"Destroyed","area":"Bidur","stroke":"#111827","stroke-width":3,"marker-color":"#111827"},"geometry":{"type":"LineString","coordinates":[[85.18415,27.99283],[85.18439,27.99354],[85.18442,27.99399],[85.18449,27.99439],[85.18472,27.9947],[85.18501,27.99509],[85.1852,27.99525],[85.18481,27.99548],[85.18447,27.99577],[85.18432,27.99605],[85.18427,27.99647],[85.18455,27.99722],[85.18453,27.9981],[85.18439,27.99844],[85.18432,27.99873],[85.18416,27.99928],[85.18386,27.99965],[85.18361,28.0001]]}},{"type":"Feature","properties":{"name":"Road — destroyed","damage":"Destroyed","area":"Bidur","stroke":"#111827","stroke-width":3,"marker-color":"#111827"},"geometry":{"type":"LineString","coordinates":[[85.18451,27.99711],[85.18488,27.9972],[85.18512,27.99717],[85.18533,27.99703],[85.18538,27.9969],[85.18535,27.99674],[85.18523,27.99654]]}},{"type":"Feature","properties":{"name":"Road — destroyed","damage":"Destroyed","area":"Bidur","stroke":"#111827","stroke-width":3,"marker-color":"#111827"},"geometry":{"type":"LineString","coordinates":[[85.18439,27.99681],[85.18393,27.99711],[85.18382,27.99719],[85.18366,27.99722],[85.18355,27.99716]]}},{"type":"Feature","properties":{"name":"Road — destroyed","damage":"Destroyed","area":"Bidur","stroke":"#111827","stroke-width":3,"marker-color":"#111827"},"geometry":{"type":"LineString","coordinates":[[85.18572,28.00029],[85.18587,28.00001],[85.18616,27.99961],[85.18624,27.9993],[85.18635,27.99872],[85.18644,27.99815],[85.1865,27.9978],[85.18649,27.99763],[85.18655,27.99722],[85.18655,27.99695],[85.18652,27.99687]]}},{"type":"Feature","properties":{"name":"Road — destroyed","damage":"Destroyed","area":"Bidur","stroke":"#111827","stroke-width":3,"marker-color":"#111827"},"geometry":{"type":"LineString","coordinates":[[85.18585,28.00366],[85.18571,28.00353],[85.18559,28.00338],[85.18546,28.00331],[85.1854,28.00308],[85.18515,28.00237],[85.18508,28.00219],[85.18517,28.00179],[85.18516,28.00143],[85.18518,28.00104]]}},{"type":"Feature","properties":{"name":"Road — destroyed","damage":"Destroyed","area":"Bidur","stroke":"#111827","stroke-width":3,"marker-color":"#111827"},"geometry":{"type":"LineString","coordinates":[[85.1854,28.00308],[85.18594,28.00308]]}},{"type":"Feature","properties":{"name":"Road — destroyed","damage":"Destroyed","area":"Bidur","stroke":"#111827","stroke-width":3,"marker-color":"#111827"},"geometry":{"type":"LineString","coordinates":[[85.18361,28.0001],[85.18348,28.00033],[85.18334,28.00104],[85.18333,28.00166],[85.18341,28.00197],[85.1834,28.00238],[85.18332,28.00331],[85.18344,28.00367],[85.18352,28.00519],[85.18341,28.0056],[85.18304,28.00629],[85.18309,28.0071],[85.18303,28.0079],[85.18286,28.00826],[85.18276,28.00866],[85.18261,28.00908]]}},{"type":"Feature","properties":{"name":"Road — destroyed","damage":"Destroyed","area":"Bidur","stroke":"#111827","stroke-width":3,"marker-color":"#111827"},"geometry":{"type":"LineString","coordinates":[[85.18572,28.00029],[85.18542,28.00063],[85.18525,28.00088],[85.18511,28.00119],[85.18504,28.00147],[85.18487,28.00184],[85.18464,28.00226],[85.18449,28.00263],[85.18455,28.00292],[85.18472,28.00336],[85.18485,28.00404],[85.18476,28.00479],[85.18458,28.00606],[85.1842,28.00748],[85.18408,28.00788],[85.18399,28.00834],[85.18405,28.00858],[85.18417,28.00897]]}},{"type":"Feature","properties":{"name":"Road — destroyed","damage":"Destroyed","area":"Bidur","stroke":"#111827","stroke-width":3,"marker-color":"#111827"},"geometry":{"type":"LineString","coordinates":[[85.18467,28.00539],[85.18482,28.00528],[85.18507,28.00534]]}},{"type":"Feature","properties":{"name":"Bridge — destroyed","damage":"Destroyed","area":"Bidur","stroke":"#111827","stroke-width":3,"marker-color":"#111827","marker-symbol":"bridge"},"geometry":{"type":"Point","coordinates":[85.10902,27.85843]}},{"type":"Feature","properties":{"name":"Bridge — destroyed","damage":"Destroyed","area":"Bidur","stroke":"#111827","stroke-width":3,"marker-color":"#111827","marker-symbol":"bridge"},"geometry":{"type":"Point","coordinates":[85.10805,27.86057]}},{"type":"Feature","properties":{"name":"Bridge — destroyed","damage":"Destroyed","area":"Bidur","stroke":"#111827","stroke-width":3,"marker-color":"#111827","marker-symbol":"bridge"},"geometry":{"type":"Point","coordinates":[85.11628,27.87037]}},{"type":"Feature","properties":{"name":"Bridge — destroyed","damage":"Destroyed","area":"Bidur","stroke":"#111827","stroke-width":3,"marker-color":"#111827","marker-symbol":"bridge"},"geometry":{"type":"Point","coordinates":[85.13639,27.89232]}},{"type":"Feature","properties":{"name":"Bridge — destroyed","damage":"Destroyed","area":"Bidur","stroke":"#111827","stroke-width":3,"marker-color":"#111827","marker-symbol":"bridge"},"geometry":{"type":"Point","coordinates":[85.13872,27.90949]}},{"type":"Feature","properties":{"name":"Bridge — destroyed","damage":"Destroyed","area":"Bidur","stroke":"#111827","stroke-width":3,"marker-color":"#111827","marker-symbol":"bridge"},"geometry":{"type":"Point","coordinates":[85.13733,27.91887]}},{"type":"Feature","properties":{"name":"Bridge — destroyed","damage":"Destroyed","area":"Bidur","stroke":"#111827","stroke-width":3,"marker-color":"#111827","marker-symbol":"bridge"},"geometry":{"type":"Point","coordinates":[85.14797,27.92132]}},{"type":"Feature","properties":{"name":"Bridge — destroyed","damage":"Destroyed","area":"Bidur","stroke":"#111827","stroke-width":3,"marker-color":"#111827","marker-symbol":"bridge"},"geometry":{"type":"Point","coordinates":[85.14945,27.92183]}},{"type":"Feature","properties":{"name":"Bridge — destroyed","damage":"Destroyed","area":"Bidur","stroke":"#111827","stroke-width":3,"marker-color":"#111827","marker-symbol":"bridge"},"geometry":{"type":"Point","coordinates":[85.15008,27.92767]}},{"type":"Feature","properties":{"name":"Bridge — destroyed","damage":"Destroyed","area":"Bidur","stroke":"#111827","stroke-width":3,"marker-color":"#111827","marker-symbol":"bridge"},"geometry":{"type":"Point","coordinates":[85.1583,27.93934]}},{"type":"Feature","properties":{"name":"Bridge — destroyed","damage":"Destroyed","area":"Bidur","stroke":"#111827","stroke-width":3,"marker-color":"#111827","marker-symbol":"bridge"},"geometry":{"type":"Point","coordinates":[85.15949,27.94578]}},{"type":"Feature","properties":{"name":"Bridge — destroyed","damage":"Destroyed","area":"Bidur","stroke":"#111827","stroke-width":3,"marker-color":"#111827","marker-symbol":"bridge"},"geometry":{"type":"Point","coordinates":[85.16288,27.94855]}},{"type":"Feature","properties":{"name":"Bridge — destroyed","damage":"Destroyed","area":"Bidur","stroke":"#111827","stroke-width":3,"marker-color":"#111827","marker-symbol":"bridge"},"geometry":{"type":"Point","coordinates":[85.1642,27.95519]}},{"type":"Feature","properties":{"name":"Bridge — destroyed","damage":"Destroyed","area":"Bidur","stroke":"#111827","stroke-width":3,"marker-color":"#111827","marker-symbol":"bridge"},"geometry":{"type":"Point","coordinates":[85.16374,27.95575]}},{"type":"Feature","properties":{"name":"Bridge — destroyed","damage":"Destroyed","area":"Bidur","stroke":"#111827","stroke-width":3,"marker-color":"#111827","marker-symbol":"bridge"},"geometry":{"type":"Point","coordinates":[85.1665,27.95828]}},{"type":"Feature","properties":{"name":"Bridge — destroyed","damage":"Destroyed","area":"Bidur","stroke":"#111827","stroke-width":3,"marker-color":"#111827","marker-symbol":"bridge"},"geometry":{"type":"Point","coordinates":[85.16931,27.96308]}},{"type":"Feature","properties":{"name":"Bridge — destroyed","damage":"Destroyed","area":"Bidur","stroke":"#111827","stroke-width":3,"marker-color":"#111827","marker-symbol":"bridge"},"geometry":{"type":"Point","coordinates":[85.17286,27.96367]}},{"type":"Feature","properties":{"name":"Bridge — destroyed","damage":"Destroyed","area":"Bidur","stroke":"#111827","stroke-width":3,"marker-color":"#111827","marker-symbol":"bridge"},"geometry":{"type":"Point","coordinates":[85.17349,27.96392]}},{"type":"Feature","properties":{"name":"Bridge — destroyed","damage":"Destroyed","area":"Bidur","stroke":"#111827","stroke-width":3,"marker-color":"#111827","marker-symbol":"bridge"},"geometry":{"type":"Point","coordinates":[85.18444,27.97249]}},{"type":"Feature","properties":{"name":"Bridge — destroyed","damage":"Destroyed","area":"Bidur","stroke":"#111827","stroke-width":3,"marker-color":"#111827","marker-symbol":"bridge"},"geometry":{"type":"Point","coordinates":[85.18566,27.97448]}},{"type":"Feature","properties":{"name":"Bridge — destroyed","damage":"Destroyed","area":"Bidur","stroke":"#111827","stroke-width":3,"marker-color":"#111827","marker-symbol":"bridge"},"geometry":{"type":"Point","coordinates":[85.18147,27.97906]}},{"type":"Feature","properties":{"name":"Bridge — destroyed","damage":"Destroyed","area":"Bidur","stroke":"#111827","stroke-width":3,"marker-color":"#111827","marker-symbol":"bridge"},"geometry":{"type":"Point","coordinates":[85.17979,27.982]}},{"type":"Feature","properties":{"name":"Bridge — destroyed","damage":"Destroyed","area":"Bidur","stroke":"#111827","stroke-width":3,"marker-color":"#111827","marker-symbol":"bridge"},"geometry":{"type":"Point","coordinates":[85.17557,27.98287]}},{"type":"Feature","properties":{"name":"Bridge — destroyed","damage":"Destroyed","area":"Bidur","stroke":"#111827","stroke-width":3,"marker-color":"#111827","marker-symbol":"bridge"},"geometry":{"type":"Point","coordinates":[85.18493,27.99541]}},{"type":"Feature","properties":{"name":"Road — damaged","damage":"Damaged","area":"Phosretar","stroke":"#111827","stroke-width":3,"marker-color":"#111827"},"geometry":{"type":"LineString","coordinates":[[84.9801,27.8009],[84.98022,27.80089],[84.98093,27.80077],[84.98109,27.80076],[84.98127,27.80074],[84.98165,27.8008],[84.98289,27.80089],[84.98305,27.80089],[84.98328,27.80089],[84.98352,27.80087]]}},{"type":"Feature","properties":{"name":"Road — damaged","damage":"Damaged","area":"Phosretar","stroke":"#111827","stroke-width":3,"marker-color":"#111827"},"geometry":{"type":"LineString","coordinates":[[84.9801,27.80091],[84.9801,27.8009]]}},{"type":"Feature","properties":{"name":"Road — destroyed","damage":"Destroyed","area":"Phosretar","stroke":"#111827","stroke-width":3,"marker-color":"#111827"},"geometry":{"type":"LineString","coordinates":[[84.9897,27.80006],[84.98976,27.80011],[84.98977,27.80011]]}},{"type":"Feature","properties":{"name":"Road — destroyed","damage":"Destroyed","area":"Phosretar","stroke":"#111827","stroke-width":3,"marker-color":"#111827"},"geometry":{"type":"LineString","coordinates":[[84.98824,27.80045],[84.98826,27.80067],[84.98827,27.80083],[84.98835,27.80094],[84.98836,27.80097]]}},{"type":"Feature","properties":{"name":"Road — destroyed","damage":"Destroyed","area":"Phosretar","stroke":"#111827","stroke-width":3,"marker-color":"#111827"},"geometry":{"type":"LineString","coordinates":[[85.00198,27.80087],[85.00172,27.80075]]}},{"type":"Feature","properties":{"name":"Road — destroyed","damage":"Destroyed","area":"Phosretar","stroke":"#111827","stroke-width":3,"marker-color":"#111827"},"geometry":{"type":"LineString","coordinates":[[84.98734,27.8011],[84.98719,27.80061]]}},{"type":"Feature","properties":{"name":"Road — destroyed","damage":"Destroyed","area":"Phosretar","stroke":"#111827","stroke-width":3,"marker-color":"#111827"},"geometry":{"type":"LineString","coordinates":[[84.98804,27.80101],[84.98827,27.801],[84.98835,27.80094]]}},{"type":"Feature","properties":{"name":"Road — damaged","damage":"Damaged","area":"Phosretar","stroke":"#111827","stroke-width":3,"marker-color":"#111827"},"geometry":{"type":"LineString","coordinates":[[84.98008,27.80091],[84.9801,27.80091]]}},{"type":"Feature","properties":{"name":"Road — destroyed","damage":"Destroyed","area":"Phosretar","stroke":"#111827","stroke-width":3,"marker-color":"#111827"},"geometry":{"type":"LineString","coordinates":[[84.98578,27.80079],[84.98557,27.80106],[84.98539,27.80105],[84.98501,27.80081]]}},{"type":"Feature","properties":{"name":"Road — destroyed","damage":"Destroyed","area":"Phosretar","stroke":"#111827","stroke-width":3,"marker-color":"#111827"},"geometry":{"type":"LineString","coordinates":[[84.97994,27.80124],[84.97992,27.80115],[84.97991,27.80105],[84.9799,27.80094]]}},{"type":"Feature","properties":{"name":"Road — destroyed","damage":"Destroyed","area":"Phosretar","stroke":"#111827","stroke-width":3,"marker-color":"#111827"},"geometry":{"type":"LineString","coordinates":[[84.98295,27.80151],[84.98295,27.8015],[84.98297,27.80147],[84.98299,27.80142],[84.98301,27.80136],[84.98303,27.80127],[84.98305,27.80118],[84.98305,27.801],[84.98305,27.80089]]}},{"type":"Feature","properties":{"name":"Road — destroyed","damage":"Destroyed","area":"Phosretar","stroke":"#111827","stroke-width":3,"marker-color":"#111827"},"geometry":{"type":"LineString","coordinates":[[84.97996,27.80135],[84.97995,27.80128],[84.97994,27.80124]]}},{"type":"Feature","properties":{"name":"Bridge — damaged","damage":"Damaged","area":"Phosretar","stroke":"#111827","stroke-width":3,"marker-color":"#111827","marker-symbol":"bridge"},"geometry":{"type":"LineString","coordinates":[[84.97501,27.80072],[84.97507,27.80101],[84.9751,27.80125],[84.97519,27.80173],[84.97521,27.80196],[84.9752,27.802]]}},{"type":"Feature","properties":{"name":"Road — destroyed","damage":"Destroyed","area":"Phosretar","stroke":"#111827","stroke-width":3,"marker-color":"#111827"},"geometry":{"type":"MultiLineString","coordinates":[[[84.98836,27.80457],[84.98831,27.80459],[84.98826,27.80462]],[[84.98896,27.80422],[84.9889,27.80426]],[[84.98986,27.80286],[84.98985,27.80289],[84.9899,27.8031],[84.98998,27.80332]],[[84.98302,27.80253],[84.98293,27.80242],[84.9829,27.8024],[84.9829,27.80239]]]}},{"type":"Feature","properties":{"name":"Bridge — destroyed","damage":"Destroyed","area":"Phosretar","stroke":"#111827","stroke-width":3,"marker-color":"#111827","marker-symbol":"bridge"},"geometry":{"type":"MultiLineString","coordinates":[[[84.99094,27.80373],[84.99126,27.8038]],[[84.99017,27.80355],[84.99049,27.80362]]]}},{"type":"Feature","properties":{"name":"Road — destroyed","damage":"Destroyed","area":"Phosretar","stroke":"#111827","stroke-width":3,"marker-color":"#111827"},"geometry":{"type":"MultiLineString","coordinates":[[[84.98826,27.80462],[84.98821,27.80464]],[[84.98924,27.80404],[84.98896,27.80422]],[[84.98966,27.80379],[84.98965,27.8038]],[[84.98998,27.80332],[84.98999,27.80334],[84.98999,27.8034],[84.98998,27.80346],[84.98994,27.8035],[84.98988,27.80356],[84.98982,27.80363],[84.98977,27.80368],[84.98972,27.80376],[84.98971,27.80377]],[[84.98358,27.803],[84.98356,27.80297]],[[84.9829,27.80239],[84.98287,27.80238],[84.98271,27.80231],[84.98247,27.80219],[84.98237,27.80214],[84.98222,27.80209],[84.98217,27.80207],[84.98212,27.80204],[84.98205,27.802],[84.98199,27.80195],[84.98195,27.80191],[84.98192,27.80188],[84.98192,27.80184]]]}},{"type":"Feature","properties":{"name":"Road — destroyed","damage":"Destroyed","area":"Phosretar","stroke":"#111827","stroke-width":3,"marker-color":"#111827"},"geometry":{"type":"MultiLineString","coordinates":[[[84.98573,27.80423],[84.98561,27.80421],[84.98549,27.80417],[84.98539,27.80413],[84.98534,27.80411]],[[84.98454,27.80377],[84.98452,27.80376]],[[84.9843,27.80362],[84.98429,27.80361],[84.98423,27.80355]],[[84.98306,27.80258],[84.98302,27.80254],[84.98302,27.80253]]]}},{"type":"Feature","properties":{"name":"Road — damaged","damage":"Damaged","area":"Phosretar","stroke":"#111827","stroke-width":3,"marker-color":"#111827"},"geometry":{"type":"LineString","coordinates":[[84.96832,27.80657],[84.96834,27.80651],[84.96838,27.80646],[84.96847,27.8064],[84.96864,27.80637],[84.96869,27.80636],[84.9687,27.80636],[84.96871,27.80636],[84.96876,27.80636],[84.96878,27.80635],[84.96879,27.80635],[84.96882,27.80635],[84.96896,27.80632],[84.96915,27.8062],[84.96915,27.80619],[84.96918,27.80617],[84.96919,27.80615],[84.96937,27.80594],[84.96938,27.80593],[84.96995,27.80527],[84.97002,27.80522],[84.97002,27.80521],[84.97025,27.80503],[84.97025,27.80502],[84.97027,27.80501],[84.97028,27.805],[84.97037,27.80492],[84.97083,27.8046],[84.97095,27.80451],[84.97108,27.80437],[84.97115,27.80428],[84.97121,27.80417],[84.97127,27.80406],[84.97128,27.80396],[84.97128,27.80384],[84.97122,27.80374],[84.97111,27.80366],[84.97069,27.80343],[84.97059,27.80335],[84.97052,27.80325],[84.9705,27.80313],[84.9705,27.80303],[84.97055,27.80294],[84.97063,27.80284],[84.97082,27.8026],[84.97097,27.80235],[84.97106,27.80205],[84.97122,27.80175],[84.97144,27.8015],[84.97206,27.80109],[84.97218,27.80097],[84.97244,27.80069],[84.97257,27.80058],[84.97275,27.8005],[84.97289,27.80047],[84.97307,27.80051],[84.97317,27.80055],[84.97331,27.80061],[84.97362,27.80075],[84.9738,27.80079],[84.974,27.80079],[84.97422,27.80076],[84.97489,27.80049],[84.97525,27.80037],[84.97555,27.80028],[84.97586,27.80024],[84.97615,27.8002],[84.97646,27.80022],[84.97724,27.80038],[84.97783,27.80055],[84.97785,27.80056],[84.97791,27.80057],[84.97796,27.80059],[84.97895,27.80086],[84.9792,27.80093],[84.97953,27.80095],[84.9798,27.80094],[84.9799,27.80094],[84.98005,27.80091],[84.98008,27.80091]]}},{"type":"Feature","properties":{"name":"Road — destroyed","damage":"Destroyed","area":"Phosretar","stroke":"#111827","stroke-width":3,"marker-color":"#111827"},"geometry":{"type":"MultiLineString","coordinates":[[[84.98821,27.80464],[84.98813,27.80468],[84.98793,27.80472],[84.98769,27.80472],[84.98754,27.80476],[84.98743,27.80491],[84.98733,27.80497],[84.98716,27.80498],[84.98702,27.80498],[84.98693,27.80496],[84.98686,27.80495],[84.98676,27.80491],[84.98668,27.80486],[84.98639,27.80468],[84.98598,27.8043],[84.98579,27.80424],[84.98573,27.80423]],[[84.98965,27.8038],[84.98937,27.80395],[84.98924,27.80404]],[[84.98971,27.80377],[84.98968,27.80379],[84.98966,27.80379]],[[84.98423,27.80355],[84.98404,27.80339],[84.98397,27.80332],[84.98389,27.80323],[84.98384,27.80317],[84.98381,27.80313],[84.98378,27.80311],[84.98363,27.80304],[84.9836,27.80301],[84.98358,27.803]],[[84.98356,27.80297],[84.98349,27.80291],[84.98327,27.80275],[84.98316,27.80266],[84.98307,27.80258],[84.98306,27.80258]]]}},{"type":"Feature","properties":{"name":"Road — destroyed","damage":"Destroyed","area":"Phosretar","stroke":"#111827","stroke-width":3,"marker-color":"#111827"},"geometry":{"type":"MultiLineString","coordinates":[[[84.98534,27.80411],[84.98527,27.80408],[84.9851,27.804],[84.98504,27.80398],[84.98498,27.80396],[84.98485,27.80394],[84.9848,27.80392],[84.98475,27.8039],[84.98459,27.8038],[84.98454,27.80377]],[[84.98452,27.80376],[84.98441,27.80369],[84.9843,27.80362]]]}},{"type":"Feature","properties":{"name":"Road — damaged","damage":"Damaged","area":"Phosretar","stroke":"#111827","stroke-width":3,"marker-color":"#111827"},"geometry":{"type":"MultiLineString","coordinates":[[[84.9684,27.80683],[84.96838,27.80679]],[[84.96837,27.80675],[84.96832,27.80657]]]}},{"type":"Feature","properties":{"name":"Road — damaged","damage":"Damaged","area":"Phosretar","stroke":"#111827","stroke-width":3,"marker-color":"#111827"},"geometry":{"type":"MultiLineString","coordinates":[[[84.96844,27.80696],[84.9684,27.80683]],[[84.96838,27.80679],[84.96837,27.80675]]]}},{"type":"Feature","properties":{"name":"Road — damaged","damage":"Damaged","area":"Phosretar","stroke":"#111827","stroke-width":3,"marker-color":"#111827"},"geometry":{"type":"LineString","coordinates":[[84.96851,27.8072],[84.9685,27.80714],[84.96844,27.80696]]}},{"type":"Feature","properties":{"name":"Bridge — destroyed","damage":"Destroyed","area":"Phosretar","stroke":"#111827","stroke-width":3,"marker-color":"#111827","marker-symbol":"bridge"},"geometry":{"type":"LineString","coordinates":[[84.96885,27.80719],[84.96924,27.80724],[84.96972,27.80731],[84.97025,27.80739]]}},{"type":"Feature","properties":{"name":"Road — damaged","damage":"Damaged","area":"Phosretar","stroke":"#111827","stroke-width":3,"marker-color":"#111827"},"geometry":{"type":"LineString","coordinates":[[84.96848,27.80787],[84.96851,27.80767],[84.96853,27.80749],[84.96854,27.80737],[84.96851,27.8072]]}},{"type":"Feature","properties":{"name":"Road — destroyed","damage":"Destroyed","area":"Phosretar","stroke":"#111827","stroke-width":3,"marker-color":"#111827"},"geometry":{"type":"LineString","coordinates":[[84.95046,27.81129]]}},{"type":"Feature","properties":{"name":"Road — destroyed","damage":"Destroyed","area":"Phosretar","stroke":"#111827","stroke-width":3,"marker-color":"#111827"},"geometry":{"type":"LineString","coordinates":[[84.94318,27.81158],[84.94325,27.81175]]}},{"type":"Feature","properties":{"name":"Road — destroyed","damage":"Destroyed","area":"Phosretar","stroke":"#111827","stroke-width":3,"marker-color":"#111827"},"geometry":{"type":"LineString","coordinates":[[84.96769,27.80998],[84.96767,27.81002],[84.96766,27.81004],[84.96765,27.81006],[84.96765,27.81007],[84.96764,27.81012],[84.96763,27.81016],[84.96767,27.8102],[84.9677,27.8102],[84.96777,27.81018],[84.96782,27.81013],[84.96784,27.81011],[84.96787,27.81007],[84.96788,27.81007],[84.96791,27.81004],[84.96791,27.81003],[84.96794,27.81],[84.96805,27.80988],[84.96814,27.80983],[84.9682,27.80981],[84.96824,27.80984],[84.96826,27.80992],[84.96819,27.81003],[84.96797,27.81041]]}},{"type":"Feature","properties":{"name":"Road — destroyed","damage":"Destroyed","area":"Phosretar","stroke":"#111827","stroke-width":3,"marker-color":"#111827"},"geometry":{"type":"LineString","coordinates":[[84.95076,27.81215],[84.95071,27.81198],[84.95059,27.81173],[84.95056,27.81157],[84.95046,27.81129]]}},{"type":"Feature","properties":{"name":"Road — destroyed","damage":"Destroyed","area":"Phosretar","stroke":"#111827","stroke-width":3,"marker-color":"#111827"},"geometry":{"type":"LineString","coordinates":[[84.94778,27.81174],[84.94783,27.81175]]}},{"type":"Feature","properties":{"name":"Bridge — damaged","damage":"Damaged","area":"Phosretar","stroke":"#111827","stroke-width":3,"marker-color":"#111827","marker-symbol":"bridge"},"geometry":{"type":"MultiLineString","coordinates":[[[84.94493,27.81317],[84.9451,27.81254]],[[84.9453,27.81185],[84.94548,27.81122]]]}},{"type":"Feature","properties":{"name":"Road — destroyed","damage":"Destroyed","area":"Phosretar","stroke":"#111827","stroke-width":3,"marker-color":"#111827"},"geometry":{"type":"LineString","coordinates":[[84.94325,27.81175],[84.9433,27.81188],[84.94355,27.81284],[84.94371,27.81321],[84.94391,27.81345],[84.94389,27.81356]]}},{"type":"Feature","properties":{"name":"Road — destroyed","damage":"Destroyed","area":"Phosretar","stroke":"#111827","stroke-width":3,"marker-color":"#111827"},"geometry":{"type":"MultiLineString","coordinates":[[[84.95096,27.81344],[84.95095,27.81341]],[[84.95083,27.81242],[84.95076,27.81215]]]}},{"type":"Feature","properties":{"name":"Bridge — damaged","damage":"Damaged","area":"Phosretar","stroke":"#111827","stroke-width":3,"marker-color":"#111827","marker-symbol":"bridge"},"geometry":{"type":"MultiLineString","coordinates":[[[84.94471,27.81393],[84.94493,27.81317]],[[84.9451,27.81254],[84.9453,27.81185]]]}},{"type":"Feature","properties":{"name":"Road — destroyed","damage":"Destroyed","area":"Phosretar","stroke":"#111827","stroke-width":3,"marker-color":"#111827"},"geometry":{"type":"MultiLineString","coordinates":[[[84.95095,27.81341],[84.95094,27.81334]],[[84.95091,27.81319],[84.95087,27.81302]],[[84.95085,27.8129],[84.95084,27.81287]],[[84.95084,27.81272],[84.95084,27.81269],[84.95084,27.81246],[84.95083,27.81242]]]}},{"type":"Feature","properties":{"name":"Road — destroyed","damage":"Destroyed","area":"Phosretar","stroke":"#111827","stroke-width":3,"marker-color":"#111827"},"geometry":{"type":"LineString","coordinates":[[84.94909,27.81252],[84.9487,27.81289],[84.94823,27.81327],[84.9481,27.81348]]}},{"type":"Feature","properties":{"name":"Road — destroyed","damage":"Destroyed","area":"Phosretar","stroke":"#111827","stroke-width":3,"marker-color":"#111827"},"geometry":{"type":"MultiLineString","coordinates":[[[84.95094,27.81334],[84.95091,27.81319]],[[84.95087,27.81302],[84.95085,27.8129]],[[84.95084,27.81287],[84.95083,27.8128],[84.95084,27.81272]]]}},{"type":"Feature","properties":{"name":"Road — destroyed","damage":"Destroyed","area":"Phosretar","stroke":"#111827","stroke-width":3,"marker-color":"#111827"},"geometry":{"type":"LineString","coordinates":[[84.94944,27.81286],[84.94923,27.81309],[84.94897,27.81342],[84.94889,27.81353],[84.94881,27.8136],[84.9487,27.81359],[84.94851,27.8135]]}},{"type":"Feature","properties":{"name":"Road — damaged","damage":"Damaged","area":"Phosretar","stroke":"#111827","stroke-width":3,"marker-color":"#111827"},"geometry":{"type":"LineString","coordinates":[[84.95092,27.81344],[84.95157,27.81338]]}},{"type":"Feature","properties":{"name":"Road — damaged","damage":"Damaged","area":"Phosretar","stroke":"#111827","stroke-width":3,"marker-color":"#111827"},"geometry":{"type":"MultiLineString","coordinates":[[[84.95246,27.81377],[84.95247,27.81377]],[[84.95246,27.81376]],[[84.95242,27.81373],[84.95243,27.81374]],[[84.95225,27.81358],[84.95226,27.81359]],[[84.95222,27.81356]],[[84.95157,27.81338],[84.95163,27.81337]]]}},{"type":"Feature","properties":{"name":"Road — destroyed","damage":"Destroyed","area":"Phosretar","stroke":"#111827","stroke-width":3,"marker-color":"#111827"},"geometry":{"type":"LineString","coordinates":[[84.94933,27.81385],[84.9494,27.81371],[84.94945,27.81361]]}},{"type":"Feature","properties":{"name":"Road — destroyed","damage":"Destroyed","area":"Phosretar","stroke":"#111827","stroke-width":3,"marker-color":"#111827"},"geometry":{"type":"LineString","coordinates":[[84.94389,27.81356],[84.94387,27.81373],[84.9437,27.81402]]}},{"type":"Feature","properties":{"name":"Road — destroyed","damage":"Destroyed","area":"Phosretar","stroke":"#111827","stroke-width":3,"marker-color":"#111827"},"geometry":{"type":"LineString","coordinates":[[84.94988,27.8134],[84.95005,27.81353],[84.95022,27.81366],[84.95037,27.81376],[84.95054,27.81379],[84.95067,27.81379],[84.95075,27.8138],[84.95079,27.8139],[84.95076,27.81401],[84.95071,27.81413],[84.95065,27.81424],[84.95066,27.81433],[84.95072,27.81436],[84.95073,27.81435]]}},{"type":"Feature","properties":{"name":"Road — destroyed","damage":"Destroyed","area":"Phosretar","stroke":"#111827","stroke-width":3,"marker-color":"#111827"},"geometry":{"type":"MultiLineString","coordinates":[[[84.94973,27.81351],[84.94971,27.81357],[84.94974,27.81372],[84.94963,27.8139],[84.9495,27.81414],[84.94915,27.81461]],[[84.94994,27.81336],[84.94988,27.8134],[84.94982,27.81344],[84.94979,27.81346]]]}},{"type":"Feature","properties":{"name":"Bridge — destroyed","damage":"Destroyed","area":"Phosretar","stroke":"#111827","stroke-width":3,"marker-color":"#111827","marker-symbol":"bridge"},"geometry":{"type":"MultiLineString","coordinates":[[[84.96226,27.81714],[84.96227,27.81716]],[[84.96224,27.81712]],[[84.96145,27.81593],[84.96224,27.81712]]]}},{"type":"Feature","properties":{"name":"Road — destroyed","damage":"Destroyed","area":"Phosretar","stroke":"#111827","stroke-width":3,"marker-color":"#111827"},"geometry":{"type":"LineString","coordinates":[[84.95073,27.81435],[84.95086,27.81432],[84.95096,27.81422],[84.95105,27.81413],[84.95114,27.8141],[84.95125,27.8141],[84.95132,27.81413]]}},{"type":"Feature","properties":{"name":"Road — destroyed","damage":"Destroyed","area":"Phosretar","stroke":"#111827","stroke-width":3,"marker-color":"#111827"},"geometry":{"type":"LineString","coordinates":[[84.95774,27.8171],[84.95778,27.81707]]}},{"type":"Feature","properties":{"name":"Road — destroyed","damage":"Destroyed","area":"Phosretar","stroke":"#111827","stroke-width":3,"marker-color":"#111827"},"geometry":{"type":"LineString","coordinates":[[84.95845,27.81715],[84.95833,27.81715]]}},{"type":"Feature","properties":{"name":"Road — destroyed","damage":"Destroyed","area":"Phosretar","stroke":"#111827","stroke-width":3,"marker-color":"#111827"},"geometry":{"type":"MultiLineString","coordinates":[[[84.95736,27.81898],[84.95737,27.81898]],[[84.96159,27.81754],[84.96161,27.81754]]]}},{"type":"Feature","properties":{"name":"Road — destroyed","damage":"Destroyed","area":"Phosretar","stroke":"#111827","stroke-width":3,"marker-color":"#111827"},"geometry":{"type":"LineString","coordinates":[[85.00212,27.80094],[85.00198,27.80087]]}},{"type":"Feature","properties":{"name":"Road — destroyed","damage":"Destroyed","area":"Phosretar","stroke":"#111827","stroke-width":3,"marker-color":"#111827"},"geometry":{"type":"LineString","coordinates":[[85.00343,27.80159],[85.00313,27.80138],[85.00268,27.80117],[85.00227,27.801],[85.00212,27.80094]]}},{"type":"Feature","properties":{"name":"Bridge — destroyed","damage":"Destroyed","area":"Phosretar","stroke":"#111827","stroke-width":3,"marker-color":"#111827","marker-symbol":"bridge"},"geometry":{"type":"LineString","coordinates":[[84.99049,27.80362],[84.99094,27.80373]]}},{"type":"Feature","properties":{"name":"Road — destroyed","damage":"Destroyed","area":"Phosretar","stroke":"#111827","stroke-width":3,"marker-color":"#111827"},"geometry":{"type":"LineString","coordinates":[[84.98972,27.80376],[84.98975,27.80377]]}},{"type":"Feature","properties":{"name":"Road — destroyed","damage":"Destroyed","area":"Phosretar","stroke":"#111827","stroke-width":3,"marker-color":"#111827"},"geometry":{"type":"LineString","coordinates":[[84.98975,27.80377],[84.98977,27.80379]]}},{"type":"Feature","properties":{"name":"Bridge — destroyed","damage":"Destroyed","area":"Phosretar","stroke":"#111827","stroke-width":3,"marker-color":"#111827","marker-symbol":"bridge"},"geometry":{"type":"MultiLineString","coordinates":[[[84.99105,27.80466],[84.99052,27.8043]],[[84.99034,27.80417],[84.98977,27.80379]]]}},{"type":"Feature","properties":{"name":"Bridge — destroyed","damage":"Destroyed","area":"Phosretar","stroke":"#111827","stroke-width":3,"marker-color":"#111827","marker-symbol":"bridge"},"geometry":{"type":"LineString","coordinates":[[84.99052,27.8043],[84.99034,27.80417]]}},{"type":"Feature","properties":{"name":"Road — destroyed","damage":"Destroyed","area":"Phosretar","stroke":"#111827","stroke-width":3,"marker-color":"#111827"},"geometry":{"type":"LineString","coordinates":[[84.9889,27.80426],[84.98884,27.80431],[84.98836,27.80457]]}},{"type":"Feature","properties":{"name":"Bridge — destroyed","damage":"Destroyed","area":"Phosretar","stroke":"#111827","stroke-width":3,"marker-color":"#111827","marker-symbol":"bridge"},"geometry":{"type":"LineString","coordinates":[[85.01302,27.80946],[85.01331,27.80985]]}},{"type":"Feature","properties":{"name":"Bridge — destroyed","damage":"Destroyed","area":"Phosretar","stroke":"#111827","stroke-width":3,"marker-color":"#111827","marker-symbol":"bridge"},"geometry":{"type":"MultiLineString","coordinates":[[[85.01358,27.81021],[85.01359,27.81022]],[[85.01331,27.80985],[85.01353,27.81015]],[[85.01283,27.8092],[85.01302,27.80946]]]}},{"type":"Feature","properties":{"name":"Road — destroyed","damage":"Destroyed","area":"Phosretar","stroke":"#111827","stroke-width":3,"marker-color":"#111827"},"geometry":{"type":"LineString","coordinates":[[85.0162,27.80975],[85.01654,27.80982],[85.01723,27.81],[85.01728,27.81001]]}},{"type":"Feature","properties":{"name":"Bridge — destroyed","damage":"Destroyed","area":"Phosretar","stroke":"#111827","stroke-width":3,"marker-color":"#111827","marker-symbol":"bridge"},"geometry":{"type":"MultiLineString","coordinates":[[[85.01614,27.81012],[85.01614,27.81011]],[[85.01614,27.81009],[85.0162,27.80975]]]}},{"type":"Feature","properties":{"name":"Road — damaged","damage":"Damaged","area":"Phosretar","stroke":"#111827","stroke-width":3,"marker-color":"#111827"},"geometry":{"type":"MultiLineString","coordinates":[[[85.01341,27.81148],[85.01347,27.81141],[85.01354,27.81128]],[[85.01372,27.81093],[85.01373,27.81092],[85.01394,27.81049]]]}},{"type":"Feature","properties":{"name":"Road — damaged","damage":"Damaged","area":"Phosretar","stroke":"#111827","stroke-width":3,"marker-color":"#111827"},"geometry":{"type":"MultiLineString","coordinates":[[[85.0131,27.81152],[85.01312,27.81157],[85.01315,27.81162],[85.0132,27.81161]],[[85.01307,27.81117],[85.01307,27.81124]],[[85.01305,27.81097],[85.01305,27.81103]],[[85.01303,27.81074],[85.01303,27.81085],[85.01304,27.81093]]]}},{"type":"Feature","properties":{"name":"Road — damaged","damage":"Damaged","area":"Phosretar","stroke":"#111827","stroke-width":3,"marker-color":"#111827"},"geometry":{"type":"MultiLineString","coordinates":[[[85.0132,27.81161],[85.01323,27.81161],[85.01335,27.81154],[85.01341,27.81148]],[[85.01307,27.81124],[85.01308,27.81144],[85.0131,27.81152]],[[85.01354,27.81128],[85.01372,27.81093]],[[85.01305,27.81103],[85.01306,27.81108],[85.01307,27.81117]],[[85.01304,27.81093],[85.01305,27.81097]]]}},{"type":"Feature","properties":{"name":"Road — destroyed","damage":"Destroyed","area":"Phosretar","stroke":"#111827","stroke-width":3,"marker-color":"#111827"},"geometry":{"type":"LineString","coordinates":[[85.02036,27.82694],[85.02028,27.82683],[85.02014,27.82676],[85.01994,27.82683],[85.01972,27.82696],[85.01969,27.82718]]}},{"type":"Feature","properties":{"name":"Road — destroyed","damage":"Destroyed","area":"Phosretar","stroke":"#111827","stroke-width":3,"marker-color":"#111827"},"geometry":{"type":"LineString","coordinates":[[85.01969,27.82718],[85.01968,27.82724],[85.0197,27.82725]]}},{"type":"Feature","properties":{"name":"Road — destroyed","damage":"Destroyed","area":"Phosretar","stroke":"#111827","stroke-width":3,"marker-color":"#111827"},"geometry":{"type":"LineString","coordinates":[[85.02097,27.82749],[85.02094,27.82744],[85.02067,27.8272],[85.02041,27.82699],[85.02036,27.82694]]}},{"type":"Feature","properties":{"name":"Bridge — destroyed","damage":"Destroyed","area":"Phosretar","stroke":"#111827","stroke-width":3,"marker-color":"#111827","marker-symbol":"bridge"},"geometry":{"type":"MultiLineString","coordinates":[[[85.02052,27.83209],[85.0205,27.83211]],[[85.02238,27.83114],[85.02167,27.83146],[85.02053,27.83209]],[[85.02238,27.83114]]]}},{"type":"Feature","properties":{"name":"Bridge — destroyed","damage":"Destroyed","area":"Phosretar","stroke":"#111827","stroke-width":3,"marker-color":"#111827","marker-symbol":"bridge"},"geometry":{"type":"LineString","coordinates":[[85.02106,27.83302],[85.02111,27.83302],[85.0216,27.83282],[85.02283,27.83232],[85.02297,27.83231]]}},{"type":"Feature","properties":{"name":"Road — destroyed","damage":"Destroyed","area":"Phosretar","stroke":"#111827","stroke-width":3,"marker-color":"#111827"},"geometry":{"type":"LineString","coordinates":[[85.02213,27.83417],[85.02208,27.83393],[85.02204,27.83381],[85.02204,27.83362],[85.02213,27.83343],[85.02218,27.8333],[85.02201,27.83292],[85.02198,27.83279],[85.02183,27.8328],[85.02167,27.83288],[85.0216,27.83282],[85.02155,27.83277],[85.02148,27.83263],[85.02145,27.83244],[85.02143,27.83234],[85.02141,27.83218]]}},{"type":"Feature","properties":{"name":"Road — destroyed","damage":"Destroyed","area":"Phosretar","stroke":"#111827","stroke-width":3,"marker-color":"#111827"},"geometry":{"type":"LineString","coordinates":[[85.02379,27.83405],[85.02376,27.83398],[85.02377,27.83391],[85.02376,27.83386],[85.02371,27.83385],[85.0237,27.83398],[85.02368,27.83414],[85.02368,27.83431],[85.02365,27.83435],[85.02362,27.83433],[85.02361,27.8342],[85.02361,27.83406],[85.0236,27.834]]}},{"type":"Feature","properties":{"name":"Road — destroyed","damage":"Destroyed","area":"Phosretar","stroke":"#111827","stroke-width":3,"marker-color":"#111827"},"geometry":{"type":"MultiLineString","coordinates":[[[85.0215,27.83633],[85.02142,27.83644]],[[85.02213,27.83417],[85.02212,27.8342],[85.02208,27.83439],[85.02204,27.83462],[85.02202,27.8347],[85.02202,27.83472],[85.02194,27.83506],[85.02182,27.8355],[85.02177,27.8358],[85.02171,27.83594],[85.02166,27.83605],[85.02156,27.83625]]]}},{"type":"Feature","properties":{"name":"Bridge — damaged","damage":"Damaged","area":"Phosretar","stroke":"#111827","stroke-width":3,"marker-color":"#111827","marker-symbol":"bridge"},"geometry":{"type":"LineString","coordinates":[[85.02367,27.83518],[85.02338,27.83527],[85.02171,27.83594],[85.02136,27.83608]]}},{"type":"Feature","properties":{"name":"Road — destroyed","damage":"Destroyed","area":"Phosretar","stroke":"#111827","stroke-width":3,"marker-color":"#111827"},"geometry":{"type":"LineString","coordinates":[[85.02156,27.83625],[85.02154,27.83628],[85.0215,27.83633]]}},{"type":"Feature","properties":{"name":"Road — destroyed","damage":"Destroyed","area":"Phosretar","stroke":"#111827","stroke-width":3,"marker-color":"#111827"},"geometry":{"type":"LineString","coordinates":[[85.02369,27.83651],[85.02369,27.8365],[85.02375,27.83638]]}},{"type":"Feature","properties":{"name":"Road — destroyed","damage":"Destroyed","area":"Phosretar","stroke":"#111827","stroke-width":3,"marker-color":"#111827"},"geometry":{"type":"LineString","coordinates":[[85.02319,27.83709],[85.02331,27.83696],[85.02342,27.83686],[85.02351,27.83678],[85.02363,27.83662],[85.02369,27.83651]]}},{"type":"Feature","properties":{"name":"Road — destroyed","damage":"Destroyed","area":"Phosretar","stroke":"#111827","stroke-width":3,"marker-color":"#111827"},"geometry":{"type":"LineString","coordinates":[[85.02248,27.83839],[85.02262,27.83819],[85.0227,27.83804],[85.02276,27.83788],[85.02289,27.83767],[85.02303,27.83734],[85.02314,27.83715],[85.02319,27.83709]]}},{"type":"Feature","properties":{"name":"Road — destroyed","damage":"Destroyed","area":"Phosretar","stroke":"#111827","stroke-width":3,"marker-color":"#111827"},"geometry":{"type":"LineString","coordinates":[[85.02204,27.83952],[85.02202,27.83939],[85.02204,27.83934],[85.02211,27.83925],[85.02219,27.83917],[85.02222,27.83909],[85.02227,27.83902],[85.02237,27.83896],[85.02246,27.83894],[85.02254,27.83896]]}},{"type":"Feature","properties":{"name":"Road — destroyed","damage":"Destroyed","area":"Phosretar","stroke":"#111827","stroke-width":3,"marker-color":"#111827"},"geometry":{"type":"LineString","coordinates":[[85.02128,27.84036],[85.02133,27.84022],[85.02137,27.84005],[85.02138,27.83993],[85.02139,27.83988],[85.02144,27.83982],[85.02153,27.83977],[85.02158,27.83973],[85.02163,27.83962],[85.0217,27.8395],[85.02177,27.83942],[85.02183,27.83937],[85.02188,27.83933],[85.0219,27.83926],[85.02194,27.83916],[85.02196,27.8391],[85.02198,27.83902],[85.02206,27.83882],[85.02213,27.83869],[85.02223,27.83858],[85.02237,27.83848],[85.02248,27.83839],[85.02265,27.83832],[85.02286,27.83831]]}},{"type":"Feature","properties":{"name":"Road — destroyed","damage":"Destroyed","area":"Phosretar","stroke":"#111827","stroke-width":3,"marker-color":"#111827"},"geometry":{"type":"LineString","coordinates":[[85.02188,27.83933],[85.02191,27.8394],[85.02197,27.83947],[85.02204,27.83952],[85.02204,27.83953],[85.02214,27.83962],[85.02222,27.83975],[85.02229,27.83983],[85.02231,27.84001],[85.02235,27.84012],[85.02243,27.84022]]}},{"type":"Feature","properties":{"name":"Road — destroyed","damage":"Destroyed","area":"Phosretar","stroke":"#111827","stroke-width":3,"marker-color":"#111827"},"geometry":{"type":"LineString","coordinates":[[85.02297,27.84012],[85.02299,27.8402],[85.02296,27.84027],[85.02289,27.84036],[85.02282,27.84044],[85.02277,27.84048]]}},{"type":"Feature","properties":{"name":"Road — destroyed","damage":"Destroyed","area":"Phosretar","stroke":"#111827","stroke-width":3,"marker-color":"#111827"},"geometry":{"type":"LineString","coordinates":[[85.02221,27.84078],[85.02245,27.84083],[85.02259,27.84091],[85.02271,27.84097],[85.02279,27.84094],[85.02283,27.84086],[85.02286,27.84074],[85.02288,27.84067],[85.02279,27.84062]]}},{"type":"Feature","properties":{"name":"Road — destroyed","damage":"Destroyed","area":"Phosretar","stroke":"#111827","stroke-width":3,"marker-color":"#111827"},"geometry":{"type":"LineString","coordinates":[[85.02128,27.84036],[85.02126,27.8404],[85.02127,27.84047],[85.02131,27.84057],[85.02133,27.84067],[85.02132,27.84074],[85.02127,27.84084],[85.02119,27.84096],[85.02113,27.84104],[85.02109,27.84114],[85.02108,27.84125],[85.0211,27.8414]]}},{"type":"Feature","properties":{"name":"Road — destroyed","damage":"Destroyed","area":"Phosretar","stroke":"#111827","stroke-width":3,"marker-color":"#111827"},"geometry":{"type":"LineString","coordinates":[[85.02281,27.84119],[85.02293,27.84097],[85.02297,27.84088],[85.02299,27.84073],[85.02298,27.84065],[85.02292,27.84064],[85.02288,27.84067]]}},{"type":"Feature","properties":{"name":"Road — destroyed","damage":"Destroyed","area":"Phosretar","stroke":"#111827","stroke-width":3,"marker-color":"#111827"},"geometry":{"type":"LineString","coordinates":[[85.02244,27.84143],[85.02238,27.84133],[85.02228,27.84114],[85.02221,27.84096],[85.02219,27.84086],[85.02221,27.84078],[85.02223,27.84074],[85.02227,27.84058],[85.0223,27.84044],[85.02228,27.84032],[85.0222,27.84023],[85.02208,27.84021],[85.02196,27.84025],[85.02186,27.8403],[85.0217,27.84031],[85.02156,27.84036],[85.02141,27.84036],[85.02128,27.84036],[85.02124,27.84036],[85.02102,27.84044],[85.02082,27.84056],[85.02069,27.84073],[85.02058,27.84096],[85.02046,27.84114],[85.02033,27.8413],[85.02027,27.8415],[85.02026,27.84169],[85.02011,27.84186]]}},{"type":"Feature","properties":{"name":"Road — destroyed","damage":"Destroyed","area":"Phosretar","stroke":"#111827","stroke-width":3,"marker-color":"#111827"},"geometry":{"type":"LineString","coordinates":[[85.0209,27.84169],[85.02077,27.84156],[85.02073,27.84148],[85.02074,27.84139],[85.0208,27.84132],[85.02092,27.84124],[85.02109,27.84114],[85.0212,27.84104],[85.02138,27.84085],[85.02146,27.84082],[85.02159,27.8408]]}},{"type":"Feature","properties":{"name":"Road — destroyed","damage":"Destroyed","area":"Phosretar","stroke":"#111827","stroke-width":3,"marker-color":"#111827"},"geometry":{"type":"LineString","coordinates":[[85.02032,27.84217],[85.02062,27.84186],[85.0209,27.84169],[85.0211,27.84163],[85.02116,27.84161],[85.0214,27.84161],[85.02147,27.84162]]}},{"type":"Feature","properties":{"name":"Road — destroyed","damage":"Destroyed","area":"Phosretar","stroke":"#111827","stroke-width":3,"marker-color":"#111827"},"geometry":{"type":"LineString","coordinates":[[85.02011,27.84186],[85.01991,27.8421],[85.01984,27.84217],[85.01969,27.84236]]}},{"type":"Feature","properties":{"name":"Road — destroyed","damage":"Destroyed","area":"Phosretar","stroke":"#111827","stroke-width":3,"marker-color":"#111827"},"geometry":{"type":"LineString","coordinates":[[85.01984,27.84217],[85.02006,27.84218],[85.02032,27.84217]]}},{"type":"Feature","properties":{"name":"Road — destroyed","damage":"Destroyed","area":"Phosretar","stroke":"#111827","stroke-width":3,"marker-color":"#111827"},"geometry":{"type":"LineString","coordinates":[[85.01969,27.84236],[85.01964,27.84242],[85.01961,27.8425],[85.01961,27.84257],[85.01964,27.84263]]}},{"type":"Feature","properties":{"name":"Road — destroyed","damage":"Destroyed","area":"Phosretar","stroke":"#111827","stroke-width":3,"marker-color":"#111827"},"geometry":{"type":"LineString","coordinates":[[85.01964,27.84263],[85.01967,27.84268],[85.01977,27.84294],[85.01984,27.84304],[85.01994,27.84311],[85.02004,27.84319],[85.02009,27.84327]]}},{"type":"Feature","properties":{"name":"Road — destroyed","damage":"Destroyed","area":"Phosretar","stroke":"#111827","stroke-width":3,"marker-color":"#111827"},"geometry":{"type":"LineString","coordinates":[[85.0211,27.84163],[85.02099,27.84177],[85.02095,27.84192],[85.02081,27.8421],[85.02074,27.84225],[85.02072,27.84241],[85.02074,27.84257],[85.0208,27.84267],[85.02091,27.8428],[85.02104,27.84295],[85.02116,27.8431],[85.02128,27.84325],[85.02139,27.84338],[85.02149,27.84349],[85.02158,27.84361],[85.02166,27.84371],[85.02178,27.84386],[85.02185,27.84396],[85.02192,27.84407],[85.02201,27.84417],[85.0221,27.8443],[85.02218,27.84441],[85.02229,27.84453],[85.02242,27.84463]]}},{"type":"Feature","properties":{"name":"Road — destroyed","damage":"Destroyed","area":"Phosretar","stroke":"#111827","stroke-width":3,"marker-color":"#111827"},"geometry":{"type":"LineString","coordinates":[[85.02242,27.84463],[85.02254,27.84473],[85.02269,27.84484],[85.02289,27.84497],[85.02306,27.84505]]}},{"type":"Feature","properties":{"name":"Road — destroyed","damage":"Destroyed","area":"Phosretar","stroke":"#111827","stroke-width":3,"marker-color":"#111827"},"geometry":{"type":"LineString","coordinates":[[85.01965,27.84479],[85.01966,27.84486],[85.01961,27.84495],[85.01955,27.84503],[85.01966,27.84522],[85.01971,27.84528],[85.01986,27.8454],[85.02002,27.84551],[85.02041,27.8457],[85.02048,27.84576]]}},{"type":"Feature","properties":{"name":"Road — destroyed","damage":"Destroyed","area":"Phosretar","stroke":"#111827","stroke-width":3,"marker-color":"#111827"},"geometry":{"type":"LineString","coordinates":[[85.02048,27.84576],[85.0205,27.84577],[85.02062,27.8459],[85.02075,27.84603]]}},{"type":"Feature","properties":{"name":"Road — destroyed","damage":"Destroyed","area":"Phosretar","stroke":"#111827","stroke-width":3,"marker-color":"#111827"},"geometry":{"type":"LineString","coordinates":[[85.02075,27.84603],[85.02085,27.84612],[85.02097,27.84626],[85.02102,27.84635],[85.02113,27.84643],[85.02129,27.84648],[85.02147,27.84654],[85.02161,27.84659]]}},{"type":"Feature","properties":{"name":"Road — destroyed","damage":"Destroyed","area":"Phosretar","stroke":"#111827","stroke-width":3,"marker-color":"#111827"},"geometry":{"type":"LineString","coordinates":[[85.02161,27.84659],[85.02162,27.84659]]}},{"type":"Feature","properties":{"name":"Road — destroyed","damage":"Destroyed","area":"Phosretar","stroke":"#111827","stroke-width":3,"marker-color":"#111827"},"geometry":{"type":"LineString","coordinates":[[85.02668,27.84825],[85.0267,27.84814],[85.02669,27.84807],[85.02672,27.84803],[85.02675,27.84804],[85.02684,27.84812],[85.02695,27.84817],[85.0271,27.84827],[85.02714,27.84829],[85.02727,27.84837],[85.02752,27.84856],[85.02773,27.84877],[85.02789,27.84896]]}},{"type":"Feature","properties":{"name":"Road — damaged","damage":"Damaged","area":"Phosretar","stroke":"#111827","stroke-width":3,"marker-color":"#111827"},"geometry":{"type":"LineString","coordinates":[[85.02684,27.84874],[85.02696,27.8486],[85.02705,27.84849],[85.02707,27.84841],[85.02707,27.8484],[85.02706,27.84837],[85.02704,27.84833],[85.02696,27.84828],[85.02686,27.84822],[85.02677,27.84822],[85.02668,27.84825],[85.02658,27.84839],[85.02647,27.84848],[85.02639,27.84854],[85.02634,27.84865],[85.02632,27.84874],[85.02631,27.84881],[85.02628,27.84889],[85.02623,27.84895],[85.02625,27.84907],[85.02625,27.84911],[85.02624,27.84919],[85.02624,27.84934],[85.02623,27.84943],[85.02623,27.84945]]}},{"type":"Feature","properties":{"name":"Road — destroyed","damage":"Destroyed","area":"Phosretar","stroke":"#111827","stroke-width":3,"marker-color":"#111827"},"geometry":{"type":"LineString","coordinates":[[85.03004,27.84943],[85.0301,27.84928],[85.03021,27.84904],[85.03025,27.84889],[85.03014,27.84871],[85.02995,27.84857]]}},{"type":"Feature","properties":{"name":"Road — destroyed","damage":"Destroyed","area":"Phosretar","stroke":"#111827","stroke-width":3,"marker-color":"#111827"},"geometry":{"type":"LineString","coordinates":[[85.02965,27.84957],[85.02961,27.84951],[85.02958,27.84945],[85.02957,27.84941]]}},{"type":"Feature","properties":{"name":"Road — destroyed","damage":"Destroyed","area":"Phosretar","stroke":"#111827","stroke-width":3,"marker-color":"#111827"},"geometry":{"type":"LineString","coordinates":[[85.02968,27.84964],[85.02965,27.84957]]}},{"type":"Feature","properties":{"name":"Road — damaged","damage":"Damaged","area":"Phosretar","stroke":"#111827","stroke-width":3,"marker-color":"#111827"},"geometry":{"type":"LineString","coordinates":[[85.03192,27.85117],[85.03174,27.85103],[85.03152,27.85089],[85.03134,27.85079],[85.03126,27.8507],[85.03123,27.85056],[85.03127,27.8502],[85.03128,27.85006],[85.03122,27.84985],[85.0312,27.84966],[85.03125,27.84947]]}},{"type":"Feature","properties":{"name":"Road — damaged","damage":"Damaged","area":"Phosretar","stroke":"#111827","stroke-width":3,"marker-color":"#111827"},"geometry":{"type":"LineString","coordinates":[[85.03074,27.85084],[85.03058,27.85066],[85.03045,27.8504],[85.03036,27.85009],[85.03034,27.8499]]}},{"type":"Feature","properties":{"name":"Road — damaged","damage":"Damaged","area":"Phosretar","stroke":"#111827","stroke-width":3,"marker-color":"#111827"},"geometry":{"type":"LineString","coordinates":[[85.03094,27.85087],[85.03078,27.85085],[85.03074,27.85084],[85.03063,27.8508],[85.03036,27.85068],[85.0303,27.85056],[85.03029,27.85036],[85.03023,27.85004]]}},{"type":"Feature","properties":{"name":"Road — destroyed","damage":"Destroyed","area":"Phosretar","stroke":"#111827","stroke-width":3,"marker-color":"#111827"},"geometry":{"type":"LineString","coordinates":[[85.0315,27.8528],[85.03131,27.85276],[85.03126,27.85274],[85.03114,27.85267],[85.03102,27.85254],[85.03098,27.85238],[85.03089,27.85223],[85.03066,27.852],[85.03049,27.85155],[85.03035,27.85123],[85.03023,27.85087],[85.03001,27.85036],[85.02981,27.85002],[85.02968,27.84964],[85.03004,27.84943],[85.03034,27.84944]]}},{"type":"Feature","properties":{"name":"Road — damaged","damage":"Damaged","area":"Phosretar","stroke":"#111827","stroke-width":3,"marker-color":"#111827"},"geometry":{"type":"LineString","coordinates":[[85.03094,27.85087],[85.03123,27.85096],[85.03192,27.85117],[85.03203,27.85121],[85.03233,27.85127],[85.03254,27.85136],[85.03274,27.85156]]}},{"type":"Feature","properties":{"name":"Road — destroyed","damage":"Destroyed","area":"Phosretar","stroke":"#111827","stroke-width":3,"marker-color":"#111827"},"geometry":{"type":"LineString","coordinates":[[85.03126,27.85274],[85.03111,27.85258],[85.03098,27.85238]]}},{"type":"Feature","properties":{"name":"Road — damaged","damage":"Damaged","area":"Phosretar","stroke":"#111827","stroke-width":3,"marker-color":"#111827"},"geometry":{"type":"LineString","coordinates":[[85.03274,27.85156],[85.03267,27.85173],[85.03244,27.85199],[85.03218,27.85224],[85.03211,27.85224],[85.03203,27.85214],[85.032,27.85197],[85.03197,27.85166],[85.03197,27.85143],[85.03203,27.85121],[85.03204,27.85105],[85.03208,27.85099],[85.0323,27.85088],[85.03235,27.85081],[85.03245,27.85066]]}},{"type":"Feature","properties":{"name":"Road — destroyed","damage":"Destroyed","area":"Phosretar","stroke":"#111827","stroke-width":3,"marker-color":"#111827"},"geometry":{"type":"LineString","coordinates":[[85.03267,27.85261],[85.03254,27.85257],[85.03243,27.85253],[85.03233,27.85255],[85.03216,27.85261]]}},{"type":"Feature","properties":{"name":"Road — destroyed","damage":"Destroyed","area":"Phosretar","stroke":"#111827","stroke-width":3,"marker-color":"#111827"},"geometry":{"type":"LineString","coordinates":[[85.03211,27.85224],[85.03215,27.85234],[85.03216,27.85258],[85.03216,27.85261],[85.03218,27.85281],[85.03218,27.85286],[85.03217,27.85296],[85.03214,27.85303],[85.03212,27.85305],[85.03208,27.85308],[85.03204,27.8531],[85.03199,27.85312]]}},{"type":"Feature","properties":{"name":"Road — destroyed","damage":"Destroyed","area":"Phosretar","stroke":"#111827","stroke-width":3,"marker-color":"#111827"},"geometry":{"type":"LineString","coordinates":[[85.07639,27.85191],[85.07631,27.85196],[85.07611,27.85198],[85.07582,27.852],[85.07572,27.85202],[85.07564,27.85207],[85.07553,27.8522],[85.0753,27.85251],[85.07533,27.85258],[85.07568,27.85275]]}},{"type":"Feature","properties":{"name":"Road — destroyed","damage":"Destroyed","area":"Phosretar","stroke":"#111827","stroke-width":3,"marker-color":"#111827"},"geometry":{"type":"LineString","coordinates":[[85.08061,27.85459],[85.08051,27.85468],[85.08039,27.85473],[85.08024,27.85477],[85.08008,27.85473],[85.07923,27.85408],[85.07818,27.853],[85.07769,27.85252],[85.07731,27.85224],[85.07719,27.85217]]}},{"type":"Feature","properties":{"name":"Road — destroyed","damage":"Destroyed","area":"Phosretar","stroke":"#111827","stroke-width":3,"marker-color":"#111827"},"geometry":{"type":"LineString","coordinates":[[85.07923,27.85408],[85.07872,27.85347]]}},{"type":"Feature","properties":{"name":"Road — destroyed","damage":"Destroyed","area":"Phosretar","stroke":"#111827","stroke-width":3,"marker-color":"#111827"},"geometry":{"type":"LineString","coordinates":[[85.08579,27.85402],[85.08559,27.85407],[85.08547,27.85413]]}},{"type":"Feature","properties":{"name":"Bridge — destroyed","damage":"Destroyed","area":"Phosretar","stroke":"#111827","stroke-width":3,"marker-color":"#111827","marker-symbol":"bridge"},"geometry":{"type":"LineString","coordinates":[[85.07125,27.85324],[85.07234,27.85491]]}},{"type":"Feature","properties":{"name":"Road — destroyed","damage":"Destroyed","area":"Phosretar","stroke":"#111827","stroke-width":3,"marker-color":"#111827"},"geometry":{"type":"LineString","coordinates":[[85.07511,27.85465],[85.07513,27.8546],[85.07509,27.85455],[85.07503,27.85445],[85.07492,27.85437],[85.0748,27.85434],[85.07435,27.85427],[85.07383,27.85427],[85.07347,27.85425],[85.07332,27.85424],[85.07317,27.85412],[85.07315,27.854],[85.07313,27.85375]]}},{"type":"Feature","properties":{"name":"Road — destroyed","damage":"Destroyed","area":"Phosretar","stroke":"#111827","stroke-width":3,"marker-color":"#111827"},"geometry":{"type":"LineString","coordinates":[[85.08128,27.85455],[85.08129,27.85439],[85.0814,27.85404],[85.08144,27.85397]]}},{"type":"Feature","properties":{"name":"Road — destroyed","damage":"Destroyed","area":"Phosretar","stroke":"#111827","stroke-width":3,"marker-color":"#111827"},"geometry":{"type":"LineString","coordinates":[[85.08128,27.85455],[85.08097,27.85443]]}},{"type":"Feature","properties":{"name":"Road — destroyed","damage":"Destroyed","area":"Phosretar","stroke":"#111827","stroke-width":3,"marker-color":"#111827"},"geometry":{"type":"LineString","coordinates":[[85.08097,27.85443],[85.08086,27.85444],[85.08078,27.85446],[85.0807,27.85451],[85.08062,27.85458]]}},{"type":"Feature","properties":{"name":"Road — destroyed","damage":"Destroyed","area":"Phosretar","stroke":"#111827","stroke-width":3,"marker-color":"#111827"},"geometry":{"type":"LineString","coordinates":[[85.08062,27.85458],[85.08061,27.85459]]}},{"type":"Feature","properties":{"name":"Road — destroyed","damage":"Destroyed","area":"Phosretar","stroke":"#111827","stroke-width":3,"marker-color":"#111827"},"geometry":{"type":"LineString","coordinates":[[85.08547,27.85413],[85.08524,27.85423],[85.08499,27.85434],[85.08478,27.85446],[85.08444,27.85468],[85.08427,27.85489],[85.08414,27.85507],[85.08405,27.85522]]}},{"type":"Feature","properties":{"name":"Road — destroyed","damage":"Destroyed","area":"Phosretar","stroke":"#111827","stroke-width":3,"marker-color":"#111827"},"geometry":{"type":"LineString","coordinates":[[85.08145,27.85479],[85.08141,27.85469],[85.08128,27.85455]]}},{"type":"Feature","properties":{"name":"Road — destroyed","damage":"Destroyed","area":"Phosretar","stroke":"#111827","stroke-width":3,"marker-color":"#111827"},"geometry":{"type":"LineString","coordinates":[[85.07234,27.85491],[85.07242,27.855],[85.07243,27.85502]]}},{"type":"Feature","properties":{"name":"Road — destroyed","damage":"Destroyed","area":"Phosretar","stroke":"#111827","stroke-width":3,"marker-color":"#111827"},"geometry":{"type":"LineString","coordinates":[[85.04082,27.85656],[85.04106,27.8562],[85.04153,27.85571],[85.04195,27.85526],[85.04218,27.85504]]}},{"type":"Feature","properties":{"name":"Road — destroyed","damage":"Destroyed","area":"Phosretar","stroke":"#111827","stroke-width":3,"marker-color":"#111827"},"geometry":{"type":"LineString","coordinates":[[85.05214,27.85598],[85.05216,27.85595]]}},{"type":"Feature","properties":{"name":"Road — destroyed","damage":"Destroyed","area":"Phosretar","stroke":"#111827","stroke-width":3,"marker-color":"#111827"},"geometry":{"type":"LineString","coordinates":[[85.05216,27.85595],[85.0522,27.85589],[85.05267,27.85614],[85.0528,27.85629],[85.05316,27.85647],[85.0535,27.85661],[85.05374,27.85666]]}},{"type":"Feature","properties":{"name":"Road — destroyed","damage":"Destroyed","area":"Phosretar","stroke":"#111827","stroke-width":3,"marker-color":"#111827"},"geometry":{"type":"LineString","coordinates":[[85.05399,27.85671],[85.05425,27.85658],[85.05445,27.85645]]}},{"type":"Feature","properties":{"name":"Road — destroyed","damage":"Destroyed","area":"Phosretar","stroke":"#111827","stroke-width":3,"marker-color":"#111827"},"geometry":{"type":"LineString","coordinates":[[85.05374,27.85666],[85.05399,27.85671],[85.05409,27.85673],[85.05426,27.85676],[85.05434,27.85677]]}},{"type":"Feature","properties":{"name":"Road — destroyed","damage":"Destroyed","area":"Phosretar","stroke":"#111827","stroke-width":3,"marker-color":"#111827"},"geometry":{"type":"LineString","coordinates":[[85.05345,27.85686],[85.05345,27.85685],[85.0535,27.85661]]}},{"type":"Feature","properties":{"name":"Road — destroyed","damage":"Destroyed","area":"Phosretar","stroke":"#111827","stroke-width":3,"marker-color":"#111827"},"geometry":{"type":"LineString","coordinates":[[85.05475,27.85686],[85.05484,27.85674]]}},{"type":"Feature","properties":{"name":"Road — destroyed","damage":"Destroyed","area":"Phosretar","stroke":"#111827","stroke-width":3,"marker-color":"#111827"},"geometry":{"type":"LineString","coordinates":[[85.05345,27.85685],[85.05347,27.85685]]}},{"type":"Feature","properties":{"name":"Road — destroyed","damage":"Destroyed","area":"Phosretar","stroke":"#111827","stroke-width":3,"marker-color":"#111827"},"geometry":{"type":"LineString","coordinates":[[85.05346,27.8569],[85.05345,27.85687],[85.05345,27.85686]]}},{"type":"Feature","properties":{"name":"Road — destroyed","damage":"Destroyed","area":"Phosretar","stroke":"#111827","stroke-width":3,"marker-color":"#111827"},"geometry":{"type":"LineString","coordinates":[[85.04378,27.85075],[85.04413,27.85098],[85.04421,27.8511],[85.04426,27.85145],[85.04441,27.85168],[85.04461,27.85193],[85.04473,27.85205],[85.04484,27.85234],[85.04499,27.85261],[85.04508,27.85296],[85.04504,27.8532],[85.04495,27.85337],[85.04484,27.85354],[85.04471,27.8537],[85.04458,27.85393],[85.0445,27.85413],[85.04445,27.8543],[85.04442,27.85438],[85.04441,27.85442],[85.04442,27.85446],[85.0444,27.85453],[85.04434,27.8546],[85.04423,27.85488],[85.04416,27.85516],[85.04411,27.85543],[85.04396,27.85559],[85.04379,27.85576],[85.04359,27.85591],[85.04341,27.85602],[85.04319,27.85613],[85.04294,27.85621],[85.04287,27.85622],[85.0427,27.85623],[85.04258,27.85621],[85.04238,27.85612],[85.04219,27.856],[85.04175,27.85584],[85.04153,27.85571],[85.04119,27.85553],[85.04109,27.85547],[85.04001,27.8548],[85.03965,27.85449],[85.03919,27.85424],[85.03895,27.85416],[85.03862,27.85365],[85.03852,27.85354]]}},{"type":"Feature","properties":{"name":"Road — destroyed","damage":"Destroyed","area":"Phosretar","stroke":"#111827","stroke-width":3,"marker-color":"#111827"},"geometry":{"type":"LineString","coordinates":[[85.09065,27.85727],[85.09094,27.85706]]}},{"type":"Feature","properties":{"name":"Road — destroyed","damage":"Destroyed","area":"Phosretar","stroke":"#111827","stroke-width":3,"marker-color":"#111827"},"geometry":{"type":"LineString","coordinates":[[85.09068,27.85735],[85.0908,27.85727],[85.09089,27.85723],[85.091,27.85717],[85.09107,27.85711]]}},{"type":"Feature","properties":{"name":"Road — destroyed","damage":"Destroyed","area":"Phosretar","stroke":"#111827","stroke-width":3,"marker-color":"#111827"},"geometry":{"type":"LineString","coordinates":[[85.10099,27.8578],[85.10079,27.85782],[85.10028,27.858]]}},{"type":"Feature","properties":{"name":"Road — destroyed","damage":"Destroyed","area":"Phosretar","stroke":"#111827","stroke-width":3,"marker-color":"#111827"},"geometry":{"type":"LineString","coordinates":[[85.05353,27.85704],[85.05346,27.8569]]}},{"type":"Feature","properties":{"name":"Road — destroyed","damage":"Destroyed","area":"Phosretar","stroke":"#111827","stroke-width":3,"marker-color":"#111827"},"geometry":{"type":"LineString","coordinates":[[85.05347,27.85685],[85.05454,27.85708],[85.0546,27.85706],[85.05465,27.8571],[85.05475,27.85686]]}},{"type":"Feature","properties":{"name":"Road — destroyed","damage":"Destroyed","area":"Phosretar","stroke":"#111827","stroke-width":3,"marker-color":"#111827"},"geometry":{"type":"LineString","coordinates":[[85.05363,27.85724],[85.05353,27.85704]]}},{"type":"Feature","properties":{"name":"Bridge — destroyed","damage":"Destroyed","area":"Phosretar","stroke":"#111827","stroke-width":3,"marker-color":"#111827","marker-symbol":"bridge"},"geometry":{"type":"LineString","coordinates":[[85.05876,27.8569],[85.05811,27.8577],[85.05792,27.85793]]}},{"type":"Feature","properties":{"name":"Road — destroyed","damage":"Destroyed","area":"Phosretar","stroke":"#111827","stroke-width":3,"marker-color":"#111827"},"geometry":{"type":"LineString","coordinates":[[85.05807,27.85743],[85.05806,27.85762],[85.05811,27.8577],[85.05813,27.85773],[85.05843,27.85812],[85.05852,27.85817],[85.05866,27.85818],[85.05903,27.85811],[85.05924,27.85802],[85.05937,27.85797],[85.05947,27.85798],[85.05961,27.85806],[85.05965,27.85805],[85.05967,27.85801],[85.05965,27.85788],[85.05965,27.85779]]}},{"type":"Feature","properties":{"name":"Bridge — damaged","damage":"Damaged","area":"Phosretar","stroke":"#111827","stroke-width":3,"marker-color":"#111827","marker-symbol":"bridge"},"geometry":{"type":"LineString","coordinates":[[85.08214,27.85546],[85.08209,27.85561],[85.08201,27.85579],[85.08158,27.85653],[85.08122,27.8572],[85.08104,27.8575]]}},{"type":"Feature","properties":{"name":"Road — destroyed","damage":"Destroyed","area":"Phosretar","stroke":"#111827","stroke-width":3,"marker-color":"#111827"},"geometry":{"type":"LineString","coordinates":[[85.05965,27.85805],[85.05986,27.8582],[85.06031,27.85843],[85.06058,27.8585],[85.06076,27.85858],[85.06098,27.85868]]}},{"type":"Feature","properties":{"name":"Bridge — destroyed","damage":"Destroyed","area":"Phosretar","stroke":"#111827","stroke-width":3,"marker-color":"#111827","marker-symbol":"bridge"},"geometry":{"type":"LineString","coordinates":[[85.06098,27.85868],[85.06119,27.85878],[85.06159,27.85908],[85.06195,27.85948],[85.06207,27.8596],[85.06261,27.86015],[85.06273,27.86026]]}},{"type":"Feature","properties":{"name":"Road — destroyed","damage":"Destroyed","area":"Phosretar","stroke":"#111827","stroke-width":3,"marker-color":"#111827"},"geometry":{"type":"MultiLineString","coordinates":[[[85.09805,27.85856],[85.09798,27.85858]],[[85.09785,27.85862],[85.09768,27.85867]],[[85.09765,27.85868],[85.09714,27.85883],[85.09693,27.85889]],[[85.09566,27.85933],[85.09554,27.85939],[85.09525,27.85942],[85.09489,27.85943],[85.09428,27.85939]],[[85.09346,27.85955],[85.09338,27.85956],[85.09297,27.85957],[85.09201,27.85941],[85.09174,27.85931],[85.09139,27.85915],[85.09127,27.85906]],[[85.09106,27.85871],[85.09105,27.8584],[85.09112,27.85806],[85.09111,27.85778],[85.09106,27.85767],[85.09099,27.85759],[85.09083,27.8575],[85.09075,27.85743],[85.09069,27.85738],[85.09068,27.85735],[85.09065,27.85727],[85.09065,27.85723],[85.09063,27.85716],[85.09057,27.85706],[85.09053,27.85703]]]}},{"type":"Feature","properties":{"name":"Road — destroyed","damage":"Destroyed","area":"Phosretar","stroke":"#111827","stroke-width":3,"marker-color":"#111827"},"geometry":{"type":"LineString","coordinates":[[85.09806,27.85856],[85.09816,27.85848],[85.09822,27.85846],[85.09842,27.85842],[85.09871,27.85831]]}},{"type":"Feature","properties":{"name":"Road — destroyed","damage":"Destroyed","area":"Phosretar","stroke":"#111827","stroke-width":3,"marker-color":"#111827"},"geometry":{"type":"LineString","coordinates":[[85.09792,27.85858],[85.09795,27.85842],[85.0979,27.85833]]}},{"type":"Feature","properties":{"name":"Road — destroyed","damage":"Destroyed","area":"Phosretar","stroke":"#111827","stroke-width":3,"marker-color":"#111827"},"geometry":{"type":"LineString","coordinates":[[85.09792,27.8586],[85.09792,27.85858]]}},{"type":"Feature","properties":{"name":"Road — destroyed","damage":"Destroyed","area":"Phosretar","stroke":"#111827","stroke-width":3,"marker-color":"#111827"},"geometry":{"type":"LineString","coordinates":[[85.09583,27.8591],[85.09582,27.85903],[85.09587,27.85891],[85.09595,27.85881],[85.09593,27.85879]]}},{"type":"Feature","properties":{"name":"Road — destroyed","damage":"Destroyed","area":"Phosretar","stroke":"#111827","stroke-width":3,"marker-color":"#111827"},"geometry":{"type":"MultiLineString","coordinates":[[[85.09885,27.85842],[85.09867,27.85847],[85.09806,27.85856],[85.09805,27.85856]],[[85.09127,27.85906],[85.09126,27.85905],[85.09115,27.85893],[85.09106,27.85871]],[[85.09798,27.85858],[85.09792,27.8586],[85.09785,27.85862]],[[85.09768,27.85867],[85.09765,27.85868]],[[85.09693,27.85889],[85.09584,27.85923],[85.09566,27.85933]],[[85.09428,27.85939],[85.0937,27.85951],[85.09346,27.85955]]]}},{"type":"Feature","properties":{"name":"Road — destroyed","damage":"Destroyed","area":"Phosretar","stroke":"#111827","stroke-width":3,"marker-color":"#111827"},"geometry":{"type":"LineString","coordinates":[[85.09584,27.85923],[85.09584,27.85914],[85.09583,27.8591]]}},{"type":"Feature","properties":{"name":"Bridge — destroyed","damage":"Destroyed","area":"Phosretar","stroke":"#111827","stroke-width":3,"marker-color":"#111827","marker-symbol":"bridge"},"geometry":{"type":"LineString","coordinates":[[85.09923,27.86025],[85.09916,27.86021],[85.09865,27.85914],[85.09837,27.85852]]}},{"type":"Feature","properties":{"name":"Bridge — destroyed","damage":"Destroyed","area":"Phosretar","stroke":"#111827","stroke-width":3,"marker-color":"#111827","marker-symbol":"bridge"},"geometry":{"type":"LineString","coordinates":[[85.05792,27.85793],[85.05724,27.85876]]}},{"type":"Feature","properties":{"name":"Bridge — destroyed","damage":"Destroyed","area":"Phosretar","stroke":"#111827","stroke-width":3,"marker-color":"#111827","marker-symbol":"bridge"},"geometry":{"type":"LineString","coordinates":[[85.05724,27.85876],[85.05698,27.85908]]}},{"type":"Feature","properties":{"name":"Road — destroyed","damage":"Destroyed","area":"Phosretar","stroke":"#111827","stroke-width":3,"marker-color":"#111827"},"geometry":{"type":"LineString","coordinates":[[85.05662,27.85903],[85.05667,27.85902],[85.05683,27.85904],[85.05698,27.85908]]}},{"type":"Feature","properties":{"name":"Road — destroyed","damage":"Destroyed","area":"Phosretar","stroke":"#111827","stroke-width":3,"marker-color":"#111827"},"geometry":{"type":"LineString","coordinates":[[85.06273,27.86026],[85.06285,27.86037],[85.06323,27.86048],[85.06353,27.8605],[85.06432,27.86053],[85.06502,27.86054],[85.06577,27.86058],[85.06638,27.86076],[85.06674,27.86078],[85.06704,27.86082]]}},{"type":"Feature","properties":{"name":"Road — destroyed","damage":"Destroyed","area":"Phosretar","stroke":"#111827","stroke-width":3,"marker-color":"#111827"},"geometry":{"type":"LineString","coordinates":[[85.06704,27.86113],[85.06713,27.86127],[85.06719,27.86139]]}},{"type":"Feature","properties":{"name":"Road — destroyed","damage":"Destroyed","area":"Phosretar","stroke":"#111827","stroke-width":3,"marker-color":"#111827"},"geometry":{"type":"LineString","coordinates":[[85.09259,27.85975],[85.09199,27.85979],[85.09166,27.85973],[85.09148,27.85973],[85.09129,27.85977],[85.09085,27.85977],[85.09035,27.85968],[85.08997,27.85957],[85.08973,27.85945],[85.08956,27.85933],[85.08936,27.85913]]}},{"type":"Feature","properties":{"name":"Road — destroyed","damage":"Destroyed","area":"Phosretar","stroke":"#111827","stroke-width":3,"marker-color":"#111827"},"geometry":{"type":"LineString","coordinates":[[85.09338,27.85956],[85.0932,27.85962],[85.09293,27.85966],[85.09264,27.85974]]}},{"type":"Feature","properties":{"name":"Road — destroyed","damage":"Destroyed","area":"Phosretar","stroke":"#111827","stroke-width":3,"marker-color":"#111827"},"geometry":{"type":"LineString","coordinates":[[85.09264,27.85974],[85.09259,27.85975]]}},{"type":"Feature","properties":{"name":"Road — destroyed","damage":"Destroyed","area":"Phosretar","stroke":"#111827","stroke-width":3,"marker-color":"#111827"},"geometry":{"type":"LineString","coordinates":[[85.09035,27.86322],[85.09044,27.86321],[85.09063,27.86329]]}},{"type":"Feature","properties":{"name":"Road — destroyed","damage":"Destroyed","area":"Phosretar","stroke":"#111827","stroke-width":3,"marker-color":"#111827"},"geometry":{"type":"LineString","coordinates":[[85.09063,27.86329],[85.0907,27.86332],[85.091,27.86347]]}},{"type":"Feature","properties":{"name":"Road — destroyed","damage":"Destroyed","area":"Phosretar","stroke":"#111827","stroke-width":3,"marker-color":"#111827"},"geometry":{"type":"LineString","coordinates":[[85.091,27.86347],[85.09106,27.86351],[85.09116,27.86357],[85.09123,27.86361]]}},{"type":"Feature","properties":{"name":"Bridge — damaged","damage":"Damaged","area":"Phosretar","stroke":"#111827","stroke-width":3,"marker-color":"#111827","marker-symbol":"bridge"},"geometry":{"type":"Point","coordinates":[84.97513,27.80145]}},{"type":"Feature","properties":{"name":"Bridge — destroyed","damage":"Destroyed","area":"Phosretar","stroke":"#111827","stroke-width":3,"marker-color":"#111827","marker-symbol":"bridge"},"geometry":{"type":"Point","coordinates":[84.99069,27.80365]}},{"type":"Feature","properties":{"name":"Bridge — destroyed","damage":"Destroyed","area":"Phosretar","stroke":"#111827","stroke-width":3,"marker-color":"#111827","marker-symbol":"bridge"},"geometry":{"type":"Point","coordinates":[84.9904,27.8042]}},{"type":"Feature","properties":{"name":"Bridge — destroyed","damage":"Destroyed","area":"Phosretar","stroke":"#111827","stroke-width":3,"marker-color":"#111827","marker-symbol":"bridge"},"geometry":{"type":"Point","coordinates":[85.01318,27.80966]}},{"type":"Feature","properties":{"name":"Bridge — destroyed","damage":"Destroyed","area":"Phosretar","stroke":"#111827","stroke-width":3,"marker-color":"#111827","marker-symbol":"bridge"},"geometry":{"type":"Point","coordinates":[84.96186,27.81655]}},{"type":"Feature","properties":{"name":"Bridge — destroyed","damage":"Destroyed","area":"Phosretar","stroke":"#111827","stroke-width":3,"marker-color":"#111827","marker-symbol":"bridge"},"geometry":{"type":"Point","coordinates":[85.02155,27.83153]}},{"type":"Feature","properties":{"name":"Bridge — destroyed","damage":"Destroyed","area":"Phosretar","stroke":"#111827","stroke-width":3,"marker-color":"#111827","marker-symbol":"bridge"},"geometry":{"type":"Point","coordinates":[85.02214,27.8326]}},{"type":"Feature","properties":{"name":"Bridge — damaged","damage":"Damaged","area":"Phosretar","stroke":"#111827","stroke-width":3,"marker-color":"#111827","marker-symbol":"bridge"},"geometry":{"type":"Point","coordinates":[85.02268,27.83554]}},{"type":"Feature","properties":{"name":"Bridge — destroyed","damage":"Destroyed","area":"Phosretar","stroke":"#111827","stroke-width":3,"marker-color":"#111827","marker-symbol":"bridge"},"geometry":{"type":"Point","coordinates":[85.0274,27.84799]}},{"type":"Feature","properties":{"name":"Bridge — destroyed","damage":"Destroyed","area":"Phosretar","stroke":"#111827","stroke-width":3,"marker-color":"#111827","marker-symbol":"bridge"},"geometry":{"type":"Point","coordinates":[85.07156,27.85361]}},{"type":"Feature","properties":{"name":"Bridge — destroyed","damage":"Destroyed","area":"Phosretar","stroke":"#111827","stroke-width":3,"marker-color":"#111827","marker-symbol":"bridge"},"geometry":{"type":"Point","coordinates":[85.04121,27.85605]}},{"type":"Feature","properties":{"name":"Bridge — damaged","damage":"Damaged","area":"Phosretar","stroke":"#111827","stroke-width":3,"marker-color":"#111827","marker-symbol":"bridge"},"geometry":{"type":"Point","coordinates":[85.08169,27.85635]}},{"type":"Feature","properties":{"name":"Bridge — destroyed","damage":"Destroyed","area":"Phosretar","stroke":"#111827","stroke-width":3,"marker-color":"#111827","marker-symbol":"bridge"},"geometry":{"type":"Point","coordinates":[85.04289,27.85661]}},{"type":"Feature","properties":{"name":"Bridge — destroyed","damage":"Destroyed","area":"Phosretar","stroke":"#111827","stroke-width":3,"marker-color":"#111827","marker-symbol":"bridge"},"geometry":{"type":"Point","coordinates":[85.08679,27.85663]}},{"type":"Feature","properties":{"name":"Bridge — destroyed","damage":"Destroyed","area":"Phosretar","stroke":"#111827","stroke-width":3,"marker-color":"#111827","marker-symbol":"bridge"},"geometry":{"type":"Point","coordinates":[85.05771,27.85817]}},{"type":"Feature","properties":{"name":"Bridge — destroyed","damage":"Destroyed","area":"Phosretar","stroke":"#111827","stroke-width":3,"marker-color":"#111827","marker-symbol":"bridge"},"geometry":{"type":"Point","coordinates":[85.06177,27.85926]}},{"type":"Feature","properties":{"name":"Bridge — destroyed","damage":"Destroyed","area":"Phosretar","stroke":"#111827","stroke-width":3,"marker-color":"#111827","marker-symbol":"bridge"},"geometry":{"type":"Point","coordinates":[85.09879,27.85945]}}]}