{"type":"FeatureCollection","features":[{"type":"Feature","properties":{"name":"Ground stripped or buried (Sentinel-2 change)","area_m2":3140,"aoi":"source","fill":"#f97316","fill-opacity":0.5,"stroke":"#c2410c","stroke-width":1.1},"geometry":{"type":"Polygon","coordinates":[[[85.46163,28.3358],[85.46163,28.33589],[85.46173,28.33598],[85.46147,28.33621],[85.46127,28.33621],[85.46106,28.33603],[85.46081,28.33598],[85.46086,28.33576],[85.46157,28.33576],[85.46163,28.3358]]]}},{"type":"Feature","properties":{"name":"Ground stripped or buried (Sentinel-2 change)","area_m2":402565,"aoi":"source","fill":"#f97316","fill-opacity":0.5,"stroke":"#c2410c","stroke-width":1.1},"geometry":{"type":"Polygon","coordinates":[[[85.44836,28.33509],[85.44852,28.33513],[85.44862,28.33531],[85.44877,28.33526],[85.44882,28.33513],[85.44954,28.33513],[85.44964,28.33531],[85.45137,28.33531],[85.45147,28.33549],[85.45198,28.33549],[85.45209,28.33567],[85.453,28.33567],[85.45306,28.33589],[85.45316,28.33598],[85.45316,28.33616],[85.45336,28.33634],[85.45341,28.33648],[85.45351,28.33648],[85.45382,28.33675],[85.45402,28.33675],[85.45423,28.33657],[85.45438,28.3367],[85.45438,28.33697],[85.45453,28.33702],[85.45464,28.33693],[85.45479,28.33706],[85.45484,28.3372],[85.45489,28.33715],[85.45489,28.33652],[85.4553,28.33607],[85.45494,28.33585],[85.45484,28.33585],[85.45474,28.33594],[85.45453,28.33594],[85.45438,28.3358],[85.45443,28.33558],[85.45453,28.33567],[85.45505,28.33567],[85.45515,28.33549],[85.45566,28.33549],[85.45576,28.33567],[85.45596,28.33567],[85.45607,28.33576],[85.45627,28.33576],[85.45637,28.33558],[85.45709,28.33558],[85.45714,28.33571],[85.45729,28.33576],[85.45734,28.33589],[85.45749,28.33594],[85.4576,28.33612],[85.4579,28.33612],[85.458,28.33594],[85.45816,28.33589],[85.45821,28.33576],[85.45872,28.33576],[85.45877,28.33589],[85.45897,28.33598],[85.45913,28.3363],[85.46045,28.3363],[85.4606,28.33661],[85.46015,28.33666],[85.45984,28.33702],[85.45964,28.33684],[85.45892,28.33675],[85.45851,28.33639],[85.458,28.33648],[85.4579,28.3363],[85.4578,28.3363],[85.45775,28.33634],[85.45785,28.33643],[85.4578,28.33648],[85.45739,28.33648],[85.45729,28.33657],[85.45709,28.33657],[85.45693,28.33643],[85.45688,28.3363],[85.45658,28.3363],[85.45617,28.33603],[85.45607,28.33612],[85.45576,28.33612],[85.45571,28.33616],[85.45622,28.3367],[85.45612,28.33679],[85.45627,28.33693],[85.45658,28.33693],[85.45668,28.33684],[85.45678,28.33693],[85.4579,28.33693],[85.45821,28.33729],[85.45851,28.3372],[85.45872,28.33737],[85.45913,28.33737],[85.45923,28.33746],[85.45953,28.33746],[85.45958,28.33751],[85.45958,28.33796],[85.45969,28.33805],[85.45969,28.33868],[85.45938,28.33895],[85.45938,28.33904],[85.45923,28.33917],[85.45867,28.33931],[85.45892,28.33944],[85.45913,28.33944],[85.45923,28.33935],[85.45938,28.3394],[85.45938,28.33949],[85.45928,28.33957],[85.45928,28.33984],[85.45938,28.33993],[85.45913,28.33998],[85.45902,28.33989],[85.45897,28.33993],[85.45897,28.34002],[85.45918,28.3402],[85.45913,28.34034],[85.4577,28.34034],[85.45749,28.34016],[85.45719,28.34007],[85.45698,28.33989],[85.45688,28.33989],[85.45668,28.34007],[85.45658,28.34007],[85.45647,28.34025],[85.45637,28.34025],[85.45627,28.34016],[85.45617,28.34025],[85.45576,28.34025],[85.45566,28.34034],[85.45561,28.34011],[85.45576,28.33998],[85.45607,28.33998],[85.45637,28.33971],[85.45647,28.33971],[85.45658,28.33962],[85.45668,28.33971],[85.45683,28.33949],[85.45683,28.33931],[85.45663,28.33922],[85.45663,28.33895],[85.45683,28.33877],[85.45678,28.33872],[85.45668,28.33881],[85.45652,28.33868],[85.45663,28.33859],[85.45663,28.33841],[85.45647,28.33827],[85.45637,28.33827],[85.45612,28.3385],[85.45612,28.33859],[85.45601,28.33868],[85.45601,28.33886],[85.45612,28.33895],[85.45612,28.33922],[85.45601,28.33931],[85.45601,28.3394],[85.45586,28.33944],[85.45571,28.33931],[85.45556,28.33899],[85.4555,28.33904],[85.4555,28.33931],[85.45561,28.3394],[85.45545,28.33962],[85.45525,28.33962],[85.4551,28.33949],[85.4551,28.33931],[85.45469,28.33895],[85.45464,28.33881],[85.45453,28.33881],[85.45443,28.3389],[85.45433,28.3389],[85.45423,28.33881],[85.45413,28.3389],[85.45402,28.3389],[85.45392,28.33881],[85.45372,28.33881],[85.45346,28.33868],[85.45346,28.33859],[85.45357,28.3385],[85.45351,28.33836],[85.45341,28.33845],[85.45331,28.33845],[85.45321,28.33836],[85.4529,28.33836],[85.4528,28.33827],[85.45209,28.33827],[85.45178,28.33809],[85.45147,28.33809],[85.45117,28.33791],[85.45107,28.33791],[85.45076,28.33764],[85.44984,28.33755],[85.44933,28.3372],[85.44923,28.33729],[85.44908,28.33697],[85.44892,28.33684],[85.44872,28.33684],[85.44846,28.33661],[85.44841,28.33639],[85.44811,28.3363],[85.44795,28.33616],[85.4479,28.33594],[85.44775,28.33598],[85.44775,28.33607],[85.44785,28.33616],[85.4478,28.3363],[85.4476,28.3363],[85.4475,28.33639],[85.44719,28.33639],[85.44699,28.33657],[85.44668,28.33648],[85.44663,28.33661],[85.44642,28.3367],[85.44642,28.33679],[85.44663,28.33688],[85.44673,28.33715],[85.44658,28.33729],[85.44648,28.3372],[85.44637,28.3372],[85.44632,28.33742],[85.44607,28.33773],[85.44591,28.33769],[85.44591,28.33751],[85.44576,28.33737],[85.44546,28.33746],[85.44535,28.33737],[85.44464,28.33737],[85.44454,28.3372],[85.44382,28.3372],[85.44372,28.33702],[85.44342,28.33702],[85.44331,28.33684],[85.44316,28.33679],[85.44311,28.33666],[85.4428,28.33666],[85.44265,28.33643],[85.44265,28.33634],[85.4428,28.3363],[85.44301,28.33612],[85.44316,28.33625],[85.44316,28.33643],[85.44342,28.33657],[85.44372,28.33648],[85.44382,28.33639],[85.44403,28.33639],[85.44433,28.33657],[85.44444,28.33621],[85.44454,28.33621],[85.44464,28.3363],[85.44495,28.33621],[85.4452,28.33643],[85.44525,28.33657],[85.4454,28.33643],[85.4454,28.33616],[85.44566,28.33612],[85.44576,28.33594],[85.44591,28.33589],[85.44597,28.33576],[85.44612,28.33571],[85.44617,28.33558],[85.44709,28.33558],[85.44719,28.3354],[85.44734,28.33535],[85.44739,28.33522],[85.4479,28.33522],[85.44801,28.33504],[85.44836,28.33509]],[[85.4578,28.33917],[85.45724,28.33957],[85.45729,28.33962],[85.4576,28.33944],[85.4577,28.33944],[85.45785,28.33922],[85.4578,28.33917]],[[85.45821,28.33899],[85.45805,28.33904],[85.45805,28.33922],[85.45841,28.33926],[85.45851,28.33935],[85.45856,28.33931],[85.45851,28.33917],[85.45831,28.33917],[85.45821,28.33899]],[[85.45688,28.3389],[85.45683,28.33895],[85.45688,28.33899],[85.45693,28.33895],[85.45688,28.3389]],[[85.45566,28.33872],[85.45561,28.33877],[85.45566,28.33881],[85.45571,28.33877],[85.45566,28.33872]],[[85.45668,28.33818],[85.45663,28.33823],[85.45668,28.33827],[85.45673,28.33823],[85.45668,28.33818]]]}},{"type":"Feature","properties":{"name":"Ground stripped or buried (Sentinel-2 change)","area_m2":8424,"aoi":"source","fill":"#f97316","fill-opacity":0.5,"stroke":"#c2410c","stroke-width":1.1},"geometry":{"type":"Polygon","coordinates":[[[85.45918,28.33383],[85.45918,28.3341],[85.45933,28.33414],[85.45943,28.33432],[85.45974,28.33432],[85.45989,28.33455],[85.45974,28.33486],[85.45902,28.33486],[85.45892,28.33468],[85.45877,28.33464],[85.45877,28.33383],[85.45882,28.33378],[85.45918,28.33383]]]}},{"type":"Feature","properties":{"name":"Ground stripped or buried (Sentinel-2 change)","area_m2":1770,"aoi":"source","fill":"#f97316","fill-opacity":0.5,"stroke":"#c2410c","stroke-width":1.1},"geometry":{"type":"Polygon","coordinates":[[[85.44765,28.33347],[85.4475,28.33378],[85.44739,28.33378],[85.44729,28.33387],[85.44714,28.33383],[85.44714,28.33347],[85.44719,28.33342],[85.44765,28.33347]]]}},{"type":"Feature","properties":{"name":"Ground stripped or buried (Sentinel-2 change)","area_m2":1695,"aoi":"source","fill":"#f97316","fill-opacity":0.5,"stroke":"#c2410c","stroke-width":1.1},"geometry":{"type":"Polygon","coordinates":[[[85.46571,28.33347],[85.46571,28.33383],[85.46565,28.33387],[85.4652,28.33383],[85.46535,28.33351],[85.46555,28.33351],[85.46565,28.33342],[85.46571,28.33347]]]}},{"type":"Feature","properties":{"name":"Ground stripped or buried (Sentinel-2 change)","area_m2":32152,"aoi":"source","fill":"#f97316","fill-opacity":0.5,"stroke":"#c2410c","stroke-width":1.1},"geometry":{"type":"Polygon","coordinates":[[[85.47591,28.33104],[85.47606,28.33109],[85.47616,28.33127],[85.47647,28.33127],[85.47657,28.33145],[85.47688,28.33145],[85.47693,28.33158],[85.47713,28.33167],[85.47713,28.33212],[85.47693,28.33221],[85.47693,28.33248],[85.47713,28.33257],[85.47713,28.33311],[85.47708,28.33315],[85.47698,28.33306],[85.47667,28.33306],[85.47657,28.33315],[85.47647,28.33315],[85.47637,28.33306],[85.47565,28.33306],[85.4756,28.33302],[85.4756,28.33293],[85.4757,28.33284],[85.4757,28.33239],[85.47555,28.33235],[85.47545,28.33217],[85.4753,28.33212],[85.4753,28.33185],[85.47509,28.33176],[85.47509,28.33149],[85.4753,28.3314],[85.47535,28.33127],[85.47545,28.33127],[85.47555,28.33109],[85.47565,28.33109],[85.47575,28.331],[85.47591,28.33104]],[[85.47596,28.33262],[85.47591,28.33266],[85.47606,28.33289],[85.47611,28.33275],[85.47596,28.33262]],[[85.47626,28.33253],[85.47621,28.33257],[85.47626,28.33271],[85.47632,28.33266],[85.47626,28.33253]]]}},{"type":"Feature","properties":{"name":"Ground stripped or buried (Sentinel-2 change)","area_m2":264485,"aoi":"source","fill":"#f97316","fill-opacity":0.5,"stroke":"#c2410c","stroke-width":1.1},"geometry":{"type":"Polygon","coordinates":[[[85.43102,28.33078],[85.43102,28.33086],[85.43122,28.33095],[85.43122,28.33122],[85.43138,28.33127],[85.43143,28.3314],[85.43158,28.33145],[85.43168,28.33163],[85.43199,28.33163],[85.43209,28.33181],[85.4324,28.33181],[85.43245,28.33194],[85.4327,28.33208],[85.43281,28.33199],[85.43286,28.33221],[85.43326,28.33257],[85.43326,28.33266],[85.43342,28.3328],[85.43352,28.3328],[85.43362,28.33298],[85.43372,28.33298],[85.43383,28.33289],[85.43388,28.33293],[85.43388,28.33311],[85.43377,28.3332],[85.43383,28.33324],[85.43393,28.33315],[85.43408,28.3332],[85.43408,28.33383],[85.43439,28.33401],[85.43439,28.3341],[85.43464,28.3345],[85.43474,28.3345],[85.43485,28.33459],[85.43536,28.33459],[85.43587,28.33486],[85.43597,28.33477],[85.43638,28.33504],[85.43648,28.33495],[85.43658,28.33513],[85.43709,28.33513],[85.43714,28.33526],[85.43729,28.33531],[85.4374,28.33549],[85.4377,28.33549],[85.4378,28.33531],[85.43811,28.33531],[85.43821,28.33549],[85.43872,28.33549],[85.43882,28.3354],[85.43893,28.3354],[85.43903,28.33549],[85.43913,28.33549],[85.43923,28.33567],[85.43954,28.33567],[85.43964,28.33585],[85.43974,28.33585],[85.43979,28.33598],[85.44,28.33607],[85.44,28.33625],[85.44025,28.3363],[85.4403,28.33643],[85.44051,28.33652],[85.44051,28.33715],[85.44071,28.33724],[85.44071,28.33751],[85.44092,28.3376],[85.44092,28.33787],[85.44112,28.33796],[85.44122,28.33823],[85.44117,28.33827],[85.44066,28.33827],[85.44056,28.33836],[85.44051,28.33823],[85.44035,28.33809],[85.44025,28.33818],[85.4402,28.33814],[85.4402,28.33805],[85.4403,28.33796],[85.44025,28.33782],[85.43995,28.33782],[85.4399,28.33778],[85.44,28.33769],[85.43995,28.33764],[85.43964,28.33764],[85.43954,28.33755],[85.43923,28.33755],[85.43913,28.33764],[85.43862,28.33755],[85.43857,28.33769],[85.43842,28.33773],[85.43806,28.33751],[85.43806,28.33733],[85.43791,28.3372],[85.43765,28.33715],[85.43765,28.33679],[85.4375,28.33666],[85.43729,28.33666],[85.43719,28.33675],[85.43709,28.33675],[85.43699,28.33657],[85.43668,28.33666],[85.43658,28.33657],[85.43627,28.33657],[85.43617,28.33648],[85.43566,28.33648],[85.43536,28.3363],[85.43485,28.3363],[85.43474,28.33621],[85.43434,28.33621],[85.43423,28.3363],[85.43393,28.3363],[85.43372,28.33612],[85.43352,28.33612],[85.43326,28.33589],[85.43326,28.33562],[85.43311,28.33549],[85.4326,28.33558],[85.43255,28.33553],[85.43255,28.33526],[85.43245,28.33518],[85.43245,28.33482],[85.43219,28.33459],[85.43128,28.33459],[85.43117,28.33432],[85.43082,28.33419],[85.43082,28.33383],[85.43071,28.33374],[85.43061,28.33347],[85.43,28.33293],[85.43,28.33095],[85.43036,28.33091],[85.43046,28.33073],[85.43097,28.33073],[85.43102,28.33078]]]}},{"type":"Feature","properties":{"name":"Ground stripped or buried (Sentinel-2 change)","area_m2":6082,"aoi":"source","fill":"#f97316","fill-opacity":0.5,"stroke":"#c2410c","stroke-width":1.1},"geometry":{"type":"Polygon","coordinates":[[[85.43306,28.32979],[85.43306,28.33033],[85.43301,28.33037],[85.4327,28.33046],[85.4326,28.33037],[85.43199,28.33037],[85.43194,28.33033],[85.43204,28.33006],[85.43224,28.32997],[85.4323,28.32983],[85.43281,28.32983],[85.43291,28.32974],[85.43306,28.32979]]]}},{"type":"Feature","properties":{"name":"Ground stripped or buried (Sentinel-2 change)","area_m2":2966,"aoi":"source","fill":"#f97316","fill-opacity":0.5,"stroke":"#c2410c","stroke-width":1.1},"geometry":{"type":"Polygon","coordinates":[[[85.48029,28.32862],[85.48029,28.32871],[85.48019,28.3288],[85.48019,28.32907],[85.48014,28.32911],[85.47983,28.32911],[85.47973,28.32893],[85.47958,28.32889],[85.47968,28.3288],[85.47973,28.32858],[85.48024,28.32858],[85.48029,28.32862]]]}},{"type":"Feature","properties":{"name":"Ground stripped or buried (Sentinel-2 change)","area_m2":3440,"aoi":"source","fill":"#f97316","fill-opacity":0.5,"stroke":"#c2410c","stroke-width":1.1},"geometry":{"type":"Polygon","coordinates":[[[85.4856,28.32799],[85.4856,28.32826],[85.4858,28.32835],[85.4858,28.32862],[85.48545,28.32875],[85.48529,28.32862],[85.48519,28.32835],[85.48529,28.32826],[85.48529,28.32799],[85.48534,28.32795],[85.4856,28.32799]]]}},{"type":"Feature","properties":{"name":"Ground stripped or buried (Sentinel-2 change)","area_m2":5010,"aoi":"source","fill":"#f97316","fill-opacity":0.5,"stroke":"#c2410c","stroke-width":1.1},"geometry":{"type":"Polygon","coordinates":[[[85.48744,28.32691],[85.48749,28.32705],[85.48759,28.32705],[85.48764,28.32718],[85.48784,28.32727],[85.48784,28.32754],[85.48759,28.32768],[85.48728,28.32759],[85.48723,28.32745],[85.48703,28.32736],[85.48703,28.32727],[85.48693,28.32718],[85.48708,28.32687],[85.48744,28.32691]]]}},{"type":"Feature","properties":{"name":"Ground stripped or buried (Sentinel-2 change)","area_m2":1446,"aoi":"source","fill":"#f97316","fill-opacity":0.5,"stroke":"#c2410c","stroke-width":1.1},"geometry":{"type":"Polygon","coordinates":[[[85.48325,28.31838],[85.48325,28.31874],[85.4831,28.31879],[85.48295,28.31865],[85.48284,28.31838],[85.4829,28.31834],[85.48325,28.31838]]]}},{"type":"Feature","properties":{"name":"Ground stripped or buried (Sentinel-2 change)","area_m2":1271,"aoi":"source","fill":"#f97316","fill-opacity":0.5,"stroke":"#c2410c","stroke-width":1.1},"geometry":{"type":"Polygon","coordinates":[[[85.48356,28.3173],[85.48371,28.31735],[85.48386,28.31748],[85.48386,28.31757],[85.48381,28.31762],[85.48346,28.31757],[85.48335,28.3173],[85.48341,28.31726],[85.48356,28.3173]]]}},{"type":"Feature","properties":{"name":"Ground stripped or buried (Sentinel-2 change)","area_m2":1222,"aoi":"source","fill":"#f97316","fill-opacity":0.5,"stroke":"#c2410c","stroke-width":1.1},"geometry":{"type":"Polygon","coordinates":[[[85.48366,28.31677],[85.48366,28.31704],[85.48341,28.31717],[85.48325,28.31713],[85.48335,28.31704],[85.48335,28.31686],[85.48351,28.31672],[85.48366,28.31677]]]}},{"type":"Feature","properties":{"name":"Ground stripped or buried (Sentinel-2 change)","area_m2":1496,"aoi":"source","fill":"#f97316","fill-opacity":0.5,"stroke":"#c2410c","stroke-width":1.1},"geometry":{"type":"Polygon","coordinates":[[[85.48499,28.31533],[85.48514,28.31537],[85.48529,28.31551],[85.48529,28.3156],[85.48504,28.31573],[85.48488,28.31569],[85.48488,28.3156],[85.48478,28.31551],[85.48494,28.31528],[85.48499,28.31533]]]}},{"type":"Feature","properties":{"name":"Ground stripped or buried (Sentinel-2 change)","area_m2":2169,"aoi":"source","fill":"#f97316","fill-opacity":0.5,"stroke":"#c2410c","stroke-width":1.1},"geometry":{"type":"Polygon","coordinates":[[[85.49213,28.31389],[85.49228,28.31394],[85.49233,28.31407],[85.49208,28.3143],[85.49197,28.3143],[85.49187,28.31421],[85.49177,28.31421],[85.49167,28.3143],[85.49162,28.31425],[85.49177,28.31394],[85.49187,28.31394],[85.49197,28.31385],[85.49213,28.31389]]]}},{"type":"Feature","properties":{"name":"Ground stripped or buried (Sentinel-2 change)","area_m2":1770,"aoi":"source","fill":"#f97316","fill-opacity":0.5,"stroke":"#c2410c","stroke-width":1.1},"geometry":{"type":"Polygon","coordinates":[[[85.49305,28.31308],[85.49289,28.31349],[85.49254,28.31335],[85.49254,28.31308],[85.49259,28.31304],[85.49305,28.31308]]]}},{"type":"Feature","properties":{"name":"Ground stripped or buried (Sentinel-2 change)","area_m2":1396,"aoi":"source","fill":"#f97316","fill-opacity":0.5,"stroke":"#c2410c","stroke-width":1.1},"geometry":{"type":"Polygon","coordinates":[[[85.49968,28.30698],[85.49978,28.30707],[85.49978,28.30725],[85.49988,28.30734],[85.49983,28.30738],[85.49952,28.30729],[85.49937,28.30707],[85.49942,28.30693],[85.49968,28.30698]]]}},{"type":"Feature","properties":{"name":"Ground stripped or buried (Sentinel-2 change)","area_m2":3005760,"aoi":"source","fill":"#f97316","fill-opacity":0.5,"stroke":"#c2410c","stroke-width":1.1},"geometry":{"type":"Polygon","coordinates":[[[85.50651,28.30329],[85.50651,28.30365],[85.50631,28.30374],[85.50631,28.3041],[85.50626,28.30415],[85.50616,28.30415],[85.50595,28.30397],[85.50575,28.30397],[85.5057,28.30401],[85.5059,28.30419],[85.50585,28.30433],[85.50554,28.30433],[85.50544,28.30451],[85.50524,28.30451],[85.50503,28.30487],[85.50473,28.30487],[85.50468,28.305],[85.50447,28.30509],[85.50447,28.30518],[85.50432,28.30522],[85.50406,28.30545],[85.50406,28.30572],[85.50427,28.30581],[85.50427,28.30644],[85.50401,28.30648],[85.50396,28.30662],[85.50376,28.30671],[85.50376,28.30716],[85.50355,28.30725],[85.50355,28.30752],[85.50376,28.3076],[85.50376,28.30823],[85.50396,28.30832],[85.50386,28.30841],[85.50391,28.30864],[85.50401,28.30864],[85.50422,28.30846],[85.50432,28.30846],[85.50462,28.30819],[85.50498,28.30832],[85.50498,28.30859],[85.50483,28.30864],[85.50473,28.30882],[85.50457,28.30886],[85.50457,28.30931],[85.50468,28.3094],[85.50468,28.30949],[85.50427,28.30985],[85.50427,28.30994],[85.50386,28.31039],[85.50386,28.31048],[85.50325,28.31111],[85.50315,28.31138],[85.50294,28.31156],[85.50274,28.31201],[85.50253,28.31219],[85.50243,28.31245],[85.50228,28.31259],[85.50218,28.31259],[85.50207,28.31268],[85.50192,28.31263],[85.50192,28.3121],[85.50187,28.31205],[85.50156,28.31205],[85.50146,28.31214],[85.50131,28.3121],[85.50131,28.31174],[85.50151,28.31165],[85.50151,28.31156],[85.50116,28.31151],[85.50111,28.31156],[85.50111,28.31183],[85.5009,28.31192],[85.5009,28.31219],[85.5007,28.31228],[85.5007,28.31254],[85.50034,28.31259],[85.50024,28.31241],[85.50009,28.31245],[85.50009,28.3129],[85.49993,28.31295],[85.49988,28.31308],[85.49973,28.31313],[85.49968,28.31326],[85.49952,28.31331],[85.49947,28.31344],[85.49932,28.31349],[85.49927,28.31362],[85.49912,28.31367],[85.49901,28.31385],[85.49886,28.31389],[85.49886,28.31398],[85.49876,28.31407],[85.49876,28.31452],[85.49861,28.31457],[85.4985,28.31475],[85.4982,28.31475],[85.4981,28.31483],[85.49799,28.31483],[85.49794,28.31461],[85.49779,28.31448],[85.49759,28.31448],[85.49753,28.31461],[85.49733,28.3147],[85.49733,28.31479],[85.49743,28.31488],[85.49743,28.31497],[85.49733,28.31506],[85.49733,28.31533],[85.49692,28.31542],[85.49692,28.31569],[85.49702,28.31578],[85.49692,28.31605],[85.49713,28.31614],[85.49713,28.31632],[85.49733,28.31641],[85.49733,28.31686],[85.49708,28.3169],[85.49677,28.31708],[85.49657,28.31708],[85.49626,28.31726],[85.49575,28.31744],[85.49555,28.31762],[85.49544,28.31762],[85.49356,28.31919],[85.49366,28.31946],[85.49376,28.31955],[85.49376,28.31973],[85.49386,28.31982],[85.49386,28.32081],[85.49356,28.32126],[85.49356,28.32144],[85.49335,28.32171],[85.49335,28.32188],[85.49305,28.32233],[85.49305,28.32251],[85.49294,28.3226],[85.49294,28.32269],[85.49279,28.32274],[85.49269,28.32292],[85.49254,28.32296],[85.49254,28.32323],[85.49233,28.32332],[85.49233,28.32359],[85.49243,28.32368],[85.49243,28.32377],[85.49213,28.32422],[85.49213,28.32431],[85.49192,28.32449],[85.49162,28.32512],[85.49141,28.3253],[85.49131,28.32557],[85.49106,28.32579],[85.49095,28.32579],[85.49085,28.32543],[85.49034,28.32543],[85.49029,28.32539],[85.49029,28.32512],[85.4905,28.32503],[85.4905,28.32386],[85.49029,28.32377],[85.49024,28.32364],[85.49014,28.32364],[85.49004,28.32346],[85.48953,28.32346],[85.48948,28.3235],[85.48948,28.32377],[85.48932,28.32382],[85.48927,28.32395],[85.48912,28.324],[85.48902,28.32417],[85.48886,28.32422],[85.48886,28.32467],[85.48907,28.32476],[85.48907,28.32503],[85.48902,28.32507],[85.48891,28.32498],[85.48881,28.32507],[85.48871,28.32507],[85.48861,28.32489],[85.48846,28.32485],[85.4884,28.32471],[85.4881,28.32471],[85.48805,28.32485],[85.48789,28.32489],[85.48784,28.32503],[85.48769,28.32507],[85.48759,28.32525],[85.48708,28.32525],[85.48703,28.32539],[85.48682,28.32548],[85.48682,28.32611],[85.48662,28.3262],[85.48662,28.32646],[85.48657,28.32651],[85.48606,28.32651],[85.48596,28.32633],[85.4858,28.32629],[85.48575,28.32615],[85.48545,28.32615],[85.48534,28.32597],[85.48494,28.32597],[85.48488,28.32602],[85.48499,28.32611],[85.48494,28.32615],[85.48473,28.32615],[85.48463,28.32606],[85.48458,28.32611],[85.48458,28.3262],[85.48473,28.32633],[85.48483,28.32624],[85.48494,28.32624],[85.48519,28.32637],[85.48519,28.32682],[85.48499,28.32691],[85.48499,28.32736],[85.48494,28.32741],[85.48483,28.32732],[85.48473,28.32732],[85.48463,28.32741],[85.48458,28.32736],[85.48458,28.32727],[85.48468,28.32718],[85.48468,28.32691],[85.48463,28.32687],[85.48448,28.32691],[85.48448,28.32709],[85.48437,28.32718],[85.48437,28.32763],[85.48448,28.32772],[85.48448,28.32781],[85.48468,28.3279],[85.48468,28.32826],[85.48478,28.32835],[85.48478,28.32871],[85.48468,28.3288],[85.48468,28.32898],[85.48488,28.32916],[85.48478,28.32943],[85.48488,28.32952],[85.48488,28.3297],[85.48499,28.32979],[85.48499,28.32988],[85.48478,28.32997],[85.48478,28.33015],[85.48483,28.33019],[85.48499,28.33006],[85.48504,28.32992],[85.48514,28.32992],[85.48529,28.33006],[85.48529,28.33024],[85.48519,28.33033],[85.48519,28.3306],[85.48539,28.33086],[85.48539,28.33176],[85.48529,28.33185],[85.48539,28.33194],[85.48539,28.33203],[85.48524,28.33208],[85.48514,28.33199],[85.48499,28.33212],[85.48499,28.3323],[85.48488,28.33239],[85.48514,28.33253],[85.48524,28.33244],[85.48534,28.33253],[85.48545,28.33244],[85.48575,28.33244],[85.48621,28.33203],[85.48621,28.33185],[85.48611,28.33176],[85.48636,28.33172],[85.48662,28.33149],[85.48652,28.3314],[85.48677,28.33118],[85.48708,28.33118],[85.48718,28.33109],[85.48728,28.33109],[85.48779,28.33136],[85.4882,28.33136],[85.4883,28.33145],[85.48861,28.33145],[85.48871,28.33154],[85.48891,28.33154],[85.48902,28.33145],[85.48912,28.33154],[85.48932,28.33154],[85.48937,28.3314],[85.48963,28.33118],[85.48973,28.33127],[85.48983,28.33118],[85.48993,28.33118],[85.48999,28.33122],[85.48988,28.33131],[85.48993,28.33136],[85.49014,28.33136],[85.49039,28.33158],[85.49034,28.33181],[85.49024,28.33181],[85.49014,28.33172],[85.48993,28.3319],[85.48973,28.3319],[85.48958,28.33203],[85.48953,28.33217],[85.48942,28.33208],[85.48932,28.33208],[85.48891,28.33244],[85.48881,28.33244],[85.48876,28.33248],[85.48897,28.33266],[85.48897,28.33302],[85.48876,28.33311],[85.48876,28.33329],[85.48851,28.33351],[85.4882,28.33351],[85.4881,28.33369],[85.48774,28.33374],[85.48774,28.33401],[85.48789,28.33405],[85.488,28.33423],[85.48871,28.33423],[85.48886,28.33446],[85.48912,28.3345],[85.48917,28.33464],[85.48881,28.33495],[85.48861,28.33477],[85.4884,28.33477],[85.48835,28.33491],[85.48815,28.335],[85.48815,28.33526],[85.488,28.33531],[85.48795,28.33544],[85.48779,28.33549],[85.48769,28.33567],[85.48754,28.33571],[85.48754,28.33589],[85.48744,28.33598],[85.48754,28.33607],[85.48738,28.33621],[85.48718,28.33621],[85.48667,28.33648],[85.48647,28.33648],[85.48616,28.33666],[85.48596,28.33666],[85.48545,28.33693],[85.48524,28.33693],[85.48494,28.33711],[85.48473,28.33711],[85.48422,28.33737],[85.48402,28.33737],[85.48392,28.33746],[85.48361,28.33746],[85.48351,28.33755],[85.483,28.33755],[85.4829,28.33746],[85.48208,28.33746],[85.48198,28.33737],[85.48075,28.33737],[85.48065,28.33746],[85.48035,28.33746],[85.48024,28.33755],[85.47637,28.33755],[85.47626,28.33764],[85.47616,28.33755],[85.47596,28.33755],[85.47565,28.33729],[85.47555,28.33729],[85.47545,28.3372],[85.47514,28.3372],[85.47468,28.33679],[85.47468,28.33661],[85.47443,28.33639],[85.47422,28.33639],[85.47417,28.33652],[85.47428,28.33661],[85.47412,28.33675],[85.47402,28.33675],[85.47392,28.33666],[85.47341,28.33666],[85.47331,28.33657],[85.4729,28.33657],[85.47274,28.3367],[85.47269,28.33684],[85.47249,28.33684],[85.47229,28.33702],[85.47218,28.33702],[85.47203,28.33688],[85.47198,28.33675],[85.47178,28.33693],[85.47096,28.33693],[85.47086,28.33684],[85.47076,28.33693],[85.47055,28.33693],[85.47045,28.33675],[85.47025,28.33675],[85.47014,28.33666],[85.46963,28.33666],[85.46912,28.33693],[85.46882,28.33693],[85.46872,28.33702],[85.46831,28.33702],[85.468,28.33729],[85.46718,28.33729],[85.46708,28.3372],[85.46637,28.3372],[85.46576,28.33755],[85.46525,28.33755],[85.46484,28.33791],[85.46463,28.33791],[85.46453,28.33782],[85.46443,28.33782],[85.46423,28.338],[85.46372,28.33809],[85.46341,28.33836],[85.463,28.33836],[85.4629,28.33845],[85.4627,28.33845],[85.46259,28.33836],[85.46249,28.33836],[85.46239,28.33818],[85.46229,28.33827],[85.46198,28.33818],[85.46168,28.33836],[85.46127,28.33836],[85.46106,28.33818],[85.46096,28.33836],[85.46076,28.33836],[85.46066,28.33809],[85.46055,28.33827],[85.46015,28.33827],[85.46004,28.33836],[85.45979,28.33814],[85.45979,28.33796],[85.45999,28.33769],[85.45999,28.33751],[85.46004,28.33746],[85.46015,28.33746],[85.46025,28.33755],[85.4603,28.33751],[85.4603,28.33724],[85.46055,28.33702],[85.46076,28.33702],[85.46091,28.33688],[85.46081,28.33679],[85.46086,28.33675],[85.46096,28.33675],[85.46106,28.33684],[85.46157,28.33684],[85.46208,28.33639],[85.46219,28.33648],[85.46229,28.33648],[85.46239,28.33639],[85.46259,28.33639],[85.46321,28.33603],[85.46412,28.33603],[85.46418,28.33598],[85.46407,28.33589],[85.46412,28.33585],[85.46463,28.33585],[85.46484,28.33567],[85.46504,28.33567],[85.46514,28.33549],[85.46525,28.33549],[85.46535,28.33558],[85.46545,28.33558],[85.46555,28.33549],[85.46565,28.33558],[85.46586,28.33558],[85.46616,28.3354],[85.46627,28.33549],[85.46637,28.33531],[85.46667,28.33531],[85.46688,28.33513],[85.46708,28.33513],[85.46729,28.33495],[85.46759,28.33495],[85.4677,28.33504],[85.4678,28.33495],[85.4681,28.33495],[85.46831,28.33477],[85.46902,28.33477],[85.46907,28.33473],[85.46882,28.33459],[85.46872,28.33459],[85.46861,28.33468],[85.46831,28.33468],[85.46821,28.33477],[85.4678,28.33477],[85.46775,28.33473],[85.46775,28.33419],[85.4679,28.33414],[85.468,28.33423],[85.46831,28.33423],[85.46841,28.33405],[85.46856,28.33401],[85.46861,28.33387],[85.46877,28.33383],[85.46882,28.33369],[85.46897,28.33365],[85.46897,28.33284],[85.46902,28.3328],[85.46912,28.3328],[85.46923,28.33271],[85.46933,28.33271],[85.46943,28.3328],[85.47076,28.3328],[85.47081,28.33275],[85.47081,28.3323],[85.47076,28.33226],[85.47045,28.33226],[85.47035,28.33217],[85.47025,28.33217],[85.47014,28.33226],[85.46999,28.33221],[85.46999,28.33185],[85.47019,28.33167],[85.47019,28.33149],[85.4705,28.33131],[85.4704,28.33122],[85.4704,28.33113],[85.47065,28.33109],[85.47076,28.331],[85.47081,28.33104],[85.47081,28.33131],[85.4706,28.3314],[85.4706,28.33167],[85.47065,28.33172],[85.47116,28.33172],[85.47127,28.33154],[85.47178,28.33154],[85.47188,28.33172],[85.47239,28.33172],[85.47249,28.3319],[85.4728,28.3319],[85.4729,28.33208],[85.473,28.33208],[85.47305,28.33221],[85.47325,28.3323],[85.47325,28.33257],[85.47305,28.33266],[85.47305,28.33311],[85.4731,28.33315],[85.4732,28.33315],[85.47331,28.33324],[85.47361,28.33324],[85.47371,28.33306],[85.47463,28.33306],[85.47468,28.3332],[85.47453,28.33342],[85.47422,28.33333],[85.47387,28.33365],[85.47402,28.33369],[85.47412,28.3336],[85.47433,28.3336],[85.47438,28.33383],[85.47473,28.33405],[85.47489,28.33401],[85.47489,28.33365],[85.47494,28.3336],[85.47514,28.3336],[85.47524,28.33342],[85.47535,28.33342],[85.47545,28.33333],[85.47565,28.33333],[85.47575,28.33324],[85.47586,28.33333],[85.47596,28.33324],[85.47606,28.33324],[85.47611,28.33329],[85.47601,28.33338],[85.47601,28.33347],[85.47626,28.3336],[85.47657,28.3336],[85.47667,28.33369],[85.47677,28.3336],[85.47698,28.3336],[85.47708,28.33351],[85.47728,28.33351],[85.47739,28.3336],[85.47749,28.33351],[85.47759,28.33369],[85.4779,28.3336],[85.4782,28.33387],[85.4783,28.33387],[85.47881,28.33414],[85.47892,28.33405],[85.47917,28.33401],[85.47917,28.33383],[85.47938,28.33374],[85.47943,28.3336],[85.47953,28.3336],[85.47963,28.33351],[85.47973,28.3336],[85.48004,28.33333],[85.48024,28.33333],[85.4804,28.3332],[85.48045,28.33306],[85.4806,28.33302],[85.48065,28.33289],[85.48075,28.33289],[85.48086,28.33298],[85.48091,28.33293],[85.4808,28.33284],[85.48086,28.33262],[85.48096,28.33262],[85.48106,28.33271],[85.48147,28.33271],[85.48157,28.3328],[85.48162,28.33275],[85.48162,28.33239],[85.48147,28.33235],[85.48137,28.33217],[85.48121,28.33212],[85.48121,28.33203],[85.48101,28.33194],[85.48096,28.33181],[85.48065,28.33181],[85.48055,28.33163],[85.48024,28.33163],[85.48014,28.33145],[85.47963,28.33145],[85.47953,28.33127],[85.47938,28.33122],[85.47938,28.33095],[85.47932,28.33091],[85.47902,28.33091],[85.47892,28.33073],[85.47841,28.33073],[85.47836,28.33086],[85.4782,28.33091],[85.4781,28.33109],[85.47779,28.33109],[85.47769,28.33091],[85.47754,28.33086],[85.47749,28.33073],[85.47677,28.33073],[85.47667,28.33055],[85.47652,28.33051],[85.47652,28.33024],[85.47672,28.33015],[85.47677,28.33001],[85.47688,28.33001],[85.47698,28.32983],[85.47728,28.32983],[85.47739,28.32965],[85.47754,28.32961],[85.47754,28.32916],[85.47759,28.32911],[85.4779,28.32911],[85.47795,28.32925],[85.4781,28.32929],[85.47815,28.32943],[85.4783,28.32947],[85.47836,28.32961],[85.47851,28.32965],[85.47861,28.32983],[85.47892,28.32983],[85.47902,28.33001],[85.47932,28.33001],[85.47943,28.33019],[85.48075,28.33019],[85.48086,28.33001],[85.48137,28.33001],[85.48147,28.32992],[85.48157,28.32992],[85.48162,28.33015],[85.48182,28.33024],[85.48182,28.33051],[85.48198,28.33055],[85.48203,28.33069],[85.48218,28.33073],[85.48223,28.33086],[85.48239,28.331],[85.48279,28.331],[85.4829,28.33082],[85.48305,28.33078],[85.48305,28.33051],[85.4832,28.33046],[85.4833,28.33028],[85.48346,28.33024],[85.48341,28.3301],[85.4831,28.3301],[85.483,28.33019],[85.48295,28.33015],[85.48295,28.32997],[85.48305,28.32988],[85.48305,28.32979],[85.48325,28.3297],[85.48325,28.32943],[85.48305,28.32934],[85.48315,28.32925],[85.48315,28.32835],[85.48325,28.32826],[85.48325,28.32781],[85.48315,28.32772],[85.48325,28.32763],[85.48325,28.32709],[85.483,28.32687],[85.48274,28.32682],[85.48274,28.32664],[85.48254,28.32637],[85.48254,28.32602],[85.48244,28.32593],[85.48244,28.32548],[85.48233,28.32539],[85.48239,28.32534],[85.48249,28.32534],[85.48259,28.32543],[85.48264,28.32539],[85.48264,28.32521],[85.48274,28.32512],[85.48274,28.32503],[85.4829,28.32498],[85.483,28.3248],[85.48315,28.32476],[85.4832,28.32462],[85.48335,28.32458],[85.48341,28.32444],[85.48356,28.3244],[85.48356,28.32413],[85.48376,28.32404],[85.48376,28.32269],[85.48361,28.32265],[85.48351,28.32247],[85.48335,28.32242],[85.48335,28.32215],[85.48315,28.32206],[85.4831,28.32193],[85.48279,28.32193],[85.48269,28.32175],[85.48254,28.32171],[85.48249,28.32157],[85.48228,28.32157],[85.48218,28.32139],[85.48203,28.32135],[85.48233,28.32099],[85.48254,28.32054],[85.48284,28.32036],[85.48284,28.32027],[85.48346,28.31973],[85.48346,28.31964],[85.48325,28.31937],[85.48325,28.31919],[85.48315,28.3191],[85.4832,28.31897],[85.4833,28.31906],[85.48381,28.31906],[85.48392,28.31888],[85.48463,28.31888],[85.48473,28.3187],[85.48545,28.3187],[85.4855,28.31865],[85.4855,28.31838],[85.48539,28.31829],[85.48539,28.3182],[85.48555,28.31798],[85.4857,28.31793],[85.4857,28.31766],[85.48555,28.31762],[85.48545,28.31744],[85.48529,28.31739],[85.48529,28.31713],[85.48509,28.31704],[85.48509,28.31695],[85.48499,28.31686],[85.48504,28.31672],[85.48519,28.31668],[85.48488,28.3165],[85.48483,28.31627],[85.48473,28.31627],[85.48468,28.31641],[85.48453,28.31645],[85.48443,28.31636],[85.48412,28.31636],[85.48407,28.31614],[85.48453,28.31591],[85.48494,28.31591],[85.48504,28.31582],[85.48509,28.31587],[85.48509,28.31632],[85.48524,28.31636],[85.48529,28.3165],[85.48545,28.31654],[85.4855,28.31668],[85.48565,28.31672],[85.4857,28.31686],[85.48585,28.3169],[85.4859,28.31704],[85.48606,28.31708],[85.48616,28.31726],[85.48687,28.31726],[85.48693,28.31721],[85.48693,28.31695],[85.48677,28.3169],[85.48667,28.31672],[85.48652,28.31668],[85.48647,28.31654],[85.48631,28.3165],[85.48631,28.31623],[85.48616,28.31618],[85.48606,28.316],[85.4859,28.31596],[85.4859,28.31587],[85.4857,28.31578],[85.4857,28.31569],[85.4856,28.3156],[85.48601,28.31551],[85.48601,28.31533],[85.48611,28.31524],[85.48611,28.31497],[85.48631,28.31479],[85.48636,28.31466],[85.48662,28.3147],[85.48662,28.31506],[85.48672,28.31515],[85.48672,28.31524],[85.48687,28.31528],[85.48693,28.31515],[85.48682,28.31506],[85.48728,28.31466],[85.48749,28.31466],[85.48764,28.31452],[85.48764,28.31434],[85.48774,28.31425],[85.48764,28.31416],[85.48769,28.31394],[85.48805,28.31407],[85.48805,28.31425],[85.48795,28.31434],[85.48815,28.31443],[85.48815,28.3147],[85.48835,28.31479],[85.48835,28.31506],[85.48851,28.3151],[85.48856,28.31524],[85.48876,28.31542],[85.48856,28.31551],[85.48856,28.31578],[85.48861,28.31582],[85.48876,28.31578],[85.48876,28.31551],[85.48881,28.31546],[85.48912,28.31546],[85.48917,28.31569],[85.48953,28.31573],[85.48963,28.31591],[85.49034,28.31591],[85.49044,28.31573],[85.4906,28.31569],[85.49065,28.31555],[85.4908,28.31551],[85.4908,28.31524],[85.49085,28.31519],[85.49126,28.31519],[85.49136,28.3151],[85.49157,28.3151],[85.49167,28.31501],[85.49177,28.3151],[85.49187,28.3151],[85.49203,28.31497],[85.49192,28.31488],[85.49197,28.31466],[85.49208,28.31475],[85.49218,28.31475],[85.49238,28.31457],[85.49264,28.31452],[85.49264,28.31425],[85.49294,28.31398],[85.49284,28.31389],[85.49294,28.3138],[85.49284,28.31371],[85.49284,28.31362],[85.4931,28.31358],[85.4932,28.31367],[85.4933,28.31358],[85.49356,28.31353],[85.49356,28.31326],[85.49345,28.31317],[85.49345,28.31308],[85.49361,28.31286],[85.49432,28.31286],[85.49442,28.31304],[85.49493,28.31304],[85.49504,28.31286],[85.49534,28.31286],[85.49565,28.31259],[85.49595,28.3125],[85.496,28.31228],[85.49611,28.31219],[85.49595,28.31196],[85.49524,28.31196],[85.49519,28.3121],[85.49504,28.31214],[85.49493,28.31232],[85.49381,28.31232],[85.49371,28.31214],[85.49356,28.3121],[85.49356,28.31183],[85.49351,28.31178],[85.4932,28.31178],[85.49315,28.31192],[85.49294,28.31201],[85.49294,28.31228],[85.49289,28.31232],[85.49249,28.31232],[85.49243,28.31228],[85.49243,28.31192],[85.49233,28.31183],[85.49233,28.31138],[85.49254,28.31129],[85.49254,28.31084],[85.49238,28.31079],[85.49233,28.31084],[85.49233,28.31111],[85.49213,28.31138],[85.49213,28.31174],[85.49203,28.31183],[85.49203,28.3121],[85.49172,28.31237],[85.49172,28.31254],[85.49182,28.31263],[85.49182,28.31272],[85.49141,28.31308],[85.49172,28.31344],[85.49172,28.31353],[85.49167,28.31358],[85.49116,28.31358],[85.49106,28.3134],[85.4909,28.31335],[85.49085,28.31322],[85.4907,28.31317],[85.4908,28.31308],[85.4908,28.31281],[85.49111,28.31263],[85.49111,28.31192],[85.49121,28.31183],[85.49121,28.31147],[85.49131,28.31138],[85.49131,28.3112],[85.49162,28.31075],[85.49162,28.31039],[85.49197,28.31007],[85.49213,28.31012],[85.49218,28.31034],[85.49238,28.31034],[85.49254,28.31048],[85.49243,28.31057],[85.49249,28.3107],[85.49254,28.31057],[85.49279,28.31034],[85.4931,28.31034],[85.4932,28.31016],[85.49335,28.31012],[85.4934,28.30999],[85.49356,28.30994],[85.49356,28.30949],[85.49376,28.3094],[85.49381,28.30927],[85.49391,28.30927],[85.49402,28.30909],[85.49432,28.30909],[85.49442,28.30891],[85.49473,28.30891],[85.49483,28.30873],[85.49498,28.30868],[85.49504,28.30855],[85.49519,28.3085],[85.49524,28.30837],[85.49539,28.30832],[85.49544,28.30819],[85.4956,28.30814],[85.49565,28.30801],[85.4958,28.30796],[85.49585,28.30783],[85.496,28.30778],[85.49606,28.30765],[85.49621,28.3076],[85.49626,28.30747],[85.49657,28.30747],[85.49667,28.30729],[85.49682,28.30725],[85.49687,28.30711],[85.49702,28.30707],[85.49708,28.30693],[85.49718,28.30693],[85.49733,28.3068],[85.49733,28.30653],[85.49774,28.30626],[85.49789,28.30603],[85.49835,28.30608],[85.49835,28.30635],[85.4982,28.30639],[85.4981,28.30657],[85.49794,28.30662],[85.49804,28.30671],[85.49799,28.30675],[85.49774,28.3068],[85.49804,28.30698],[85.49804,28.30716],[85.49794,28.30725],[85.4982,28.30747],[85.4984,28.30747],[85.4985,28.30765],[85.49871,28.30765],[85.49891,28.30783],[85.49917,28.30769],[85.49917,28.30743],[85.49922,28.30738],[85.49942,28.30738],[85.49968,28.30752],[85.49968,28.3076],[85.49947,28.30778],[85.49973,28.30783],[85.49983,28.30792],[85.50039,28.30743],[85.50039,28.30734],[85.50029,28.30725],[85.50039,28.30716],[85.50039,28.30707],[85.5007,28.30689],[85.50044,28.30684],[85.50029,28.30671],[85.50029,28.30653],[85.50044,28.30639],[85.50054,28.30648],[85.50095,28.30648],[85.50111,28.30626],[85.50085,28.30612],[85.50065,28.3063],[85.50044,28.3063],[85.50039,28.30626],[85.50039,28.3059],[85.5006,28.30581],[85.50065,28.30567],[85.50095,28.30567],[85.50105,28.30549],[85.50121,28.30545],[85.50121,28.30509],[85.50126,28.30505],[85.50162,28.30509],[85.50162,28.30545],[85.50131,28.30554],[85.50156,28.30567],[85.50177,28.30567],[85.50187,28.30576],[85.50202,28.30563],[85.50202,28.30554],[85.50182,28.30545],[85.50192,28.30536],[85.50182,28.30527],[85.50182,28.30509],[85.50197,28.30505],[85.50207,28.30513],[85.50218,28.30505],[85.50228,28.30505],[85.50238,28.30513],[85.50248,28.30513],[85.50258,28.30496],[85.50269,28.30505],[85.50284,28.30491],[85.50284,28.30464],[85.50304,28.30446],[85.50304,28.30437],[85.50325,28.30428],[85.5033,28.30415],[85.5036,28.30415],[85.50371,28.30397],[85.50386,28.30392],[85.50391,28.30379],[85.50422,28.3037],[85.50432,28.30379],[85.50442,28.30379],[85.50447,28.30392],[85.50462,28.30397],[85.50473,28.30415],[85.50503,28.30415],[85.50519,28.30392],[85.50519,28.30374],[85.50529,28.30365],[85.50529,28.30356],[85.50575,28.30325],[85.50595,28.30343],[85.50626,28.30325],[85.50636,28.30334],[85.50646,28.30325],[85.50651,28.30329]],[[85.46372,28.33782],[85.46356,28.33787],[85.46361,28.338],[85.46377,28.33796],[85.46372,28.33782]],[[85.48351,28.33585],[85.48346,28.33589],[85.48351,28.33594],[85.48356,28.33589],[85.48351,28.33585]],[[85.4832,28.33513],[85.48269,28.33513],[85.48259,28.33531],[85.48228,28.33531],[85.48223,28.33544],[85.48203,28.33553],[85.48203,28.3358],[85.48223,28.33589],[85.48213,28.33598],[85.48218,28.33603],[85.4829,28.33603],[85.4831,28.33585],[85.4832,28.33585],[85.48346,28.33562],[85.48346,28.33535],[85.48325,28.33526],[85.4832,28.33513]],[[85.47014,28.33477],[85.46963,28.33477],[85.46958,28.33482],[85.46958,28.33526],[85.46963,28.33531],[85.47014,28.33531],[85.47019,28.33526],[85.47019,28.33482],[85.47014,28.33477]],[[85.48504,28.33423],[85.48468,28.33428],[85.48468,28.33455],[85.48488,28.33464],[85.48488,28.33491],[85.48483,28.33495],[85.48412,28.33495],[85.48407,28.335],[85.48407,28.33544],[85.48443,28.33549],[85.48448,28.33562],[85.48463,28.33567],[85.48473,28.33585],[85.48565,28.33585],[85.48575,28.33567],[85.4859,28.33562],[85.4859,28.33518],[85.48575,28.33513],[85.48565,28.33495],[85.4855,28.33491],[85.48545,28.33477],[85.48529,28.33473],[85.48529,28.33446],[85.48509,28.33437],[85.48504,28.33423]],[[85.46994,28.33396],[85.46963,28.33396],[85.46953,28.33405],[85.46943,28.33405],[85.46928,28.33419],[85.46938,28.33428],[85.46938,28.33437],[85.46917,28.33446],[85.46943,28.33459],[85.46963,28.33459],[85.46968,28.33446],[85.46958,28.33437],[85.46958,28.33419],[85.46963,28.33414],[85.46974,28.33423],[85.46984,28.33423],[85.46999,28.3341],[85.46994,28.33396]],[[85.47586,28.33396],[85.47555,28.33396],[85.47545,28.33414],[85.47514,28.33414],[85.47509,28.33419],[85.47509,28.33446],[85.47494,28.3345],[85.47489,28.33464],[85.47473,28.33468],[85.47463,28.33486],[85.47392,28.33486],[85.47382,28.33468],[85.47351,28.33468],[85.47341,28.3345],[85.4729,28.3345],[85.47285,28.33455],[85.47285,28.33535],[85.47264,28.33544],[85.47264,28.33571],[85.4728,28.33576],[85.4729,28.33594],[85.4732,28.33594],[85.47325,28.33598],[85.47315,28.33607],[85.4732,28.33612],[85.47433,28.33612],[85.47453,28.33594],[85.47463,28.33594],[85.47473,28.33576],[85.47484,28.33576],[85.47489,28.33553],[85.47504,28.33549],[85.4753,28.33562],[85.4753,28.33598],[85.47519,28.33607],[85.47535,28.33612],[85.47545,28.3363],[85.47637,28.3363],[85.47642,28.33616],[85.47657,28.33612],[85.47677,28.33594],[85.4783,28.33594],[85.47841,28.33576],[85.47851,28.33576],[85.47861,28.33567],[85.47892,28.33576],[85.47902,28.33594],[85.48004,28.33594],[85.48014,28.33603],[85.48045,28.33603],[85.48065,28.33585],[85.48116,28.33585],[85.48121,28.33589],[85.48111,28.33598],[85.48116,28.33603],[85.48147,28.33603],[85.48167,28.33585],[85.48182,28.3358],[85.48177,28.33567],[85.48162,28.33562],[85.48162,28.33535],[85.48157,28.33531],[85.48045,28.33531],[85.48035,28.33522],[85.47983,28.33522],[85.47973,28.33504],[85.47958,28.335],[85.47953,28.33486],[85.47902,28.33486],[85.47892,28.33468],[85.4782,28.33468],[85.4781,28.3345],[85.47637,28.3345],[85.47626,28.33468],[85.47575,28.33468],[85.47565,28.3345],[85.4755,28.33446],[85.4755,28.33419],[85.47586,28.33414],[85.47591,28.3341],[85.47586,28.33396]],[[85.46974,28.33351],[85.46968,28.33356],[85.46974,28.3336],[85.46979,28.33356],[85.46974,28.33351]],[[85.47269,28.33351],[85.47264,28.33356],[85.47269,28.3336],[85.47274,28.33356],[85.47269,28.33351]],[[85.48585,28.33351],[85.4855,28.33356],[85.4855,28.33419],[85.48565,28.33423],[85.48575,28.33441],[85.48606,28.33441],[85.48616,28.33423],[85.48631,28.33419],[85.48631,28.33392],[85.48611,28.33383],[85.48606,28.33369],[85.48596,28.33369],[85.48585,28.33351]],[[85.47371,28.33342],[85.47361,28.33351],[85.47351,28.33351],[85.47341,28.33369],[85.47331,28.33369],[85.4731,28.33387],[85.4729,28.33387],[85.4728,28.33378],[85.47249,28.33378],[85.47239,28.33369],[85.47229,28.33378],[85.47218,28.33378],[85.47213,28.33374],[85.47223,28.33365],[85.47223,28.33356],[85.47208,28.33351],[85.47188,28.33369],[85.47172,28.33374],[85.47157,28.33405],[85.47147,28.33396],[85.47142,28.33401],[85.47132,28.33428],[85.47167,28.3345],[85.47188,28.3345],[85.47198,28.33441],[85.47208,28.33441],[85.47218,28.3345],[85.47229,28.3345],[85.47239,28.33441],[85.47269,28.33441],[85.47305,28.33419],[85.47295,28.3341],[85.473,28.33396],[85.4732,28.33396],[85.47331,28.33378],[85.47341,28.33378],[85.47351,28.33387],[85.47377,28.33374],[85.47377,28.33365],[85.47366,28.33356],[85.47377,28.33347],[85.47371,28.33342]],[[85.46974,28.33315],[85.46968,28.3332],[85.46974,28.33324],[85.46979,28.3332],[85.46974,28.33315]],[[85.4832,28.33315],[85.48315,28.3332],[85.4832,28.33324],[85.48325,28.3332],[85.4832,28.33315]],[[85.48106,28.33298],[85.48101,28.33302],[85.48106,28.33306],[85.48111,28.33302],[85.48106,28.33298]],[[85.48422,28.33289],[85.48402,28.33289],[85.48397,28.33302],[85.48366,28.3332],[85.48381,28.33324],[85.48392,28.33315],[85.48402,28.33315],[85.48412,28.33298],[85.48427,28.33293],[85.48422,28.33289]],[[85.48208,28.33271],[85.48198,28.3328],[85.48172,28.33284],[85.48172,28.33293],[85.48162,28.33302],[85.48172,28.33311],[85.48167,28.33315],[85.48157,28.33315],[85.48147,28.33306],[85.48126,28.33306],[85.48111,28.3332],[85.48111,28.33338],[85.48147,28.33369],[85.48188,28.33369],[85.48218,28.33387],[85.48228,28.33378],[85.48259,28.33378],[85.48269,28.33369],[85.48279,28.33369],[85.48295,28.33356],[85.48295,28.33338],[85.48305,28.33329],[85.48305,28.3332],[85.48269,28.33315],[85.48259,28.33324],[85.48249,28.33306],[85.48218,28.33306],[85.48213,28.33293],[85.48223,28.33284],[85.48208,28.33271]],[[85.48463,28.33235],[85.48448,28.33239],[85.48448,28.33275],[85.48437,28.33284],[85.48443,28.33289],[85.48468,28.33284],[85.48468,28.33239],[85.48463,28.33235]],[[85.47178,28.33226],[85.47167,28.33226],[85.47157,28.33244],[85.47147,28.33244],[85.47142,28.33257],[85.47121,28.33266],[85.47121,28.33275],[85.47137,28.3328],[85.47147,28.33298],[85.47178,28.33298],[85.47188,28.3328],[85.47203,28.33275],[85.47203,28.33248],[85.47183,28.33239],[85.47178,28.33226]],[[85.4881,28.33226],[85.48774,28.3323],[85.48774,28.33293],[85.48779,28.33298],[85.4883,28.33298],[85.4884,28.33289],[85.48851,28.33306],[85.48856,28.33293],[85.48835,28.33275],[85.48835,28.33248],[85.48815,28.33239],[85.4881,28.33226]],[[85.47035,28.33172],[85.47019,28.33185],[85.47035,28.33208],[85.4704,28.33203],[85.4704,28.33176],[85.47035,28.33172]],[[85.48208,28.33127],[85.48203,28.3314],[85.48218,28.33154],[85.48223,28.3314],[85.48208,28.33127]],[[85.48483,28.33073],[85.48478,28.33078],[85.48483,28.33091],[85.48488,28.33086],[85.48483,28.33073]],[[85.48371,28.33064],[85.48356,28.33069],[85.48371,28.33073],[85.48376,28.33069],[85.48371,28.33064]],[[85.48473,28.33037],[85.48458,28.33042],[85.48473,28.33055],[85.48478,28.33051],[85.48473,28.33037]],[[85.48483,28.32552],[85.48478,28.32557],[85.48483,28.3257],[85.48488,28.32566],[85.48483,28.32552]],[[85.48524,28.32516],[85.48509,28.3253],[85.48514,28.32534],[85.48529,28.3253],[85.48524,28.32516]],[[85.48616,28.32355],[85.4859,28.32377],[85.4859,28.32404],[85.4857,28.32431],[85.4858,28.3244],[85.4855,28.32458],[85.4855,28.32467],[85.4856,28.32476],[85.48539,28.32485],[85.4855,28.32494],[85.4855,28.32503],[85.48539,28.32512],[85.48555,28.32525],[85.48565,28.32516],[85.48596,28.32525],[85.48606,28.32543],[85.48636,28.32543],[85.48647,28.32525],[85.48662,28.32521],[85.48662,28.32494],[85.48642,28.32485],[85.48636,28.32471],[85.48601,28.32467],[85.48601,28.32458],[85.48611,28.32449],[85.48611,28.3244],[85.48601,28.32431],[85.48636,28.32417],[85.48647,28.32453],[85.48718,28.32453],[85.48728,28.32435],[85.48744,28.32431],[85.48749,28.32417],[85.48764,28.32413],[85.48764,28.32386],[85.48744,28.32377],[85.48738,28.32364],[85.48708,28.32364],[85.48698,28.32382],[85.48667,28.32382],[85.48657,28.324],[85.48626,28.32408],[85.48621,28.32404],[85.48631,28.32395],[85.48631,28.32386],[85.48621,28.32377],[85.48616,28.32355]],[[85.49167,28.32328],[85.49116,28.32328],[85.49111,28.32332],[85.49111,28.32359],[85.49116,28.32364],[85.49167,28.32364],[85.49172,28.32359],[85.49172,28.32332],[85.49167,28.32328]],[[85.48575,28.32211],[85.48524,28.32211],[85.48519,28.32215],[85.48519,28.32296],[85.48499,28.32305],[85.48499,28.32332],[85.48514,28.32337],[85.48524,28.32355],[85.48565,28.32355],[85.48575,28.32364],[85.4858,28.32359],[85.4858,28.32215],[85.48575,28.32211]],[[85.48881,28.32202],[85.48851,28.32202],[85.48846,28.32215],[85.48825,28.32224],[85.48825,28.32269],[85.4884,28.32274],[85.48851,28.32292],[85.48922,28.32292],[85.48932,28.3231],[85.48983,28.3231],[85.48993,28.32292],[85.49009,28.32287],[85.49009,28.3226],[85.48988,28.32251],[85.48983,28.32238],[85.48932,28.32238],[85.48922,28.3222],[85.48891,28.3222],[85.48881,28.32202]],[[85.49004,28.32166],[85.48968,28.32171],[85.48968,28.32215],[85.48973,28.3222],[85.49009,28.32215],[85.49009,28.32171],[85.49004,28.32166]],[[85.49167,28.32148],[85.49136,28.32148],[85.49131,28.32162],[85.49111,28.32171],[85.49111,28.32197],[85.49116,28.32202],[85.49167,28.32202],[85.49172,28.32197],[85.49172,28.32153],[85.49167,28.32148]],[[85.48953,28.3213],[85.48902,28.3213],[85.48886,28.32162],[85.48891,28.32166],[85.48942,28.32166],[85.48958,28.32144],[85.48953,28.3213]],[[85.4881,28.32103],[85.488,28.32103],[85.48774,28.32126],[85.48774,28.32171],[85.48754,28.32188],[85.48754,28.32215],[85.48733,28.32233],[85.48723,28.3226],[85.48708,28.32265],[85.48703,28.32278],[85.48687,28.32292],[85.48657,28.32292],[85.48642,28.32305],[85.48642,28.32314],[85.48631,28.32323],[85.48631,28.32368],[85.48636,28.32373],[85.48647,28.32373],[85.48662,28.32359],[85.48667,28.32346],[85.48677,28.32346],[85.48718,28.32319],[85.48728,28.32319],[85.48749,28.32301],[85.48759,28.32301],[85.48764,28.32287],[85.48795,28.3226],[85.48784,28.32251],[85.48784,28.32233],[85.48795,28.32224],[85.48795,28.32206],[85.48815,28.32188],[85.48815,28.32179],[85.48835,28.32153],[85.48835,28.32126],[85.4881,28.32103]],[[85.4884,28.32076],[85.48835,28.32081],[85.4884,28.32103],[85.48846,28.32099],[85.4884,28.32076]],[[85.49034,28.32058],[85.49019,28.32063],[85.49024,28.32076],[85.49039,28.32072],[85.49034,28.32058]],[[85.49136,28.31825],[85.49101,28.31829],[85.49101,28.31874],[85.49085,28.31879],[85.49075,28.31897],[85.4906,28.31901],[85.4906,28.31928],[85.49065,28.31933],[85.49116,28.31933],[85.49121,28.31928],[85.49121,28.31883],[85.49141,28.31874],[85.49141,28.31829],[85.49136,28.31825]],[[85.4881,28.31735],[85.488,28.31744],[85.48769,28.31753],[85.48764,28.31766],[85.48738,28.31789],[85.48728,28.3178],[85.48723,28.31784],[85.48723,28.31793],[85.48744,28.31811],[85.48733,28.3182],[85.48733,28.31856],[85.48744,28.31865],[85.48744,28.31883],[85.48774,28.31928],[85.48774,28.31946],[85.48764,28.31955],[85.48764,28.32027],[85.48754,28.32036],[85.48754,28.32045],[85.48764,28.32054],[85.48764,28.32072],[85.48779,28.32085],[85.48805,28.32081],[85.48784,28.32054],[85.48784,28.32036],[85.488,28.32022],[85.4881,28.32022],[85.4882,28.32013],[85.48825,28.32036],[85.4884,28.32058],[85.48851,28.32058],[85.48866,28.32045],[85.48871,28.32031],[85.48886,28.32027],[85.48846,28.32],[85.48846,28.31991],[85.48856,28.31982],[85.48851,28.31977],[85.4884,28.31986],[85.48825,28.31982],[85.48835,28.31955],[85.48825,28.31946],[85.48825,28.31928],[85.48815,28.31919],[85.48815,28.31892],[85.48805,28.31883],[85.48805,28.31865],[85.48795,28.31856],[85.48795,28.31784],[85.4881,28.31762],[85.48825,28.31757],[85.48825,28.31748],[85.4881,28.31735]],[[85.48881,28.31717],[85.48861,28.31717],[85.48851,28.31726],[85.4884,28.31717],[85.48835,28.3173],[85.48881,28.31735],[85.48886,28.3173],[85.48881,28.31717]],[[85.48922,28.3169],[85.48917,28.31695],[85.48922,28.31699],[85.48927,28.31695],[85.48922,28.3169]],[[85.4883,28.31645],[85.48825,28.3165],[85.4883,28.31663],[85.48835,28.31659],[85.4883,28.31645]],[[85.48973,28.31645],[85.48968,28.3165],[85.48973,28.31654],[85.48978,28.3165],[85.48973,28.31645]],[[85.4884,28.316],[85.48825,28.31623],[85.4883,28.31627],[85.48846,28.31623],[85.4884,28.316]],[[85.49606,28.31466],[85.4959,28.3147],[85.49595,28.31483],[85.49611,28.31479],[85.49606,28.31466]],[[85.49412,28.3143],[85.49396,28.31434],[85.49402,28.31448],[85.49417,28.31434],[85.49412,28.3143]],[[85.4982,28.3134],[85.49784,28.31344],[85.49784,28.31389],[85.4981,28.31394],[85.4982,28.31403],[85.49825,28.31398],[85.49825,28.31344],[85.4982,28.3134]],[[85.49493,28.31313],[85.49488,28.31317],[85.49493,28.31322],[85.49498,28.31317],[85.49493,28.31313]],[[85.49126,28.31286],[85.49111,28.3129],[85.49116,28.31304],[85.49131,28.31299],[85.49126,28.31286]],[[85.49606,28.31277],[85.4959,28.31281],[85.49606,28.31286],[85.49611,28.31281],[85.49606,28.31277]],[[85.49657,28.31268],[85.49626,28.31277],[85.49621,28.31299],[85.49626,28.31304],[85.49657,28.31286],[85.49662,28.31281],[85.49657,28.31268]],[[85.49861,28.31268],[85.49845,28.31272],[85.49845,28.31299],[85.49861,28.31313],[85.49922,28.31313],[85.49927,28.31308],[85.49927,28.31281],[85.49922,28.31277],[85.49871,28.31277],[85.49861,28.31268]],[[85.49799,28.31178],[85.49784,28.31183],[85.49784,28.3121],[85.49779,28.31214],[85.49743,28.31219],[85.49743,28.31228],[85.49753,28.31237],[85.49748,28.31241],[85.49728,28.31241],[85.49718,28.31232],[85.49708,28.31232],[85.49697,28.31214],[85.49682,28.31219],[85.49682,28.31228],[85.49692,28.31237],[85.49692,28.31254],[85.49723,28.31281],[85.49687,28.31286],[85.49682,28.31299],[85.49718,28.31304],[85.49728,28.31286],[85.49759,28.31286],[85.49769,28.31268],[85.49784,28.31263],[85.49784,28.31219],[85.49804,28.3121],[85.49804,28.31183],[85.49799,28.31178]],[[85.50044,28.31151],[85.50029,28.31156],[85.50029,28.31183],[85.50034,28.31187],[85.50049,28.31183],[85.50049,28.31156],[85.50044,28.31151]],[[85.49901,28.31142],[85.49886,28.31147],[85.49891,28.3116],[85.49907,28.31156],[85.49901,28.31142]],[[85.49861,28.31124],[85.4985,28.31124],[85.4984,28.31142],[85.4983,28.31142],[85.4982,28.31133],[85.49815,28.31138],[85.49815,28.31156],[85.4983,28.3116],[85.49835,28.31174],[85.4985,28.31187],[85.49876,28.31183],[85.49876,28.31165],[85.49855,28.31147],[85.49866,28.31138],[85.49861,28.31124]],[[85.49952,28.31115],[85.49937,28.3112],[85.49937,28.31147],[85.49942,28.31151],[85.49958,28.31129],[85.49952,28.31115]],[[85.50105,28.31115],[85.5009,28.3112],[85.50095,28.31133],[85.50111,28.31129],[85.50105,28.31115]],[[85.49963,28.31088],[85.49958,28.31093],[85.49963,28.31097],[85.49968,28.31093],[85.49963,28.31088]],[[85.50105,28.31061],[85.5009,28.31066],[85.50095,28.31079],[85.50111,28.31075],[85.50105,28.31061]],[[85.50207,28.31061],[85.50172,28.31066],[85.50172,28.31093],[85.50151,28.31102],[85.50151,28.31129],[85.50156,28.31133],[85.50172,28.31129],[85.50172,28.31102],[85.50187,28.31097],[85.50197,28.31079],[85.50213,28.31075],[85.50207,28.31061]],[[85.4984,28.31052],[85.49835,28.31057],[85.4984,28.31061],[85.49845,28.31057],[85.4984,28.31052]],[[85.49901,28.31043],[85.49886,28.31048],[85.49896,28.31057],[85.49896,28.31075],[85.49886,28.31084],[85.49886,28.31111],[85.49891,28.31115],[85.49917,28.31111],[85.49917,28.31102],[85.49937,28.31075],[85.49922,28.31052],[85.49912,28.31052],[85.49901,28.31043]],[[85.49626,28.31034],[85.49611,28.31039],[85.49626,28.31043],[85.49631,28.31039],[85.49626,28.31034]],[[85.50228,28.31025],[85.50213,28.3103],[85.50218,28.31043],[85.50233,28.31039],[85.50228,28.31025]],[[85.49677,28.30999],[85.49662,28.31003],[85.49677,28.31007],[85.49682,28.31003],[85.49677,28.30999]],[[85.50228,28.30999],[85.50223,28.31003],[85.50228,28.31007],[85.50233,28.31003],[85.50228,28.30999]],[[85.49697,28.30972],[85.49682,28.30976],[85.49697,28.30981],[85.49702,28.30976],[85.49697,28.30972]],[[85.50258,28.30963],[85.50233,28.30985],[85.50238,28.3099],[85.50253,28.30985],[85.50253,28.30976],[85.50264,28.30967],[85.50258,28.30963]],[[85.49952,28.30954],[85.49937,28.30958],[85.49937,28.30967],[85.49947,28.30976],[85.49937,28.30985],[85.49937,28.31012],[85.49952,28.31025],[85.49963,28.31025],[85.49968,28.31003],[85.49988,28.30985],[85.49988,28.30976],[85.49952,28.30954]],[[85.50095,28.30873],[85.50075,28.30873],[85.5007,28.30895],[85.50085,28.309],[85.501,28.30886],[85.50095,28.30873]],[[85.49799,28.30855],[85.49789,28.30855],[85.49779,28.30873],[85.49769,28.30864],[85.49764,28.30868],[85.49764,28.30877],[85.49784,28.30895],[85.49784,28.30904],[85.49769,28.30909],[85.49759,28.30927],[85.49743,28.30931],[85.49743,28.30976],[85.49718,28.3099],[85.49692,28.30994],[85.49702,28.31003],[85.49702,28.3103],[85.49718,28.31034],[85.49723,28.31048],[85.49738,28.31052],[85.49743,28.31066],[85.49759,28.3107],[85.49769,28.31088],[85.49804,28.31084],[85.49804,28.31057],[85.49784,28.31048],[85.49784,28.31021],[85.49799,28.31016],[85.4981,28.30999],[85.49825,28.30994],[85.4983,28.30981],[85.49845,28.30976],[85.49845,28.30913],[85.49815,28.30904],[85.49825,28.30895],[85.49794,28.30877],[85.49804,28.30868],[85.49799,28.30855]],[[85.49922,28.30855],[85.49917,28.30859],[85.49922,28.30864],[85.49927,28.30859],[85.49922,28.30855]],[[85.49901,28.3081],[85.49876,28.30814],[85.49901,28.30819],[85.49907,28.30814],[85.49901,28.3081]],[[85.4984,28.30801],[85.49835,28.30805],[85.4984,28.3081],[85.49845,28.30805],[85.4984,28.30801]],[[85.50156,28.30801],[85.50141,28.30814],[85.50146,28.30828],[85.50162,28.30823],[85.50156,28.30801]],[[85.49759,28.30729],[85.49743,28.30743],[85.49743,28.30752],[85.49764,28.30769],[85.49764,28.30787],[85.49779,28.30792],[85.49799,28.3081],[85.4981,28.3081],[85.49825,28.30787],[85.49815,28.3076],[85.49799,28.30747],[85.49779,28.30747],[85.49759,28.30729]],[[85.50126,28.30576],[85.50111,28.30581],[85.50116,28.30594],[85.50131,28.3059],[85.50126,28.30576]]]}},{"type":"Feature","properties":{"name":"Ground stripped or buried (Sentinel-2 change)","area_m2":4165,"aoi":"source","fill":"#f97316","fill-opacity":0.5,"stroke":"#c2410c","stroke-width":1.1},"geometry":{"type":"Polygon","coordinates":[[[85.50672,28.3024],[85.50692,28.30258],[85.50692,28.30284],[85.50656,28.30289],[85.50651,28.30311],[85.50636,28.30316],[85.5061,28.30293],[85.506,28.30266],[85.50616,28.30262],[85.50626,28.30271],[85.50667,28.30235],[85.50672,28.3024]]]}},{"type":"Feature","properties":{"name":"Ground stripped or buried (Sentinel-2 change)","area_m2":5112,"aoi":"source","fill":"#f97316","fill-opacity":0.5,"stroke":"#c2410c","stroke-width":1.1},"geometry":{"type":"Polygon","coordinates":[[[85.50774,28.30195],[85.50789,28.30208],[85.50799,28.30199],[85.50809,28.30199],[85.50814,28.30222],[85.50794,28.3024],[85.50789,28.30262],[85.50738,28.30262],[85.50723,28.3024],[85.50723,28.30213],[85.50738,28.30208],[85.50758,28.3019],[85.50774,28.30195]]]}},{"type":"Feature","properties":{"name":"Ground stripped or buried (Sentinel-2 change)","area_m2":3117,"aoi":"source","fill":"#f97316","fill-opacity":0.5,"stroke":"#c2410c","stroke-width":1.1},"geometry":{"type":"Polygon","coordinates":[[[85.50641,28.30123],[85.50641,28.30141],[85.50626,28.30163],[85.50595,28.30163],[85.50585,28.30172],[85.5057,28.30159],[85.5057,28.30132],[85.50585,28.30118],[85.50595,28.30118],[85.50605,28.30127],[85.50616,28.30118],[85.50641,28.30123]]]}},{"type":"Feature","properties":{"name":"Ground stripped or buried (Sentinel-2 change)","area_m2":5237,"aoi":"source","fill":"#f97316","fill-opacity":0.5,"stroke":"#c2410c","stroke-width":1.1},"geometry":{"type":"Polygon","coordinates":[[[85.50845,28.29934],[85.5086,28.29939],[85.50871,28.29957],[85.50891,28.29957],[85.50927,28.30006],[85.50901,28.30019],[85.50881,28.30002],[85.50871,28.30002],[85.5086,28.29993],[85.5084,28.29993],[85.50814,28.29979],[85.50814,28.29952],[85.50835,28.29943],[85.5084,28.2993],[85.50845,28.29934]]]}},{"type":"Feature","properties":{"name":"Ground stripped or buried (Sentinel-2 change)","area_m2":2095,"aoi":"source","fill":"#f97316","fill-opacity":0.5,"stroke":"#c2410c","stroke-width":1.1},"geometry":{"type":"Polygon","coordinates":[[[85.51365,28.29521],[85.51376,28.2953],[85.51376,28.29548],[85.51386,28.29557],[85.51381,28.2957],[85.5135,28.2957],[85.51335,28.29557],[85.51335,28.29539],[85.51345,28.2953],[85.51345,28.29521],[85.5135,28.29516],[85.51365,28.29521]]]}},{"type":"Feature","properties":{"name":"Ground stripped or buried (Sentinel-2 change)","area_m2":1272,"aoi":"source","fill":"#f97316","fill-opacity":0.5,"stroke":"#c2410c","stroke-width":1.1},"geometry":{"type":"Polygon","coordinates":[[[85.51355,28.29458],[85.51376,28.29467],[85.51376,28.29494],[85.5137,28.29498],[85.5136,28.29498],[85.51335,28.29476],[85.5135,28.29454],[85.51355,28.29458]]]}},{"type":"Feature","properties":{"name":"Ground stripped or buried (Sentinel-2 change)","area_m2":7283,"aoi":"source","fill":"#f97316","fill-opacity":0.5,"stroke":"#c2410c","stroke-width":1.1},"geometry":{"type":"Polygon","coordinates":[[[85.51743,28.29189],[85.51743,28.29216],[85.51733,28.29225],[85.51733,28.29242],[85.51717,28.29256],[85.51702,28.29251],[85.51697,28.29238],[85.51625,28.29238],[85.51615,28.29256],[85.51585,28.29256],[85.5158,28.29233],[85.51569,28.29225],[85.51574,28.29211],[85.51595,28.29211],[85.51605,28.2922],[85.51636,28.2922],[85.51646,28.29202],[85.51697,28.29202],[85.51707,28.29184],[85.51743,28.29189]]]}},{"type":"Feature","properties":{"name":"Ground stripped or buried (Sentinel-2 change)","area_m2":797,"aoi":"upper","fill":"#f97316","fill-opacity":0.5,"stroke":"#c2410c","stroke-width":1.1},"geometry":{"type":"Polygon","coordinates":[[[85.3938,28.28771],[85.39365,28.28794],[85.3934,28.28789],[85.39345,28.28767],[85.3938,28.28771]]]}},{"type":"Feature","properties":{"name":"Ground stripped or buried (Sentinel-2 change)","area_m2":60730,"aoi":"upper","fill":"#f97316","fill-opacity":0.5,"stroke":"#c2410c","stroke-width":1.1},"geometry":{"type":"Polygon","coordinates":[[[85.38626,28.28627],[85.38662,28.28632],[85.38672,28.2865],[85.38702,28.2865],[85.38707,28.28663],[85.38723,28.28677],[85.38784,28.28677],[85.38789,28.2869],[85.38804,28.28695],[85.38815,28.28713],[85.38825,28.28713],[85.38876,28.2874],[85.38916,28.2874],[85.38927,28.28731],[85.38932,28.28744],[85.38947,28.28749],[85.38957,28.28767],[85.38983,28.28771],[85.38973,28.2878],[85.38973,28.28789],[85.39008,28.2882],[85.39059,28.28829],[85.3909,28.28856],[85.3912,28.28856],[85.39125,28.2887],[85.39141,28.28874],[85.39151,28.28892],[85.39182,28.28892],[85.39192,28.2891],[85.39222,28.2891],[85.39227,28.28915],[85.39227,28.28942],[85.39243,28.28946],[85.39253,28.28964],[85.39268,28.28969],[85.39268,28.28996],[85.39263,28.29],[85.3912,28.29],[85.39105,28.28987],[85.39095,28.2896],[85.3908,28.28946],[85.39049,28.28946],[85.39024,28.28933],[85.39024,28.28879],[85.39018,28.28874],[85.38947,28.28874],[85.38937,28.28865],[85.38927,28.28865],[85.38916,28.28874],[85.38901,28.28861],[85.38901,28.28852],[85.3885,28.28816],[85.3885,28.28807],[85.38815,28.28776],[85.38743,28.28749],[85.38723,28.28731],[85.38713,28.28731],[85.38667,28.2869],[85.38667,28.28681],[85.38641,28.28659],[85.38621,28.28659],[85.38616,28.28636],[85.38606,28.28627],[85.38611,28.28623],[85.38626,28.28627]]]}},{"type":"Feature","properties":{"name":"Ground stripped or buried (Sentinel-2 change)","area_m2":18085,"aoi":"upper","fill":"#f97316","fill-opacity":0.5,"stroke":"#c2410c","stroke-width":1.1},"geometry":{"type":"Polygon","coordinates":[[[85.39013,28.28574],[85.39013,28.28618],[85.39008,28.28623],[85.38998,28.28623],[85.38988,28.28641],[85.38957,28.28641],[85.38952,28.28654],[85.38937,28.28659],[85.38927,28.28677],[85.38896,28.28677],[85.38886,28.28686],[85.38865,28.28668],[85.38855,28.28677],[85.38835,28.28677],[85.3883,28.28672],[85.3883,28.28627],[85.38794,28.28623],[85.38779,28.2861],[85.38794,28.28587],[85.38927,28.28587],[85.38937,28.28569],[85.39008,28.28569],[85.39013,28.28574]]]}},{"type":"Feature","properties":{"name":"Ground stripped or buried (Sentinel-2 change)","area_m2":3587,"aoi":"upper","fill":"#f97316","fill-opacity":0.5,"stroke":"#c2410c","stroke-width":1.1},"geometry":{"type":"Polygon","coordinates":[[[85.38565,28.28547],[85.38565,28.28556],[85.38585,28.28565],[85.38585,28.28601],[85.3857,28.28605],[85.3856,28.28596],[85.38539,28.28596],[85.38529,28.28605],[85.38519,28.28605],[85.38514,28.28583],[85.38524,28.28574],[85.38524,28.28547],[85.38529,28.28542],[85.38565,28.28547]]]}},{"type":"Feature","properties":{"name":"Ground stripped or buried (Sentinel-2 change)","area_m2":10936,"aoi":"upper","fill":"#f97316","fill-opacity":0.5,"stroke":"#c2410c","stroke-width":1.1},"geometry":{"type":"Polygon","coordinates":[[[85.38198,28.2825],[85.38233,28.28255],[85.38244,28.28273],[85.38254,28.28273],[85.38259,28.28286],[85.38279,28.28295],[85.38279,28.28322],[85.38295,28.28327],[85.383,28.2834],[85.38315,28.28345],[85.38325,28.28363],[85.38356,28.28363],[85.38371,28.28385],[85.38366,28.2839],[85.38305,28.2839],[85.38264,28.28354],[85.38244,28.28354],[85.38213,28.28327],[85.38203,28.28327],[85.38198,28.28322],[85.38198,28.28295],[85.38177,28.28268],[85.38182,28.28246],[85.38198,28.2825]]]}},{"type":"Feature","properties":{"name":"Ground stripped or buried (Sentinel-2 change)","area_m2":1545,"aoi":"upper","fill":"#f97316","fill-opacity":0.5,"stroke":"#c2410c","stroke-width":1.1},"geometry":{"type":"Polygon","coordinates":[[[85.38269,28.28098],[85.38254,28.28138],[85.38218,28.28125],[85.38233,28.28093],[85.38269,28.28098]]]}},{"type":"Feature","properties":{"name":"Ground stripped or buried (Sentinel-2 change)","area_m2":1694,"aoi":"upper","fill":"#f97316","fill-opacity":0.5,"stroke":"#c2410c","stroke-width":1.1},"geometry":{"type":"Polygon","coordinates":[[[85.37219,28.27613],[85.37229,28.27622],[85.37229,28.2764],[85.37214,28.27653],[85.37194,28.27653],[85.37189,28.27649],[85.37189,28.27613],[85.37194,28.27608],[85.37219,28.27613]]]}},{"type":"Feature","properties":{"name":"Ground stripped or buried (Sentinel-2 change)","area_m2":3986,"aoi":"upper","fill":"#f97316","fill-opacity":0.5,"stroke":"#c2410c","stroke-width":1.1},"geometry":{"type":"Polygon","coordinates":[[[85.378,28.27577],[85.37846,28.27582],[85.37861,28.27595],[85.37861,28.27604],[85.37846,28.27617],[85.37826,28.27617],[85.37815,28.27635],[85.37785,28.27635],[85.37775,28.27644],[85.3777,28.27622],[85.3779,28.27595],[85.3779,28.27577],[85.37795,28.27573],[85.378,28.27577]]]}},{"type":"Feature","properties":{"name":"Ground stripped or buried (Sentinel-2 change)","area_m2":2542,"aoi":"upper","fill":"#f97316","fill-opacity":0.5,"stroke":"#c2410c","stroke-width":1.1},"geometry":{"type":"Polygon","coordinates":[[[85.36648,28.25548],[85.36669,28.25566],[85.36669,28.25575],[85.36653,28.25588],[85.36643,28.25579],[85.36613,28.25579],[85.36602,28.25588],[85.36587,28.25584],[85.36597,28.25575],[85.36597,28.25557],[85.36613,28.25543],[85.36648,28.25548]]]}},{"type":"Feature","properties":{"name":"Ground stripped or buried (Sentinel-2 change)","area_m2":618494,"aoi":"upper","fill":"#f97316","fill-opacity":0.5,"stroke":"#c2410c","stroke-width":1.1},"geometry":{"type":"Polygon","coordinates":[[[85.36465,28.25404],[85.36485,28.25413],[85.36485,28.25431],[85.36495,28.2544],[85.36495,28.25503],[85.36521,28.25525],[85.36551,28.25525],[85.36562,28.25498],[85.36572,28.25498],[85.36587,28.25512],[85.36587,28.25575],[85.36572,28.25579],[85.36562,28.2557],[85.36551,28.2557],[85.36546,28.25593],[85.36526,28.25602],[85.36526,28.25611],[85.36546,28.25629],[85.36546,28.25647],[85.36562,28.25651],[85.36572,28.25642],[85.36577,28.25647],[85.36577,28.25674],[85.36602,28.25696],[85.36623,28.25696],[85.36633,28.25705],[85.36643,28.25705],[85.36648,28.25692],[85.36638,28.25683],[85.36638,28.25656],[85.36628,28.25647],[85.36628,28.25638],[85.36648,28.25629],[85.36653,28.25615],[85.36663,28.25615],[85.36674,28.25624],[85.36684,28.25615],[85.36699,28.25629],[85.36699,28.25647],[85.3672,28.25665],[85.3672,28.25683],[85.36709,28.25692],[85.36709,28.25736],[85.3672,28.25745],[85.3672,28.25763],[85.3673,28.25772],[85.3673,28.25781],[85.36755,28.25804],[85.36791,28.25808],[85.36791,28.25862],[85.36801,28.25871],[85.36801,28.2588],[85.36786,28.25885],[85.36776,28.25876],[85.36765,28.25876],[85.36735,28.25849],[85.36704,28.2584],[85.36694,28.25831],[85.36674,28.25831],[85.36658,28.25817],[85.36669,28.25772],[85.36653,28.25759],[85.36643,28.25759],[85.36602,28.25723],[85.36592,28.25723],[85.36587,28.25736],[85.36602,28.25741],[85.36628,28.25763],[85.36628,28.25772],[85.36618,28.25781],[85.36628,28.2579],[85.36628,28.25799],[85.36613,28.25813],[85.36602,28.25813],[85.36582,28.25795],[85.36572,28.25795],[85.36556,28.25772],[85.36567,28.25763],[85.36567,28.25754],[85.36562,28.2575],[85.36551,28.25759],[85.36546,28.25754],[85.36546,28.25709],[85.36536,28.25701],[85.36531,28.25678],[85.36516,28.25692],[85.36516,28.25718],[85.36505,28.25727],[85.36505,28.25754],[85.36526,28.25772],[85.36536,28.25799],[85.36551,28.25804],[85.36602,28.25849],[85.36613,28.25849],[85.36623,28.25858],[85.36714,28.25858],[85.36735,28.25876],[85.36745,28.25876],[85.36765,28.25894],[85.36776,28.25894],[85.36781,28.25898],[85.3676,28.25925],[85.36776,28.25965],[85.36781,28.25943],[85.36796,28.25929],[85.36806,28.25938],[85.36832,28.25925],[85.36837,28.25912],[85.36847,28.25912],[85.36893,28.25934],[85.36893,28.25961],[85.36908,28.25965],[85.36913,28.25979],[85.36929,28.25983],[85.36939,28.26001],[85.3701,28.26001],[85.37015,28.26006],[85.37005,28.26015],[85.37015,28.26024],[85.37015,28.26033],[85.3703,28.26037],[85.37036,28.26051],[85.37051,28.26055],[85.37061,28.26073],[85.37076,28.26078],[85.37066,28.26087],[85.37066,28.26096],[85.37087,28.26114],[85.37087,28.26123],[85.37107,28.26132],[85.37107,28.2614],[85.37127,28.26158],[85.37127,28.26167],[85.37148,28.26185],[85.37148,28.26212],[85.37163,28.26217],[85.37173,28.26235],[85.37204,28.26235],[85.37209,28.26248],[85.37224,28.26253],[85.37229,28.26266],[85.3725,28.26284],[85.3725,28.26293],[85.3726,28.26302],[85.3726,28.2632],[85.3725,28.26329],[85.3725,28.26374],[85.37239,28.26383],[85.3725,28.26392],[85.3725,28.26401],[85.37255,28.26405],[85.3726,28.26401],[85.3726,28.26374],[85.37285,28.26334],[85.37306,28.26334],[85.37316,28.26316],[85.37352,28.26329],[85.37352,28.26365],[85.37362,28.26374],[85.37362,28.2641],[85.37352,28.26419],[85.37352,28.26464],[85.37367,28.26468],[85.37377,28.26486],[85.37392,28.26491],[85.37397,28.26513],[85.37428,28.26513],[85.37433,28.26527],[85.37448,28.26531],[85.37464,28.26554],[85.37459,28.26576],[85.37448,28.26567],[85.37428,28.26567],[85.37397,28.26549],[85.37382,28.26554],[85.37408,28.26576],[85.37423,28.2658],[85.37428,28.26594],[85.37438,28.26594],[85.37489,28.26621],[85.37505,28.26607],[85.37474,28.2658],[85.37479,28.26567],[85.3751,28.26567],[85.3752,28.26585],[85.3755,28.26585],[85.37566,28.26571],[85.3755,28.26531],[85.3752,28.26531],[85.37499,28.26513],[85.37489,28.26513],[85.37443,28.26473],[85.37448,28.26459],[85.37489,28.26459],[85.37499,28.2645],[85.3751,28.2645],[85.3752,28.26459],[85.3755,28.26459],[85.37561,28.26477],[85.37673,28.26477],[85.37678,28.26491],[85.37693,28.26495],[85.37698,28.26509],[85.37714,28.26513],[85.37724,28.26531],[85.37754,28.26531],[85.37764,28.26513],[85.37815,28.26513],[85.37821,28.26527],[85.37841,28.26536],[85.37831,28.26545],[85.37826,28.26567],[85.37724,28.26585],[85.37719,28.26607],[85.37698,28.26625],[85.37698,28.26652],[85.37693,28.26657],[85.37663,28.26657],[85.37632,28.26621],[85.37627,28.26625],[85.37627,28.26634],[85.37647,28.26652],[85.37647,28.2667],[85.37657,28.26679],[85.37657,28.26742],[85.37678,28.26751],[85.37688,28.26778],[85.37703,28.26782],[85.37714,28.268],[85.37729,28.26805],[85.37729,28.2685],[85.37688,28.26859],[85.37688,28.26922],[85.37683,28.26926],[85.37673,28.26917],[85.37663,28.26926],[85.37652,28.26908],[85.37642,28.26908],[85.37637,28.26922],[85.37657,28.26931],[85.37663,28.26953],[85.37673,28.26944],[85.37693,28.26944],[85.37708,28.26958],[85.37708,28.26967],[85.37739,28.26993],[85.37739,28.27038],[85.37749,28.27047],[85.37749,28.27065],[85.37739,28.27074],[85.37749,28.27083],[85.37734,28.27088],[85.37724,28.27079],[85.37719,28.27083],[85.37729,28.27092],[85.37724,28.27106],[85.37703,28.27106],[85.37693,28.27097],[85.37688,28.27101],[85.37693,28.27124],[85.37714,28.27124],[85.37724,28.27115],[85.37734,28.27115],[85.37739,28.27128],[85.37729,28.27137],[85.37734,28.27142],[85.37744,28.27133],[85.37754,28.27133],[85.37764,28.27151],[85.3777,28.27146],[85.3777,28.27119],[85.3778,28.2711],[85.3778,28.2702],[85.3777,28.27011],[85.37785,28.27007],[85.37795,28.27016],[85.37826,28.27016],[85.37836,28.26998],[85.37866,28.26998],[85.37872,28.27002],[85.37872,28.27047],[85.37892,28.27056],[85.37892,28.27065],[85.37912,28.27083],[85.37917,28.27097],[85.37948,28.27097],[85.37953,28.2711],[85.37973,28.27119],[85.37973,28.27128],[85.37943,28.27155],[85.37943,28.27164],[85.37953,28.27173],[85.37953,28.27209],[85.37933,28.27236],[85.37933,28.27272],[85.37923,28.27281],[85.37923,28.27308],[85.37892,28.27344],[85.37892,28.27469],[85.37861,28.27505],[85.37846,28.27537],[85.37836,28.27528],[85.37805,28.27528],[85.37795,28.27537],[85.3778,28.27532],[85.3778,28.27523],[85.378,28.27496],[85.378,28.27478],[85.37831,28.27442],[85.37831,28.27353],[85.3781,28.27344],[85.3781,28.27335],[85.378,28.27326],[85.37841,28.27281],[85.37841,28.27254],[85.37851,28.27245],[85.37851,28.27236],[85.37831,28.27218],[85.37831,28.27209],[85.37841,28.272],[85.37841,28.27182],[85.37831,28.27173],[85.37831,28.27164],[85.37841,28.27155],[85.37831,28.27146],[85.37831,28.27137],[85.37815,28.27133],[85.378,28.27146],[85.3781,28.27155],[85.378,28.27164],[85.378,28.27182],[85.37815,28.27187],[85.37826,28.27178],[85.37831,28.27182],[85.37821,28.27209],[85.3781,28.27218],[85.37821,28.27227],[85.37821,28.27236],[85.37841,28.27245],[85.37826,28.27258],[85.37815,28.27258],[85.37805,28.27249],[85.37785,28.27249],[85.3778,28.27227],[85.3779,28.27218],[85.3779,28.27191],[85.37775,28.27178],[85.37759,28.27191],[85.37759,28.27218],[85.3777,28.27227],[85.3777,28.27254],[85.37759,28.27263],[85.37759,28.27308],[85.37754,28.27312],[85.37744,28.27303],[85.37739,28.27308],[85.37739,28.27335],[85.37729,28.27344],[85.37729,28.27398],[85.37714,28.27402],[85.37698,28.27389],[85.37698,28.27308],[85.37688,28.27299],[85.37719,28.27263],[85.37719,28.27227],[85.37714,28.27222],[85.37698,28.27236],[85.37708,28.27263],[85.37668,28.27299],[85.37668,28.27317],[85.37657,28.27326],[85.37657,28.27389],[85.37647,28.27398],[85.37647,28.27415],[85.37637,28.27424],[85.37637,28.27433],[85.37652,28.27438],[85.37663,28.2742],[85.37673,28.27429],[85.37683,28.2742],[85.37693,28.2742],[85.37698,28.27424],[85.37698,28.27451],[85.37688,28.2746],[85.37693,28.27465],[85.37708,28.2746],[85.37714,28.27447],[85.37734,28.27447],[85.37744,28.27456],[85.3778,28.2746],[85.3777,28.27469],[85.3777,28.27505],[85.37754,28.27528],[85.37734,28.27528],[85.37724,28.27537],[85.37714,28.27537],[85.37693,28.27519],[85.37683,28.27537],[85.37673,28.27537],[85.37652,28.27555],[85.37637,28.27559],[85.37637,28.27577],[85.37627,28.27586],[85.37627,28.27604],[85.37642,28.27617],[85.37652,28.27617],[85.37663,28.27608],[85.37668,28.27613],[85.37668,28.27631],[85.37637,28.27658],[85.37627,28.27685],[85.37647,28.27712],[85.37647,28.27739],[85.37657,28.27748],[85.37657,28.27802],[85.37647,28.27811],[85.37647,28.27837],[85.37657,28.27846],[85.37657,28.27864],[85.37688,28.27909],[85.37688,28.27954],[85.37678,28.27963],[85.37678,28.27999],[85.37683,28.28004],[85.37693,28.27995],[85.37698,28.27999],[85.37698,28.28017],[85.37657,28.28044],[85.37657,28.28053],[85.37673,28.28057],[85.37683,28.28048],[85.37693,28.28048],[85.37698,28.28071],[85.37688,28.2808],[85.37693,28.28084],[85.37703,28.28075],[85.37719,28.2808],[85.37719,28.28116],[85.37708,28.28125],[85.37714,28.28129],[85.37739,28.28116],[85.37739,28.28107],[85.37749,28.28098],[85.37749,28.28071],[85.37739,28.28062],[85.37739,28.28044],[85.37775,28.28013],[85.37815,28.28013],[85.37846,28.2803],[85.37866,28.2803],[85.37887,28.28048],[85.37907,28.28048],[85.37917,28.28057],[85.37938,28.28057],[85.37943,28.28053],[85.37933,28.28044],[85.37948,28.28039],[85.37958,28.28048],[85.37968,28.28048],[85.3803,28.28111],[85.3806,28.2812],[85.38086,28.28143],[85.38086,28.28161],[85.38137,28.28206],[85.38137,28.28214],[85.38157,28.28223],[85.38157,28.28232],[85.38167,28.28241],[85.38162,28.28255],[85.38152,28.28255],[85.38142,28.28246],[85.38111,28.28246],[85.38081,28.2821],[85.38065,28.28206],[85.38065,28.28197],[85.38045,28.28179],[85.38045,28.2817],[85.38004,28.28143],[85.38004,28.28134],[85.37979,28.28111],[85.37948,28.28102],[85.37938,28.28093],[85.37897,28.28093],[85.37887,28.28084],[85.37866,28.28084],[85.37836,28.28066],[85.37821,28.2808],[85.37805,28.28111],[85.37795,28.28111],[85.37764,28.28138],[85.37734,28.28138],[85.37729,28.28152],[85.37708,28.28161],[85.37708,28.2817],[85.37693,28.28174],[85.37688,28.28188],[85.37663,28.28201],[85.37647,28.28197],[85.37647,28.28179],[85.37637,28.2817],[85.37637,28.28152],[85.37642,28.28147],[85.37652,28.28156],[85.37668,28.28134],[85.37647,28.28116],[85.37657,28.28107],[85.37652,28.28102],[85.37642,28.28111],[85.37632,28.28102],[85.37622,28.28111],[85.37612,28.28102],[85.37601,28.28102],[85.37576,28.28134],[85.37576,28.28161],[85.37566,28.2817],[85.37566,28.28223],[85.3755,28.28246],[85.3754,28.28237],[85.37499,28.28237],[85.37464,28.28206],[85.37464,28.28161],[85.37474,28.28152],[85.37474,28.28125],[85.37499,28.2812],[85.37515,28.28107],[85.37515,28.28089],[85.37535,28.2808],[85.37535,28.28053],[85.37505,28.28044],[85.37515,28.28035],[85.37515,28.2799],[85.3753,28.27986],[85.3754,28.27995],[85.37571,28.27995],[85.37581,28.27977],[85.37596,28.27972],[85.37596,28.27945],[85.37586,28.27936],[85.37586,28.279],[85.37566,28.27882],[85.37566,28.27855],[85.37586,28.27828],[85.37576,28.27819],[85.37576,28.27811],[85.37606,28.27784],[85.37606,28.27766],[85.37617,28.27757],[85.37596,28.27739],[85.37596,28.27721],[85.37566,28.27703],[85.37566,28.27694],[85.37545,28.27676],[85.37535,28.27649],[85.37525,28.2764],[85.37545,28.27631],[85.37545,28.27622],[85.37556,28.27613],[85.37556,28.2755],[85.37545,28.27541],[85.37545,28.27487],[85.37556,28.27478],[85.37556,28.2746],[85.37566,28.27451],[85.37576,28.27406],[85.37596,28.2738],[85.37596,28.27344],[85.37586,28.27335],[85.37586,28.27317],[85.37617,28.27308],[85.37627,28.27281],[85.37612,28.27267],[85.37591,28.27285],[85.37571,28.27285],[85.37566,28.27281],[85.37576,28.27272],[85.37561,28.27258],[85.3752,28.27258],[85.3751,28.27267],[85.37489,28.27267],[85.37479,28.27249],[85.37443,28.27245],[85.37443,28.27227],[85.37433,28.27218],[85.37459,28.27213],[85.37469,28.27222],[85.37479,28.27222],[85.37489,28.27213],[85.37499,28.27213],[85.3751,28.27231],[85.3753,28.27231],[85.37566,28.27209],[85.37561,28.27187],[85.3755,28.27187],[85.3754,28.27196],[85.3752,28.27196],[85.3751,28.27204],[85.37489,28.27204],[85.37484,28.27191],[85.37494,28.27182],[85.37494,28.27173],[85.37479,28.2716],[85.37459,28.27178],[85.37443,28.27182],[85.37438,28.27196],[85.37428,28.27196],[85.37397,28.2716],[85.37377,28.2716],[85.37367,28.27169],[85.37362,28.27146],[85.37372,28.27137],[85.37372,28.2711],[85.37377,28.27106],[85.37397,28.27106],[85.37408,28.27097],[85.37418,28.27097],[85.37438,28.27115],[85.37443,28.2711],[85.37443,28.27101],[85.37454,28.27092],[85.37454,28.27074],[85.37464,28.27065],[85.37464,28.27056],[85.37454,28.27047],[85.37454,28.27029],[85.37469,28.27016],[85.37479,28.27025],[85.37489,28.27025],[85.37499,28.27043],[85.3751,28.27034],[85.3753,28.27034],[85.37576,28.26985],[85.37576,28.26931],[85.37566,28.26922],[85.37566,28.26904],[85.37535,28.26877],[85.37525,28.2685],[85.37505,28.26832],[85.37505,28.26787],[85.37515,28.26778],[85.37515,28.26751],[85.37505,28.26742],[85.37505,28.26724],[85.37474,28.26706],[85.37459,28.26684],[85.37367,28.26666],[85.37352,28.26652],[85.37347,28.26639],[85.37316,28.2663],[85.3727,28.26589],[85.3727,28.2658],[85.3728,28.26571],[85.37224,28.26522],[85.37214,28.26522],[85.37199,28.26509],[85.37199,28.26473],[85.37189,28.26464],[85.37189,28.26446],[85.37173,28.26432],[85.37127,28.26428],[85.37127,28.26419],[85.37138,28.2641],[85.37138,28.26392],[85.37158,28.26365],[85.37158,28.26329],[85.37148,28.2632],[85.37148,28.26302],[85.37138,28.26293],[85.37138,28.26284],[85.37117,28.26266],[85.37117,28.26239],[85.37107,28.2623],[85.37107,28.26203],[85.37076,28.26185],[85.37056,28.26132],[85.37036,28.26123],[85.3703,28.26109],[85.3702,28.26109],[85.3701,28.26091],[85.36959,28.26091],[85.36934,28.26069],[85.36934,28.26051],[85.36918,28.26037],[85.36898,28.26037],[85.36888,28.26028],[85.36806,28.26028],[85.36786,28.2601],[85.36776,28.26019],[85.36765,28.26019],[85.3674,28.25997],[85.3674,28.2597],[85.36725,28.25956],[85.36704,28.25956],[85.36684,28.25938],[85.36674,28.25938],[85.36633,28.25894],[85.36623,28.25894],[85.36602,28.25876],[85.36582,28.25876],[85.36562,28.25858],[85.36511,28.2584],[85.36505,28.25826],[85.3649,28.25813],[85.3648,28.25813],[85.36465,28.25799],[85.36465,28.25763],[85.36404,28.25736],[85.36404,28.25718],[85.36414,28.25709],[85.36404,28.25701],[85.36404,28.25647],[85.36383,28.2562],[85.36383,28.25584],[85.36363,28.25557],[85.36363,28.25503],[85.36383,28.25476],[85.36383,28.25449],[85.36393,28.2544],[85.36393,28.25431],[85.36419,28.25409],[85.36449,28.25409],[85.3646,28.254],[85.36465,28.25404]],[[85.37652,28.28075],[85.37647,28.2808],[85.37652,28.28093],[85.37657,28.28089],[85.37652,28.28075]],[[85.37612,28.28013],[85.37596,28.28017],[85.37601,28.2803],[85.37617,28.28026],[85.37612,28.28013]],[[85.37591,28.27626],[85.37576,28.27631],[85.37581,28.27644],[85.37596,28.2764],[85.37591,28.27626]],[[85.37693,28.27492],[85.37688,28.27496],[85.37693,28.2751],[85.37698,28.27505],[85.37693,28.27492]],[[85.37703,28.27187],[85.37698,28.27191],[85.37703,28.27196],[85.37708,28.27191],[85.37703,28.27187]],[[85.3753,28.27124],[85.3752,28.27124],[85.37494,28.27146],[85.37499,28.27151],[85.3751,28.27142],[85.3752,28.27142],[85.37535,28.27128],[85.3753,28.27124]],[[85.37673,28.27106],[85.37668,28.2711],[85.37673,28.27124],[85.37678,28.27119],[85.37673,28.27106]],[[85.37836,28.27106],[85.37831,28.2711],[85.37836,28.27124],[85.37841,28.27119],[85.37836,28.27106]],[[85.37815,28.27034],[85.3781,28.27038],[85.3781,28.27065],[85.37826,28.2707],[85.37831,28.27047],[85.37815,28.27034]],[[85.37622,28.26881],[85.37606,28.26886],[85.37622,28.26899],[85.37632,28.26899],[85.37637,28.26895],[85.37622,28.26881]],[[85.37612,28.26809],[85.37606,28.26814],[85.37612,28.26818],[85.37617,28.26814],[85.37612,28.26809]],[[85.37591,28.26729],[85.37586,28.26733],[85.37591,28.26747],[85.37596,28.26742],[85.37591,28.26729]],[[85.37571,28.26648],[85.37566,28.26652],[85.37571,28.26666],[85.37576,28.26661],[85.37571,28.26648]],[[85.37591,28.26576],[85.37586,28.2658],[85.37591,28.26585],[85.37596,28.2658],[85.37591,28.26576]],[[85.37357,28.26513],[85.37352,28.26518],[85.37357,28.26522],[85.37362,28.26518],[85.37357,28.26513]],[[85.37265,28.26432],[85.3726,28.26437],[85.3727,28.26446],[85.3727,28.26455],[85.3729,28.26464],[85.3729,28.26482],[85.37316,28.26504],[85.37326,28.26504],[85.37336,28.26513],[85.37352,28.265],[85.37265,28.26432]],[[85.36694,28.25795],[85.36679,28.25799],[85.36704,28.25813],[85.36709,28.25808],[85.36694,28.25795]],[[85.36663,28.25669],[85.36658,28.25674],[85.36674,28.25687],[85.36679,28.25683],[85.36663,28.25669]]]}},{"type":"Feature","properties":{"name":"Ground stripped or buried (Sentinel-2 change)","area_m2":3714,"aoi":"upper","fill":"#f97316","fill-opacity":0.5,"stroke":"#c2410c","stroke-width":1.1},"geometry":{"type":"Polygon","coordinates":[[[85.36536,28.25269],[85.36587,28.25278],[85.36587,28.25296],[85.36577,28.25305],[85.36577,28.25341],[85.36562,28.25355],[85.36546,28.2535],[85.36546,28.25323],[85.36526,28.25296],[85.36526,28.25269],[85.36531,28.25265],[85.36536,28.25269]]]}},{"type":"Feature","properties":{"name":"Ground stripped or buried (Sentinel-2 change)","area_m2":3739,"aoi":"upper","fill":"#f97316","fill-opacity":0.5,"stroke":"#c2410c","stroke-width":1.1},"geometry":{"type":"Polygon","coordinates":[[[85.36455,28.25009],[85.36455,28.25072],[85.36444,28.25081],[85.36444,28.2509],[85.36429,28.25103],[85.36419,28.25103],[85.36414,28.25099],[85.36414,28.25018],[85.36439,28.25005],[85.36455,28.25009]]]}},{"type":"Feature","properties":{"name":"Ground stripped or buried (Sentinel-2 change)","area_m2":1097,"aoi":"upper","fill":"#f97316","fill-opacity":0.5,"stroke":"#c2410c","stroke-width":1.1},"geometry":{"type":"Polygon","coordinates":[[[85.36383,28.22638],[85.36383,28.22656],[85.36368,28.22669],[85.36342,28.22665],[85.36358,28.22634],[85.36383,28.22638]]]}},{"type":"Feature","properties":{"name":"Ground stripped or buried (Sentinel-2 change)","area_m2":1721,"aoi":"upper","fill":"#f97316","fill-opacity":0.5,"stroke":"#c2410c","stroke-width":1.1},"geometry":{"type":"Polygon","coordinates":[[[85.36312,28.22476],[85.36312,28.22503],[85.36296,28.22517],[85.36286,28.22508],[85.36276,28.22517],[85.36261,28.22503],[85.36261,28.22494],[85.36276,28.22481],[85.36286,28.22481],[85.36296,28.22472],[85.36312,28.22476]]]}},{"type":"Feature","properties":{"name":"Ground stripped or buried (Sentinel-2 change)","area_m2":5412,"aoi":"upper","fill":"#f97316","fill-opacity":0.5,"stroke":"#c2410c","stroke-width":1.1},"geometry":{"type":"Polygon","coordinates":[[[85.36475,28.22306],[85.365,28.22319],[85.36521,28.22319],[85.36531,28.2231],[85.36541,28.2231],[85.36567,28.22333],[85.36567,28.22351],[85.36562,28.22355],[85.36551,28.22346],[85.36541,28.22346],[85.36531,28.22364],[85.3648,28.22364],[85.3647,28.22346],[85.36444,28.22342],[85.36455,28.22333],[85.36444,28.22306],[85.36449,28.22301],[85.36475,28.22306]]]}},{"type":"Feature","properties":{"name":"Ground stripped or buried (Sentinel-2 change)","area_m2":14191,"aoi":"upper","fill":"#f97316","fill-opacity":0.5,"stroke":"#c2410c","stroke-width":1.1},"geometry":{"type":"Polygon","coordinates":[[[85.36342,28.22297],[85.36373,28.22315],[85.36353,28.22324],[85.36358,28.22337],[85.36373,28.22333],[85.36373,28.22324],[85.36388,28.2231],[85.36419,28.2231],[85.36434,28.22342],[85.36419,28.22346],[85.36409,28.22364],[85.36378,28.22364],[85.36373,28.22378],[85.36353,28.22387],[85.36353,28.22413],[85.36332,28.22422],[85.36332,28.22449],[85.36317,28.22454],[85.36302,28.2244],[85.36281,28.22395],[85.36271,28.22387],[85.36271,28.22351],[85.36302,28.22342],[85.36291,28.22315],[85.36307,28.22292],[85.36342,28.22297]],[[85.36307,28.22382],[85.36291,28.22387],[85.36307,28.22391],[85.36312,28.22387],[85.36307,28.22382]]]}},{"type":"Feature","properties":{"name":"Ground stripped or buried (Sentinel-2 change)","area_m2":11921,"aoi":"upper","fill":"#f97316","fill-opacity":0.5,"stroke":"#c2410c","stroke-width":1.1},"geometry":{"type":"Polygon","coordinates":[[[85.3621,28.22279],[85.3622,28.22306],[85.3624,28.22315],[85.3624,28.22333],[85.3623,28.22342],[85.3623,28.22378],[85.36215,28.22391],[85.36205,28.22382],[85.36174,28.22382],[85.36169,28.22387],[85.36169,28.22413],[85.36164,28.22418],[85.36154,28.22409],[85.36144,28.22409],[85.36133,28.22418],[85.36128,28.22413],[85.36128,28.22351],[85.36149,28.22324],[85.36149,28.22297],[85.36138,28.22288],[85.36138,28.22279],[85.36144,28.22274],[85.36205,28.22274],[85.3621,28.22279]]]}},{"type":"Feature","properties":{"name":"Ground stripped or buried (Sentinel-2 change)","area_m2":848,"aoi":"upper","fill":"#f97316","fill-opacity":0.5,"stroke":"#c2410c","stroke-width":1.1},"geometry":{"type":"Polygon","coordinates":[[[85.36455,28.2227],[85.36449,28.22292],[85.36429,28.22292],[85.36414,28.2227],[85.36419,28.22265],[85.36455,28.2227]]]}},{"type":"Feature","properties":{"name":"Ground stripped or buried (Sentinel-2 change)","area_m2":3167,"aoi":"upper","fill":"#f97316","fill-opacity":0.5,"stroke":"#c2410c","stroke-width":1.1},"geometry":{"type":"Polygon","coordinates":[[[85.36526,28.22189],[85.36536,28.22198],[85.36526,28.22225],[85.36546,28.22252],[85.36541,28.22265],[85.36531,28.22256],[85.365,28.22256],[85.36485,28.22243],[85.36495,28.22234],[85.36495,28.22216],[85.36485,28.22207],[85.36495,28.22198],[85.36495,28.22189],[85.365,28.22184],[85.36526,28.22189]]]}},{"type":"Feature","properties":{"name":"Ground stripped or buried (Sentinel-2 change)","area_m2":8405,"aoi":"upper","fill":"#f97316","fill-opacity":0.5,"stroke":"#c2410c","stroke-width":1.1},"geometry":{"type":"Polygon","coordinates":[[[85.36465,28.22153],[85.36475,28.22162],[85.36475,28.2218],[85.36449,28.22211],[85.36429,28.22211],[85.36424,28.22225],[85.36409,28.22238],[85.36388,28.22238],[85.36378,28.22247],[85.36337,28.22247],[85.36327,28.22256],[85.36322,28.22252],[85.36332,28.22225],[85.36353,28.22216],[85.36358,28.22202],[85.36368,28.22202],[85.36378,28.22184],[85.36388,28.22184],[85.36398,28.22166],[85.36414,28.22162],[85.36419,28.22148],[85.36465,28.22153]]]}},{"type":"Feature","properties":{"name":"Ground stripped or buried (Sentinel-2 change)","area_m2":1472,"aoi":"upper","fill":"#f97316","fill-opacity":0.5,"stroke":"#c2410c","stroke-width":1.1},"geometry":{"type":"Polygon","coordinates":[[[85.35455,28.20976],[85.35476,28.20985],[85.35476,28.21012],[85.3544,28.21026],[85.35435,28.21012],[85.35445,28.21003],[85.35445,28.20976],[85.3545,28.20972],[85.35455,28.20976]]]}},{"type":"Feature","properties":{"name":"Ground stripped or buried (Sentinel-2 change)","area_m2":1872,"aoi":"upper","fill":"#f97316","fill-opacity":0.5,"stroke":"#c2410c","stroke-width":1.1},"geometry":{"type":"Polygon","coordinates":[[[85.34303,28.17661],[85.34324,28.1767],[85.34324,28.17697],[85.34288,28.1771],[85.34283,28.17706],[85.34283,28.17661],[85.34288,28.17656],[85.34303,28.17661]]]}},{"type":"Feature","properties":{"name":"Ground stripped or buried (Sentinel-2 change)","area_m2":2921,"aoi":"upper","fill":"#f97316","fill-opacity":0.5,"stroke":"#c2410c","stroke-width":1.1},"geometry":{"type":"Polygon","coordinates":[[[85.33977,28.17409],[85.33977,28.17436],[85.33947,28.17454],[85.33957,28.17463],[85.33957,28.17472],[85.33952,28.17476],[85.33942,28.17468],[85.33916,28.17463],[85.33916,28.17427],[85.33921,28.17423],[85.33952,28.17414],[85.33962,28.17405],[85.33977,28.17409]]]}},{"type":"Feature","properties":{"name":"Ground stripped or buried (Sentinel-2 change)","area_m2":1504349,"aoi":"upper","fill":"#f97316","fill-opacity":0.5,"stroke":"#c2410c","stroke-width":1.1},"geometry":{"type":"Polygon","coordinates":[[[85.33192,28.15755],[85.33197,28.15769],[85.33208,28.15769],[85.33213,28.15782],[85.33233,28.15791],[85.33233,28.158],[85.33253,28.15818],[85.33253,28.15827],[85.33289,28.15832],[85.33294,28.15845],[85.3331,28.1585],[85.3332,28.15868],[85.33401,28.15868],[85.33411,28.15877],[85.33432,28.15877],[85.33442,28.15886],[85.33473,28.15886],[85.33478,28.15899],[85.33493,28.15904],[85.33498,28.15917],[85.33513,28.15922],[85.33524,28.1594],[85.33544,28.1594],[85.3358,28.15962],[85.33569,28.15971],[85.33569,28.15998],[85.33575,28.16003],[85.33595,28.16003],[85.33615,28.15985],[85.33626,28.15994],[85.33656,28.15994],[85.33666,28.16012],[85.33697,28.16012],[85.33707,28.1603],[85.33717,28.1603],[85.33722,28.16043],[85.33743,28.16052],[85.33743,28.16133],[85.33763,28.16151],[85.33763,28.16187],[85.33768,28.16191],[85.33784,28.16187],[85.33789,28.16173],[85.33819,28.16173],[85.33829,28.16155],[85.3386,28.16155],[85.3387,28.16146],[85.33931,28.16209],[85.33962,28.16218],[85.33967,28.16241],[85.33957,28.1625],[85.33967,28.16259],[85.33962,28.16272],[85.33921,28.16272],[85.33911,28.16254],[85.33891,28.16254],[85.3388,28.16236],[85.3385,28.16236],[85.3384,28.16209],[85.33804,28.16214],[85.33804,28.16259],[85.33819,28.16281],[85.33829,28.1629],[85.3385,28.1629],[85.3386,28.16308],[85.33891,28.16308],[85.33896,28.16331],[85.33936,28.16367],[85.33942,28.1638],[85.33957,28.16376],[85.33936,28.16358],[85.33952,28.16344],[85.33982,28.16344],[85.33987,28.16358],[85.33977,28.16367],[85.33993,28.16389],[85.34013,28.16389],[85.34023,28.16398],[85.34054,28.16398],[85.34059,28.16403],[85.34059,28.16447],[85.34074,28.16452],[85.34084,28.1647],[85.341,28.16474],[85.341,28.16483],[85.3411,28.16492],[85.3411,28.16501],[85.341,28.1651],[85.34115,28.16524],[85.34145,28.16506],[85.34196,28.16506],[85.34207,28.16488],[85.34217,28.16497],[85.34222,28.16492],[85.34222,28.16456],[85.34237,28.16452],[85.34247,28.16434],[85.34263,28.1643],[85.34263,28.16385],[85.34242,28.16376],[85.34237,28.16362],[85.34166,28.16362],[85.34156,28.16371],[85.34135,28.16371],[85.3413,28.16367],[85.3414,28.16358],[85.3414,28.16331],[85.34145,28.16326],[85.34176,28.16326],[85.34181,28.1634],[85.34196,28.16353],[85.34202,28.1634],[85.34217,28.16326],[85.34247,28.16326],[85.34258,28.16317],[85.34268,28.16326],[85.34288,28.16308],[85.34298,28.16308],[85.34303,28.16313],[85.34303,28.1634],[85.34319,28.16344],[85.34329,28.16362],[85.344,28.16362],[85.34421,28.16344],[85.34441,28.16344],[85.34467,28.16322],[85.34472,28.16308],[85.34533,28.16308],[85.34538,28.16295],[85.34579,28.16268],[85.34579,28.16259],[85.34594,28.16245],[85.34604,28.16245],[85.34609,28.16259],[85.3463,28.16277],[85.3463,28.16286],[85.34614,28.16299],[85.34563,28.16317],[85.34512,28.16353],[85.34492,28.16353],[85.34456,28.16394],[85.34456,28.16403],[85.34441,28.16416],[85.34431,28.16416],[85.34416,28.1643],[85.34411,28.16443],[85.344,28.16452],[85.3439,28.16452],[85.34365,28.16474],[85.34365,28.16483],[85.34354,28.16492],[85.34354,28.16555],[85.34349,28.1656],[85.34288,28.1656],[85.34283,28.16564],[85.34283,28.16591],[85.34293,28.166],[85.34293,28.16609],[85.34273,28.16618],[85.34273,28.16654],[85.34293,28.16663],[85.34273,28.1669],[85.34273,28.16717],[85.34263,28.16726],[85.34268,28.16731],[85.34283,28.16717],[85.34283,28.16699],[85.34314,28.16654],[85.34314,28.16645],[85.34303,28.16636],[85.34309,28.16623],[85.34319,28.16623],[85.34329,28.16632],[85.3438,28.16632],[85.3439,28.16623],[85.34395,28.16627],[85.34395,28.1669],[85.34365,28.16726],[85.34365,28.16762],[85.34354,28.16771],[85.34354,28.16798],[85.34344,28.16807],[85.34344,28.1687],[85.34365,28.16897],[85.34365,28.16933],[85.34354,28.16942],[85.34354,28.1696],[85.34334,28.16969],[85.34339,28.16982],[85.34354,28.16978],[85.3436,28.16964],[85.34375,28.16978],[85.34375,28.17059],[85.34365,28.17068],[85.34365,28.17095],[85.34354,28.17104],[85.34354,28.17113],[85.34365,28.17122],[85.34354,28.17148],[85.34365,28.17157],[85.34344,28.17184],[85.34354,28.17211],[85.34365,28.1722],[85.34365,28.17238],[85.34349,28.17252],[85.34298,28.17252],[85.34263,28.17274],[85.34263,28.17301],[85.34273,28.1731],[85.34278,28.17333],[85.34283,28.17328],[85.34283,28.17292],[85.34273,28.17283],[85.34288,28.17279],[85.34314,28.17292],[85.34314,28.17373],[85.34334,28.17382],[85.34334,28.17409],[85.34309,28.17423],[85.34303,28.17418],[85.34303,28.17373],[85.34298,28.17369],[85.34283,28.17373],[85.34283,28.17409],[85.34278,28.17414],[85.34268,28.17405],[85.34263,28.17409],[85.34263,28.17436],[85.34268,28.17441],[85.34278,28.17432],[85.34283,28.17454],[85.34303,28.17463],[85.34293,28.17472],[85.34293,28.17481],[85.34298,28.17485],[85.34309,28.17476],[85.34314,28.17481],[85.34314,28.17526],[85.34298,28.1753],[85.34288,28.17521],[85.34278,28.17521],[85.34273,28.17544],[85.34288,28.17548],[85.34298,28.17539],[85.34314,28.17544],[85.34303,28.17553],[85.34303,28.17607],[85.34278,28.1762],[85.34268,28.17584],[85.34263,28.17589],[85.34263,28.17643],[85.34253,28.17652],[85.34253,28.1767],[85.34263,28.17679],[85.34263,28.17715],[85.34273,28.17724],[85.34273,28.17804],[85.34263,28.17813],[85.34273,28.1784],[85.34263,28.17849],[85.34263,28.17903],[85.34253,28.17912],[85.34263,28.17921],[85.34253,28.1793],[85.34253,28.17975],[85.34258,28.1798],[85.34263,28.17975],[85.34263,28.17939],[85.34273,28.1793],[85.34273,28.17894],[85.34309,28.17872],[85.34319,28.17854],[85.34329,28.17863],[85.3436,28.17863],[85.3437,28.17854],[85.34375,28.17858],[85.34375,28.17903],[85.34385,28.17912],[85.34385,28.1793],[85.34375,28.17939],[85.34385,28.17948],[85.34375,28.17957],[85.34375,28.17984],[85.34365,28.17993],[85.34375,28.18002],[85.34344,28.18029],[85.34344,28.18056],[85.34329,28.18061],[85.34324,28.18074],[85.34344,28.18083],[85.34334,28.18092],[85.34344,28.18101],[85.34344,28.18146],[85.34354,28.18155],[85.34354,28.18164],[85.34344,28.18173],[85.34344,28.182],[85.34334,28.18209],[85.34334,28.18218],[85.34344,28.18227],[85.34334,28.18254],[85.34354,28.18263],[85.34354,28.1829],[85.34375,28.18299],[85.34365,28.18308],[85.34365,28.18317],[85.3437,28.18321],[85.3438,28.18312],[85.34395,28.18317],[85.34395,28.18362],[85.34385,28.18371],[85.34385,28.1838],[85.34395,28.18389],[85.34395,28.18398],[85.34416,28.18407],[85.34416,28.18434],[85.34436,28.18443],[85.34436,28.1846],[85.34446,28.18469],[85.34436,28.18496],[85.34451,28.18501],[85.34461,28.18492],[85.34467,28.18496],[85.34456,28.18523],[85.34482,28.18546],[85.34502,28.18546],[85.34512,28.18537],[85.34518,28.18541],[85.34518,28.18604],[85.34533,28.18609],[85.34538,28.18622],[85.34553,28.18627],[85.34563,28.18645],[85.34579,28.18649],[85.34579,28.18667],[85.34569,28.18676],[85.34569,28.18685],[85.34574,28.1869],[85.34594,28.18672],[85.3462,28.18685],[85.3462,28.18721],[85.3463,28.1873],[85.34635,28.18753],[85.3465,28.18748],[85.34655,28.18726],[85.34665,28.18735],[85.34706,28.18735],[85.34711,28.18748],[85.34732,28.18757],[85.34732,28.18766],[85.34721,28.18775],[85.34721,28.18802],[85.34742,28.18811],[85.34742,28.18838],[85.34732,28.18847],[85.34732,28.18856],[85.34752,28.18865],[85.34752,28.18892],[85.34762,28.18901],[85.34757,28.18914],[85.34737,28.18914],[85.34727,28.18923],[85.34721,28.1891],[85.34681,28.18874],[85.3467,28.18847],[85.34635,28.18824],[85.3463,28.18829],[85.3464,28.18838],[85.3464,28.18847],[85.34681,28.18883],[85.3467,28.18892],[85.3467,28.18901],[85.34706,28.18932],[85.34732,28.18937],[85.34732,28.18964],[85.34752,28.18973],[85.34742,28.18982],[85.34752,28.18991],[85.34752,28.19],[85.34772,28.19009],[85.34762,28.19018],[85.34772,28.19027],[85.34772,28.19045],[85.34793,28.19071],[85.34793,28.1908],[85.34823,28.19098],[85.34823,28.19116],[85.34839,28.1913],[85.34849,28.19121],[85.34874,28.19134],[85.34874,28.19161],[85.34869,28.19166],[85.34859,28.19157],[85.34854,28.1917],[85.34864,28.19179],[85.34864,28.19197],[85.34885,28.19215],[85.34885,28.19233],[85.3489,28.19238],[85.349,28.19229],[85.34905,28.19233],[85.34905,28.19269],[85.3491,28.19274],[85.34925,28.1926],[85.34925,28.19233],[85.3493,28.19229],[85.34956,28.19242],[85.34956,28.19269],[85.34976,28.19278],[85.34976,28.19386],[85.34981,28.1939],[85.35032,28.1939],[85.35043,28.19408],[85.35053,28.19408],[85.35058,28.19422],[85.35078,28.19431],[85.35078,28.19458],[85.35119,28.19467],[85.35099,28.19494],[85.35099,28.19503],[85.35109,28.19512],[85.35073,28.19516],[85.35068,28.19539],[85.35053,28.19543],[85.35037,28.1953],[85.35037,28.19512],[85.35017,28.19503],[85.35017,28.19476],[85.35007,28.19467],[85.35007,28.19458],[85.34992,28.19444],[85.34976,28.19449],[85.34976,28.19458],[85.34987,28.19467],[85.34987,28.19494],[85.35007,28.19512],[85.35007,28.19539],[85.35027,28.19566],[85.35027,28.19629],[85.35037,28.19638],[85.35037,28.19656],[85.35048,28.19664],[85.35048,28.19673],[85.35078,28.19691],[85.35078,28.19709],[85.35129,28.19754],[85.35129,28.19763],[85.3515,28.19781],[85.3515,28.19799],[85.3517,28.19826],[85.3518,28.19871],[85.35201,28.19889],[85.35201,28.19916],[85.35221,28.19934],[85.35221,28.19952],[85.35231,28.19961],[85.35231,28.20015],[85.35241,28.20024],[85.35241,28.20042],[85.35262,28.2006],[85.35262,28.20069],[85.35252,28.20078],[85.35252,28.20114],[85.35262,28.20123],[85.35262,28.2015],[85.35272,28.20159],[85.35262,28.20168],[85.35262,28.20186],[85.35272,28.20195],[85.35272,28.20275],[85.35262,28.20284],[85.35262,28.20302],[85.35292,28.20347],[85.35292,28.20365],[85.35313,28.20392],[85.35313,28.2041],[85.35328,28.20415],[85.35354,28.20437],[85.35354,28.20446],[85.35364,28.20455],[85.35364,28.20482],[85.3541,28.20514],[85.3542,28.20514],[85.35435,28.20545],[85.35455,28.20563],[85.35455,28.20572],[85.35466,28.20581],[85.35466,28.20599],[85.35486,28.20626],[85.35486,28.20653],[85.35491,28.20657],[85.35501,28.20648],[85.35517,28.20653],[85.35517,28.20725],[85.35476,28.20788],[85.35476,28.20805],[85.35466,28.20814],[85.35466,28.20823],[85.3545,28.20828],[85.3544,28.20819],[85.35435,28.20823],[85.35435,28.20841],[85.3545,28.20855],[85.35461,28.20846],[85.35476,28.20868],[85.35476,28.2094],[85.3545,28.20954],[85.3544,28.20954],[85.35425,28.2094],[85.35425,28.20922],[85.35445,28.20913],[85.35445,28.20886],[85.3544,28.20882],[85.35435,28.20904],[85.3543,28.20909],[85.3542,28.209],[85.35404,28.20913],[85.35415,28.2094],[85.35394,28.20967],[85.35394,28.21048],[85.35399,28.21053],[85.3541,28.21044],[85.35435,28.21066],[85.35425,28.21075],[85.35425,28.21084],[85.35455,28.2112],[85.35455,28.21156],[85.35481,28.21178],[85.35496,28.21183],[85.35496,28.21228],[85.35481,28.21232],[85.35471,28.21223],[85.35466,28.21246],[85.35471,28.2125],[85.35481,28.21241],[85.35496,28.21246],[85.35496,28.21291],[85.35476,28.213],[85.35476,28.21327],[85.35496,28.21336],[85.35486,28.21344],[85.35486,28.2138],[85.35476,28.21389],[85.35476,28.21434],[85.35506,28.2147],[85.35506,28.21506],[85.35486,28.21524],[85.35486,28.21542],[85.35455,28.21551],[85.35455,28.21596],[85.35496,28.2165],[85.35496,28.21668],[85.35506,28.21677],[85.35506,28.21686],[85.35547,28.21713],[85.35547,28.21731],[85.35537,28.2174],[85.35573,28.21771],[85.35588,28.21776],[85.35593,28.21798],[85.35603,28.21789],[85.35629,28.21803],[85.35629,28.21812],[85.35639,28.21821],[85.35629,28.2183],[85.35644,28.21834],[85.35654,28.21852],[85.3567,28.21857],[85.3567,28.21901],[85.3569,28.2191],[85.3569,28.21937],[85.35705,28.21942],[85.35715,28.2196],[85.35746,28.2196],[85.35756,28.21978],[85.35766,28.21978],[85.35771,28.21991],[85.35792,28.22],[85.35792,28.22027],[85.35812,28.22036],[85.35812,28.22063],[85.35828,28.22068],[85.35838,28.22086],[85.35853,28.2209],[85.35853,28.22108],[85.35843,28.22117],[85.35858,28.22122],[85.35868,28.22139],[85.35899,28.22139],[85.35909,28.22157],[85.3594,28.22157],[85.35945,28.22171],[85.3596,28.22175],[85.35965,28.22189],[85.3598,28.22193],[85.35991,28.22211],[85.36021,28.22211],[85.36031,28.22229],[85.36042,28.22229],[85.36047,28.22243],[85.36067,28.22252],[85.36067,28.22315],[85.36088,28.22324],[85.36088,28.22413],[85.36108,28.22422],[85.36108,28.22449],[85.36113,28.22454],[85.36118,28.22449],[85.36118,28.2244],[85.36133,28.22427],[85.36144,28.22436],[85.36154,28.22427],[85.36164,28.22427],[85.36174,28.22436],[85.36205,28.22436],[85.36215,28.22427],[85.3623,28.22431],[85.3623,28.22449],[85.3622,28.22458],[85.3622,28.22485],[85.3621,28.22494],[85.3621,28.22539],[85.36189,28.22548],[85.36189,28.22575],[85.3621,28.22584],[85.3621,28.22629],[85.36225,28.22634],[85.3623,28.22647],[85.36246,28.22651],[85.36256,28.22669],[85.36327,28.22669],[85.36332,28.22674],[85.36332,28.22683],[85.36317,28.22696],[85.36225,28.22696],[85.36215,28.22723],[85.36169,28.22728],[85.36169,28.22755],[85.36174,28.22759],[85.36225,28.22759],[85.3623,28.22764],[85.36205,28.22831],[85.36144,28.22831],[85.36133,28.2284],[85.36113,28.2284],[85.36108,28.22836],[85.36118,28.22827],[85.36118,28.22791],[85.36108,28.22782],[85.36108,28.22764],[85.36113,28.22759],[85.36123,28.22768],[85.36128,28.22755],[85.36093,28.22723],[85.36077,28.22746],[85.36088,28.22755],[85.36088,28.228],[85.36098,28.22809],[85.36088,28.22836],[85.36098,28.22845],[85.36098,28.22863],[85.36128,28.2289],[85.36128,28.22907],[85.36123,28.22912],[85.36113,28.22903],[85.36108,28.22907],[85.36108,28.22925],[85.36118,28.22934],[85.36108,28.22943],[85.36108,28.22952],[85.36113,28.22957],[85.36123,28.22948],[85.36133,28.22948],[85.36144,28.22957],[85.36169,28.22961],[85.36159,28.2297],[85.36159,28.22979],[85.36169,28.22988],[85.36169,28.23006],[85.36149,28.23015],[85.36159,28.23024],[85.36138,28.23051],[85.36138,28.23087],[85.36149,28.23096],[85.36128,28.23105],[85.36149,28.23114],[85.36149,28.23132],[85.36118,28.23141],[85.36118,28.23186],[85.36138,28.23195],[85.36138,28.2324],[85.36118,28.23249],[85.36118,28.23276],[85.36144,28.2328],[85.36149,28.23294],[85.36138,28.23303],[85.36138,28.23312],[85.36118,28.23321],[85.36128,28.2333],[85.36128,28.23339],[85.36067,28.23419],[85.36067,28.23455],[85.36057,28.23464],[85.36057,28.23473],[85.36026,28.235],[85.36026,28.23572],[85.36016,28.23581],[85.36016,28.23599],[85.35996,28.23617],[85.35996,28.23626],[85.36006,28.23635],[85.36006,28.23653],[85.35996,28.23662],[85.35996,28.23698],[85.35986,28.23707],[85.35975,28.23752],[85.35965,28.23761],[85.35965,28.2377],[85.35975,28.23779],[85.35955,28.23806],[85.35955,28.23833],[85.35945,28.23842],[85.35945,28.2386],[85.35924,28.23877],[85.35924,28.23904],[85.35904,28.23913],[85.35904,28.23922],[85.35924,28.23931],[85.35924,28.23958],[85.35955,28.23976],[85.35945,28.23985],[85.35935,28.24012],[85.35904,28.24021],[85.35904,28.24048],[85.35955,28.24057],[85.35945,28.24066],[85.35945,28.24093],[85.35935,28.24102],[85.35945,28.24111],[85.35935,28.2412],[85.35935,28.24165],[85.35924,28.24174],[85.35924,28.24192],[85.35879,28.24196],[85.35873,28.24201],[85.35873,28.24228],[85.35889,28.24232],[85.35899,28.2425],[85.35914,28.24255],[85.35914,28.24282],[85.35929,28.24286],[85.35945,28.24309],[85.35945,28.24318],[85.35935,28.24327],[85.35935,28.24353],[85.35929,28.24358],[85.35919,28.24349],[85.35909,28.24349],[85.35894,28.24336],[85.35894,28.24327],[85.35873,28.24318],[85.35873,28.24309],[85.35807,28.2425],[85.35792,28.24255],[85.35792,28.24264],[85.35853,28.24318],[85.35853,28.24327],[85.35894,28.24353],[85.35894,28.24362],[85.35935,28.24398],[85.35935,28.24407],[85.3595,28.24412],[85.3596,28.2443],[85.35996,28.24434],[85.35996,28.24452],[85.36016,28.24461],[85.36016,28.2447],[85.36037,28.24497],[85.36026,28.24524],[85.36042,28.24538],[85.36072,28.24538],[85.36082,28.24547],[85.36113,28.24547],[85.36123,28.24556],[85.36133,28.24556],[85.36184,28.246],[85.362,28.24605],[85.36215,28.24636],[85.36235,28.24654],[85.36246,28.24654],[85.36312,28.24713],[85.36312,28.24722],[85.36332,28.2474],[85.36342,28.24767],[85.36307,28.24807],[85.36291,28.24794],[85.36281,28.24767],[85.36261,28.24749],[85.36261,28.24731],[85.36225,28.24699],[85.36174,28.2469],[85.36159,28.24677],[85.36149,28.2465],[85.36123,28.24627],[85.36108,28.24623],[85.36093,28.246],[85.36072,28.246],[85.36011,28.24538],[85.35991,28.24538],[85.3598,28.24529],[85.3597,28.24529],[85.35929,28.24493],[85.35919,28.24502],[85.35909,28.24493],[85.35899,28.24493],[85.35894,28.2447],[85.35879,28.24457],[85.35868,28.24466],[85.35853,28.24452],[85.35833,28.24407],[85.35807,28.24385],[85.35792,28.2438],[85.35792,28.24371],[85.35771,28.24353],[85.35771,28.24344],[85.35746,28.24322],[85.35731,28.24318],[85.35731,28.243],[85.35741,28.24291],[85.3571,28.24264],[85.3571,28.24255],[85.35695,28.2425],[85.35639,28.2421],[85.35639,28.24192],[85.3567,28.24174],[85.3567,28.24138],[85.3568,28.24129],[85.3568,28.24111],[85.3567,28.24102],[85.3567,28.24084],[85.35654,28.2408],[85.35629,28.24057],[85.35629,28.2403],[85.35644,28.24026],[85.35664,28.24008],[85.35675,28.24017],[85.3569,28.24012],[85.3569,28.24003],[85.3568,28.23994],[85.3568,28.23985],[85.3569,28.23976],[85.3569,28.23931],[85.35721,28.23904],[85.35721,28.23869],[85.3571,28.2386],[85.3571,28.23851],[85.35721,28.23842],[85.35721,28.23824],[85.35731,28.23815],[85.35731,28.23806],[85.357,28.23779],[85.357,28.2377],[85.3571,28.23761],[85.3571,28.23689],[85.3569,28.23671],[85.3569,28.23635],[85.3567,28.23617],[85.3567,28.23581],[85.3569,28.23563],[85.35695,28.2355],[85.35726,28.2355],[85.35736,28.23541],[85.35746,28.23541],[85.35756,28.2355],[85.35771,28.23545],[85.35771,28.23518],[85.35802,28.23482],[85.35802,28.23446],[85.35822,28.23428],[85.35833,28.23401],[85.35884,28.23357],[85.35884,28.23321],[85.35914,28.23294],[85.35914,28.23285],[85.35924,28.23276],[85.35924,28.23249],[85.3595,28.23244],[85.35965,28.23222],[85.35965,28.23204],[85.35945,28.23186],[85.35945,28.23141],[85.35955,28.23132],[85.35955,28.23123],[85.35996,28.23087],[85.35996,28.2306],[85.35986,28.23051],[85.35986,28.23042],[85.35996,28.23033],[85.35996,28.23006],[85.36006,28.22997],[85.35996,28.22988],[85.35996,28.22961],[85.36006,28.22952],[85.36006,28.22916],[85.35996,28.22907],[85.35996,28.22898],[85.36026,28.22872],[85.36026,28.22827],[85.36037,28.22818],[85.36026,28.22809],[85.36026,28.22647],[85.36006,28.22629],[85.36006,28.22611],[85.36026,28.22584],[85.36016,28.22575],[85.36016,28.22548],[85.35986,28.22503],[85.35996,28.22494],[85.35996,28.22422],[85.35975,28.22395],[85.35975,28.22387],[85.35986,28.22378],[85.35955,28.2236],[85.35945,28.22333],[85.35914,28.22306],[85.35914,28.22288],[85.35899,28.22265],[85.35889,28.22265],[85.35868,28.22247],[85.35858,28.22247],[85.35853,28.22234],[85.35838,28.22229],[85.35817,28.22211],[85.35797,28.22211],[85.35782,28.22198],[85.35792,28.22189],[85.35792,28.2218],[85.35782,28.22171],[85.35782,28.22153],[85.35766,28.22139],[85.35756,28.22148],[85.35726,28.22122],[85.3571,28.22117],[85.3571,28.2209],[85.35721,28.22081],[85.35721,28.22063],[85.35731,28.22054],[85.35721,28.22009],[85.35654,28.2196],[85.35603,28.2196],[85.35598,28.21955],[85.35598,28.21946],[85.35608,28.21937],[85.35608,28.2191],[85.35578,28.21892],[85.35578,28.21883],[85.35562,28.2187],[85.35552,28.21879],[85.35547,28.21874],[85.35547,28.21866],[85.35557,28.21857],[85.35527,28.21839],[85.35527,28.2183],[85.35506,28.21812],[85.35506,28.21803],[85.35496,28.21794],[85.35496,28.21767],[85.35455,28.21731],[85.3545,28.21717],[85.3544,28.21717],[85.35415,28.21695],[85.35425,28.21668],[85.35445,28.21659],[85.35445,28.21632],[85.3542,28.21627],[85.35404,28.21614],[85.35404,28.21578],[85.35394,28.21569],[85.35404,28.2156],[85.35404,28.21542],[85.35389,28.2152],[85.35374,28.21515],[85.35374,28.21506],[85.35384,28.21497],[85.35384,28.21488],[85.35374,28.21479],[85.35394,28.2147],[85.35394,28.21434],[85.35374,28.21425],[85.35374,28.21416],[85.35364,28.21407],[85.35364,28.21398],[85.35394,28.2138],[85.35394,28.21327],[85.35374,28.21309],[85.35374,28.213],[85.35394,28.21282],[85.35394,28.21264],[85.35364,28.21228],[85.35364,28.21219],[85.35374,28.2121],[85.35374,28.21192],[85.35384,28.21183],[85.35384,28.21156],[85.35374,28.21147],[85.35374,28.2112],[85.35333,28.21084],[85.35333,28.21075],[85.35323,28.21066],[85.35323,28.21048],[85.35303,28.21021],[85.35303,28.20994],[85.35272,28.20985],[85.35272,28.20976],[85.35292,28.20958],[85.35292,28.20949],[85.35313,28.20922],[85.35313,28.20895],[85.35333,28.20868],[85.35333,28.20859],[85.35323,28.2085],[85.35323,28.20841],[85.35333,28.20832],[85.35333,28.20814],[85.35348,28.2081],[85.35384,28.20779],[85.35384,28.20761],[85.35394,28.20752],[85.35384,28.20743],[85.35384,28.20716],[85.35404,28.20698],[85.35404,28.20608],[85.35384,28.2059],[85.35384,28.20536],[85.35333,28.205],[85.35333,28.20473],[85.35328,28.20469],[85.35303,28.20464],[85.35303,28.20446],[85.35313,28.20437],[85.35287,28.20433],[85.35262,28.2041],[85.35262,28.20401],[85.35252,28.20392],[85.35262,28.20383],[85.35252,28.20374],[85.35272,28.20365],[85.35272,28.20356],[85.35241,28.20347],[85.35211,28.20284],[85.35201,28.20275],[85.35201,28.20257],[85.3519,28.20248],[85.3519,28.20141],[85.3518,28.20132],[85.3518,28.20123],[85.35165,28.20109],[85.35124,28.20109],[85.35109,28.20096],[85.35155,28.20046],[85.3518,28.20042],[85.3518,28.19997],[85.3517,28.19988],[85.3518,28.19961],[85.3516,28.19943],[85.3516,28.19925],[85.35139,28.19898],[85.35139,28.19871],[85.35119,28.19853],[85.35119,28.19835],[85.35088,28.19808],[85.35078,28.19781],[85.35043,28.1975],[85.35022,28.1975],[85.34992,28.19732],[85.34981,28.19732],[85.34956,28.19709],[85.34956,28.197],[85.34936,28.19673],[85.34936,28.19629],[85.3491,28.19624],[85.34879,28.19642],[85.34864,28.19638],[85.34864,28.1962],[85.34879,28.19606],[85.349,28.19606],[85.34915,28.19593],[85.34915,28.19566],[85.34885,28.19548],[85.34885,28.19539],[85.34905,28.19521],[85.34905,28.19503],[85.3489,28.1948],[85.34844,28.19476],[85.34844,28.19467],[85.34885,28.19431],[85.34869,28.19408],[85.34823,28.19404],[85.34823,28.19395],[85.34844,28.19377],[85.34844,28.19359],[85.34818,28.19319],[85.34783,28.19314],[85.34803,28.19269],[85.34793,28.1926],[85.34793,28.19224],[85.34772,28.19215],[85.34772,28.19152],[85.34762,28.19143],[85.34762,28.19134],[85.34747,28.1913],[85.34721,28.19107],[85.34716,28.19085],[85.34681,28.19071],[85.34681,28.19063],[85.34691,28.19054],[85.34691,28.19027],[85.34676,28.19022],[85.3463,28.18982],[85.3463,28.18973],[85.34614,28.18959],[85.34604,28.18959],[85.34589,28.18946],[85.34589,28.1891],[85.34579,28.18901],[85.34579,28.18874],[85.34558,28.18856],[85.34558,28.18847],[85.34548,28.18838],[85.34548,28.1882],[85.34518,28.18793],[85.34518,28.18739],[85.34507,28.1873],[85.34507,28.18703],[85.34487,28.18685],[85.34487,28.18667],[85.34477,28.18658],[85.34477,28.18649],[85.34446,28.18631],[85.34431,28.18609],[85.34405,28.18604],[85.34405,28.18586],[85.34416,28.18577],[85.34385,28.1855],[85.34395,28.18523],[85.34334,28.18487],[85.34334,28.18469],[85.34324,28.1846],[85.34324,28.18451],[85.34334,28.18443],[85.34334,28.18425],[85.34319,28.18411],[85.34309,28.1842],[85.34298,28.1842],[85.34283,28.18398],[85.34303,28.1838],[85.34232,28.18326],[85.34242,28.18317],[85.34212,28.1829],[85.34212,28.18272],[85.34196,28.18258],[85.34166,28.18258],[85.34156,28.18267],[85.34125,28.18267],[85.34115,28.18276],[85.34094,28.18276],[85.34064,28.18303],[85.34044,28.18303],[85.34033,28.18294],[85.34023,28.18303],[85.33972,28.18303],[85.33962,28.18312],[85.33952,28.18312],[85.33947,28.18326],[85.33921,28.18348],[85.33906,28.18344],[85.33896,28.18317],[85.33865,28.1829],[85.33865,28.18281],[85.3385,28.18267],[85.3384,28.18276],[85.33814,28.18263],[85.33829,28.18231],[85.3388,28.18231],[85.33891,28.1824],[85.33921,28.1824],[85.33942,28.18222],[85.33993,28.18222],[85.34003,28.18204],[85.34018,28.182],[85.34018,28.18173],[85.34008,28.18164],[85.34008,28.18155],[85.34023,28.1815],[85.34049,28.18128],[85.34049,28.18119],[85.34059,28.1811],[85.34059,28.18092],[85.34074,28.18088],[85.34115,28.18043],[85.3413,28.18038],[85.3413,28.18011],[85.34151,28.17984],[85.34151,28.17957],[85.34181,28.1793],[85.34181,28.17885],[85.34202,28.17876],[85.34202,28.17831],[85.34212,28.17822],[85.34212,28.17742],[85.34202,28.17733],[85.34202,28.17688],[85.34191,28.17679],[85.34202,28.1767],[85.34202,28.17652],[85.34181,28.17625],[85.34181,28.17589],[85.34171,28.1758],[85.34171,28.17553],[85.34191,28.17544],[85.34191,28.17499],[85.34202,28.1749],[85.34202,28.17472],[85.34191,28.17463],[85.34191,28.17427],[85.34202,28.17418],[85.34202,28.17301],[85.34191,28.17292],[85.34191,28.17247],[85.34202,28.17238],[85.34202,28.17229],[85.34191,28.1722],[85.34191,28.17095],[85.34171,28.17077],[85.34191,28.17059],[85.34181,28.1705],[85.34181,28.17014],[85.34171,28.17005],[85.34171,28.16978],[85.34151,28.16951],[85.34161,28.16942],[85.34161,28.16843],[85.3414,28.16825],[85.3414,28.16816],[85.34151,28.16807],[85.34151,28.16744],[85.3414,28.16735],[85.3414,28.16717],[85.3413,28.16708],[85.3413,28.16699],[85.34115,28.16695],[85.34094,28.16677],[85.34079,28.16654],[85.34079,28.16645],[85.34089,28.16636],[85.34079,28.16627],[85.34084,28.16623],[85.3412,28.16618],[85.3412,28.16609],[85.3413,28.166],[85.3413,28.16573],[85.34115,28.1656],[85.34064,28.16542],[85.34059,28.16519],[85.34044,28.16506],[85.34033,28.16515],[85.34013,28.16515],[85.34003,28.16506],[85.33982,28.16506],[85.33972,28.16515],[85.33962,28.16506],[85.33952,28.16506],[85.33942,28.16524],[85.33911,28.16524],[85.33891,28.16506],[85.3384,28.16497],[85.33809,28.1647],[85.33768,28.1647],[85.33682,28.16385],[85.33671,28.16358],[85.33661,28.16349],[85.33661,28.16295],[85.33651,28.16286],[85.33651,28.16268],[85.33641,28.16259],[85.33641,28.16241],[85.3361,28.16223],[85.3361,28.16205],[85.33539,28.16142],[85.33539,28.16124],[85.33529,28.16115],[85.33539,28.16106],[85.33508,28.16079],[85.33508,28.16061],[85.33498,28.16052],[85.33498,28.16025],[85.33488,28.16016],[85.33488,28.15998],[85.33457,28.15971],[85.33457,28.15962],[85.33442,28.15949],[85.33432,28.15949],[85.33422,28.1594],[85.33391,28.1594],[85.3336,28.15922],[85.33299,28.15922],[85.33284,28.15908],[85.33284,28.1589],[85.33269,28.15877],[85.33238,28.15868],[85.33218,28.1585],[85.33208,28.1585],[85.33172,28.15818],[85.33172,28.158],[85.33162,28.15791],[85.33162,28.15764],[85.33152,28.15755],[85.33157,28.15751],[85.33192,28.15755]],[[85.35858,28.23999],[85.35848,28.23999],[85.35817,28.24035],[85.35807,28.24026],[85.35802,28.2403],[85.35812,28.24039],[85.35812,28.24048],[85.35782,28.24093],[85.35782,28.2412],[85.35771,28.24129],[85.35771,28.24219],[85.35777,28.24223],[85.35797,28.24205],[85.35817,28.24223],[85.35833,28.2421],[85.35833,28.24156],[85.35812,28.24138],[85.35812,28.24129],[85.35833,28.24111],[85.35843,28.24066],[85.35853,28.24057],[85.35853,28.2403],[85.35863,28.24021],[85.35858,28.23999]],[[85.35858,28.23972],[85.35853,28.23976],[85.35858,28.23981],[85.35863,28.23976],[85.35858,28.23972]],[[85.35817,28.23954],[85.35812,28.23958],[85.35817,28.23981],[85.35822,28.23976],[85.35817,28.23954]],[[85.35879,28.23586],[85.35828,28.23586],[85.35817,28.23604],[85.35787,28.23604],[85.35782,28.23617],[85.35761,28.23626],[85.35761,28.23689],[85.35782,28.23698],[85.35782,28.23725],[85.35771,28.23734],[85.35771,28.23743],[85.35782,28.23752],[85.35771,28.23761],[85.35771,28.23797],[85.35782,28.23806],[85.35782,28.23833],[85.35761,28.23842],[85.35761,28.23869],[85.35777,28.23873],[85.35782,28.23886],[85.35797,28.23891],[85.35802,28.23904],[85.35817,28.23909],[85.35822,28.23922],[85.35838,28.23936],[85.35863,28.23922],[85.35868,28.23909],[85.35884,28.23904],[85.35884,28.23824],[85.35894,28.23815],[85.35894,28.23788],[85.35879,28.23783],[85.35868,28.23792],[85.35858,28.23783],[85.35828,28.23783],[85.35817,28.23792],[85.35812,28.23779],[85.35792,28.23761],[85.35792,28.23716],[85.35838,28.23711],[85.35848,28.23693],[85.35863,28.23689],[85.35868,28.23675],[85.35884,28.23671],[85.35889,28.23657],[85.35904,28.23653],[85.35904,28.23608],[85.35879,28.23586]],[[85.35909,28.23514],[85.35889,28.23514],[85.35884,28.23527],[85.35899,28.23532],[85.35914,28.23518],[85.35909,28.23514]],[[85.35919,28.2346],[85.35914,28.23464],[85.35919,28.23469],[85.35924,28.23464],[85.35919,28.2346]],[[85.36072,28.2319],[85.36067,28.23195],[85.36072,28.23199],[85.36077,28.23195],[85.36072,28.2319]],[[85.36144,28.22687],[85.36128,28.22692],[85.36128,28.2271],[85.36144,28.22732],[85.36159,28.22719],[85.36159,28.22701],[85.36144,28.22687]],[[85.36184,28.22651],[85.36179,28.22656],[85.36184,28.2266],[85.36189,28.22656],[85.36184,28.22651]],[[85.36123,28.22625],[85.36108,28.22629],[85.36108,28.22638],[85.36098,28.22647],[85.36103,28.2266],[85.36118,28.22656],[85.36118,28.22638],[85.36128,28.22629],[85.36123,28.22625]],[[85.36072,28.22535],[85.36067,28.22539],[85.36067,28.22575],[85.36082,28.2258],[85.36088,28.22575],[85.36088,28.22548],[85.36072,28.22535]],[[85.36174,28.22445],[85.36169,28.22449],[85.36174,28.22463],[85.36179,28.22458],[85.36174,28.22445]],[[85.35471,28.21448],[85.35466,28.21452],[85.35471,28.21466],[85.35476,28.21461],[85.35471,28.21448]],[[85.35461,28.21196],[85.35455,28.21201],[85.35461,28.21214],[85.35466,28.2121],[85.35461,28.21196]],[[85.3545,28.21169],[85.35445,28.21174],[85.3545,28.21178],[85.35455,28.21174],[85.3545,28.21169]],[[85.3542,28.21115],[85.35415,28.2112],[85.3542,28.21133],[85.35425,28.21129],[85.3542,28.21115]],[[85.3492,28.19337],[85.34905,28.19341],[85.3492,28.19364],[85.34925,28.19359],[85.3492,28.19337]],[[85.34584,28.18699],[85.34569,28.18703],[85.34574,28.18717],[85.34589,28.18703],[85.34584,28.18699]],[[85.34288,28.18213],[85.34283,28.18218],[85.34288,28.18222],[85.34293,28.18218],[85.34288,28.18213]],[[85.34115,28.18097],[85.341,28.1811],[85.34105,28.18115],[85.3412,28.1811],[85.34115,28.18097]],[[85.34258,28.18079],[85.34253,28.18092],[85.34263,28.18101],[85.34253,28.1811],[85.34253,28.18128],[85.34283,28.18155],[85.34283,28.18182],[85.34298,28.18186],[85.34303,28.18182],[85.34293,28.18173],[85.34293,28.18128],[85.34283,28.18119],[85.34283,28.18092],[85.34258,28.18079]],[[85.34268,28.18043],[85.34253,28.18047],[85.34258,28.1807],[85.34273,28.18047],[85.34268,28.18043]],[[85.34268,28.17234],[85.34263,28.17238],[85.34268,28.17252],[85.34273,28.17247],[85.34268,28.17234]],[[85.34278,28.17081],[85.34273,28.17086],[85.34273,28.17148],[85.34263,28.17157],[85.34263,28.17202],[85.34268,28.17207],[85.34283,28.17193],[85.34283,28.17086],[85.34278,28.17081]],[[85.34288,28.17054],[85.34273,28.17068],[85.34278,28.17072],[85.34293,28.17068],[85.34288,28.17054]],[[85.34268,28.16973],[85.34263,28.16978],[85.34268,28.16982],[85.34273,28.16978],[85.34268,28.16973]],[[85.34237,28.16874],[85.34232,28.16879],[85.34237,28.16901],[85.34242,28.16897],[85.34237,28.16874]],[[85.34237,28.16793],[85.34232,28.16798],[85.34237,28.1682],[85.34242,28.16816],[85.34237,28.16793]],[[85.34166,28.1674],[85.34161,28.16744],[85.34166,28.16758],[85.34171,28.16753],[85.34166,28.1674]],[[85.34247,28.1674],[85.34232,28.16753],[85.34232,28.16762],[85.34247,28.16776],[85.34263,28.16753],[85.34247,28.1674]],[[85.34135,28.16533],[85.34125,28.16533],[85.3412,28.16546],[85.34145,28.1656],[85.34161,28.16555],[85.34135,28.16533]],[[85.33646,28.16128],[85.33641,28.16142],[85.33656,28.16164],[85.33661,28.16151],[85.33646,28.16128]]]}},{"type":"Feature","properties":{"name":"Ground stripped or buried (Sentinel-2 change)","area_m2":1923,"aoi":"upper","fill":"#f97316","fill-opacity":0.5,"stroke":"#c2410c","stroke-width":1.1},"geometry":{"type":"Polygon","coordinates":[[[85.3307,28.15675],[85.3309,28.15684],[85.3309,28.1571],[85.33101,28.15719],[85.33095,28.15733],[85.33075,28.15733],[85.3306,28.15719],[85.3306,28.15675],[85.33065,28.1567],[85.3307,28.15675]]]}},{"type":"Feature","properties":{"name":"Ground stripped or buried (Sentinel-2 change)","area_m2":3945,"aoi":"upper","fill":"#f97316","fill-opacity":0.5,"stroke":"#c2410c","stroke-width":1.1},"geometry":{"type":"Polygon","coordinates":[[[85.32428,28.15648],[85.32474,28.15652],[85.32499,28.15675],[85.32499,28.15684],[85.32463,28.15688],[85.32453,28.15697],[85.32433,28.15697],[85.32418,28.15684],[85.32412,28.1567],[85.32402,28.1567],[85.32387,28.15657],[85.32402,28.15643],[85.32428,28.15648]]]}},{"type":"Feature","properties":{"name":"Ground stripped or buried (Sentinel-2 change)","area_m2":50170,"aoi":"upper","fill":"#f97316","fill-opacity":0.5,"stroke":"#c2410c","stroke-width":1.1},"geometry":{"type":"Polygon","coordinates":[[[85.32468,28.15144],[85.32484,28.15149],[85.32494,28.15167],[85.32525,28.15167],[85.32535,28.15185],[85.32565,28.15185],[85.32576,28.15203],[85.32586,28.15203],[85.32591,28.15216],[85.32611,28.15225],[85.32611,28.15234],[85.32626,28.15239],[85.32632,28.15252],[85.32647,28.15257],[85.32657,28.15275],[85.32672,28.15279],[85.32672,28.15297],[85.32688,28.15302],[85.32693,28.15315],[85.32708,28.1532],[85.32713,28.15333],[85.32728,28.15337],[85.32734,28.15351],[85.32749,28.15355],[85.32754,28.15369],[85.32769,28.15373],[85.32774,28.15387],[85.3279,28.15391],[85.328,28.15409],[85.32835,28.15414],[85.32835,28.15432],[85.32846,28.15441],[85.32846,28.1545],[85.32897,28.15504],[85.32897,28.15513],[85.32943,28.15553],[85.32958,28.15558],[85.32973,28.15589],[85.32993,28.15589],[85.32999,28.15603],[85.33019,28.15612],[85.33029,28.15639],[85.33004,28.15643],[85.32973,28.15625],[85.32912,28.15625],[85.32907,28.15621],[85.32907,28.15603],[85.32866,28.15567],[85.32856,28.1554],[85.3283,28.15526],[85.32805,28.15522],[85.32805,28.15504],[85.32774,28.15477],[85.32774,28.15459],[85.32734,28.15423],[85.32734,28.15414],[85.32708,28.154],[85.32688,28.154],[85.32672,28.15387],[85.32672,28.1536],[85.32647,28.15346],[85.32637,28.15328],[85.32606,28.1532],[85.32565,28.15284],[85.32535,28.15275],[85.3253,28.15261],[85.32514,28.15248],[85.32489,28.15243],[85.32489,28.15234],[85.32468,28.15216],[85.32458,28.15171],[85.32448,28.15162],[85.32453,28.1514],[85.32468,28.15144]]]}},{"type":"Feature","properties":{"name":"Ground stripped or buried (Sentinel-2 change)","area_m2":1274,"aoi":"upper","fill":"#f97316","fill-opacity":0.5,"stroke":"#c2410c","stroke-width":1.1},"geometry":{"type":"Polygon","coordinates":[[[85.32468,28.14991],[85.32484,28.14996],[85.32499,28.15009],[85.32499,28.15018],[85.32494,28.15023],[85.32458,28.15018],[85.32448,28.14991],[85.32453,28.14987],[85.32468,28.14991]]]}},{"type":"Feature","properties":{"name":"Ground stripped or buried (Sentinel-2 change)","area_m2":2423,"aoi":"upper","fill":"#f97316","fill-opacity":0.5,"stroke":"#c2410c","stroke-width":1.1},"geometry":{"type":"Polygon","coordinates":[[[85.31887,28.1465],[85.31908,28.14668],[85.31908,28.14686],[85.31903,28.1469],[85.31852,28.1469],[85.31847,28.14686],[85.31847,28.14659],[85.31852,28.14654],[85.31862,28.14654],[85.31872,28.14645],[85.31887,28.1465]]]}},{"type":"Feature","properties":{"name":"Ground stripped or buried (Sentinel-2 change)","area_m2":103023,"aoi":"upper","fill":"#f97316","fill-opacity":0.5,"stroke":"#c2410c","stroke-width":1.1},"geometry":{"type":"Polygon","coordinates":[[[85.31663,28.14578],[85.31684,28.14587],[85.31684,28.14614],[85.31678,28.14618],[85.31668,28.14609],[85.31663,28.14614],[85.31663,28.14632],[85.31653,28.14641],[85.31653,28.1465],[85.31668,28.14663],[85.31678,28.14663],[85.31684,28.14677],[85.31699,28.1469],[85.31709,28.1469],[85.31729,28.14708],[85.3175,28.14708],[85.31755,28.14704],[85.31729,28.14681],[85.31719,28.1469],[85.31714,28.14686],[85.31714,28.14668],[85.31729,28.14654],[85.3176,28.14654],[85.3177,28.14672],[85.3178,28.14672],[85.31785,28.14686],[85.31806,28.14695],[85.31806,28.1474],[85.31821,28.14744],[85.31831,28.14762],[85.31882,28.14762],[85.31892,28.1478],[85.31923,28.1478],[85.31928,28.14794],[85.31943,28.14798],[85.31954,28.14816],[85.32005,28.14816],[85.32015,28.14834],[85.32045,28.14834],[85.32051,28.14848],[85.32071,28.14857],[85.32081,28.14884],[85.32056,28.14888],[85.32035,28.1487],[85.3202,28.14875],[85.32056,28.14906],[85.32066,28.14906],[85.32076,28.14915],[85.32086,28.14915],[85.32096,28.14906],[85.32127,28.14915],[85.32132,28.1492],[85.32132,28.14946],[85.32147,28.14951],[85.32152,28.14964],[85.32168,28.14969],[85.32173,28.14982],[85.32188,28.14987],[85.32198,28.15005],[85.32229,28.15005],[85.32234,28.15018],[85.32249,28.15023],[85.32259,28.15041],[85.32331,28.15041],[85.32336,28.15045],[85.32326,28.15054],[85.32336,28.15063],[85.32326,28.15072],[85.32326,28.15081],[85.32351,28.15095],[85.32382,28.15095],[85.32397,28.15117],[85.32392,28.15122],[85.3229,28.15122],[85.3228,28.15113],[85.32198,28.15113],[85.32127,28.15059],[85.32091,28.15045],[85.32091,28.15027],[85.32081,28.15018],[85.32091,28.15009],[85.32076,28.14996],[85.32056,28.14996],[85.3204,28.14964],[85.32025,28.1496],[85.31984,28.14924],[85.31974,28.14924],[85.31964,28.14933],[85.31943,28.14933],[85.31933,28.14942],[85.31908,28.1492],[85.31918,28.14911],[85.31918,28.14884],[85.31913,28.14879],[85.31882,28.14879],[85.31862,28.14861],[85.31842,28.14861],[85.3177,28.14825],[85.3175,28.14825],[85.31719,28.14807],[85.31699,28.14807],[85.31689,28.14798],[85.31678,28.14798],[85.31653,28.14776],[85.31673,28.14749],[85.31668,28.14735],[85.31648,28.14735],[85.31638,28.14726],[85.31627,28.14735],[85.31617,28.14735],[85.31566,28.14699],[85.31541,28.14677],[85.31536,28.14663],[85.315,28.14659],[85.315,28.14605],[85.31505,28.146],[85.31546,28.146],[85.31566,28.14618],[85.31638,28.14618],[85.31643,28.14614],[85.31643,28.14578],[85.31648,28.14573],[85.31663,28.14578]],[[85.32005,28.14879],[85.32,28.14884],[85.32005,28.14888],[85.3201,28.14884],[85.32005,28.14879]],[[85.31811,28.14798],[85.31806,28.14803],[85.31811,28.14807],[85.31816,28.14803],[85.31811,28.14798]],[[85.31791,28.14771],[85.3177,28.14771],[85.31765,28.14785],[85.3177,28.14789],[85.31816,28.14785],[85.31791,28.14771]]]}},{"type":"Feature","properties":{"name":"Ground stripped or buried (Sentinel-2 change)","area_m2":41877,"aoi":"middle","fill":"#f97316","fill-opacity":0.5,"stroke":"#c2410c","stroke-width":1.1},"geometry":{"type":"Polygon","coordinates":[[[85.33073,28.15645],[85.33094,28.15654],[85.33094,28.15663],[85.33104,28.15672],[85.33104,28.1569],[85.33119,28.15704],[85.3314,28.15704],[85.3315,28.15695],[85.3316,28.15704],[85.3317,28.15704],[85.33175,28.15717],[85.3319,28.15722],[85.33196,28.15735],[85.33211,28.1574],[85.33221,28.15758],[85.33241,28.15758],[85.33246,28.15771],[85.33236,28.1578],[85.33241,28.15785],[85.33272,28.15776],[85.33277,28.15798],[85.33333,28.15847],[85.33364,28.15856],[85.33384,28.15874],[85.33435,28.15874],[85.33445,28.15883],[85.33475,28.15883],[85.33486,28.15901],[85.33516,28.15901],[85.33521,28.15924],[85.33572,28.15969],[85.33572,28.15978],[85.33562,28.15987],[85.33572,28.15996],[85.33567,28.16],[85.33496,28.16],[85.3345,28.1596],[85.3345,28.15951],[85.33435,28.15937],[85.33384,28.15937],[85.33364,28.15919],[85.33302,28.15919],[85.33287,28.15906],[85.33287,28.15888],[85.33272,28.15874],[85.33252,28.15874],[85.33231,28.15856],[85.33201,28.15847],[85.33175,28.15825],[85.33175,28.15762],[85.3317,28.15758],[85.3316,28.15758],[85.33119,28.15731],[85.33078,28.15731],[85.33063,28.15717],[85.33063,28.15672],[85.33053,28.15663],[85.33053,28.15645],[85.33058,28.15641],[85.33073,28.15645]]]}},{"type":"Feature","properties":{"name":"Ground stripped or buried (Sentinel-2 change)","area_m2":53534,"aoi":"middle","fill":"#f97316","fill-opacity":0.5,"stroke":"#c2410c","stroke-width":1.1},"geometry":{"type":"Polygon","coordinates":[[[85.32493,28.15134],[85.32498,28.15147],[85.32508,28.15147],[85.32519,28.15156],[85.32539,28.15156],[85.3257,28.15183],[85.326,28.15192],[85.32626,28.15215],[85.32636,28.15242],[85.32656,28.15269],[85.32656,28.15286],[85.32666,28.15295],[85.32666,28.15304],[85.32681,28.15309],[85.32697,28.15322],[85.32702,28.15336],[85.32712,28.15336],[85.32732,28.15354],[85.32743,28.15354],[85.32763,28.15372],[85.32773,28.15372],[85.32783,28.1539],[85.32793,28.1539],[85.32799,28.15403],[85.32819,28.15412],[85.32829,28.15439],[85.32844,28.15444],[85.32849,28.15457],[85.32885,28.15488],[85.329,28.15493],[85.329,28.15511],[85.32921,28.15529],[85.32921,28.15538],[85.32946,28.15542],[85.32951,28.15565],[85.32967,28.15569],[85.32977,28.15587],[85.32997,28.15587],[85.33033,28.15628],[85.33033,28.15637],[85.32997,28.15641],[85.32987,28.15632],[85.32967,28.15632],[85.32956,28.15623],[85.32916,28.15623],[85.32911,28.1561],[85.3286,28.15556],[85.3286,28.15547],[85.32834,28.15524],[85.32809,28.1552],[85.32809,28.15502],[85.32778,28.15475],[85.32768,28.15448],[85.32722,28.15408],[85.32692,28.15399],[85.32681,28.1539],[85.32666,28.15376],[85.32666,28.15358],[85.32646,28.15349],[85.32641,28.15336],[85.32631,28.15336],[85.32549,28.15273],[85.32539,28.15273],[85.32519,28.15255],[85.32508,28.15255],[85.32463,28.15215],[85.32463,28.15179],[85.32442,28.15152],[85.32458,28.15129],[85.32493,28.15134]]]}},{"type":"Feature","properties":{"name":"Ground stripped or buried (Sentinel-2 change)","area_m2":1270,"aoi":"middle","fill":"#f97316","fill-opacity":0.5,"stroke":"#c2410c","stroke-width":1.1},"geometry":{"type":"Polygon","coordinates":[[[85.32473,28.1499],[85.32493,28.15008],[85.32488,28.15022],[85.32458,28.15022],[85.32442,28.14999],[85.32468,28.14986],[85.32473,28.1499]]]}},{"type":"Feature","properties":{"name":"Ground stripped or buried (Sentinel-2 change)","area_m2":37252,"aoi":"middle","fill":"#f97316","fill-opacity":0.5,"stroke":"#c2410c","stroke-width":1.1},"geometry":{"type":"Polygon","coordinates":[[[85.31852,28.14811],[85.31857,28.14815],[85.31928,28.14815],[85.31949,28.14833],[85.31959,28.14833],[85.31964,28.14847],[85.31984,28.14856],[85.31984,28.14865],[85.32005,28.14883],[85.3201,28.14896],[85.3203,28.14896],[85.32071,28.14932],[85.32081,28.14932],[85.32086,28.14945],[85.32101,28.1495],[85.32106,28.14963],[85.32122,28.14968],[85.32127,28.14981],[85.32142,28.14986],[85.32147,28.14999],[85.32162,28.15004],[85.32167,28.15017],[85.32183,28.15022],[85.32188,28.15035],[85.32203,28.1504],[85.32208,28.15053],[85.32223,28.15058],[85.32234,28.15076],[85.32284,28.15076],[85.32295,28.15085],[85.32315,28.15085],[85.32325,28.15094],[85.32376,28.15094],[85.32391,28.15107],[85.32376,28.1512],[85.32325,28.1512],[85.32315,28.15111],[85.32305,28.1512],[85.32274,28.15103],[85.32223,28.15103],[85.32213,28.15111],[85.32193,28.15111],[85.32162,28.15085],[85.32152,28.15085],[85.32086,28.15035],[85.32086,28.15008],[85.32071,28.14995],[85.32061,28.14995],[85.32045,28.14981],[85.32045,28.14972],[85.3203,28.14959],[85.3202,28.14959],[85.31979,28.14923],[85.31949,28.14941],[85.31928,28.14941],[85.31913,28.14919],[85.31913,28.1491],[85.31923,28.14901],[85.31918,28.14878],[85.31898,28.14878],[85.31887,28.14887],[85.31857,28.1486],[85.31826,28.14851],[85.31811,28.14838],[85.31811,28.14829],[85.31832,28.1482],[85.31837,28.14806],[85.31852,28.14811]]]}},{"type":"Feature","properties":{"name":"Ground stripped or buried (Sentinel-2 change)","area_m2":2142,"aoi":"middle","fill":"#f97316","fill-opacity":0.5,"stroke":"#c2410c","stroke-width":1.1},"geometry":{"type":"Polygon","coordinates":[[[85.31882,28.14649],[85.31913,28.14676],[85.31908,28.1469],[85.31857,28.1469],[85.31852,28.14685],[85.31852,28.14658],[85.31877,28.14645],[85.31882,28.14649]]]}},{"type":"Feature","properties":{"name":"Ground stripped or buried (Sentinel-2 change)","area_m2":9862,"aoi":"middle","fill":"#f97316","fill-opacity":0.5,"stroke":"#c2410c","stroke-width":1.1},"geometry":{"type":"Polygon","coordinates":[[[85.31088,28.14093],[85.31078,28.14102],[85.31099,28.14111],[85.31099,28.14138],[85.31083,28.14142],[85.31073,28.1416],[85.31043,28.1416],[85.31032,28.14178],[85.31002,28.14187],[85.30976,28.14174],[85.30971,28.1416],[85.30946,28.14156],[85.30956,28.14129],[85.30976,28.1412],[85.30982,28.14106],[85.31032,28.14106],[85.31043,28.14088],[85.31088,28.14093]]]}},{"type":"Feature","properties":{"name":"Ground stripped or buried (Sentinel-2 change)","area_m2":1196,"aoi":"middle","fill":"#f97316","fill-opacity":0.5,"stroke":"#c2410c","stroke-width":1.1},"geometry":{"type":"Polygon","coordinates":[[[85.3061,28.13707],[85.30641,28.13725],[85.30635,28.13747],[85.306,28.13734],[85.306,28.13707],[85.30605,28.13702],[85.3061,28.13707]]]}},{"type":"Feature","properties":{"name":"Ground stripped or buried (Sentinel-2 change)","area_m2":138196,"aoi":"middle","fill":"#f97316","fill-opacity":0.5,"stroke":"#c2410c","stroke-width":1.1},"geometry":{"type":"Polygon","coordinates":[[[85.30376,28.13626],[85.30427,28.13671],[85.30427,28.1368],[85.30447,28.13698],[85.30462,28.13729],[85.30473,28.13693],[85.30498,28.13707],[85.30498,28.13734],[85.30467,28.13752],[85.30467,28.13761],[85.30478,28.1377],[85.30478,28.13788],[85.30498,28.13805],[85.30498,28.13823],[85.30508,28.13832],[85.30508,28.13841],[85.30498,28.1385],[85.30549,28.13904],[85.30549,28.13913],[85.30559,28.13922],[85.30559,28.1394],[85.30574,28.13945],[85.3062,28.13985],[85.3062,28.14003],[85.30635,28.14007],[85.30646,28.14025],[85.30676,28.14025],[85.30681,28.14039],[85.30702,28.14048],[85.30702,28.14057],[85.30732,28.14093],[85.30722,28.14102],[85.30727,28.14115],[85.30737,28.14115],[85.30747,28.14106],[85.30752,28.1412],[85.30778,28.14142],[85.30788,28.14142],[85.30798,28.14133],[85.30829,28.14151],[85.30839,28.14142],[85.30859,28.1416],[85.3087,28.1416],[85.3089,28.14178],[85.309,28.14178],[85.30905,28.14191],[85.30936,28.14209],[85.30936,28.14218],[85.30992,28.14277],[85.31002,28.14268],[85.31012,28.14277],[85.31022,28.14277],[85.31032,28.14268],[85.31053,28.14268],[85.31063,28.14259],[85.31093,28.14259],[85.31099,28.14254],[85.31099,28.14209],[85.31114,28.14196],[85.31144,28.14196],[85.31165,28.14214],[85.31175,28.14214],[85.31185,28.14232],[85.31195,28.14232],[85.312,28.14245],[85.31221,28.14254],[85.31221,28.14299],[85.31241,28.14308],[85.31241,28.14353],[85.31261,28.14362],[85.31261,28.14407],[85.31251,28.14416],[85.31261,28.14425],[85.31261,28.14434],[85.31251,28.14443],[85.31251,28.14452],[85.31282,28.14488],[85.31282,28.14497],[85.31312,28.14524],[85.31312,28.14533],[85.31328,28.14546],[85.31348,28.14546],[85.31389,28.14573],[85.31409,28.14573],[85.31419,28.14582],[85.3144,28.14582],[85.3145,28.14591],[85.3148,28.14591],[85.31501,28.14609],[85.31521,28.14609],[85.31531,28.14618],[85.31552,28.14618],[85.31572,28.146],[85.31582,28.146],[85.31587,28.14613],[85.31602,28.14618],[85.31608,28.14631],[85.31623,28.14636],[85.31633,28.14654],[85.31653,28.14654],[85.31664,28.14663],[85.31674,28.14663],[85.31725,28.14708],[85.3174,28.14712],[85.3174,28.14721],[85.3177,28.14748],[85.3175,28.14775],[85.3176,28.1482],[85.31755,28.14824],[85.31745,28.14815],[85.31725,28.14815],[85.31694,28.14797],[85.31684,28.14797],[85.31658,28.14775],[85.31658,28.14766],[85.31669,28.14757],[85.31669,28.1473],[85.31664,28.14726],[85.31613,28.14726],[85.31602,28.14717],[85.31592,28.14717],[85.31531,28.14663],[85.31501,28.14663],[85.3145,28.14627],[85.31399,28.14618],[85.31328,28.14582],[85.31317,28.14582],[85.31272,28.14551],[85.31261,28.14524],[85.31221,28.14488],[85.31221,28.14479],[85.31205,28.14465],[85.31195,28.14465],[85.31155,28.14429],[85.31139,28.14425],[85.31149,28.14416],[85.31134,28.14402],[85.31124,28.14411],[85.31114,28.14411],[85.31099,28.14398],[85.31099,28.14389],[85.31114,28.14375],[85.31144,28.14367],[85.3116,28.14353],[85.3116,28.14317],[85.31149,28.14308],[85.3116,28.14299],[85.3116,28.1429],[85.31144,28.14277],[85.31129,28.14281],[85.31119,28.14308],[85.31104,28.14322],[85.31093,28.14313],[85.31083,28.14313],[85.31073,28.14322],[85.31053,28.14322],[85.31043,28.14313],[85.31032,28.14313],[85.31012,28.14331],[85.31002,28.14331],[85.30992,28.14322],[85.30971,28.14322],[85.30931,28.14286],[85.3092,28.14286],[85.30915,28.14272],[85.309,28.14259],[85.3088,28.14259],[85.30864,28.14245],[85.30864,28.14227],[85.30875,28.14218],[85.3087,28.14205],[85.30788,28.14205],[85.30758,28.14187],[85.30747,28.14187],[85.30722,28.14165],[85.30722,28.14138],[85.30707,28.14124],[85.30686,28.14142],[85.30676,28.14142],[85.30656,28.14124],[85.30646,28.14124],[85.3063,28.14093],[85.3059,28.14057],[85.3059,28.14039],[85.30569,28.14021],[85.30569,28.14012],[85.30529,28.13976],[85.30529,28.13958],[85.30518,28.13949],[85.30518,28.1394],[85.30462,28.13891],[85.30422,28.13891],[85.30396,28.13877],[85.30417,28.1385],[85.30417,28.13832],[85.30427,28.13823],[85.30417,28.13814],[85.30417,28.13797],[85.30427,28.13788],[85.30427,28.13779],[85.30386,28.13743],[85.30386,28.13716],[85.30376,28.13707],[85.30376,28.1368],[85.30345,28.13635],[85.3035,28.13621],[85.30376,28.13626]],[[85.31216,28.14384],[85.312,28.14398],[85.31205,28.14402],[85.31221,28.14389],[85.31216,28.14384]]]}},{"type":"Feature","properties":{"name":"Ground stripped or buried (Sentinel-2 change)","area_m2":10835,"aoi":"middle","fill":"#f97316","fill-opacity":0.5,"stroke":"#c2410c","stroke-width":1.1},"geometry":{"type":"Polygon","coordinates":[[[85.30203,28.13357],[85.30223,28.13375],[85.30223,28.13402],[85.30233,28.13411],[85.30233,28.13419],[85.30254,28.13428],[85.30244,28.13437],[85.30254,28.13446],[85.30254,28.13455],[85.30269,28.13469],[85.30279,28.13469],[85.30289,28.1346],[85.30294,28.13473],[85.30315,28.13482],[85.30315,28.13545],[85.3031,28.1355],[85.30299,28.1355],[85.30264,28.13518],[85.30264,28.13509],[85.30249,28.13496],[85.30238,28.13496],[85.30213,28.13473],[85.30208,28.1346],[85.30193,28.13455],[85.30193,28.13411],[85.30182,28.13402],[85.30182,28.13375],[85.30172,28.13366],[85.30172,28.13357],[85.30177,28.13352],[85.30203,28.13357]]]}},{"type":"Feature","properties":{"name":"Ground stripped or buried (Sentinel-2 change)","area_m2":16391,"aoi":"middle","fill":"#f97316","fill-opacity":0.5,"stroke":"#c2410c","stroke-width":1.1},"geometry":{"type":"Polygon","coordinates":[[[85.29928,28.13123],[85.29933,28.13128],[85.29994,28.13128],[85.29999,28.13141],[85.29979,28.13159],[85.30004,28.13182],[85.30035,28.13182],[85.30045,28.13173],[85.3006,28.13186],[85.3006,28.13249],[85.30035,28.13271],[85.30025,28.13271],[85.30004,28.13253],[85.29984,28.13253],[85.29943,28.13218],[85.29933,28.13218],[85.29902,28.13191],[85.29887,28.13186],[85.29877,28.13159],[85.29908,28.1315],[85.29897,28.13123],[85.29902,28.13119],[85.29928,28.13123]]]}},{"type":"Feature","properties":{"name":"Ground stripped or buried (Sentinel-2 change)","area_m2":20203,"aoi":"middle","fill":"#f97316","fill-opacity":0.5,"stroke":"#c2410c","stroke-width":1.1},"geometry":{"type":"Polygon","coordinates":[[[85.29826,28.12818],[85.29836,28.12827],[85.29836,28.12836],[85.29862,28.12858],[85.29882,28.12858],[85.29902,28.12876],[85.29918,28.12881],[85.29923,28.12894],[85.29938,28.12899],[85.29943,28.12921],[85.29974,28.12921],[85.29979,28.12935],[85.29999,28.12944],[85.29999,28.12971],[85.30014,28.12975],[85.30025,28.12993],[85.3004,28.12998],[85.3003,28.13025],[85.30004,28.13038],[85.29974,28.13038],[85.29964,28.13047],[85.29943,28.13047],[85.29938,28.13033],[85.29948,28.13025],[85.29948,28.13016],[85.29938,28.13007],[85.29938,28.12971],[85.29918,28.12944],[85.29908,28.12917],[85.29892,28.12903],[85.29872,28.12921],[85.29852,28.12921],[85.29841,28.12912],[85.29811,28.12912],[85.29801,28.12903],[85.29775,28.12899],[85.29775,28.1289],[85.29796,28.12872],[85.29796,28.12827],[85.29811,28.12814],[85.29826,28.12818]]]}},{"type":"Feature","properties":{"name":"Ground stripped or buried (Sentinel-2 change)","area_m2":6378,"aoi":"middle","fill":"#f97316","fill-opacity":0.5,"stroke":"#c2410c","stroke-width":1.1},"geometry":{"type":"Polygon","coordinates":[[[85.29399,28.12486],[85.29414,28.12499],[85.29424,28.1249],[85.29434,28.1249],[85.29439,28.12495],[85.29439,28.12522],[85.29455,28.12526],[85.29465,28.12517],[85.29475,28.12535],[85.29485,28.12535],[85.29511,28.12558],[85.29511,28.12576],[85.29505,28.1258],[85.29495,28.12571],[85.29485,28.1258],[85.29475,28.1258],[85.29444,28.12553],[85.29394,28.12535],[85.29378,28.12522],[85.29368,28.12495],[85.29394,28.12481],[85.29399,28.12486]]]}},{"type":"Feature","properties":{"name":"Ground stripped or buried (Sentinel-2 change)","area_m2":22323,"aoi":"middle","fill":"#f97316","fill-opacity":0.5,"stroke":"#c2410c","stroke-width":1.1},"geometry":{"type":"Polygon","coordinates":[[[85.29093,28.12226],[85.29093,28.12235],[85.29108,28.12239],[85.29114,28.12252],[85.29129,28.12257],[85.29139,28.12275],[85.2919,28.12284],[85.29241,28.12311],[85.29251,28.12302],[85.29287,28.12333],[85.29276,28.12342],[85.29282,28.12347],[85.29292,28.12338],[85.29302,28.12365],[85.29312,28.12365],[85.29317,28.12378],[85.29343,28.12401],[85.29353,28.12392],[85.29358,28.12396],[85.29358,28.12405],[85.29388,28.12441],[85.29388,28.12459],[85.29383,28.12463],[85.29373,28.12454],[85.29368,28.12468],[85.29353,28.12472],[85.29332,28.12454],[85.29322,28.12454],[85.29261,28.12392],[85.29251,28.12392],[85.29236,28.12378],[85.29236,28.12351],[85.2922,28.12338],[85.2921,28.12338],[85.292,28.12329],[85.2918,28.12329],[85.29149,28.12302],[85.29139,28.12302],[85.29129,28.12311],[85.29108,28.12311],[85.29098,28.1232],[85.29058,28.1232],[85.29053,28.12306],[85.29063,28.12297],[85.29063,28.12279],[85.29042,28.12261],[85.29053,28.12252],[85.29053,28.12243],[85.29078,28.12221],[85.29093,28.12226]]]}},{"type":"Feature","properties":{"name":"Ground stripped or buried (Sentinel-2 change)","area_m2":30197,"aoi":"middle","fill":"#f97316","fill-opacity":0.5,"stroke":"#c2410c","stroke-width":1.1},"geometry":{"type":"Polygon","coordinates":[[[85.28778,28.11902],[85.28798,28.11911],[85.28798,28.11938],[85.28818,28.11947],[85.28818,28.11974],[85.28839,28.11983],[85.28839,28.1201],[85.28859,28.12019],[85.28859,28.12037],[85.28874,28.12041],[85.28879,28.12055],[85.28895,28.12059],[85.28905,28.12077],[85.28935,28.12077],[85.28946,28.12095],[85.28976,28.12095],[85.28986,28.12113],[85.28997,28.12113],[85.29002,28.12127],[85.29022,28.12136],[85.29032,28.12163],[85.29053,28.12172],[85.29063,28.12199],[85.29047,28.12203],[85.28997,28.12176],[85.28976,28.12176],[85.28915,28.1214],[85.28905,28.12149],[85.28895,28.1214],[85.28864,28.1214],[85.28834,28.12122],[85.28823,28.12122],[85.28798,28.121],[85.28798,28.12082],[85.28778,28.12073],[85.28778,28.12055],[85.28788,28.12046],[85.28788,28.12037],[85.28767,28.12028],[85.28767,28.11992],[85.28747,28.11965],[85.28747,28.11929],[85.28757,28.1192],[85.28757,28.11902],[85.28762,28.11898],[85.28778,28.11902]]]}},{"type":"Feature","properties":{"name":"Ground stripped or buried (Sentinel-2 change)","area_m2":12658,"aoi":"middle","fill":"#f97316","fill-opacity":0.5,"stroke":"#c2410c","stroke-width":1.1},"geometry":{"type":"Polygon","coordinates":[[[85.2832,28.11498],[85.2833,28.11507],[85.2833,28.11516],[85.2835,28.11525],[85.28355,28.11548],[85.28386,28.11548],[85.28391,28.11561],[85.28411,28.1157],[85.28411,28.11597],[85.28432,28.11606],[85.28432,28.11633],[85.28426,28.11637],[85.28396,28.11646],[85.2837,28.11633],[85.28365,28.1162],[85.28355,28.1162],[85.28335,28.11602],[85.28314,28.11602],[85.28289,28.11579],[85.28289,28.1157],[85.28279,28.11561],[85.28279,28.11543],[85.28289,28.11534],[85.28289,28.11507],[85.28304,28.11494],[85.2832,28.11498]]]}},{"type":"Feature","properties":{"name":"Ground stripped or buried (Sentinel-2 change)","area_m2":80532,"aoi":"middle","fill":"#f97316","fill-opacity":0.5,"stroke":"#c2410c","stroke-width":1.1},"geometry":{"type":"Polygon","coordinates":[[[85.27973,28.11247],[85.27999,28.11251],[85.28019,28.11269],[85.2805,28.11269],[85.28055,28.11283],[85.2807,28.11287],[85.28075,28.11301],[85.28091,28.11305],[85.28096,28.11319],[85.28111,28.11323],[85.28116,28.11337],[85.28147,28.11364],[85.28147,28.11382],[85.28157,28.11391],[85.28157,28.114],[85.28172,28.11404],[85.28182,28.11422],[85.28197,28.11426],[85.28208,28.11453],[85.28228,28.1148],[85.28218,28.11489],[85.28228,28.11498],[85.28228,28.11543],[85.28259,28.11588],[85.28248,28.11597],[85.28248,28.11606],[85.28264,28.11611],[85.28279,28.11624],[85.28284,28.11637],[85.28304,28.11637],[85.28314,28.11646],[85.28325,28.11637],[85.28355,28.11664],[85.28365,28.11655],[85.28386,28.11673],[85.28396,28.11664],[85.28401,28.11678],[85.28416,28.11691],[85.28457,28.11691],[85.28462,28.11696],[85.28452,28.11705],[85.28452,28.11723],[85.28488,28.11745],[85.28493,28.11741],[85.28472,28.11723],[85.28488,28.11709],[85.28528,28.11709],[85.28533,28.11723],[85.28549,28.11727],[85.28564,28.1175],[85.28564,28.11759],[85.28549,28.11772],[85.28538,28.11763],[85.28533,28.11768],[85.28569,28.1179],[85.28579,28.11781],[85.28589,28.11781],[85.28594,28.11786],[85.28584,28.11795],[85.28594,28.11804],[85.286,28.11808],[85.2861,28.11799],[85.2862,28.11799],[85.28625,28.11804],[85.28615,28.11813],[85.2864,28.11826],[85.28645,28.11822],[85.28645,28.11813],[85.28635,28.11804],[85.2864,28.11799],[85.28671,28.11799],[85.28676,28.11804],[85.28676,28.11848],[85.28686,28.11857],[85.28661,28.11862],[85.2865,28.11853],[85.2861,28.11853],[85.286,28.11862],[85.28589,28.11862],[85.28579,28.11853],[85.28569,28.11853],[85.28528,28.11817],[85.28498,28.11808],[85.28457,28.11781],[85.28447,28.11781],[85.28437,28.1179],[85.28406,28.1179],[85.28396,28.11799],[85.2836,28.11768],[85.2836,28.1175],[85.28345,28.11736],[85.28325,28.11736],[85.28284,28.11709],[85.28274,28.11718],[85.28269,28.11714],[85.28269,28.11696],[85.28259,28.11687],[85.28253,28.11664],[85.28223,28.11664],[85.28213,28.11673],[85.28182,28.11664],[85.28172,28.11673],[85.28167,28.1166],[85.28177,28.11651],[85.28177,28.11642],[85.28147,28.11615],[85.28147,28.11597],[85.28157,28.11588],[85.28147,28.11579],[85.28147,28.1157],[85.28172,28.11566],[85.28182,28.11575],[85.28192,28.11575],[85.28197,28.1157],[85.28197,28.11534],[85.28182,28.11521],[85.28172,28.11521],[85.28167,28.11534],[85.28152,28.11548],[85.28136,28.11534],[85.28126,28.11507],[85.28106,28.11498],[85.28106,28.1148],[85.28085,28.11453],[85.28085,28.11435],[85.28075,28.11426],[85.2808,28.11413],[85.28096,28.11409],[85.2807,28.11386],[85.28035,28.11382],[85.28055,28.11337],[85.2804,28.11323],[85.27979,28.11323],[85.27943,28.11301],[85.27948,28.11278],[85.27958,28.11287],[85.27963,28.11283],[85.27963,28.11247],[85.27968,28.11242],[85.27973,28.11247]],[[85.28518,28.11754],[85.28513,28.11759],[85.28518,28.11763],[85.28523,28.11759],[85.28518,28.11754]]]}},{"type":"Feature","properties":{"name":"Ground stripped or buried (Sentinel-2 change)","area_m2":12360,"aoi":"middle","fill":"#f97316","fill-opacity":0.5,"stroke":"#c2410c","stroke-width":1.1},"geometry":{"type":"Polygon","coordinates":[[[85.27851,28.1113],[85.27867,28.11135],[85.27897,28.11162],[85.27907,28.11162],[85.27912,28.11184],[85.27953,28.1122],[85.27953,28.11247],[85.27938,28.1126],[85.27917,28.1126],[85.27907,28.11242],[85.27897,28.11242],[85.27887,28.11251],[85.27877,28.11242],[85.27856,28.11242],[85.27841,28.11229],[85.27841,28.1122],[85.27856,28.11207],[85.27872,28.11202],[85.27872,28.11184],[85.27882,28.11175],[85.27867,28.11162],[85.27856,28.11162],[85.27831,28.11184],[85.27826,28.11207],[85.27816,28.11207],[85.27785,28.11224],[85.2777,28.1122],[85.278,28.11157],[85.27821,28.11139],[85.27811,28.1113],[85.27816,28.11126],[85.27851,28.1113]]]}},{"type":"Feature","properties":{"name":"Ground stripped or buried (Sentinel-2 change)","area_m2":4984,"aoi":"middle","fill":"#f97316","fill-opacity":0.5,"stroke":"#c2410c","stroke-width":1.1},"geometry":{"type":"Polygon","coordinates":[[[85.27729,28.11094],[85.27755,28.11099],[85.2779,28.11121],[85.2779,28.11139],[85.2777,28.11157],[85.27765,28.11171],[85.27744,28.11171],[85.27739,28.11148],[85.27714,28.11144],[85.27688,28.11112],[85.27704,28.11108],[85.27724,28.1109],[85.27729,28.11094]]]}},{"type":"Feature","properties":{"name":"Ground stripped or buried (Sentinel-2 change)","area_m2":104050,"aoi":"middle","fill":"#f97316","fill-opacity":0.5,"stroke":"#c2410c","stroke-width":1.1},"geometry":{"type":"Polygon","coordinates":[[[85.26324,28.09819],[85.2635,28.09824],[85.26365,28.09837],[85.26365,28.09855],[85.26375,28.09864],[85.26375,28.09882],[85.26385,28.09891],[85.26385,28.09936],[85.26416,28.09963],[85.26426,28.0999],[85.26447,28.10008],[85.26447,28.10035],[85.26462,28.10039],[85.26467,28.10053],[85.26482,28.10057],[85.26487,28.10071],[85.26503,28.10075],[85.26513,28.10093],[85.26548,28.10107],[85.26559,28.10134],[85.26574,28.10147],[85.26609,28.10151],[85.26609,28.10178],[85.26625,28.10183],[85.2663,28.10196],[85.26645,28.10201],[85.2665,28.10214],[85.26665,28.10219],[85.26701,28.1025],[85.26706,28.10264],[85.26747,28.10264],[85.26757,28.10255],[85.26808,28.10255],[85.26818,28.10264],[85.26838,28.10264],[85.26844,28.10268],[85.26844,28.10295],[85.26859,28.103],[85.26864,28.10313],[85.26879,28.10318],[85.26889,28.10336],[85.26905,28.1034],[85.26905,28.10367],[85.2691,28.10371],[85.2694,28.10371],[85.2695,28.10389],[85.26961,28.10389],[85.26981,28.10407],[85.27001,28.10407],[85.27012,28.10425],[85.27052,28.10425],[85.27057,28.10439],[85.27078,28.10448],[85.27068,28.10457],[85.27078,28.10466],[85.27088,28.10511],[85.27113,28.10533],[85.27129,28.10538],[85.27134,28.10551],[85.27149,28.10556],[85.27154,28.10569],[85.27169,28.10573],[85.27169,28.106],[85.27179,28.10609],[85.27179,28.10618],[85.27205,28.10641],[85.2722,28.10645],[85.2722,28.10681],[85.2723,28.1069],[85.2723,28.10699],[85.27246,28.10713],[85.27276,28.10713],[85.27317,28.1074],[85.27358,28.1074],[85.27368,28.10749],[85.27388,28.10749],[85.27398,28.10758],[85.27409,28.10758],[85.27414,28.10771],[85.27429,28.10776],[85.27434,28.10789],[85.27449,28.10793],[85.27459,28.10811],[85.27495,28.10816],[85.275,28.10838],[85.2751,28.10829],[85.2752,28.10829],[85.27526,28.10834],[85.27515,28.10843],[85.27515,28.10852],[85.27536,28.1087],[85.27505,28.10888],[85.27495,28.10915],[85.2751,28.10928],[85.27541,28.10937],[85.27556,28.10915],[85.27556,28.10906],[85.27546,28.10897],[85.27571,28.10892],[85.27597,28.10906],[85.27587,28.10915],[85.27592,28.10919],[85.27602,28.1091],[85.27612,28.10919],[85.27622,28.10919],[85.27678,28.10969],[85.27678,28.11013],[85.27709,28.11049],[85.27709,28.11058],[85.27694,28.11072],[85.27683,28.11072],[85.27658,28.11049],[85.27653,28.11036],[85.27617,28.11022],[85.27627,28.11013],[85.27607,28.10996],[85.27607,28.10987],[85.27617,28.10978],[85.27612,28.10964],[85.27571,28.10964],[85.27551,28.10982],[85.27531,28.10982],[85.2752,28.10973],[85.2749,28.10982],[85.27475,28.1096],[85.27475,28.10924],[85.27454,28.10906],[85.27454,28.10897],[85.27434,28.1087],[85.27434,28.10852],[85.27424,28.10843],[85.27424,28.10834],[85.27398,28.10793],[85.27388,28.10793],[85.27358,28.10767],[85.27297,28.10767],[85.27256,28.1074],[85.27205,28.10731],[85.272,28.10726],[85.272,28.10699],[85.27185,28.10686],[85.27149,28.10672],[85.27139,28.10645],[85.27113,28.10623],[85.27088,28.10618],[85.27088,28.10582],[85.27083,28.10578],[85.27073,28.10578],[85.27042,28.10596],[85.27037,28.10591],[85.27027,28.10565],[85.27057,28.10538],[85.27027,28.10502],[85.27017,28.10475],[85.26981,28.10443],[85.2692,28.10425],[85.269,28.10407],[85.26879,28.10407],[85.26854,28.10385],[85.26864,28.10376],[85.26864,28.10367],[85.26849,28.10354],[85.26828,28.10354],[85.26818,28.10345],[85.26777,28.10345],[85.26747,28.10318],[85.26716,28.10309],[85.26706,28.103],[85.26686,28.103],[85.26671,28.10286],[85.26671,28.10277],[85.2664,28.1025],[85.2664,28.10241],[85.26604,28.1021],[85.26594,28.1021],[85.26579,28.10196],[85.26579,28.10187],[85.26528,28.10142],[85.26528,28.10134],[85.26513,28.1012],[85.26503,28.1012],[85.26482,28.10102],[85.26462,28.10102],[85.26447,28.10089],[85.26436,28.10062],[85.26421,28.10057],[85.2638,28.10021],[85.26365,28.10017],[85.26365,28.09999],[85.26355,28.0999],[85.26355,28.09963],[85.26345,28.09954],[85.26345,28.09882],[85.26314,28.09837],[85.26314,28.09819],[85.26319,28.09815],[85.26324,28.09819]],[[85.27093,28.10551],[85.27078,28.10565],[85.27083,28.10569],[85.27098,28.10556],[85.27093,28.10551]]]}},{"type":"Feature","properties":{"name":"Ground stripped or buried (Sentinel-2 change)","area_m2":1471,"aoi":"middle","fill":"#f97316","fill-opacity":0.5,"stroke":"#c2410c","stroke-width":1.1},"geometry":{"type":"Polygon","coordinates":[[[85.24289,28.09397],[85.24289,28.09415],[85.24278,28.09424],[85.24289,28.09433],[85.24283,28.09438],[85.24263,28.09438],[85.24248,28.09424],[85.24253,28.09402],[85.24263,28.09402],[85.24273,28.09393],[85.24289,28.09397]]]}},{"type":"Feature","properties":{"name":"Ground stripped or buried (Sentinel-2 change)","area_m2":11541,"aoi":"middle","fill":"#f97316","fill-opacity":0.5,"stroke":"#c2410c","stroke-width":1.1},"geometry":{"type":"Polygon","coordinates":[[[85.25541,28.09379],[85.25546,28.09393],[85.25576,28.09393],[85.25586,28.09411],[85.25617,28.09411],[85.25622,28.09433],[85.25637,28.09438],[85.25642,28.09451],[85.25658,28.09456],[85.25673,28.09478],[85.25637,28.09482],[85.25627,28.09473],[85.25607,28.09473],[85.25597,28.09465],[85.25576,28.09465],[85.25566,28.09456],[85.25546,28.09456],[85.25525,28.09438],[85.25505,28.09438],[85.25495,28.09429],[85.25485,28.09429],[85.25459,28.09406],[85.25459,28.09397],[85.2548,28.09388],[85.25485,28.09375],[85.25535,28.09375],[85.25541,28.09379]]]}},{"type":"Feature","properties":{"name":"Ground stripped or buried (Sentinel-2 change)","area_m2":95943,"aoi":"middle","fill":"#f97316","fill-opacity":0.5,"stroke":"#c2410c","stroke-width":1.1},"geometry":{"type":"Polygon","coordinates":[[[85.24981,28.09245],[85.25016,28.09258],[85.25057,28.09285],[85.25088,28.09285],[85.25098,28.09303],[85.252,28.09303],[85.2524,28.0933],[85.25261,28.0933],[85.25291,28.09348],[85.25312,28.09348],[85.25322,28.09357],[85.25332,28.09357],[85.25342,28.09375],[85.25352,28.09366],[85.25362,28.09366],[85.25403,28.09411],[85.25464,28.09456],[85.25515,28.09465],[85.25525,28.09473],[85.25535,28.09473],[85.25546,28.09482],[85.25566,28.09482],[85.25576,28.09491],[85.25617,28.09491],[85.25658,28.09518],[85.25749,28.09518],[85.25759,28.09527],[85.25851,28.09527],[85.25861,28.09536],[85.25871,28.09536],[85.25882,28.09527],[85.25892,28.09545],[85.25953,28.09545],[85.25973,28.09563],[85.26024,28.09572],[85.26034,28.09581],[85.26044,28.09581],[85.26055,28.09599],[85.26085,28.09599],[85.261,28.09613],[85.261,28.09622],[85.26121,28.0964],[85.26121,28.09649],[85.26151,28.09676],[85.26167,28.09707],[85.26177,28.09698],[85.26192,28.09702],[85.26182,28.09711],[85.26182,28.09729],[85.26233,28.09774],[85.26233,28.09783],[85.26228,28.09788],[85.26177,28.09788],[85.26156,28.0977],[85.26141,28.09765],[85.26141,28.09756],[85.26106,28.09725],[85.26095,28.09734],[85.26085,28.09734],[85.26055,28.09707],[85.26039,28.09702],[85.26039,28.09694],[85.2605,28.09685],[85.26039,28.09676],[85.26039,28.09649],[85.26004,28.09617],[85.25994,28.09617],[85.25983,28.09608],[85.25963,28.09608],[85.25932,28.0959],[85.25902,28.0959],[85.25892,28.09581],[85.25882,28.0959],[85.25861,28.0959],[85.25851,28.09581],[85.25821,28.09581],[85.2581,28.0959],[85.25729,28.0959],[85.25719,28.09581],[85.25678,28.09581],[85.25668,28.09563],[85.25658,28.09563],[85.25647,28.09554],[85.25627,28.09554],[85.25617,28.09545],[85.25607,28.09545],[85.25597,28.09554],[85.25535,28.09554],[85.25485,28.09527],[85.25474,28.09527],[85.25454,28.09509],[85.25434,28.09509],[85.25418,28.09496],[85.25408,28.09469],[85.25393,28.09456],[85.25383,28.09456],[85.25362,28.09438],[85.25352,28.09438],[85.25332,28.0942],[85.25301,28.09411],[85.25281,28.09393],[85.25261,28.09393],[85.2525,28.09384],[85.2521,28.09384],[85.25205,28.09361],[85.25184,28.09352],[85.25179,28.09339],[85.25159,28.09339],[85.25149,28.0933],[85.25118,28.0933],[85.25108,28.09321],[85.25027,28.09321],[85.25016,28.0933],[85.24955,28.0933],[85.24945,28.09321],[85.24925,28.09321],[85.24894,28.09303],[85.24884,28.09303],[85.24833,28.09276],[85.24823,28.09276],[85.24792,28.09294],[85.24767,28.09271],[85.24767,28.09262],[85.24787,28.09253],[85.24792,28.0924],[85.24853,28.0924],[85.24884,28.09258],[85.24915,28.09258],[85.24925,28.09249],[85.24945,28.09249],[85.24955,28.0924],[85.24981,28.09245]],[[85.25352,28.09402],[85.25337,28.09406],[85.25352,28.09411],[85.25357,28.09406],[85.25352,28.09402]]]}},{"type":"Feature","properties":{"name":"Ground stripped or buried (Sentinel-2 change)","area_m2":16178,"aoi":"middle","fill":"#f97316","fill-opacity":0.5,"stroke":"#c2410c","stroke-width":1.1},"geometry":{"type":"Polygon","coordinates":[[[85.24706,28.09236],[85.24726,28.09245],[85.24736,28.09271],[85.24701,28.09294],[85.2463,28.09294],[85.24619,28.09303],[85.24579,28.09303],[85.24568,28.09294],[85.24538,28.09294],[85.24528,28.09285],[85.24497,28.09285],[85.24487,28.09276],[85.24477,28.09276],[85.24467,28.09285],[85.24436,28.09285],[85.24421,28.09271],[85.24421,28.09262],[85.24436,28.09249],[85.24446,28.09249],[85.24456,28.09258],[85.24467,28.09249],[85.24497,28.09258],[85.24507,28.09249],[85.24548,28.09249],[85.24558,28.0924],[85.24599,28.0924],[85.24609,28.09231],[85.24619,28.09231],[85.2463,28.0924],[85.2464,28.09231],[85.24701,28.09231],[85.24706,28.09236]]]}},{"type":"Feature","properties":{"name":"Ground stripped or buried (Sentinel-2 change)","area_m2":5060,"aoi":"middle","fill":"#f97316","fill-opacity":0.5,"stroke":"#c2410c","stroke-width":1.1},"geometry":{"type":"Polygon","coordinates":[[[85.23067,28.09209],[85.23108,28.09218],[85.23092,28.0924],[85.2295,28.0924],[85.22945,28.09236],[85.22945,28.09227],[85.2296,28.09213],[85.23001,28.09213],[85.23011,28.09204],[85.23062,28.09204],[85.23067,28.09209]]]}},{"type":"Feature","properties":{"name":"Ground stripped or buried (Sentinel-2 change)","area_m2":1695,"aoi":"middle","fill":"#f97316","fill-opacity":0.5,"stroke":"#c2410c","stroke-width":1.1},"geometry":{"type":"Polygon","coordinates":[[[85.22904,28.09173],[85.22904,28.09191],[85.22868,28.09213],[85.22853,28.09209],[85.22853,28.092],[85.22843,28.09191],[85.22858,28.09177],[85.22889,28.09177],[85.22899,28.09168],[85.22904,28.09173]]]}},{"type":"Feature","properties":{"name":"Ground stripped or buried (Sentinel-2 change)","area_m2":9847,"aoi":"middle","fill":"#f97316","fill-opacity":0.5,"stroke":"#c2410c","stroke-width":1.1},"geometry":{"type":"Polygon","coordinates":[[[85.23189,28.09128],[85.23209,28.09155],[85.23179,28.09173],[85.23179,28.09182],[85.23199,28.09191],[85.23199,28.092],[85.23189,28.09209],[85.23189,28.09218],[85.23199,28.09227],[85.23169,28.09245],[85.23184,28.09258],[85.2322,28.09262],[85.23209,28.09271],[85.2322,28.09298],[85.23215,28.09303],[85.23204,28.09294],[85.23184,28.09294],[85.23174,28.09312],[85.23128,28.09289],[85.23138,28.0928],[85.23138,28.09262],[85.23159,28.09245],[85.23159,28.09236],[85.23118,28.09227],[85.23138,28.092],[85.23148,28.09155],[85.23184,28.09123],[85.23189,28.09128]],[[85.23153,28.09186],[85.23148,28.09191],[85.23153,28.09195],[85.23159,28.09191],[85.23153,28.09186]]]}},{"type":"Feature","properties":{"name":"Ground stripped or buried (Sentinel-2 change)","area_m2":51651,"aoi":"middle","fill":"#f97316","fill-opacity":0.5,"stroke":"#c2410c","stroke-width":1.1},"geometry":{"type":"Polygon","coordinates":[[[85.23484,28.09074],[85.2353,28.09087],[85.23586,28.09128],[85.23586,28.09137],[85.23601,28.0915],[85.23612,28.0915],[85.23622,28.09159],[85.23795,28.09159],[85.23825,28.09177],[85.23836,28.09168],[85.23856,28.09168],[85.23866,28.09177],[85.23876,28.09177],[85.23907,28.09159],[85.23947,28.09159],[85.23958,28.09168],[85.24039,28.09168],[85.2407,28.09186],[85.24121,28.09195],[85.24171,28.0924],[85.24182,28.0924],[85.24192,28.09249],[85.24212,28.09249],[85.24222,28.09258],[85.24253,28.09258],[85.24263,28.09267],[85.24283,28.09267],[85.24294,28.09258],[85.24304,28.09267],[85.24314,28.09267],[85.24324,28.09258],[85.24344,28.09258],[85.24355,28.09267],[85.24365,28.09258],[85.24375,28.09258],[85.2438,28.09262],[85.2438,28.09289],[85.24365,28.09303],[85.24344,28.09303],[85.24334,28.09294],[85.24304,28.09294],[85.24294,28.09303],[85.24263,28.09285],[85.24202,28.09285],[85.24192,28.09276],[85.24131,28.09276],[85.24121,28.09267],[85.24029,28.09267],[85.24024,28.09253],[85.24034,28.09245],[85.24009,28.09222],[85.23998,28.09222],[85.23988,28.09213],[85.23968,28.09213],[85.23958,28.09204],[85.23912,28.09209],[85.23932,28.09236],[85.23932,28.09245],[85.23917,28.09249],[85.23866,28.09222],[85.23825,28.09222],[85.23815,28.09213],[85.23795,28.09213],[85.23785,28.09204],[85.23744,28.09204],[85.23734,28.09195],[85.23703,28.09195],[85.23693,28.09204],[85.23642,28.09204],[85.23632,28.09195],[85.2351,28.09195],[85.23505,28.09182],[85.23525,28.09155],[85.23525,28.09137],[85.2351,28.09123],[85.235,28.09123],[85.23464,28.09092],[85.23469,28.09069],[85.23484,28.09074]]]}},{"type":"Feature","properties":{"name":"Ground stripped or buried (Sentinel-2 change)","area_m2":7180,"aoi":"middle","fill":"#f97316","fill-opacity":0.5,"stroke":"#c2410c","stroke-width":1.1},"geometry":{"type":"Polygon","coordinates":[[[85.23403,28.08957],[85.23408,28.08962],[85.23459,28.08962],[85.23474,28.08975],[85.23479,28.08989],[85.23489,28.08989],[85.235,28.0898],[85.2353,28.08998],[85.2355,28.08998],[85.23556,28.09002],[85.23556,28.09029],[85.2354,28.09033],[85.2353,28.09024],[85.23469,28.09024],[85.23454,28.09011],[85.23449,28.08989],[85.23367,28.08989],[85.23362,28.08984],[85.23377,28.08953],[85.23403,28.08957]]]}},{"type":"Feature","properties":{"name":"Ground stripped or buried (Sentinel-2 change)","area_m2":6482,"aoi":"middle","fill":"#f97316","fill-opacity":0.5,"stroke":"#c2410c","stroke-width":1.1},"geometry":{"type":"Polygon","coordinates":[[[85.22548,28.08831],[85.22583,28.08836],[85.22609,28.08867],[85.22573,28.08881],[85.22568,28.08894],[85.22553,28.08908],[85.22471,28.08908],[85.22461,28.08917],[85.22456,28.08912],[85.22456,28.08894],[85.22446,28.08885],[85.22446,28.08876],[85.22451,28.08872],[85.22461,28.08881],[85.22482,28.08881],[85.22492,28.08872],[85.22502,28.08881],[85.22522,28.08881],[85.22533,28.08872],[85.22543,28.08872],[85.22548,28.08858],[85.22538,28.08849],[85.22538,28.08831],[85.22543,28.08827],[85.22548,28.08831]]]}},{"type":"Feature","properties":{"name":"Ground stripped or buried (Sentinel-2 change)","area_m2":6108,"aoi":"middle","fill":"#f97316","fill-opacity":0.5,"stroke":"#c2410c","stroke-width":1.1},"geometry":{"type":"Polygon","coordinates":[[[85.22731,28.08778],[85.22751,28.08787],[85.22751,28.08813],[85.22741,28.08822],[85.22741,28.0884],[85.22726,28.08863],[85.22695,28.08854],[85.22685,28.08872],[85.22655,28.08872],[85.22629,28.08858],[85.22634,28.08836],[85.22685,28.08845],[85.2269,28.0884],[85.2267,28.08822],[85.22685,28.08809],[85.22706,28.08809],[85.22721,28.08795],[85.22721,28.08787],[85.22711,28.08778],[85.22716,28.08773],[85.22731,28.08778]]]}},{"type":"Feature","properties":{"name":"Ground stripped or buried (Sentinel-2 change)","area_m2":1895,"aoi":"middle","fill":"#f97316","fill-opacity":0.5,"stroke":"#c2410c","stroke-width":1.1},"geometry":{"type":"Polygon","coordinates":[[[85.22446,28.08769],[85.22456,28.08778],[85.22456,28.08787],[85.22441,28.088],[85.22421,28.088],[85.2241,28.08809],[85.22395,28.08795],[85.22395,28.08787],[85.22421,28.08764],[85.22446,28.08769]]]}},{"type":"Feature","properties":{"name":"Ground stripped or buried (Sentinel-2 change)","area_m2":2892,"aoi":"middle","fill":"#f97316","fill-opacity":0.5,"stroke":"#c2410c","stroke-width":1.1},"geometry":{"type":"Polygon","coordinates":[[[85.22609,28.08769],[85.22629,28.08795],[85.22624,28.08809],[85.22614,28.08809],[85.22604,28.088],[85.22573,28.088],[85.22563,28.08809],[85.22548,28.08787],[85.22553,28.08764],[85.22604,28.08764],[85.22609,28.08769]]]}},{"type":"Feature","properties":{"name":"Ground stripped or buried (Sentinel-2 change)","area_m2":42579,"aoi":"middle","fill":"#f97316","fill-opacity":0.5,"stroke":"#c2410c","stroke-width":1.1},"geometry":{"type":"Polygon","coordinates":[[[85.22782,28.08715],[85.22818,28.08728],[85.22838,28.08746],[85.22848,28.08746],[85.22889,28.08782],[85.22899,28.08782],[85.22919,28.088],[85.2295,28.088],[85.2296,28.08809],[85.2298,28.08809],[85.22991,28.088],[85.23001,28.088],[85.23021,28.08818],[85.23031,28.08818],[85.23057,28.0884],[85.23057,28.08849],[85.23047,28.08858],[85.23057,28.08885],[85.23072,28.0889],[85.23087,28.08903],[85.23087,28.08912],[85.23108,28.08921],[85.23113,28.08935],[85.23133,28.08935],[85.23153,28.08953],[85.23194,28.08953],[85.23225,28.0898],[85.23235,28.0898],[85.23255,28.08998],[85.23265,28.08998],[85.23276,28.09016],[85.23286,28.09016],[85.23316,28.09033],[85.23367,28.09033],[85.23377,28.09042],[85.23439,28.09042],[85.23454,28.09065],[85.23449,28.09069],[85.23398,28.09069],[85.23393,28.09074],[85.23393,28.0911],[85.23367,28.09114],[85.23357,28.09105],[85.23337,28.09105],[85.23286,28.0906],[85.23255,28.09051],[85.23245,28.09042],[85.23215,28.09042],[85.23204,28.09051],[85.23164,28.09024],[85.23143,28.09024],[85.23138,28.09011],[85.23123,28.09007],[85.23098,28.08984],[85.23098,28.08966],[85.23031,28.08899],[85.23011,28.08899],[85.22986,28.08885],[85.22996,28.08876],[85.22991,28.08863],[85.2297,28.08863],[85.2296,28.08872],[85.2293,28.08863],[85.22914,28.08831],[85.22899,28.08818],[85.22889,28.08818],[85.22828,28.08773],[85.22818,28.08773],[85.22807,28.08764],[85.22787,28.08764],[85.22777,28.08746],[85.22762,28.08742],[85.22762,28.08715],[85.22767,28.0871],[85.22782,28.08715]]]}},{"type":"Feature","properties":{"name":"Ground stripped or buried (Sentinel-2 change)","area_m2":9648,"aoi":"middle","fill":"#f97316","fill-opacity":0.5,"stroke":"#c2410c","stroke-width":1.1},"geometry":{"type":"Polygon","coordinates":[[[85.22497,28.08616],[85.22487,28.08625],[85.22487,28.08652],[85.22477,28.08661],[85.22477,28.0867],[85.22451,28.0871],[85.22441,28.0871],[85.22421,28.08692],[85.2241,28.08692],[85.224,28.08674],[85.2237,28.08674],[85.22359,28.08683],[85.22344,28.08679],[85.22344,28.08652],[85.22359,28.08638],[85.2238,28.08638],[85.22421,28.08611],[85.22431,28.0862],[85.22441,28.08611],[85.22492,28.08611],[85.22497,28.08616]],[[85.22441,28.08629],[85.22436,28.08634],[85.22441,28.08638],[85.22446,28.08634],[85.22441,28.08629]]]}},{"type":"Feature","properties":{"name":"Ground stripped or buried (Sentinel-2 change)","area_m2":13936,"aoi":"middle","fill":"#f97316","fill-opacity":0.5,"stroke":"#c2410c","stroke-width":1.1},"geometry":{"type":"Polygon","coordinates":[[[85.22924,28.08526],[85.2294,28.08531],[85.22945,28.08544],[85.2297,28.08566],[85.22996,28.08571],[85.23006,28.08598],[85.23026,28.08625],[85.23026,28.08634],[85.23016,28.08643],[85.23016,28.08706],[85.23001,28.08728],[85.22991,28.08728],[85.22975,28.08715],[85.22975,28.08679],[85.2293,28.08638],[85.22914,28.08634],[85.22914,28.08544],[85.22904,28.08535],[85.22904,28.08526],[85.22909,28.08522],[85.22924,28.08526]]]}},{"type":"Feature","properties":{"name":"Ground stripped or buried (Sentinel-2 change)","area_m2":9673,"aoi":"middle","fill":"#f97316","fill-opacity":0.5,"stroke":"#c2410c","stroke-width":1.1},"geometry":{"type":"Polygon","coordinates":[[[85.22772,28.08508],[85.22772,28.08517],[85.22802,28.08544],[85.22802,28.08589],[85.22792,28.08598],[85.22792,28.08616],[85.22777,28.08629],[85.22767,28.08629],[85.22762,28.08616],[85.22746,28.08611],[85.22711,28.0858],[85.22711,28.08571],[85.2269,28.08544],[85.22695,28.08522],[85.22716,28.08522],[85.22726,28.08513],[85.22756,28.08513],[85.22767,28.08504],[85.22772,28.08508]]]}},{"type":"Feature","properties":{"name":"Ground stripped or buried (Sentinel-2 change)","area_m2":2069,"aoi":"middle","fill":"#f97316","fill-opacity":0.5,"stroke":"#c2410c","stroke-width":1.1},"geometry":{"type":"Polygon","coordinates":[[[85.22629,28.08481],[85.22639,28.0849],[85.22639,28.08499],[85.22614,28.08531],[85.22578,28.08499],[85.22583,28.08477],[85.22594,28.08486],[85.22614,28.08486],[85.22624,28.08477],[85.22629,28.08481]]]}},{"type":"Feature","properties":{"name":"Ground stripped or buried (Sentinel-2 change)","area_m2":2044,"aoi":"middle","fill":"#f97316","fill-opacity":0.5,"stroke":"#c2410c","stroke-width":1.1},"geometry":{"type":"Polygon","coordinates":[[[85.22477,28.084],[85.22492,28.08405],[85.22517,28.08427],[85.22512,28.0845],[85.22482,28.08441],[85.22456,28.08418],[85.22461,28.08396],[85.22477,28.084]]]}},{"type":"Feature","properties":{"name":"Ground stripped or buried (Sentinel-2 change)","area_m2":3316,"aoi":"middle","fill":"#f97316","fill-opacity":0.5,"stroke":"#c2410c","stroke-width":1.1},"geometry":{"type":"Polygon","coordinates":[[[85.21642,28.08346],[85.21652,28.08355],[85.21647,28.08369],[85.21535,28.08369],[85.2153,28.08364],[85.2153,28.08355],[85.21545,28.08342],[85.21637,28.08342],[85.21642,28.08346]]]}},{"type":"Feature","properties":{"name":"Ground stripped or buried (Sentinel-2 change)","area_m2":7330,"aoi":"middle","fill":"#f97316","fill-opacity":0.5,"stroke":"#c2410c","stroke-width":1.1},"geometry":{"type":"Polygon","coordinates":[[[85.22293,28.08302],[85.22309,28.08306],[85.22319,28.08324],[85.22329,28.08315],[85.22339,28.08315],[85.2237,28.08342],[85.2238,28.08342],[85.22385,28.08346],[85.22385,28.08373],[85.22395,28.08382],[85.22395,28.08391],[85.2238,28.08405],[85.22349,28.08405],[85.22304,28.08364],[85.22304,28.08355],[85.22283,28.08337],[85.22283,28.08311],[85.22273,28.08302],[85.22278,28.08297],[85.22293,28.08302]]]}},{"type":"Feature","properties":{"name":"Ground stripped or buried (Sentinel-2 change)","area_m2":26678,"aoi":"middle","fill":"#f97316","fill-opacity":0.5,"stroke":"#c2410c","stroke-width":1.1},"geometry":{"type":"Polygon","coordinates":[[[85.22375,28.08194],[85.224,28.08216],[85.22421,28.08216],[85.22431,28.08207],[85.22461,28.08207],[85.22471,28.08216],[85.22492,28.08216],[85.22502,28.08198],[85.22533,28.08198],[85.22543,28.08207],[85.22583,28.08207],[85.22609,28.0823],[85.22614,28.08252],[85.22624,28.08252],[85.22665,28.08279],[85.22701,28.08284],[85.2269,28.08293],[85.2269,28.0832],[85.22701,28.08328],[85.22655,28.08333],[85.22645,28.08315],[85.22629,28.08311],[85.22624,28.08297],[85.22609,28.08293],[85.22604,28.08279],[85.22589,28.08275],[85.22583,28.08261],[85.22553,28.08261],[85.22543,28.08234],[85.22512,28.08234],[85.22507,28.08248],[85.22492,28.08252],[85.22482,28.0827],[85.22456,28.08275],[85.22492,28.08288],[85.22512,28.08306],[85.22522,28.08306],[85.22527,28.08328],[85.22548,28.08337],[85.22548,28.08355],[85.22543,28.0836],[85.22482,28.0836],[85.2241,28.08297],[85.224,28.08297],[85.22385,28.08284],[85.2239,28.0827],[85.22431,28.0827],[85.22441,28.08279],[85.22446,28.08266],[85.2238,28.08243],[85.22344,28.08221],[85.22344,28.08194],[85.22349,28.08189],[85.22375,28.08194]]]}},{"type":"Feature","properties":{"name":"Ground stripped or buried (Sentinel-2 change)","area_m2":16655,"aoi":"middle","fill":"#f97316","fill-opacity":0.5,"stroke":"#c2410c","stroke-width":1.1},"geometry":{"type":"Polygon","coordinates":[[[85.22029,28.0814],[85.22074,28.08162],[85.22095,28.08162],[85.22105,28.08171],[85.22115,28.08171],[85.2213,28.08185],[85.2213,28.08221],[85.2212,28.0823],[85.2212,28.08266],[85.2209,28.08293],[85.2208,28.0832],[85.22064,28.08333],[85.22054,28.08333],[85.22029,28.08311],[85.22029,28.08302],[85.21998,28.08257],[85.22018,28.08248],[85.22018,28.08239],[85.22039,28.08221],[85.22039,28.08212],[85.22029,28.08203],[85.22059,28.08176],[85.22044,28.08171],[85.22034,28.0818],[85.22024,28.0818],[85.21998,28.08158],[85.22003,28.08144],[85.22013,28.08144],[85.22024,28.08135],[85.22029,28.0814]],[[85.22054,28.08252],[85.22049,28.08257],[85.22054,28.0827],[85.22059,28.08266],[85.22054,28.08252]]]}},{"type":"Feature","properties":{"name":"Ground stripped or buried (Sentinel-2 change)","area_m2":3590,"aoi":"middle","fill":"#f97316","fill-opacity":0.5,"stroke":"#c2410c","stroke-width":1.1},"geometry":{"type":"Polygon","coordinates":[[[85.21713,28.08068],[85.21713,28.08077],[85.21703,28.08086],[85.21708,28.0809],[85.21739,28.0809],[85.21749,28.08082],[85.21764,28.08086],[85.21764,28.08104],[85.21739,28.08126],[85.21728,28.08117],[85.21698,28.08117],[85.21672,28.08104],[85.21672,28.08077],[85.21688,28.08064],[85.21713,28.08068]]]}},{"type":"Feature","properties":{"name":"Ground stripped or buried (Sentinel-2 change)","area_m2":14387,"aoi":"middle","fill":"#f97316","fill-opacity":0.5,"stroke":"#c2410c","stroke-width":1.1},"geometry":{"type":"Polygon","coordinates":[[[85.21601,28.07897],[85.21637,28.07911],[85.21647,28.07929],[85.21677,28.0792],[85.21693,28.07933],[85.21693,28.07942],[85.21713,28.07969],[85.21703,28.07978],[85.21703,28.07996],[85.21713,28.08005],[85.21698,28.08028],[85.21688,28.08028],[85.21677,28.08037],[85.21647,28.08037],[85.21627,28.08055],[85.21616,28.08055],[85.21601,28.08041],[85.21601,28.08032],[85.21591,28.08023],[85.21591,28.08005],[85.21621,28.07987],[85.21621,28.07969],[85.21591,28.07951],[85.21601,28.07942],[85.21596,28.07929],[85.21586,28.07938],[85.21571,28.07933],[85.21571,28.07915],[85.21596,28.07893],[85.21601,28.07897]]]}},{"type":"Feature","properties":{"name":"Ground stripped or buried (Sentinel-2 change)","area_m2":2020,"aoi":"middle","fill":"#f97316","fill-opacity":0.5,"stroke":"#c2410c","stroke-width":1.1},"geometry":{"type":"Polygon","coordinates":[[[85.20899,28.07826],[85.20899,28.07835],[85.20889,28.07843],[85.20889,28.07852],[85.20899,28.07861],[85.20894,28.07866],[85.20883,28.07866],[85.20873,28.07857],[85.20863,28.07866],[85.20838,28.07835],[85.20853,28.07821],[85.20899,28.07826]]]}},{"type":"Feature","properties":{"name":"Ground stripped or buried (Sentinel-2 change)","area_m2":1745,"aoi":"middle","fill":"#f97316","fill-opacity":0.5,"stroke":"#c2410c","stroke-width":1.1},"geometry":{"type":"Polygon","coordinates":[[[85.21499,28.07727],[85.2152,28.07754],[85.21515,28.07767],[85.21494,28.07767],[85.21469,28.07745],[85.21469,28.07736],[85.21459,28.07727],[85.21464,28.07722],[85.21499,28.07727]]]}},{"type":"Feature","properties":{"name":"Ground stripped or buried (Sentinel-2 change)","area_m2":2194,"aoi":"middle","fill":"#f97316","fill-opacity":0.5,"stroke":"#c2410c","stroke-width":1.1},"geometry":{"type":"Polygon","coordinates":[[[85.20878,28.07718],[85.20863,28.07758],[85.20833,28.07749],[85.20827,28.07736],[85.20807,28.07718],[85.20812,28.07713],[85.20873,28.07713],[85.20878,28.07718]]]}},{"type":"Feature","properties":{"name":"Ground stripped or buried (Sentinel-2 change)","area_m2":16731,"aoi":"middle","fill":"#f97316","fill-opacity":0.5,"stroke":"#c2410c","stroke-width":1.1},"geometry":{"type":"Polygon","coordinates":[[[85.21387,28.07673],[85.21418,28.07709],[85.21418,28.07745],[85.21448,28.07763],[85.21448,28.07781],[85.21433,28.07785],[85.21408,28.07808],[85.21408,28.07852],[85.21382,28.07875],[85.21362,28.07875],[85.21357,28.07888],[85.21342,28.07893],[85.21306,28.07861],[85.21306,28.07852],[85.21342,28.07821],[85.21357,28.07817],[85.21357,28.07808],[85.21347,28.07799],[85.21347,28.07781],[85.21377,28.07745],[85.21326,28.077],[85.21326,28.07691],[85.21316,28.07682],[85.21362,28.07677],[85.21372,28.07668],[85.21387,28.07673]]]}},{"type":"Feature","properties":{"name":"Ground stripped or buried (Sentinel-2 change)","area_m2":10373,"aoi":"middle","fill":"#f97316","fill-opacity":0.5,"stroke":"#c2410c","stroke-width":1.1},"geometry":{"type":"Polygon","coordinates":[[[85.20848,28.07637],[85.20889,28.07682],[85.20889,28.07691],[85.20883,28.07695],[85.20812,28.07695],[85.20807,28.07709],[85.20787,28.07718],[85.20787,28.07763],[85.20797,28.07772],[85.20797,28.07781],[85.20761,28.07785],[85.20746,28.07772],[85.20746,28.07718],[85.20756,28.07709],[85.20756,28.07682],[85.20771,28.07668],[85.20782,28.07668],[85.20792,28.07677],[85.20807,28.07673],[85.20802,28.07659],[85.20777,28.07655],[85.20777,28.07637],[85.20782,28.07632],[85.20802,28.07632],[85.20812,28.07641],[85.20833,28.07641],[85.20843,28.07632],[85.20848,28.07637]]]}},{"type":"Feature","properties":{"name":"Ground stripped or buried (Sentinel-2 change)","area_m2":4538,"aoi":"middle","fill":"#f97316","fill-opacity":0.5,"stroke":"#c2410c","stroke-width":1.1},"geometry":{"type":"Polygon","coordinates":[[[85.21275,28.07529],[85.2128,28.07534],[85.21331,28.07534],[85.21342,28.07552],[85.21352,28.07552],[85.21357,28.07565],[85.21377,28.07574],[85.21377,28.07601],[85.21362,28.07605],[85.21336,28.07592],[85.21331,28.07579],[85.21321,28.07579],[85.21311,28.0757],[85.21291,28.0757],[85.21265,28.07547],[85.21265,28.07529],[85.2127,28.07525],[85.21275,28.07529]]]}},{"type":"Feature","properties":{"name":"Ground stripped or buried (Sentinel-2 change)","area_m2":1022,"aoi":"middle","fill":"#f97316","fill-opacity":0.5,"stroke":"#c2410c","stroke-width":1.1},"geometry":{"type":"Polygon","coordinates":[[[85.20716,28.0752],[85.20716,28.07529],[85.2069,28.07552],[85.20675,28.07538],[85.2068,28.07516],[85.20716,28.0752]]]}},{"type":"Feature","properties":{"name":"Ground stripped or buried (Sentinel-2 change)","area_m2":7107,"aoi":"middle","fill":"#f97316","fill-opacity":0.5,"stroke":"#c2410c","stroke-width":1.1},"geometry":{"type":"Polygon","coordinates":[[[85.20899,28.07511],[85.20899,28.07529],[85.20889,28.07538],[85.20909,28.07556],[85.20909,28.07565],[85.20939,28.07583],[85.20939,28.07601],[85.20924,28.07614],[85.20899,28.0761],[85.20909,28.07601],[85.20909,28.07592],[85.20883,28.0757],[85.20873,28.0757],[85.20863,28.07552],[85.20848,28.07556],[85.20848,28.07583],[85.20843,28.07588],[85.20833,28.07579],[85.20822,28.07579],[85.20817,28.07574],[85.20817,28.07547],[85.20797,28.07529],[85.20812,28.07516],[85.20863,28.07516],[85.20873,28.07507],[85.20899,28.07511]]]}},{"type":"Feature","properties":{"name":"Ground stripped or buried (Sentinel-2 change)","area_m2":10299,"aoi":"middle","fill":"#f97316","fill-opacity":0.5,"stroke":"#c2410c","stroke-width":1.1},"geometry":{"type":"Polygon","coordinates":[[[85.2096,28.07475],[85.20985,28.07498],[85.20995,28.07498],[85.21006,28.07507],[85.21031,28.07502],[85.21021,28.07493],[85.21026,28.07489],[85.21067,28.07489],[85.21072,28.07493],[85.21062,28.07502],[85.21062,28.07511],[85.21077,28.07516],[85.21087,28.07534],[85.21097,28.07525],[85.21107,28.07525],[85.21113,28.07529],[85.21102,28.07538],[85.21102,28.07547],[85.21138,28.07552],[85.21163,28.07583],[85.21128,28.07588],[85.21118,28.0757],[85.21077,28.0757],[85.21067,28.07561],[85.21046,28.07561],[85.21026,28.07543],[85.20975,28.07534],[85.20929,28.07502],[85.20929,28.07493],[85.20955,28.07471],[85.2096,28.07475]]]}},{"type":"Feature","properties":{"name":"Ground stripped or buried (Sentinel-2 change)","area_m2":1820,"aoi":"middle","fill":"#f97316","fill-opacity":0.5,"stroke":"#c2410c","stroke-width":1.1},"geometry":{"type":"Polygon","coordinates":[[[85.20909,28.07448],[85.20939,28.07466],[85.20924,28.07489],[85.20904,28.07489],[85.20878,28.07457],[85.20883,28.07444],[85.20909,28.07448]]]}},{"type":"Feature","properties":{"name":"Ground stripped or buried (Sentinel-2 change)","area_m2":1322,"aoi":"middle","fill":"#f97316","fill-opacity":0.5,"stroke":"#c2410c","stroke-width":1.1},"geometry":{"type":"Polygon","coordinates":[[[85.20827,28.07376],[85.20838,28.07385],[85.20838,28.07403],[85.20822,28.07417],[85.20812,28.07417],[85.20797,28.07403],[85.20807,28.07394],[85.20807,28.07376],[85.20812,28.07372],[85.20827,28.07376]]]}},{"type":"Feature","properties":{"name":"Ground stripped or buried (Sentinel-2 change)","area_m2":1496,"aoi":"middle","fill":"#f97316","fill-opacity":0.5,"stroke":"#c2410c","stroke-width":1.1},"geometry":{"type":"Polygon","coordinates":[[[85.21092,28.07376],[85.21092,28.07385],[85.21082,28.07394],[85.21082,28.07403],[85.21092,28.07412],[85.21087,28.07417],[85.21051,28.07403],[85.21051,28.07385],[85.21041,28.07376],[85.21046,28.07372],[85.21067,28.07372],[85.21077,28.07381],[85.21087,28.07372],[85.21092,28.07376]]]}},{"type":"Feature","properties":{"name":"Ground stripped or buried (Sentinel-2 change)","area_m2":7257,"aoi":"middle","fill":"#f97316","fill-opacity":0.5,"stroke":"#c2410c","stroke-width":1.1},"geometry":{"type":"Polygon","coordinates":[[[85.20797,28.07188],[85.20797,28.0726],[85.20807,28.07269],[85.20807,28.07341],[85.20802,28.07345],[85.20792,28.07336],[85.20771,28.07336],[85.20761,28.07345],[85.20741,28.07345],[85.20736,28.07332],[85.20746,28.07323],[85.20746,28.07314],[85.20777,28.07287],[85.20777,28.07278],[85.20756,28.0726],[85.20756,28.07215],[85.20782,28.07183],[85.20797,28.07188]]]}},{"type":"Feature","properties":{"name":"Ground stripped or buried (Sentinel-2 change)","area_m2":24014,"aoi":"middle","fill":"#f97316","fill-opacity":0.5,"stroke":"#c2410c","stroke-width":1.1},"geometry":{"type":"Polygon","coordinates":[[[85.20878,28.07152],[85.20889,28.07161],[85.20889,28.07188],[85.20894,28.07192],[85.20904,28.07183],[85.20934,28.07183],[85.2096,28.07197],[85.2096,28.07215],[85.20929,28.07233],[85.20945,28.07246],[85.20965,28.07228],[85.20975,28.07228],[85.20985,28.07246],[85.21016,28.07246],[85.21031,28.07269],[85.21031,28.07278],[85.21021,28.07287],[85.21021,28.07296],[85.21031,28.07305],[85.21021,28.07314],[85.21021,28.07323],[85.21031,28.07332],[85.21031,28.07341],[85.21026,28.07345],[85.21016,28.07336],[85.21006,28.07336],[85.20985,28.07354],[85.20965,28.07354],[85.2095,28.07367],[85.2096,28.07376],[85.20955,28.07399],[85.20924,28.0739],[85.20914,28.07381],[85.20904,28.0739],[85.20889,28.07367],[85.20889,28.07358],[85.20899,28.0735],[85.20899,28.07332],[85.20889,28.07323],[85.20889,28.07296],[85.20858,28.07251],[85.20858,28.07224],[85.20868,28.07215],[85.20868,28.07206],[85.20858,28.07197],[85.20858,28.07161],[85.20848,28.07152],[85.20853,28.07147],[85.20878,28.07152]],[[85.20945,28.07327],[85.20939,28.07332],[85.20945,28.07336],[85.2095,28.07332],[85.20945,28.07327]],[[85.20955,28.07264],[85.20934,28.07282],[85.20904,28.07291],[85.20899,28.07305],[85.20914,28.07309],[85.20924,28.073],[85.20934,28.073],[85.20965,28.07318],[85.2097,28.07314],[85.2097,28.07278],[85.20955,28.07264]],[[85.20914,28.07192],[85.20909,28.07197],[85.20914,28.07201],[85.20919,28.07197],[85.20914,28.07192]]]}},{"type":"Feature","properties":{"name":"Ground stripped or buried (Sentinel-2 change)","area_m2":56061,"aoi":"middle","fill":"#f97316","fill-opacity":0.5,"stroke":"#c2410c","stroke-width":1.1},"geometry":{"type":"Polygon","coordinates":[[[85.20492,28.06748],[85.20481,28.06757],[85.20492,28.06766],[85.20492,28.06784],[85.20512,28.06811],[85.20502,28.0682],[85.20502,28.06855],[85.20522,28.06873],[85.20532,28.069],[85.20578,28.06923],[85.20609,28.06923],[85.20649,28.06959],[85.2068,28.06968],[85.2071,28.06995],[85.20721,28.06995],[85.20741,28.07013],[85.20751,28.07013],[85.20777,28.07035],[85.20777,28.07053],[85.20787,28.07062],[85.20787,28.07089],[85.20797,28.07098],[85.20797,28.07152],[85.20771,28.07165],[85.20741,28.07165],[85.20721,28.07147],[85.207,28.07147],[85.2069,28.07138],[85.20685,28.07143],[85.20716,28.0717],[85.20705,28.07179],[85.20736,28.07188],[85.20736,28.07206],[85.20726,28.07215],[85.20726,28.07305],[85.2071,28.07318],[85.2067,28.07318],[85.20654,28.07305],[85.20654,28.07296],[85.20665,28.07287],[85.20665,28.07269],[85.20654,28.0726],[85.20654,28.07224],[85.20644,28.07215],[85.20644,28.07161],[85.20614,28.07116],[85.20665,28.07107],[85.20665,28.07089],[85.20644,28.07071],[85.20644,28.07035],[85.20675,28.07008],[85.20675,28.06999],[85.20649,28.06995],[85.20644,28.06999],[85.20654,28.07008],[85.20654,28.07017],[85.20629,28.07022],[85.20609,28.07004],[85.20593,28.06999],[85.20593,28.0699],[85.20578,28.06977],[85.20573,28.0699],[85.20558,28.06995],[85.20532,28.06972],[85.20522,28.06945],[85.20502,28.06936],[85.20502,28.06927],[85.20481,28.06909],[85.20481,28.06891],[85.20471,28.06882],[85.20471,28.06855],[85.20451,28.06829],[85.20451,28.06811],[85.20461,28.06802],[85.20461,28.06793],[85.20451,28.06784],[85.20451,28.06757],[85.20466,28.06743],[85.20492,28.06748]],[[85.2068,28.07058],[85.20675,28.07062],[85.2068,28.07067],[85.20685,28.07062],[85.2068,28.07058]]]}},{"type":"Feature","properties":{"name":"Ground stripped or buried (Sentinel-2 change)","area_m2":29080,"aoi":"middle","fill":"#f97316","fill-opacity":0.5,"stroke":"#c2410c","stroke-width":1.1},"geometry":{"type":"Polygon","coordinates":[[[85.20705,28.06523],[85.20705,28.0655],[85.20736,28.06559],[85.20736,28.06586],[85.20716,28.06604],[85.20716,28.06613],[85.20705,28.06622],[85.20705,28.0664],[85.20685,28.06658],[85.20685,28.06685],[85.20665,28.06703],[85.20685,28.06748],[85.20675,28.06757],[85.20675,28.06766],[85.20654,28.06775],[85.20654,28.06793],[85.20665,28.06802],[85.20665,28.06811],[85.20685,28.0682],[85.20675,28.06829],[85.20675,28.06873],[85.20649,28.06878],[85.20634,28.06847],[85.20614,28.06838],[85.20614,28.06802],[85.20609,28.06797],[85.20598,28.06806],[85.20583,28.06802],[85.20583,28.06766],[85.20573,28.06757],[85.20573,28.06748],[85.20578,28.06743],[85.20588,28.06752],[85.20604,28.06748],[85.20604,28.06712],[85.20593,28.06703],[85.20593,28.06694],[85.20604,28.06685],[85.20604,28.06667],[85.20593,28.06658],[85.20593,28.0664],[85.20614,28.06613],[85.20624,28.06586],[85.20654,28.06568],[85.20644,28.06559],[85.20644,28.0655],[85.2068,28.06519],[85.20705,28.06523]],[[85.20649,28.06617],[85.20634,28.06622],[85.20639,28.06635],[85.20654,28.06622],[85.20649,28.06617]],[[85.2068,28.06573],[85.20675,28.06577],[85.2068,28.06591],[85.20685,28.06586],[85.2068,28.06573]]]}},{"type":"Feature","properties":{"name":"Ground stripped or buried (Sentinel-2 change)","area_m2":2519,"aoi":"middle","fill":"#f97316","fill-opacity":0.5,"stroke":"#c2410c","stroke-width":1.1},"geometry":{"type":"Polygon","coordinates":[[[85.20563,28.06487],[85.20563,28.0655],[85.20548,28.06564],[85.20527,28.06564],[85.20522,28.06559],[85.20532,28.0655],[85.20532,28.06496],[85.20548,28.06483],[85.20563,28.06487]]]}},{"type":"Feature","properties":{"name":"Ground stripped or buried (Sentinel-2 change)","area_m2":2120,"aoi":"middle","fill":"#f97316","fill-opacity":0.5,"stroke":"#c2410c","stroke-width":1.1},"geometry":{"type":"Polygon","coordinates":[[[85.20614,28.06379],[85.20614,28.06388],[85.20624,28.06397],[85.20604,28.06415],[85.20604,28.06424],[85.20588,28.06438],[85.20568,28.06438],[85.20563,28.06433],[85.20573,28.06424],[85.20573,28.06406],[85.20583,28.06397],[85.20583,28.06388],[85.20598,28.06375],[85.20614,28.06379]]]}},{"type":"Feature","properties":{"name":"Ground stripped or buried (Sentinel-2 change)","area_m2":10600,"aoi":"middle","fill":"#f97316","fill-opacity":0.5,"stroke":"#c2410c","stroke-width":1.1},"geometry":{"type":"Polygon","coordinates":[[[85.20644,28.06227],[85.20634,28.06236],[85.20634,28.06272],[85.20624,28.06281],[85.20624,28.0629],[85.20649,28.0633],[85.20654,28.06326],[85.20654,28.06263],[85.20665,28.06254],[85.20665,28.06245],[85.2067,28.0624],[85.2068,28.06249],[85.2069,28.06249],[85.20705,28.06272],[85.20705,28.06281],[85.20685,28.06308],[85.20685,28.06326],[85.20665,28.06352],[85.2066,28.06375],[85.20649,28.06375],[85.20629,28.06357],[85.20619,28.06366],[85.20593,28.06361],[85.20604,28.06352],[85.20604,28.0629],[85.20573,28.06272],[85.20573,28.06263],[85.20593,28.06254],[85.20593,28.06245],[85.20619,28.06222],[85.20644,28.06227]]]}},{"type":"Feature","properties":{"name":"Ground stripped or buried (Sentinel-2 change)","area_m2":7408,"aoi":"middle","fill":"#f97316","fill-opacity":0.5,"stroke":"#c2410c","stroke-width":1.1},"geometry":{"type":"Polygon","coordinates":[[[85.20644,28.06083],[85.20675,28.06092],[85.20675,28.0611],[85.20665,28.06119],[85.20665,28.06146],[85.20695,28.06164],[85.20695,28.06191],[85.2068,28.06204],[85.20649,28.06204],[85.20639,28.06213],[85.20629,28.06213],[85.20624,28.06191],[85.20614,28.06182],[85.20624,28.06173],[85.20624,28.06083],[85.20629,28.06079],[85.20644,28.06083]]]}},{"type":"Feature","properties":{"name":"Ground stripped or buried (Sentinel-2 change)","area_m2":10576,"aoi":"middle","fill":"#f97316","fill-opacity":0.5,"stroke":"#c2410c","stroke-width":1.1},"geometry":{"type":"Polygon","coordinates":[[[85.20777,28.06056],[85.20787,28.06065],[85.20787,28.06074],[85.20777,28.06083],[85.20777,28.06119],[85.20766,28.06128],[85.20766,28.06146],[85.20756,28.06155],[85.20756,28.06164],[85.20766,28.06173],[85.20741,28.06195],[85.20726,28.062],[85.20726,28.06236],[85.2071,28.06249],[85.207,28.06249],[85.20675,28.06227],[85.20675,28.06218],[85.2069,28.06204],[85.20716,28.062],[85.20716,28.06182],[85.20705,28.06173],[85.20716,28.06164],[85.20716,28.06137],[85.2071,28.06132],[85.207,28.06141],[85.20695,28.06137],[85.20695,28.0611],[85.20705,28.06101],[85.20705,28.06083],[85.20721,28.06079],[85.20731,28.06087],[85.20746,28.06074],[85.20751,28.06052],[85.20777,28.06056]]]}},{"type":"Feature","properties":{"name":"Ground stripped or buried (Sentinel-2 change)","area_m2":9453,"aoi":"middle","fill":"#f97316","fill-opacity":0.5,"stroke":"#c2410c","stroke-width":1.1},"geometry":{"type":"Polygon","coordinates":[[[85.20878,28.05948],[85.20878,28.06011],[85.20899,28.0602],[85.20889,28.06029],[85.20899,28.06038],[85.20878,28.06056],[85.20878,28.06074],[85.20858,28.06101],[85.20858,28.06119],[85.20848,28.06128],[85.20848,28.06137],[85.20833,28.0615],[85.20822,28.0615],[85.20817,28.06146],[85.20817,28.0611],[85.20827,28.06101],[85.20827,28.06011],[85.20838,28.06002],[85.20838,28.05984],[85.20848,28.05975],[85.20848,28.05957],[85.20873,28.05944],[85.20878,28.05948]]]}},{"type":"Feature","properties":{"name":"Ground stripped or buried (Sentinel-2 change)","area_m2":1272,"aoi":"middle","fill":"#f97316","fill-opacity":0.5,"stroke":"#c2410c","stroke-width":1.1},"geometry":{"type":"Polygon","coordinates":[[[85.20919,28.0567],[85.20939,28.05679],[85.20929,28.05688],[85.20924,28.0571],[85.20914,28.0571],[85.20899,28.05697],[85.20899,28.0567],[85.20904,28.05665],[85.20919,28.0567]]]}},{"type":"Feature","properties":{"name":"Ground stripped or buried (Sentinel-2 change)","area_m2":121109,"aoi":"middle","fill":"#f97316","fill-opacity":0.5,"stroke":"#c2410c","stroke-width":1.1},"geometry":{"type":"Polygon","coordinates":[[[85.20288,28.05023],[85.20303,28.05036],[85.20313,28.05036],[85.20369,28.05086],[85.20369,28.05095],[85.2038,28.05104],[85.2038,28.05122],[85.2039,28.05131],[85.2039,28.05149],[85.20405,28.05153],[85.20415,28.05171],[85.20436,28.05171],[85.20446,28.05162],[85.20461,28.05176],[85.20461,28.05194],[85.20492,28.05212],[85.20481,28.05221],[85.20486,28.05225],[85.20507,28.05225],[85.20517,28.05243],[85.20537,28.05243],[85.20542,28.0523],[85.20532,28.05221],[85.20548,28.05207],[85.20558,28.05207],[85.20568,28.05216],[85.20598,28.05225],[85.20604,28.0523],[85.20593,28.05239],[85.20619,28.05261],[85.20629,28.05252],[85.20644,28.05257],[85.20634,28.05283],[85.2066,28.05306],[85.2067,28.05297],[85.2068,28.05306],[85.2069,28.05297],[85.20695,28.05301],[85.20695,28.0531],[85.20705,28.05319],[85.20695,28.05328],[85.20726,28.05355],[85.20736,28.05382],[85.20756,28.05409],[85.20756,28.05454],[85.20777,28.05481],[85.20777,28.05499],[85.20792,28.05504],[85.20802,28.05495],[85.20827,28.05517],[85.20827,28.05526],[85.20848,28.05553],[85.20848,28.05589],[85.20858,28.05598],[85.20848,28.05607],[85.20848,28.05697],[85.20833,28.0571],[85.20822,28.05701],[85.20817,28.05706],[85.20817,28.05715],[85.20827,28.05724],[85.20827,28.05751],[85.20848,28.05778],[85.20848,28.05822],[85.20827,28.05849],[85.20827,28.05894],[85.20817,28.05903],[85.20817,28.05912],[85.20812,28.05917],[85.20802,28.05908],[85.20792,28.05908],[85.20777,28.05921],[85.20787,28.0593],[85.20777,28.05957],[85.20782,28.05962],[85.20792,28.05953],[85.20797,28.05957],[85.20797,28.05984],[85.20787,28.05993],[85.20787,28.06002],[85.20761,28.06025],[85.20751,28.06016],[85.20741,28.06025],[85.20736,28.0602],[85.20731,28.05998],[85.20695,28.05993],[85.20695,28.05984],[85.20705,28.05975],[85.20705,28.05957],[85.20726,28.05939],[85.20726,28.05885],[85.20736,28.05876],[85.20736,28.05831],[85.20716,28.05805],[85.20726,28.05796],[85.20726,28.05778],[85.20736,28.05769],[85.20736,28.0576],[85.20726,28.05751],[85.20726,28.05742],[85.20736,28.05733],[85.20736,28.05724],[85.20726,28.05715],[85.20726,28.05625],[85.20705,28.05607],[85.20705,28.05598],[85.20695,28.05589],[85.20695,28.05571],[85.20675,28.05553],[85.20675,28.05535],[85.20654,28.05517],[85.20654,28.05472],[85.20634,28.05463],[85.20634,28.05454],[85.20624,28.05445],[85.20624,28.05427],[85.20578,28.05387],[85.20568,28.05387],[85.20548,28.05369],[85.20532,28.05364],[85.20512,28.05319],[85.20492,28.05301],[85.20492,28.05283],[85.20497,28.05279],[85.20507,28.05288],[85.20578,28.05288],[85.20598,28.05306],[85.20634,28.05301],[85.20619,28.05288],[85.20588,28.05288],[85.20578,28.05279],[85.20507,28.05279],[85.20497,28.0527],[85.20466,28.05279],[85.20451,28.05257],[85.20461,28.05248],[85.20461,28.05239],[85.20446,28.05225],[85.20436,28.05234],[85.20425,28.05234],[85.2042,28.0523],[85.2043,28.05221],[85.2043,28.05212],[85.20415,28.05198],[85.20405,28.05207],[85.20395,28.05207],[85.20319,28.0514],[85.20308,28.05113],[85.20288,28.05104],[85.20288,28.05095],[85.20268,28.05068],[85.20268,28.05032],[85.20257,28.05023],[85.20263,28.05018],[85.20288,28.05023]],[[85.20802,28.05737],[85.20797,28.05742],[85.20802,28.05755],[85.20807,28.05751],[85.20802,28.05737]],[[85.20751,28.05674],[85.20746,28.05679],[85.20751,28.05692],[85.20756,28.05688],[85.20751,28.05674]],[[85.20812,28.05665],[85.20797,28.05679],[85.20802,28.05692],[85.20817,28.05679],[85.20812,28.05665]],[[85.20782,28.0562],[85.20777,28.05625],[85.20797,28.05652],[85.20787,28.05661],[85.20792,28.05665],[85.20817,28.05643],[85.20817,28.05634],[85.20792,28.05629],[85.20782,28.0562]],[[85.20741,28.05602],[85.20736,28.05616],[85.20751,28.0562],[85.20756,28.05616],[85.20741,28.05602]],[[85.20812,28.05566],[85.20807,28.05571],[85.20812,28.05575],[85.20817,28.05571],[85.20812,28.05566]],[[85.20771,28.05531],[85.20766,28.05553],[85.20782,28.05566],[85.20787,28.05553],[85.20771,28.05531]],[[85.20751,28.05495],[85.20741,28.05504],[85.20721,28.05504],[85.2071,28.05513],[85.207,28.05513],[85.20685,28.05526],[85.20685,28.05535],[85.207,28.0554],[85.2071,28.05531],[85.20741,28.05531],[85.20756,28.05517],[85.20751,28.05495]],[[85.207,28.05405],[85.20695,28.05409],[85.207,28.05414],[85.20705,28.05409],[85.207,28.05405]],[[85.20619,28.05351],[85.20604,28.05355],[85.20609,28.05369],[85.20624,28.05364],[85.20619,28.05351]],[[85.20639,28.05315],[85.20634,28.05319],[85.20639,28.05324],[85.20644,28.05319],[85.20639,28.05315]]]}},{"type":"Feature","properties":{"name":"Ground stripped or buried (Sentinel-2 change)","area_m2":4017,"aoi":"middle","fill":"#f97316","fill-opacity":0.5,"stroke":"#c2410c","stroke-width":1.1},"geometry":{"type":"Polygon","coordinates":[[[85.20227,28.04915],[85.20257,28.0496],[85.20257,28.04987],[85.20252,28.04992],[85.20242,28.04983],[85.20232,28.04983],[85.20222,28.04992],[85.20196,28.04969],[85.20196,28.04951],[85.20186,28.04942],[85.20186,28.04933],[85.20212,28.04911],[85.20227,28.04915]]]}},{"type":"Feature","properties":{"name":"Ground stripped or buried (Sentinel-2 change)","area_m2":27468,"aoi":"middle","fill":"#f97316","fill-opacity":0.5,"stroke":"#c2410c","stroke-width":1.1},"geometry":{"type":"Polygon","coordinates":[[[85.20319,28.04718],[85.20319,28.04744],[85.20339,28.04753],[85.20329,28.04762],[85.20329,28.04798],[85.20339,28.04807],[85.20339,28.04816],[85.20319,28.04825],[85.20319,28.04852],[85.20334,28.04857],[85.20344,28.04875],[85.20359,28.04879],[85.20359,28.04942],[85.20374,28.04947],[85.2038,28.0496],[85.20395,28.04965],[85.204,28.04978],[85.20415,28.04983],[85.20425,28.05001],[85.20456,28.05001],[85.20466,28.04974],[85.20486,28.04974],[85.20512,28.04996],[85.20502,28.05005],[85.20502,28.05032],[85.20497,28.05036],[85.20466,28.05036],[85.20456,28.05054],[85.20446,28.05045],[85.20436,28.05054],[85.2043,28.05041],[85.20415,28.05027],[85.20395,28.05027],[85.20354,28.05001],[85.20324,28.04992],[85.20308,28.04978],[85.20308,28.04969],[85.20278,28.04942],[85.20288,28.04933],[85.20278,28.04924],[85.20278,28.04888],[85.20268,28.04879],[85.20268,28.0478],[85.20278,28.04771],[85.20268,28.04762],[85.20278,28.04753],[85.20278,28.04735],[85.20268,28.04726],[85.20303,28.04722],[85.20313,28.04713],[85.20319,28.04718]]]}},{"type":"Feature","properties":{"name":"Ground stripped or buried (Sentinel-2 change)","area_m2":1223,"aoi":"middle","fill":"#f97316","fill-opacity":0.5,"stroke":"#c2410c","stroke-width":1.1},"geometry":{"type":"Polygon","coordinates":[[[85.20003,28.04412],[85.20033,28.04421],[85.20033,28.04448],[85.20028,28.04452],[85.20018,28.04452],[85.20003,28.04439],[85.20003,28.0443],[85.19993,28.04421],[85.19998,28.04408],[85.20003,28.04412]]]}},{"type":"Feature","properties":{"name":"Ground stripped or buried (Sentinel-2 change)","area_m2":1796,"aoi":"middle","fill":"#f97316","fill-opacity":0.5,"stroke":"#c2410c","stroke-width":1.1},"geometry":{"type":"Polygon","coordinates":[[[85.19942,28.04358],[85.19962,28.04376],[85.19962,28.04394],[85.19972,28.04403],[85.19967,28.04408],[85.19947,28.04408],[85.19927,28.0439],[85.19911,28.04385],[85.19937,28.04354],[85.19942,28.04358]]]}},{"type":"Feature","properties":{"name":"Ground stripped or buried (Sentinel-2 change)","area_m2":83184,"aoi":"middle","fill":"#f97316","fill-opacity":0.5,"stroke":"#c2410c","stroke-width":1.1},"geometry":{"type":"Polygon","coordinates":[[[85.19351,28.03981],[85.19382,28.04017],[85.19402,28.04062],[85.19423,28.04071],[85.19423,28.0408],[85.19433,28.04089],[85.19433,28.04116],[85.19448,28.04129],[85.19458,28.04129],[85.19474,28.04143],[85.19474,28.04152],[85.19489,28.04156],[85.19494,28.04169],[85.19519,28.04192],[85.1953,28.04183],[85.1954,28.04192],[85.1955,28.04183],[85.19555,28.04196],[85.1958,28.04219],[85.19591,28.04219],[85.19631,28.04255],[85.19642,28.04255],[85.19703,28.04309],[85.19713,28.04309],[85.19733,28.04327],[85.19743,28.04327],[85.19789,28.04367],[85.19789,28.04376],[85.19804,28.0439],[85.19855,28.04408],[85.19896,28.04452],[85.19927,28.04461],[85.19957,28.04488],[85.19977,28.04488],[85.19998,28.04506],[85.20028,28.04515],[85.20064,28.04547],[85.20074,28.04574],[85.20095,28.04592],[85.20105,28.04637],[85.20135,28.04664],[85.20135,28.04673],[85.20166,28.047],[85.20166,28.04709],[85.20176,28.04718],[85.20176,28.04762],[85.20186,28.04771],[85.20186,28.0478],[85.20151,28.04803],[85.2014,28.04776],[85.20105,28.04771],[85.20105,28.04762],[85.20095,28.04753],[85.20095,28.04726],[85.20074,28.04709],[85.20074,28.04682],[85.20033,28.04646],[85.20028,28.04632],[85.20013,28.04628],[85.20008,28.04605],[85.19988,28.04605],[85.19957,28.04587],[85.19947,28.04587],[85.19911,28.04556],[85.19906,28.04533],[85.19876,28.04524],[85.1985,28.04502],[85.1985,28.04484],[85.19871,28.04475],[85.19866,28.0447],[85.19855,28.0447],[85.19845,28.04479],[85.19764,28.04417],[85.19754,28.04417],[85.19743,28.04408],[85.19723,28.04408],[85.19662,28.04354],[85.19652,28.04354],[85.19611,28.04318],[85.19601,28.04318],[85.1958,28.043],[85.1957,28.043],[85.1956,28.04282],[85.1953,28.04273],[85.19509,28.04255],[85.19499,28.04255],[85.19463,28.04223],[85.19463,28.04214],[85.19433,28.04187],[85.19433,28.04169],[85.19402,28.04134],[85.19413,28.04107],[85.19407,28.04102],[85.19397,28.04111],[85.19382,28.04107],[85.19392,28.04098],[85.19387,28.04075],[85.19377,28.04084],[85.19362,28.0408],[85.19362,28.04062],[85.19372,28.04053],[85.19357,28.04039],[85.19351,28.04044],[85.19362,28.04053],[85.19357,28.04057],[85.19321,28.04044],[85.19321,28.04008],[85.19331,28.03999],[85.19331,28.03981],[85.19336,28.03976],[85.19351,28.03981]]]}},{"type":"Feature","properties":{"name":"Ground stripped or buried (Sentinel-2 change)","area_m2":7161,"aoi":"middle","fill":"#f97316","fill-opacity":0.5,"stroke":"#c2410c","stroke-width":1.1},"geometry":{"type":"Polygon","coordinates":[[[85.19504,28.03774],[85.19504,28.03837],[85.19494,28.03846],[85.19494,28.03873],[85.19484,28.03882],[85.19484,28.039],[85.19494,28.03909],[85.19494,28.03954],[85.19479,28.03967],[85.19453,28.03936],[85.19453,28.03873],[85.19463,28.03864],[85.19463,28.03801],[85.19489,28.0377],[85.19504,28.03774]]]}},{"type":"Feature","properties":{"name":"Ground stripped or buried (Sentinel-2 change)","area_m2":40051,"aoi":"middle","fill":"#f97316","fill-opacity":0.5,"stroke":"#c2410c","stroke-width":1.1},"geometry":{"type":"Polygon","coordinates":[[[85.19311,28.03361],[85.19321,28.0337],[85.19321,28.03388],[85.19326,28.03392],[85.19336,28.03383],[85.19351,28.03406],[85.19351,28.03451],[85.19362,28.0346],[85.19362,28.03469],[85.19351,28.03478],[85.19351,28.03505],[85.19341,28.03514],[85.19341,28.03532],[85.19321,28.03559],[85.19321,28.03594],[85.19311,28.03603],[85.19321,28.03612],[85.19321,28.03621],[85.19311,28.0363],[85.19331,28.03657],[85.19331,28.03675],[85.19321,28.03684],[85.19321,28.03693],[85.19341,28.0372],[85.19331,28.03729],[85.19331,28.03774],[85.19341,28.03783],[85.19306,28.03788],[85.1929,28.03801],[85.1929,28.0381],[85.19295,28.03815],[85.19306,28.03806],[85.19331,28.03828],[85.19331,28.03837],[85.19341,28.03846],[85.19341,28.03864],[85.19351,28.03873],[85.19351,28.03891],[85.19341,28.039],[85.19341,28.03954],[85.19351,28.03963],[85.19346,28.03967],[85.19326,28.03967],[85.19301,28.03945],[85.19301,28.03927],[85.1927,28.03909],[85.1928,28.039],[85.1928,28.03855],[85.19255,28.03824],[85.19239,28.03819],[85.19239,28.03783],[85.1925,28.03774],[85.1925,28.03747],[85.1926,28.03738],[85.1926,28.0372],[85.1927,28.03711],[85.1927,28.03684],[85.1926,28.03675],[85.1926,28.03648],[85.1927,28.03639],[85.1927,28.03567],[85.1928,28.03559],[85.1927,28.0355],[85.1928,28.03541],[85.1928,28.03505],[85.1929,28.03496],[85.1929,28.0346],[85.1928,28.03451],[85.1928,28.03388],[85.1929,28.03379],[85.19295,28.03356],[85.19311,28.03361]],[[85.19326,28.03428],[85.19321,28.03433],[85.19326,28.03437],[85.19331,28.03433],[85.19326,28.03428]]]}},{"type":"Feature","properties":{"name":"Ground stripped or buried (Sentinel-2 change)","area_m2":1747,"aoi":"middle","fill":"#f97316","fill-opacity":0.5,"stroke":"#c2410c","stroke-width":1.1},"geometry":{"type":"Polygon","coordinates":[[[85.19392,28.03361],[85.19402,28.0337],[85.19402,28.03406],[85.19377,28.03419],[85.19372,28.03415],[85.19372,28.03361],[85.19377,28.03356],[85.19392,28.03361]]]}},{"type":"Feature","properties":{"name":"Ground stripped or buried (Sentinel-2 change)","area_m2":1073,"aoi":"middle","fill":"#f97316","fill-opacity":0.5,"stroke":"#c2410c","stroke-width":1.1},"geometry":{"type":"Polygon","coordinates":[[[85.19351,28.02912],[85.19372,28.02921],[85.19372,28.02948],[85.19367,28.02952],[85.19341,28.02939],[85.19341,28.02912],[85.19346,28.02907],[85.19351,28.02912]]]}},{"type":"Feature","properties":{"name":"Ground stripped or buried (Sentinel-2 change)","area_m2":44997,"aoi":"middle","fill":"#f97316","fill-opacity":0.5,"stroke":"#c2410c","stroke-width":1.1},"geometry":{"type":"Polygon","coordinates":[[[85.19474,28.02867],[85.19484,28.02876],[85.19484,28.02885],[85.19525,28.02948],[85.19525,28.02957],[85.19545,28.02974],[85.19514,28.0301],[85.1954,28.03015],[85.19545,28.03037],[85.19565,28.03055],[85.19565,28.03073],[85.19535,28.03109],[85.19535,28.03217],[85.19545,28.03226],[85.19545,28.03298],[85.1954,28.03302],[85.1953,28.03293],[85.19504,28.03289],[85.19504,28.03226],[85.19494,28.03217],[85.19494,28.03127],[85.19474,28.03118],[85.19469,28.03105],[85.19438,28.03105],[85.19428,28.03096],[85.19418,28.03096],[85.19402,28.03082],[85.19402,28.03073],[85.19413,28.03064],[85.19407,28.0306],[85.19397,28.03069],[85.19387,28.03069],[85.19362,28.03046],[85.19362,28.03028],[85.19341,28.0301],[85.19341,28.02974],[85.19367,28.02961],[85.19377,28.03006],[85.19418,28.03006],[85.19428,28.03015],[85.19453,28.0301],[85.19448,28.02997],[85.19438,28.03006],[85.19428,28.03006],[85.19413,28.02992],[85.19407,28.02979],[85.19392,28.02974],[85.19392,28.02948],[85.19382,28.02939],[85.19382,28.0293],[85.19402,28.02903],[85.19402,28.02885],[85.19418,28.02871],[85.19458,28.02871],[85.19469,28.02862],[85.19474,28.02867]],[[85.19479,28.03024],[85.19474,28.03028],[85.19479,28.03033],[85.19484,28.03028],[85.19479,28.03024]]]}},{"type":"Feature","properties":{"name":"Ground stripped or buried (Sentinel-2 change)","area_m2":1522,"aoi":"middle","fill":"#f97316","fill-opacity":0.5,"stroke":"#c2410c","stroke-width":1.1},"geometry":{"type":"Polygon","coordinates":[[[85.18731,28.02768],[85.18715,28.02799],[85.18705,28.02799],[85.18695,28.02808],[85.1868,28.02804],[85.1868,28.02786],[85.18705,28.02763],[85.18731,28.02768]]]}},{"type":"Feature","properties":{"name":"Ground stripped or buried (Sentinel-2 change)","area_m2":197226,"aoi":"middle","fill":"#f97316","fill-opacity":0.5,"stroke":"#c2410c","stroke-width":1.1},"geometry":{"type":"Polygon","coordinates":[[[85.18425,28.01977],[85.18451,28.01982],[85.18496,28.02013],[85.18496,28.02022],[85.18486,28.02031],[85.18486,28.02058],[85.18491,28.02062],[85.18522,28.02062],[85.18527,28.02049],[85.18552,28.02026],[85.18563,28.02026],[85.18573,28.02017],[85.18588,28.02031],[85.18588,28.0204],[85.18578,28.02049],[85.18578,28.02112],[85.18552,28.02143],[85.18542,28.02143],[85.18527,28.02157],[85.18527,28.02166],[85.18507,28.02175],[85.18507,28.02184],[85.18527,28.02193],[85.18527,28.02211],[85.18547,28.0222],[85.18537,28.02247],[85.18552,28.0226],[85.18563,28.02251],[85.18573,28.02251],[85.18588,28.02265],[85.18588,28.02319],[85.18598,28.02328],[85.18598,28.02381],[85.18588,28.0239],[85.18619,28.02426],[85.18619,28.02444],[85.18598,28.02462],[85.18644,28.02467],[85.18659,28.02489],[85.18644,28.02503],[85.18624,28.02503],[85.18613,28.02521],[85.18603,28.02521],[85.18593,28.02512],[85.18568,28.02543],[85.18603,28.02575],[85.18634,28.02575],[85.18644,28.02566],[85.18654,28.02566],[85.18664,28.02575],[85.18675,28.02566],[85.18715,28.02566],[85.18725,28.02557],[85.18736,28.02557],[85.18776,28.02584],[85.18786,28.02584],[85.18797,28.02602],[85.18837,28.02602],[85.18853,28.02615],[85.18858,28.02629],[85.18878,28.02629],[85.18909,28.02655],[85.18939,28.02655],[85.1896,28.02673],[85.1899,28.02673],[85.19,28.02682],[85.19021,28.02682],[85.19041,28.027],[85.19066,28.02687],[85.19066,28.02678],[85.19082,28.02664],[85.19092,28.02673],[85.19112,28.02673],[85.19133,28.02691],[85.19143,28.02691],[85.19148,28.02705],[85.19173,28.02727],[85.19183,28.02718],[85.19234,28.02727],[85.1928,28.02768],[85.1928,28.02777],[85.1929,28.02786],[85.1929,28.02804],[85.19321,28.02831],[85.19311,28.0284],[85.19321,28.02849],[85.19301,28.02867],[85.19301,28.02885],[85.19255,28.02898],[85.19239,28.02912],[85.19239,28.02921],[85.1927,28.0293],[85.1927,28.02957],[85.1928,28.02965],[85.1928,28.0301],[85.1929,28.03019],[85.1929,28.03055],[85.19321,28.03082],[85.19321,28.03091],[85.19331,28.031],[85.19331,28.03118],[85.19341,28.03127],[85.19341,28.03145],[85.19362,28.03163],[85.19362,28.03253],[85.19331,28.0328],[85.19331,28.03307],[85.19316,28.0332],[85.19301,28.03316],[85.19301,28.03289],[85.1929,28.0328],[85.1929,28.03217],[85.19301,28.03208],[85.19301,28.03154],[85.1928,28.03127],[85.1928,28.031],[85.1927,28.03091],[85.1927,28.03064],[85.1925,28.03037],[85.19239,28.0301],[85.19219,28.02992],[85.19219,28.02965],[85.19194,28.02961],[85.19168,28.02939],[85.19168,28.02912],[85.19178,28.02903],[85.19168,28.02894],[85.19168,28.02885],[85.19153,28.02871],[85.19133,28.02871],[85.19117,28.02858],[85.19117,28.02813],[85.19092,28.0279],[85.19082,28.02799],[85.19061,28.02799],[85.19056,28.02795],[85.19066,28.02786],[85.19066,28.02777],[85.19041,28.02763],[85.19031,28.02772],[85.1901,28.02772],[85.1899,28.02754],[85.18939,28.02754],[85.18929,28.02745],[85.18888,28.02745],[85.18878,28.02736],[85.18868,28.02736],[85.18837,28.02709],[85.18827,28.02709],[85.18797,28.02682],[85.18786,28.02682],[85.18776,28.02673],[85.18766,28.02673],[85.18756,28.02682],[85.18736,28.02664],[85.18715,28.02664],[85.18664,28.0262],[85.18644,28.0262],[85.18624,28.02602],[85.18593,28.02602],[85.18563,28.02584],[85.18552,28.02584],[85.18547,28.0257],[85.18532,28.02566],[85.18501,28.02539],[85.18491,28.02548],[85.18481,28.02548],[85.18466,28.02534],[85.18466,28.02525],[85.18486,28.02498],[85.18486,28.02471],[85.18476,28.02462],[85.18476,28.02417],[85.18466,28.02408],[85.18466,28.0239],[85.18456,28.02381],[85.18456,28.02372],[85.18425,28.02354],[85.18425,28.02345],[85.18415,28.02336],[85.18415,28.02319],[85.18405,28.0231],[85.18405,28.02283],[85.18395,28.02274],[85.18395,28.02121],[85.18405,28.02112],[85.18405,28.02103],[85.18384,28.02085],[85.18384,28.02076],[85.18395,28.02067],[85.18395,28.02022],[85.18384,28.02013],[85.1841,28.01973],[85.18425,28.01977]],[[85.19265,28.02997],[85.1926,28.03001],[85.19265,28.03006],[85.1927,28.03001],[85.19265,28.02997]],[[85.19214,28.02817],[85.19199,28.02822],[85.19199,28.02831],[85.19209,28.0284],[85.19209,28.02858],[85.19219,28.02867],[85.19209,28.02876],[85.19245,28.02889],[85.1926,28.02867],[85.1926,28.0284],[85.19255,28.02835],[85.19245,28.02844],[85.19214,28.02817]],[[85.18858,28.02638],[85.18853,28.02642],[85.18858,28.02646],[85.18863,28.02642],[85.18858,28.02638]],[[85.18695,28.02602],[85.1869,28.02606],[85.18695,28.02611],[85.187,28.02606],[85.18695,28.02602]],[[85.18532,28.02269],[85.18527,28.02274],[85.18527,28.02328],[85.18537,28.02336],[85.18537,28.02363],[85.18552,28.02368],[85.18557,28.02363],[85.18557,28.02336],[85.18537,28.0231],[85.18557,28.02292],[85.18557,28.02283],[85.18532,28.02269]],[[85.18522,28.02107],[85.18517,28.02112],[85.18522,28.02125],[85.18527,28.02121],[85.18522,28.02107]],[[85.18552,28.02089],[85.18537,28.02103],[85.18542,28.02107],[85.18557,28.02094],[85.18552,28.02089]]]}},{"type":"Feature","properties":{"name":"Ground stripped or buried (Sentinel-2 change)","area_m2":14952,"aoi":"middle","fill":"#f97316","fill-opacity":0.5,"stroke":"#c2410c","stroke-width":1.1},"geometry":{"type":"Polygon","coordinates":[[[85.18832,28.01905],[85.18832,28.01941],[85.18812,28.01959],[85.18812,28.02004],[85.18792,28.02022],[85.18781,28.02049],[85.18761,28.02067],[85.18761,28.02076],[85.18746,28.0208],[85.1872,28.02103],[85.18715,28.02116],[85.18644,28.02179],[85.18634,28.02179],[85.18619,28.02166],[85.18619,28.02157],[85.18639,28.02139],[85.18639,28.02121],[85.18685,28.02089],[85.18695,28.02089],[85.1872,28.02067],[85.1872,28.02058],[85.18731,28.02049],[85.18731,28.02031],[85.18741,28.02022],[85.18751,28.01995],[85.18771,28.01977],[85.18771,28.01941],[85.18781,28.01932],[85.18781,28.01923],[85.18827,28.01901],[85.18832,28.01905]]]}},{"type":"Feature","properties":{"name":"Ground stripped or buried (Sentinel-2 change)","area_m2":1797,"aoi":"middle","fill":"#f97316","fill-opacity":0.5,"stroke":"#c2410c","stroke-width":1.1},"geometry":{"type":"Polygon","coordinates":[[[85.18527,28.01312],[85.18547,28.01339],[85.18547,28.01357],[85.18522,28.0137],[85.18517,28.01348],[85.18507,28.01339],[85.18507,28.01312],[85.18512,28.01308],[85.18527,28.01312]]]}},{"type":"Feature","properties":{"name":"Ground stripped or buried (Sentinel-2 change)","area_m2":112009,"aoi":"middle","fill":"#f97316","fill-opacity":0.5,"stroke":"#c2410c","stroke-width":1.1},"geometry":{"type":"Polygon","coordinates":[[[85.18323,28.01285],[85.18344,28.01294],[85.18334,28.01303],[85.18339,28.01308],[85.18359,28.01326],[85.18374,28.0133],[85.18374,28.01348],[85.18395,28.01375],[85.18395,28.01393],[85.18451,28.01442],[85.18461,28.01442],[85.18476,28.01456],[85.18476,28.01474],[85.18486,28.01483],[85.18496,28.0151],[85.18532,28.01541],[85.18573,28.01541],[85.18593,28.01559],[85.18613,28.01559],[85.18624,28.01568],[85.18634,28.01568],[85.1869,28.01618],[85.1869,28.01654],[85.187,28.01663],[85.187,28.01707],[85.18705,28.01712],[85.18715,28.01703],[85.1872,28.01707],[85.1872,28.01716],[85.1871,28.01725],[85.1871,28.01734],[85.1872,28.01743],[85.187,28.01761],[85.1871,28.0177],[85.1871,28.01797],[85.187,28.01806],[85.1871,28.01815],[85.1871,28.01833],[85.1872,28.01842],[85.1872,28.01887],[85.18664,28.01928],[85.18644,28.01928],[85.18634,28.0191],[85.18613,28.0191],[85.18583,28.01937],[85.18573,28.01937],[85.18542,28.01964],[85.18532,28.01964],[85.18522,28.01973],[85.18512,28.01973],[85.18501,28.01964],[85.18481,28.01964],[85.18435,28.01941],[85.18435,28.01932],[85.18466,28.01896],[85.18466,28.01833],[85.18481,28.01829],[85.18537,28.01779],[85.18537,28.01752],[85.18547,28.01743],[85.18547,28.01698],[85.18527,28.0168],[85.18537,28.01672],[85.18527,28.01663],[85.18527,28.01654],[85.18496,28.01627],[85.18496,28.01618],[85.18456,28.01573],[85.18456,28.01546],[85.18425,28.01519],[85.18425,28.01492],[85.18415,28.01483],[85.18415,28.01474],[85.18389,28.01451],[85.18374,28.01447],[85.18374,28.01438],[85.18354,28.0142],[85.18354,28.01411],[85.18339,28.01397],[85.18308,28.01388],[85.18288,28.0137],[85.18267,28.0137],[85.18257,28.01379],[85.18247,28.01379],[85.18201,28.01357],[85.18201,28.01339],[85.18191,28.0133],[85.18196,28.01317],[85.18206,28.01326],[85.18216,28.01326],[85.18227,28.01308],[85.18267,28.01308],[85.18278,28.01299],[85.18298,28.01299],[85.18318,28.01281],[85.18323,28.01285]]]}},{"type":"Feature","properties":{"name":"Ground stripped or buried (Sentinel-2 change)","area_m2":1074,"aoi":"middle","fill":"#f97316","fill-opacity":0.5,"stroke":"#c2410c","stroke-width":1.1},"geometry":{"type":"Polygon","coordinates":[[[85.18211,28.01195],[85.18222,28.01204],[85.18211,28.01213],[85.18211,28.01222],[85.18206,28.01227],[85.18181,28.01222],[85.18181,28.01204],[85.18196,28.01191],[85.18211,28.01195]]]}},{"type":"Feature","properties":{"name":"Ground stripped or buried (Sentinel-2 change)","area_m2":1498,"aoi":"middle","fill":"#f97316","fill-opacity":0.5,"stroke":"#c2410c","stroke-width":1.1},"geometry":{"type":"Polygon","coordinates":[[[85.18344,28.0115],[85.18334,28.01159],[85.18344,28.01168],[85.18344,28.01177],[85.18328,28.01191],[85.18318,28.01191],[85.18293,28.01168],[85.18328,28.01146],[85.18344,28.0115]]]}},{"type":"Feature","properties":{"name":"Ground stripped or buried (Sentinel-2 change)","area_m2":9537,"aoi":"middle","fill":"#f97316","fill-opacity":0.5,"stroke":"#c2410c","stroke-width":1.1},"geometry":{"type":"Polygon","coordinates":[[[85.18201,28.00944],[85.18211,28.00953],[85.18211,28.00997],[85.18222,28.01006],[85.18222,28.01033],[85.18201,28.01051],[85.18201,28.01105],[85.18211,28.01114],[85.18211,28.01123],[85.18201,28.01132],[85.18201,28.01159],[85.18186,28.01164],[85.1816,28.01132],[85.1816,28.01096],[85.1815,28.01087],[85.1815,28.01069],[85.1816,28.0106],[85.1815,28.01051],[85.1815,28.01042],[85.18166,28.01038],[85.18176,28.01047],[85.18191,28.01024],[85.18186,28.01011],[85.18176,28.0102],[85.1816,28.01015],[85.18171,28.01006],[85.18171,28.00989],[85.18181,28.0098],[85.18181,28.00953],[85.18196,28.00939],[85.18201,28.00944]]]}},{"type":"Feature","properties":{"name":"Ground stripped or buried (Sentinel-2 change)","area_m2":21521,"aoi":"middle","fill":"#f97316","fill-opacity":0.5,"stroke":"#c2410c","stroke-width":1.1},"geometry":{"type":"Polygon","coordinates":[[[85.18293,28.00665],[85.18293,28.00746],[85.18303,28.00755],[85.18303,28.00791],[85.18293,28.008],[85.18293,28.00836],[85.18303,28.00845],[85.18303,28.00854],[85.18293,28.00863],[85.18293,28.00881],[85.18298,28.00885],[85.18308,28.00876],[85.18334,28.00881],[85.18334,28.00953],[85.18344,28.00962],[85.18334,28.00971],[85.18334,28.00989],[85.18323,28.00997],[85.18323,28.01006],[85.18308,28.0102],[85.18283,28.01015],[85.18283,28.01006],[85.18293,28.00997],[85.18272,28.0098],[85.18293,28.00962],[85.18293,28.00944],[85.18262,28.00935],[85.18257,28.00912],[85.18247,28.00912],[85.18227,28.0093],[85.18216,28.0093],[85.18201,28.00908],[85.18232,28.00881],[85.18232,28.00872],[85.18242,28.00863],[85.18242,28.00836],[85.18222,28.00818],[85.18222,28.00809],[85.18262,28.00782],[85.18262,28.00737],[85.18252,28.00728],[85.18252,28.00701],[85.18262,28.00692],[85.18262,28.00674],[85.18278,28.0066],[85.18293,28.00665]],[[85.18298,28.00894],[85.18283,28.00899],[85.18298,28.00903],[85.18303,28.00899],[85.18298,28.00894]],[[85.18278,28.00867],[85.18272,28.00872],[85.18278,28.00876],[85.18283,28.00872],[85.18278,28.00867]]]}},{"type":"Feature","properties":{"name":"Ground stripped or buried (Sentinel-2 change)","area_m2":27515,"aoi":"middle","fill":"#f97316","fill-opacity":0.5,"stroke":"#c2410c","stroke-width":1.1},"geometry":{"type":"Polygon","coordinates":[[[85.18323,28.00323],[85.18354,28.00341],[85.18354,28.0035],[85.18344,28.00359],[85.18344,28.00395],[85.18349,28.004],[85.18354,28.00395],[85.18354,28.00368],[85.18379,28.00346],[85.18395,28.0035],[85.18395,28.00359],[85.18405,28.00368],[85.18405,28.00413],[85.18415,28.00422],[85.18415,28.00485],[85.18395,28.00512],[85.18395,28.0053],[85.18384,28.00539],[85.18384,28.00548],[85.18334,28.00629],[85.18334,28.00647],[85.18318,28.00651],[85.18308,28.00642],[85.18298,28.00642],[85.18288,28.00651],[85.18278,28.00651],[85.18272,28.00638],[85.18283,28.00629],[85.18283,28.00611],[85.18303,28.00584],[85.18303,28.00575],[85.18293,28.00566],[85.18293,28.00548],[85.18303,28.00539],[85.18303,28.00512],[85.18313,28.00503],[85.18313,28.00449],[85.18323,28.0044],[85.18323,28.00395],[85.18303,28.00368],[85.18303,28.00323],[85.18308,28.00319],[85.18323,28.00323]],[[85.18349,28.00535],[85.18344,28.00539],[85.18349,28.00544],[85.18354,28.00539],[85.18349,28.00535]],[[85.18359,28.0049],[85.18354,28.00494],[85.18359,28.00508],[85.18364,28.00503],[85.18359,28.0049]]]}},{"type":"Feature","properties":{"name":"Ground stripped or buried (Sentinel-2 change)","area_m2":5169,"aoi":"middle","fill":"#f97316","fill-opacity":0.5,"stroke":"#c2410c","stroke-width":1.1},"geometry":{"type":"Polygon","coordinates":[[[85.18354,28.00171],[85.18364,28.0018],[85.18364,28.00198],[85.18354,28.00207],[85.18354,28.00216],[85.18364,28.00225],[85.18364,28.00243],[85.18374,28.00252],[85.18374,28.00278],[85.18369,28.00283],[85.18359,28.00274],[85.18339,28.00274],[85.18328,28.00283],[85.18318,28.00283],[85.18303,28.0027],[85.18303,28.00252],[85.18334,28.00216],[85.18334,28.00171],[85.18339,28.00166],[85.18354,28.00171]]]}},{"type":"Feature","properties":{"name":"Ground stripped or buried (Sentinel-2 change)","area_m2":228189,"aoi":"middle","fill":"#f97316","fill-opacity":0.5,"stroke":"#c2410c","stroke-width":1.1},"geometry":{"type":"Polygon","coordinates":[[[85.18639,27.99757],[85.1869,27.99766],[85.1869,27.99856],[85.18669,27.99874],[85.1871,27.99901],[85.187,27.9991],[85.1871,27.99919],[85.1871,27.99955],[85.187,27.99964],[85.187,27.99982],[85.1869,27.99991],[85.1869,28.00027],[85.187,28.00036],[85.187,28.00072],[85.1868,28.00081],[85.1868,28.0009],[85.1869,28.00099],[85.1869,28.00126],[85.18669,28.00153],[85.18669,28.00189],[85.18659,28.00198],[85.18659,28.00234],[85.18629,28.00252],[85.18629,28.00261],[85.18619,28.0027],[85.18619,28.00287],[85.18608,28.00296],[85.18608,28.00314],[85.18619,28.00323],[85.18619,28.00332],[85.18608,28.00341],[85.18619,28.0035],[85.18588,28.00395],[85.18588,28.00404],[85.18619,28.00431],[85.18619,28.00449],[85.18593,28.00454],[85.18568,28.00476],[85.18568,28.00485],[85.18557,28.00494],[85.18557,28.00539],[85.18588,28.00566],[85.18598,28.00593],[85.18608,28.00602],[85.18608,28.00647],[85.18568,28.00692],[85.18568,28.00701],[85.18557,28.0071],[85.18557,28.00728],[85.18547,28.00737],[85.18547,28.00782],[85.18537,28.00791],[85.18537,28.00854],[85.18527,28.00863],[85.18517,28.00908],[85.18496,28.00935],[85.18496,28.00953],[85.18507,28.00962],[85.18507,28.01006],[85.18496,28.01015],[85.18496,28.01024],[85.18507,28.01033],[85.18476,28.01069],[85.18486,28.01078],[85.18476,28.01087],[85.18476,28.01096],[85.18507,28.01132],[85.18507,28.01204],[85.18517,28.01213],[85.18517,28.01231],[85.18527,28.0124],[85.18527,28.01285],[85.18512,28.0129],[85.18476,28.01267],[85.18476,28.01258],[85.18456,28.0124],[85.18456,28.01231],[85.18476,28.01213],[85.18476,28.01204],[85.18466,28.01195],[85.18466,28.01177],[85.18461,28.01173],[85.18451,28.01182],[85.18445,28.01177],[85.18445,28.01168],[85.18456,28.01159],[85.18451,28.01155],[85.1844,28.01164],[85.18425,28.01159],[85.18425,28.0115],[85.18435,28.01141],[85.1843,28.01137],[85.1842,28.01146],[85.18405,28.01132],[85.18415,28.01105],[85.1841,28.01101],[85.184,28.0111],[85.18384,28.01096],[85.18384,28.01078],[85.18395,28.01069],[85.18395,28.01006],[85.18384,28.00997],[85.18384,28.00989],[85.18395,28.0098],[85.18395,28.00926],[85.18384,28.00917],[85.18384,28.00908],[85.18395,28.00899],[85.18384,28.0089],[85.18384,28.00827],[85.18395,28.00818],[85.18395,28.00791],[85.18405,28.00782],[85.18405,28.00755],[85.18415,28.00746],[85.18415,28.00728],[85.18435,28.00701],[85.18435,28.00683],[85.18445,28.00674],[85.18445,28.00665],[85.18425,28.00647],[85.18425,28.00593],[85.18415,28.00584],[85.18435,28.00566],[85.18445,28.00521],[85.18456,28.00512],[85.18456,28.00494],[85.18466,28.00485],[85.18466,28.00458],[85.18476,28.00449],[85.18476,28.00377],[85.18466,28.00368],[85.18466,28.00323],[85.18445,28.00296],[85.18445,28.0027],[85.18425,28.00243],[85.18425,28.00225],[85.18415,28.00216],[85.18415,28.00198],[85.18405,28.00189],[85.18405,28.0018],[85.1842,28.00175],[85.1843,28.00184],[85.18445,28.00171],[85.1844,28.00148],[85.1843,28.00157],[85.18425,28.00153],[85.18425,28.00135],[85.18456,28.00099],[85.18456,28.0009],[85.18476,28.00072],[85.18476,28.00054],[85.18496,28.00036],[85.18496,28.00009],[85.18517,27.99982],[85.18537,27.99937],[85.18608,27.99883],[85.18619,27.99856],[85.18629,27.99847],[85.18629,27.9982],[85.18639,27.99811],[85.18639,27.99802],[85.18619,27.99784],[85.18619,27.99775],[85.18634,27.99753],[85.18639,27.99757]],[[85.18532,28.0031],[85.18527,28.00314],[85.18532,28.00328],[85.18537,28.00323],[85.18532,28.0031]],[[85.18603,28.00166],[85.18578,28.00171],[85.18603,28.00175],[85.18608,28.00171],[85.18603,28.00166]]]}},{"type":"Feature","properties":{"name":"Ground stripped or buried (Sentinel-2 change)","area_m2":75167,"aoi":"middle","fill":"#f97316","fill-opacity":0.5,"stroke":"#c2410c","stroke-width":1.1},"geometry":{"type":"Polygon","coordinates":[[[85.18201,27.99344],[85.18237,27.99357],[85.18252,27.99371],[85.18252,27.9938],[85.18262,27.99389],[85.18262,27.99407],[85.18252,27.99416],[85.18257,27.9942],[85.18267,27.99411],[85.18283,27.99425],[85.18283,27.99443],[85.18293,27.99452],[85.18293,27.99461],[85.18283,27.9947],[85.18283,27.99497],[85.18298,27.99519],[85.18318,27.99519],[85.18339,27.99501],[85.18354,27.99497],[85.18354,27.99461],[85.18369,27.99456],[85.18384,27.9947],[85.18389,27.99483],[85.184,27.99483],[85.18456,27.99524],[85.18466,27.9955],[85.18461,27.99555],[85.18451,27.99546],[85.18445,27.9955],[85.18466,27.99577],[85.18466,27.99595],[85.18476,27.99604],[85.18476,27.99622],[85.18466,27.99631],[85.18476,27.99676],[85.18466,27.99685],[85.18481,27.99699],[85.18501,27.99681],[85.18512,27.9969],[85.18517,27.99685],[85.18517,27.99667],[85.18532,27.99654],[85.18578,27.99667],[85.18578,27.99703],[85.18573,27.99708],[85.18563,27.99699],[85.18517,27.99739],[85.18532,27.99753],[85.18557,27.99757],[85.18537,27.99784],[85.18537,27.99802],[85.18507,27.99847],[85.18507,27.99865],[85.18496,27.99874],[85.18466,27.99937],[85.1844,27.99959],[85.1842,27.99959],[85.1841,27.99941],[85.18389,27.99959],[85.18364,27.99955],[85.18374,27.99928],[85.18405,27.99901],[85.18405,27.99838],[85.18395,27.99829],[85.18395,27.9982],[85.18405,27.99811],[85.18405,27.99784],[85.18415,27.99775],[85.18415,27.99757],[85.18405,27.99748],[85.18405,27.99739],[85.18425,27.9973],[85.18415,27.99721],[85.18415,27.99712],[85.18369,27.99672],[85.18349,27.99672],[85.18283,27.99613],[85.18283,27.99604],[85.18272,27.99595],[85.18272,27.99524],[85.18242,27.99488],[85.18242,27.9947],[85.18232,27.99461],[85.18232,27.99434],[85.18222,27.99425],[85.18222,27.99416],[85.18191,27.99389],[85.18191,27.9938],[85.18181,27.99371],[85.18181,27.99344],[85.18186,27.99339],[85.18201,27.99344]],[[85.1844,27.99834],[85.18435,27.99838],[85.1844,27.99861],[85.18456,27.99847],[85.1844,27.99834]],[[85.18389,27.99627],[85.18364,27.99631],[85.18379,27.99645],[85.18389,27.99645],[85.18395,27.9964],[85.18389,27.99627]],[[85.1843,27.99618],[85.18425,27.99622],[85.1843,27.99627],[85.18435,27.99622],[85.1843,27.99618]],[[85.1844,27.99582],[85.18435,27.99586],[85.1844,27.99591],[85.18445,27.99586],[85.1844,27.99582]],[[85.18339,27.99546],[85.18313,27.9955],[85.18313,27.99559],[85.18323,27.99568],[85.18323,27.99577],[85.18313,27.99586],[85.18328,27.99609],[85.18349,27.99609],[85.18354,27.99595],[85.18334,27.99577],[85.18344,27.99568],[85.18339,27.99546]],[[85.18389,27.99528],[85.18374,27.99532],[85.18374,27.99577],[85.18389,27.99591],[85.18415,27.99568],[85.18415,27.99559],[85.18425,27.9955],[85.1842,27.99537],[85.184,27.99537],[85.18389,27.99528]]]}},{"type":"Feature","properties":{"name":"Ground stripped or buried (Sentinel-2 change)","area_m2":45403,"aoi":"middle","fill":"#f97316","fill-opacity":0.5,"stroke":"#c2410c","stroke-width":1.1},"geometry":{"type":"Polygon","coordinates":[[[85.18364,27.99083],[85.18379,27.99088],[85.18389,27.99106],[85.1842,27.99106],[85.18435,27.99119],[85.18435,27.99182],[85.18456,27.99209],[85.18456,27.99299],[85.18425,27.99308],[85.18425,27.9938],[85.18415,27.99389],[85.18445,27.99398],[85.18445,27.99425],[85.1843,27.99438],[85.18369,27.99384],[85.18359,27.99384],[85.18339,27.99366],[85.18318,27.99366],[85.18242,27.99299],[85.18247,27.99276],[85.18257,27.99276],[85.18267,27.99285],[85.18278,27.99276],[85.18298,27.99276],[85.18303,27.99272],[85.18303,27.99245],[85.18328,27.99222],[85.18339,27.99231],[85.18344,27.99227],[85.18344,27.992],[85.18328,27.99186],[85.18318,27.99204],[85.18308,27.99204],[85.18298,27.99195],[85.18293,27.99218],[85.18267,27.99231],[85.18252,27.99227],[85.18252,27.99218],[85.18272,27.99191],[85.18272,27.99173],[85.18303,27.99155],[85.18313,27.99128],[85.18334,27.9911],[85.18334,27.99101],[85.18339,27.99097],[85.18349,27.99106],[85.18354,27.99101],[85.18354,27.99092],[85.18344,27.99083],[85.18349,27.99079],[85.18364,27.99083]],[[85.18389,27.99366],[85.18384,27.99371],[85.18389,27.99375],[85.18395,27.99371],[85.18389,27.99366]],[[85.18298,27.99285],[85.18283,27.9929],[85.18293,27.99299],[85.18298,27.99321],[85.18313,27.99308],[85.18313,27.99299],[85.18298,27.99285]],[[85.1841,27.99249],[85.18405,27.99254],[85.1841,27.99267],[85.18415,27.99263],[85.1841,27.99249]],[[85.18359,27.99231],[85.18344,27.99245],[85.18344,27.99263],[85.18359,27.99276],[85.18369,27.99276],[85.18374,27.99263],[85.18364,27.99254],[85.18359,27.99231]],[[85.18328,27.99141],[85.18323,27.99146],[85.18328,27.9915],[85.18334,27.99146],[85.18328,27.99141]]]}},{"type":"Feature","properties":{"name":"Ground stripped or buried (Sentinel-2 change)","area_m2":37463,"aoi":"middle","fill":"#f97316","fill-opacity":0.5,"stroke":"#c2410c","stroke-width":1.1},"geometry":{"type":"Polygon","coordinates":[[[85.18059,27.98894],[85.18084,27.98908],[85.18115,27.98908],[85.1815,27.9893],[85.1814,27.98957],[85.18145,27.98962],[85.18155,27.98953],[85.18171,27.98957],[85.18171,27.98993],[85.1815,27.99002],[85.18155,27.99007],[85.18176,27.99007],[85.18186,27.98998],[85.18196,27.99007],[85.18216,27.99007],[85.18232,27.9902],[85.18232,27.99047],[85.18222,27.99056],[85.18222,27.99074],[85.18206,27.99079],[85.18186,27.99061],[85.18181,27.99065],[85.18191,27.99074],[85.18196,27.99097],[85.18206,27.99088],[85.18232,27.99092],[85.18222,27.99101],[85.18222,27.99128],[85.18201,27.99155],[85.18201,27.99182],[85.18186,27.99204],[85.1815,27.99227],[85.18186,27.99231],[85.18201,27.99245],[85.18201,27.99281],[85.18191,27.9929],[85.18191,27.99299],[85.18201,27.99308],[85.18196,27.99321],[85.18176,27.99321],[85.1816,27.99308],[85.1816,27.99272],[85.18135,27.99249],[85.1812,27.99245],[85.1812,27.99209],[85.1813,27.992],[85.1813,27.99191],[85.1812,27.99182],[85.1812,27.99164],[85.1811,27.99155],[85.1811,27.99128],[85.18099,27.99119],[85.18099,27.99083],[85.1811,27.99074],[85.18099,27.99065],[85.18099,27.98984],[85.18074,27.98962],[85.18059,27.98957],[85.18059,27.9893],[85.18038,27.98903],[85.18043,27.9889],[85.18059,27.98894]],[[85.18135,27.99115],[85.1813,27.99137],[85.18145,27.99141],[85.1815,27.99128],[85.18135,27.99115]],[[85.18155,27.99097],[85.1815,27.99101],[85.18166,27.99124],[85.18181,27.9911],[85.18155,27.99097]],[[85.18145,27.9907],[85.1814,27.99074],[85.18145,27.99088],[85.1815,27.99083],[85.18145,27.9907]]]}},{"type":"Feature","properties":{"name":"Ground stripped or buried (Sentinel-2 change)","area_m2":1474,"aoi":"middle","fill":"#f97316","fill-opacity":0.5,"stroke":"#c2410c","stroke-width":1.1},"geometry":{"type":"Polygon","coordinates":[[[85.18059,27.98768],[85.18079,27.98795],[85.18074,27.98809],[85.18054,27.98809],[85.18028,27.98777],[85.18043,27.98764],[85.18059,27.98768]]]}},{"type":"Feature","properties":{"name":"Ground stripped or buried (Sentinel-2 change)","area_m2":80579,"aoi":"middle","fill":"#f97316","fill-opacity":0.5,"stroke":"#c2410c","stroke-width":1.1},"geometry":{"type":"Polygon","coordinates":[[[85.18008,27.98202],[85.18008,27.98238],[85.18018,27.98247],[85.18008,27.98274],[85.18018,27.98283],[85.18018,27.98319],[85.18038,27.98328],[85.18028,27.98337],[85.18028,27.98373],[85.18013,27.98377],[85.18003,27.98368],[85.17998,27.98373],[85.18008,27.98382],[85.17998,27.98391],[85.17998,27.98409],[85.18008,27.98418],[85.18008,27.98463],[85.18018,27.98472],[85.18018,27.98589],[85.18008,27.98598],[85.18008,27.98616],[85.17998,27.98625],[85.17998,27.98652],[85.17987,27.98661],[85.17998,27.9867],[85.17998,27.98777],[85.17982,27.98782],[85.17967,27.98768],[85.17967,27.98724],[85.17947,27.98706],[85.17947,27.98643],[85.17937,27.98634],[85.17937,27.98616],[85.17931,27.98611],[85.17921,27.9862],[85.17906,27.98616],[85.17906,27.98607],[85.17916,27.98598],[85.17906,27.98589],[85.17906,27.9858],[85.17926,27.98571],[85.17926,27.98562],[85.17906,27.98544],[85.17906,27.98508],[85.17896,27.98499],[85.17896,27.98481],[85.17875,27.98454],[85.17875,27.984],[85.1786,27.98395],[85.1785,27.98404],[85.1783,27.98404],[85.17819,27.98413],[85.17779,27.98413],[85.17748,27.98395],[85.17707,27.98395],[85.17697,27.98386],[85.17677,27.98386],[85.17667,27.98377],[85.17636,27.98377],[85.17626,27.98386],[85.17585,27.98386],[85.17575,27.98395],[85.17565,27.98395],[85.17555,27.98386],[85.17545,27.98386],[85.17519,27.98364],[85.17519,27.98292],[85.17524,27.98288],[85.17555,27.98306],[85.17565,27.98306],[85.17575,27.98314],[85.17595,27.98314],[85.17626,27.98332],[85.17646,27.98332],[85.17667,27.9835],[85.17677,27.98341],[85.17697,27.98341],[85.17707,27.98332],[85.17769,27.98332],[85.17819,27.98297],[85.1784,27.98297],[85.17855,27.98319],[85.17835,27.98337],[85.17855,27.98346],[85.17845,27.98373],[85.17891,27.98377],[85.17901,27.98386],[85.17906,27.98373],[85.17937,27.98346],[85.17937,27.98292],[85.17916,27.98274],[85.17937,27.98256],[85.17937,27.98238],[85.17967,27.98211],[85.17972,27.98198],[85.18008,27.98202]]]}},{"type":"Feature","properties":{"name":"Ground stripped or buried (Sentinel-2 change)","area_m2":226610,"aoi":"middle","fill":"#f97316","fill-opacity":0.5,"stroke":"#c2410c","stroke-width":1.1},"geometry":{"type":"Polygon","coordinates":[[[85.18425,27.97366],[85.18461,27.97398],[85.18471,27.97398],[85.18501,27.97416],[85.18532,27.97416],[85.18542,27.97425],[85.18563,27.97425],[85.18568,27.97429],[85.18568,27.97456],[85.18552,27.97469],[85.18542,27.9746],[85.18532,27.97487],[85.18522,27.97478],[85.18501,27.97478],[85.18496,27.97483],[85.18507,27.97492],[85.18501,27.97496],[85.18461,27.97496],[85.18445,27.97483],[85.1844,27.9746],[85.18405,27.97465],[85.18405,27.97483],[85.18395,27.97492],[85.18405,27.97501],[85.18395,27.9751],[85.18395,27.97555],[85.18384,27.97564],[85.18395,27.97573],[85.18395,27.97582],[85.18384,27.97591],[85.18384,27.97618],[85.18369,27.97622],[85.18344,27.97645],[85.18344,27.97654],[85.18334,27.97663],[85.18334,27.97681],[85.18303,27.97726],[85.18303,27.97753],[85.18293,27.97762],[85.18293,27.97789],[85.18283,27.97798],[85.18283,27.97816],[85.18262,27.97843],[85.18262,27.97887],[85.18252,27.97896],[85.18252,27.97914],[85.18262,27.97923],[85.18262,27.97932],[85.18252,27.97941],[85.18252,27.97977],[85.18237,27.97991],[85.18211,27.97995],[85.18222,27.98022],[85.18211,27.98031],[85.18201,27.98058],[85.18181,27.98076],[85.18181,27.98139],[85.1815,27.98175],[85.1815,27.98193],[85.1814,27.98202],[85.1814,27.98229],[85.18125,27.98234],[85.1811,27.98256],[85.18115,27.9827],[85.18155,27.9827],[85.18171,27.98283],[85.18171,27.98328],[85.18191,27.98346],[85.18191,27.98364],[85.18211,27.98382],[85.18211,27.98391],[85.18283,27.98418],[85.18283,27.98436],[85.18272,27.98445],[85.18272,27.98463],[85.18262,27.98472],[85.18272,27.98481],[85.18272,27.98526],[85.18283,27.98535],[85.18283,27.98661],[85.18293,27.9867],[85.18293,27.98688],[85.18303,27.98697],[85.18293,27.98706],[85.18293,27.98732],[85.18303,27.98741],[85.18303,27.9875],[85.18293,27.98759],[85.18293,27.98795],[85.18323,27.98822],[85.18323,27.9884],[85.18354,27.98885],[85.18354,27.98903],[85.18328,27.98908],[85.18308,27.9889],[85.18293,27.98885],[85.18293,27.98858],[85.18288,27.98854],[85.18283,27.98876],[85.18272,27.98885],[85.18288,27.9889],[85.18303,27.98912],[85.18303,27.98921],[85.18288,27.98926],[85.18227,27.9889],[85.18206,27.9889],[85.18171,27.98858],[85.1816,27.98831],[85.1814,27.98813],[85.1814,27.98804],[85.1811,27.98795],[85.1811,27.98768],[85.18079,27.98732],[85.18079,27.98706],[85.18059,27.98679],[85.18059,27.98652],[85.18069,27.98643],[85.18069,27.98589],[85.18079,27.9858],[85.18079,27.98481],[85.18089,27.98472],[85.18089,27.98436],[85.18079,27.98427],[85.18079,27.98346],[85.18069,27.98337],[85.18069,27.9831],[85.18059,27.98301],[85.18059,27.98238],[85.18048,27.98229],[85.18048,27.98202],[85.18059,27.98193],[85.18059,27.98184],[85.18048,27.98175],[85.18059,27.98166],[85.18059,27.98139],[85.18089,27.9813],[85.18089,27.98112],[85.18099,27.98103],[85.18099,27.98094],[85.18089,27.98085],[85.18089,27.98058],[85.18104,27.98036],[85.18115,27.98036],[85.1813,27.98022],[85.1813,27.98013],[85.1814,27.98004],[85.1814,27.97968],[85.1816,27.97941],[85.1816,27.97914],[85.18181,27.97887],[85.18181,27.9787],[85.18191,27.97861],[85.18191,27.97834],[85.18201,27.97825],[85.18201,27.97771],[85.18211,27.97762],[85.18211,27.97726],[85.18222,27.97717],[85.18222,27.97699],[85.18232,27.9769],[85.18232,27.97645],[85.18242,27.97636],[85.18252,27.97591],[85.18262,27.97582],[85.18262,27.97564],[85.18272,27.97555],[85.18272,27.97528],[85.18293,27.97501],[85.18293,27.97492],[85.18313,27.97474],[85.18323,27.97447],[85.18344,27.97429],[85.18354,27.97402],[85.18369,27.97389],[85.18389,27.97389],[85.18395,27.97375],[85.1841,27.97362],[85.18425,27.97366]],[[85.18176,27.98638],[85.18171,27.98643],[85.18176,27.98647],[85.18181,27.98643],[85.18176,27.98638]],[[85.18176,27.98575],[85.18171,27.9858],[85.18176,27.98584],[85.18181,27.9858],[85.18176,27.98575]],[[85.18308,27.9764],[85.18293,27.97654],[85.18298,27.97676],[85.18303,27.97654],[85.18313,27.97645],[85.18308,27.9764]],[[85.18349,27.97577],[85.18344,27.97582],[85.18349,27.97586],[85.18354,27.97582],[85.18349,27.97577]],[[85.18339,27.97496],[85.18334,27.97501],[85.18339,27.97505],[85.18344,27.97501],[85.18339,27.97496]],[[85.18471,27.9746],[85.18466,27.97465],[85.18471,27.97469],[85.18476,27.97465],[85.18471,27.9746]],[[85.18491,27.9746],[85.18486,27.97465],[85.18491,27.97469],[85.18496,27.97465],[85.18491,27.9746]],[[85.18389,27.97442],[85.18384,27.97447],[85.18389,27.97451],[85.18395,27.97447],[85.18389,27.97442]]]}},{"type":"Feature","properties":{"name":"Ground stripped or buried (Sentinel-2 change)","area_m2":50665,"aoi":"middle","fill":"#f97316","fill-opacity":0.5,"stroke":"#c2410c","stroke-width":1.1},"geometry":{"type":"Polygon","coordinates":[[[85.1868,27.97294],[85.187,27.97303],[85.187,27.97339],[85.18705,27.97344],[85.18746,27.97344],[85.18766,27.97362],[85.18776,27.97353],[85.18802,27.97366],[85.18792,27.97393],[85.18771,27.97402],[85.18776,27.97425],[85.18797,27.97407],[85.18807,27.97416],[85.18812,27.97411],[85.18812,27.97393],[85.18827,27.97371],[85.18837,27.97371],[85.18853,27.97384],[85.18853,27.97402],[85.18842,27.97411],[85.18842,27.97429],[85.18822,27.97456],[85.18822,27.97474],[85.18792,27.97519],[85.18792,27.97537],[85.18776,27.9755],[85.18766,27.9755],[85.18725,27.97514],[85.18715,27.97514],[85.18695,27.97496],[85.18664,27.97487],[85.18624,27.97451],[85.18608,27.97456],[85.18654,27.97496],[85.18669,27.97501],[85.18669,27.9751],[85.187,27.97537],[85.187,27.97546],[85.18751,27.97582],[85.18751,27.976],[85.18736,27.97613],[85.18725,27.97613],[85.1869,27.97582],[85.1869,27.97573],[85.18659,27.97555],[85.18654,27.97541],[85.18644,27.97541],[85.18634,27.97532],[85.18613,27.97532],[85.18603,27.97541],[85.18593,27.97532],[85.18573,27.97532],[85.18547,27.97519],[85.18557,27.97492],[85.18573,27.97478],[85.18583,27.97487],[85.18588,27.97483],[85.18578,27.97474],[85.18578,27.97465],[85.18598,27.97447],[85.18598,27.9742],[85.18629,27.97402],[85.18629,27.97393],[85.18608,27.97375],[85.18608,27.97348],[85.18619,27.97339],[85.18619,27.9733],[85.18649,27.97312],[85.18654,27.9729],[85.1868,27.97294]],[[85.18756,27.97371],[85.18731,27.97402],[85.18736,27.97407],[85.18761,27.97384],[85.18756,27.97371]]]}},{"type":"Feature","properties":{"name":"Ground stripped or buried (Sentinel-2 change)","area_m2":279447,"aoi":"middle","fill":"#f97316","fill-opacity":0.5,"stroke":"#c2410c","stroke-width":1.1},"geometry":{"type":"Polygon","coordinates":[[[85.18048,27.97006],[85.18074,27.97011],[85.18084,27.9702],[85.18115,27.9702],[85.18125,27.97029],[85.18155,27.97029],[85.18166,27.97038],[85.18196,27.97038],[85.18206,27.97047],[85.18247,27.97047],[85.18257,27.97056],[85.18278,27.97056],[85.18288,27.97065],[85.18318,27.97074],[85.18379,27.97119],[85.18389,27.97119],[85.18395,27.97132],[85.18415,27.9715],[85.18415,27.97186],[85.18405,27.97195],[85.18405,27.97213],[85.18415,27.97222],[85.18415,27.97231],[85.18405,27.9724],[85.18405,27.97267],[85.18384,27.97276],[85.18384,27.97285],[85.18364,27.97303],[85.18364,27.97312],[85.18313,27.97357],[85.18313,27.97366],[85.18293,27.97384],[85.18293,27.97393],[85.18272,27.97411],[85.18252,27.97456],[85.18211,27.97519],[85.18201,27.97564],[85.18191,27.97573],[85.18191,27.97591],[85.18181,27.976],[85.18181,27.97636],[85.18171,27.97645],[85.18171,27.97726],[85.1816,27.97735],[85.1816,27.9778],[85.1814,27.97807],[85.1814,27.97843],[85.1813,27.97852],[85.1813,27.9787],[85.1811,27.97896],[85.1811,27.97932],[85.18079,27.97977],[85.18069,27.98022],[85.18038,27.98058],[85.18038,27.98076],[85.18018,27.98103],[85.18018,27.98139],[85.17998,27.98157],[85.17998,27.98166],[85.17992,27.98171],[85.17982,27.98162],[85.17972,27.98162],[85.17967,27.98166],[85.17967,27.98193],[85.17952,27.98207],[85.17942,27.98198],[85.17931,27.98198],[85.17906,27.9822],[85.17906,27.98238],[85.17875,27.98256],[85.17886,27.98265],[85.17881,27.9827],[85.1785,27.9827],[85.1784,27.98261],[85.1783,27.9827],[85.17809,27.9827],[85.17789,27.98288],[85.17769,27.98288],[85.17758,27.98297],[85.17728,27.98297],[85.17718,27.98306],[85.17657,27.98306],[85.17646,27.98297],[85.17626,27.98297],[85.17606,27.98314],[85.17601,27.98301],[85.17611,27.98292],[85.17611,27.98283],[85.17585,27.98279],[85.1757,27.98265],[85.17575,27.98243],[85.17585,27.98243],[85.17595,27.98234],[85.17636,27.98234],[85.17641,27.98229],[85.17631,27.9822],[85.17636,27.98216],[85.17667,27.98216],[85.17672,27.9822],[85.17672,27.98247],[85.17707,27.98252],[85.17718,27.98207],[85.17758,27.98207],[85.17784,27.98184],[85.17784,27.98175],[85.17794,27.98166],[85.17794,27.98148],[85.17804,27.98139],[85.17804,27.9813],[85.17794,27.98121],[85.17794,27.98103],[85.17799,27.98099],[85.17809,27.98108],[85.17825,27.98103],[85.17825,27.98094],[85.17814,27.98085],[85.17835,27.98058],[85.17835,27.9804],[85.17845,27.98031],[85.17855,27.98004],[85.17916,27.9795],[85.17921,27.97937],[85.17937,27.97932],[85.17926,27.97905],[85.17947,27.97887],[85.17947,27.9787],[85.17977,27.97843],[85.17977,27.97816],[85.17967,27.97807],[85.17992,27.97802],[85.18018,27.9778],[85.18018,27.97753],[85.18033,27.9773],[85.18043,27.97739],[85.18059,27.97735],[85.18059,27.97726],[85.18038,27.97708],[85.18038,27.97672],[85.18069,27.97645],[85.18069,27.97636],[85.1811,27.97591],[85.1811,27.97564],[85.1812,27.97555],[85.1812,27.97483],[85.18099,27.97456],[85.18099,27.97438],[85.18089,27.97429],[85.18099,27.9742],[85.18099,27.97411],[85.18079,27.97402],[85.18079,27.97375],[85.18069,27.97366],[85.18069,27.97348],[85.18059,27.97339],[85.18059,27.97312],[85.18048,27.97303],[85.18048,27.97294],[85.18059,27.97285],[85.18059,27.97258],[85.1813,27.97204],[85.1812,27.97195],[85.1812,27.97186],[85.18089,27.97159],[85.18089,27.9715],[85.18079,27.97141],[85.18079,27.97123],[85.18059,27.97096],[85.18048,27.97069],[85.18028,27.97051],[85.18028,27.97024],[85.18018,27.97015],[85.18018,27.97006],[85.18023,27.97002],[85.18048,27.97006]],[[85.1787,27.98108],[85.17865,27.98112],[85.1787,27.98126],[85.17875,27.98121],[85.1787,27.98108]],[[85.18074,27.97901],[85.18069,27.97905],[85.18074,27.9791],[85.18079,27.97905],[85.18074,27.97901]],[[85.17982,27.97892],[85.17967,27.97896],[85.17972,27.9791],[85.17987,27.97896],[85.17982,27.97892]]]}},{"type":"Feature","properties":{"name":"Ground stripped or buried (Sentinel-2 change)","area_m2":133369,"aoi":"middle","fill":"#f97316","fill-opacity":0.5,"stroke":"#c2410c","stroke-width":1.1},"geometry":{"type":"Polygon","coordinates":[[[85.17814,27.96638],[85.1783,27.96642],[85.17835,27.96656],[85.1785,27.9666],[85.17855,27.96674],[85.1787,27.96678],[85.17875,27.96692],[85.17891,27.96696],[85.17901,27.96714],[85.17931,27.96714],[85.17942,27.96732],[85.17972,27.96732],[85.17982,27.96714],[85.17992,27.96714],[85.18028,27.96746],[85.18028,27.96755],[85.18059,27.96773],[85.18059,27.96782],[85.18079,27.968],[85.18069,27.96827],[85.18115,27.96831],[85.1812,27.96845],[85.18135,27.96849],[85.1814,27.96863],[85.18155,27.96867],[85.18166,27.96885],[85.18278,27.96885],[85.18308,27.96903],[85.18339,27.96903],[85.18349,27.96921],[85.18379,27.96921],[85.18384,27.96935],[85.18405,27.96953],[85.1842,27.96957],[85.1843,27.96975],[85.18445,27.96979],[85.18445,27.97015],[85.18435,27.97024],[85.1844,27.97029],[85.18471,27.97029],[85.18481,27.97038],[85.18496,27.97024],[85.18501,27.97011],[85.18532,27.97011],[85.18542,27.97029],[85.18573,27.97029],[85.18583,27.97047],[85.18613,27.97047],[85.18624,27.97029],[85.18634,27.97038],[85.18669,27.97042],[85.18669,27.97051],[85.18639,27.97087],[85.18639,27.97123],[85.18608,27.97159],[85.18608,27.97213],[85.18547,27.97231],[85.18547,27.97249],[85.18557,27.97258],[85.18557,27.97294],[85.18568,27.97303],[85.18568,27.97321],[85.18557,27.9733],[85.18557,27.97339],[85.18568,27.97348],[85.18568,27.97357],[85.18557,27.97366],[85.18568,27.97375],[85.18568,27.97393],[85.18563,27.97398],[85.18552,27.97389],[85.18532,27.97389],[85.18522,27.9738],[85.18512,27.9738],[85.18466,27.97339],[85.18466,27.9733],[85.18456,27.97321],[85.18456,27.97303],[85.18445,27.97294],[85.18445,27.97276],[85.18461,27.97272],[85.18466,27.97258],[85.18481,27.97245],[85.18496,27.9724],[85.18496,27.97141],[85.18471,27.97137],[85.18435,27.97105],[85.18435,27.97087],[85.18405,27.97069],[85.18405,27.9706],[85.18379,27.97038],[85.18369,27.97038],[85.18359,27.97029],[85.18339,27.97029],[85.18334,27.97024],[85.18344,27.97015],[85.18323,27.97006],[85.18318,27.96993],[85.18308,27.96993],[85.18298,27.96975],[85.18267,27.96975],[85.18257,27.96957],[85.18227,27.96957],[85.18216,27.96966],[85.18176,27.96966],[85.18166,27.96957],[85.18104,27.96957],[85.18084,27.96939],[85.18033,27.9693],[85.18003,27.96903],[85.17992,27.96912],[85.17982,27.96903],[85.17962,27.96903],[85.17942,27.96885],[85.17901,27.96885],[85.17855,27.96845],[85.17855,27.96836],[85.17865,27.96827],[85.17845,27.96809],[85.1784,27.96795],[85.17825,27.96791],[85.17835,27.96782],[85.17825,27.96773],[85.17825,27.96755],[85.17845,27.96746],[85.17845,27.96728],[85.17835,27.96719],[85.17835,27.96701],[85.17794,27.96665],[85.17794,27.96647],[85.17784,27.96638],[85.17789,27.96633],[85.17814,27.96638]],[[85.18501,27.97281],[85.18496,27.97285],[85.18501,27.9729],[85.18507,27.97285],[85.18501,27.97281]],[[85.18512,27.97101],[85.18507,27.97123],[85.18517,27.97132],[85.18517,27.9715],[85.18532,27.97155],[85.18537,27.9715],[85.18527,27.97141],[85.18527,27.97123],[85.18512,27.97101]],[[85.18461,27.97074],[85.18456,27.97087],[85.18481,27.97101],[85.18486,27.97096],[85.18461,27.97074]],[[85.18501,27.97074],[85.18496,27.97078],[85.18501,27.97092],[85.18507,27.97087],[85.18501,27.97074]],[[85.18522,27.97074],[85.18517,27.97078],[85.18522,27.97083],[85.18527,27.97078],[85.18522,27.97074]],[[85.18379,27.96948],[85.18369,27.96948],[85.18354,27.96971],[85.18369,27.96984],[85.18384,27.96979],[85.18384,27.96953],[85.18379,27.96948]],[[85.18278,27.96903],[85.18272,27.96908],[85.18278,27.96912],[85.18283,27.96908],[85.18278,27.96903]]]}},{"type":"Feature","properties":{"name":"Ground stripped or buried (Sentinel-2 change)","area_m2":255035,"aoi":"middle","fill":"#f97316","fill-opacity":0.5,"stroke":"#c2410c","stroke-width":1.1},"geometry":{"type":"Polygon","coordinates":[[[85.17071,27.9635],[85.17097,27.96364],[85.17127,27.96364],[85.17148,27.96382],[85.17158,27.96373],[85.17209,27.96382],[85.17214,27.96386],[85.17214,27.96395],[85.17204,27.96404],[85.17209,27.96409],[85.17239,27.96409],[85.17249,27.964],[85.17254,27.96413],[85.1727,27.96418],[85.17285,27.96404],[85.1729,27.96391],[85.173,27.964],[85.17351,27.96409],[85.17372,27.96427],[85.17387,27.96431],[85.17392,27.96454],[85.17422,27.96445],[85.17433,27.96454],[85.17453,27.96454],[85.17463,27.96463],[85.17494,27.96463],[85.17514,27.96481],[85.17534,27.96481],[85.17565,27.96507],[85.17595,27.96516],[85.17611,27.96548],[85.17626,27.96561],[85.17651,27.96566],[85.17641,27.96575],[85.17682,27.96611],[85.17682,27.9662],[85.17702,27.96638],[85.17713,27.96665],[85.17733,27.96683],[85.17733,27.96692],[85.17753,27.96719],[85.17743,27.96728],[85.17763,27.96755],[85.17763,27.96791],[85.17784,27.968],[85.17784,27.96827],[85.17814,27.96863],[85.17814,27.9689],[85.17825,27.96899],[85.17825,27.96908],[85.1784,27.96921],[85.1787,27.96921],[85.17901,27.96948],[85.17911,27.96948],[85.17942,27.96966],[85.17962,27.96966],[85.17972,27.96975],[85.17982,27.96975],[85.17998,27.96988],[85.17998,27.97006],[85.17992,27.97011],[85.17982,27.97002],[85.17962,27.97002],[85.17952,27.96993],[85.17942,27.96993],[85.17931,27.97002],[85.17911,27.97002],[85.17901,27.96993],[85.17881,27.96993],[85.1787,27.97002],[85.1783,27.97002],[85.17799,27.96984],[85.17789,27.96984],[85.17779,27.96993],[85.17753,27.96971],[85.17748,27.96948],[85.17738,27.96948],[85.17728,27.96957],[85.17697,27.9693],[85.17667,27.96939],[85.17657,27.96921],[85.17646,27.96939],[85.17636,27.9693],[85.17626,27.9693],[85.17611,27.96917],[85.17601,27.9689],[85.1758,27.96872],[85.1758,27.96854],[85.1757,27.96845],[85.1757,27.96836],[85.17504,27.96786],[85.17412,27.96777],[85.17402,27.96768],[85.17382,27.96768],[85.17372,27.96777],[85.17351,27.96777],[85.17341,27.96768],[85.173,27.96768],[85.17295,27.96764],[85.17295,27.96746],[85.17305,27.96737],[85.17305,27.96701],[85.173,27.96696],[85.1729,27.96741],[85.1726,27.96732],[85.17219,27.96696],[85.17198,27.96696],[85.17183,27.96683],[85.17178,27.96669],[85.17168,27.96669],[85.17153,27.96656],[85.17153,27.96629],[85.17163,27.9662],[85.17163,27.96611],[85.17153,27.96602],[85.17153,27.96566],[85.17143,27.96557],[85.17143,27.9653],[85.17163,27.96512],[85.17117,27.96507],[85.17112,27.96503],[85.17122,27.96494],[85.17122,27.96485],[85.17107,27.96472],[85.17097,27.96472],[85.17087,27.96454],[85.17076,27.96454],[85.17071,27.96467],[85.17081,27.96476],[85.17081,27.96485],[85.17036,27.96516],[85.1702,27.96503],[85.1702,27.96476],[85.17,27.96458],[85.17,27.96422],[85.1701,27.96413],[85.17,27.96404],[85.17,27.96377],[85.17005,27.96373],[85.17015,27.96382],[85.17036,27.96382],[85.17066,27.96346],[85.17071,27.9635]],[[85.17626,27.96714],[85.17621,27.96719],[85.17626,27.96723],[85.17631,27.96719],[85.17626,27.96714]],[[85.17188,27.96516],[85.17173,27.96521],[85.17193,27.9653],[85.17204,27.96557],[85.17219,27.96561],[85.17224,27.96557],[85.17224,27.9653],[85.17198,27.96525],[85.17188,27.96516]],[[85.17148,27.96445],[85.17143,27.96449],[85.17148,27.96454],[85.17153,27.96449],[85.17148,27.96445]],[[85.17168,27.96409],[85.17143,27.96413],[85.17168,27.96418],[85.17173,27.96413],[85.17168,27.96409]]]}},{"type":"Feature","properties":{"name":"Ground stripped or buried (Sentinel-2 change)","area_m2":1374,"aoi":"middle","fill":"#f97316","fill-opacity":0.5,"stroke":"#c2410c","stroke-width":1.1},"geometry":{"type":"Polygon","coordinates":[[[85.17407,27.96332],[85.17407,27.9635],[85.17417,27.96359],[85.17412,27.96364],[85.17382,27.96364],[85.17366,27.96341],[85.17372,27.96328],[85.17407,27.96332]]]}},{"type":"Feature","properties":{"name":"Ground stripped or buried (Sentinel-2 change)","area_m2":1824,"aoi":"middle","fill":"#f97316","fill-opacity":0.5,"stroke":"#c2410c","stroke-width":1.1},"geometry":{"type":"Polygon","coordinates":[[[85.1702,27.96305],[85.17031,27.96314],[85.17031,27.9635],[85.17015,27.96364],[85.17005,27.96364],[85.17,27.96359],[85.17,27.96305],[85.17005,27.96301],[85.1702,27.96305]]]}},{"type":"Feature","properties":{"name":"Ground stripped or buried (Sentinel-2 change)","area_m2":54650,"aoi":"middle","fill":"#f97316","fill-opacity":0.5,"stroke":"#c2410c","stroke-width":1.1},"geometry":{"type":"Polygon","coordinates":[[[85.1701,27.95874],[85.17041,27.95883],[85.17041,27.95919],[85.17051,27.95928],[85.17051,27.95946],[85.17092,27.95982],[85.17092,27.9599],[85.17102,27.95999],[85.17102,27.96017],[85.17143,27.96053],[85.17143,27.96062],[85.17163,27.9608],[85.17163,27.96089],[85.17204,27.96134],[85.17204,27.96152],[85.17224,27.9617],[85.17224,27.96188],[85.17219,27.96193],[85.17209,27.96184],[85.17204,27.96188],[85.17219,27.96202],[85.17229,27.96193],[85.17239,27.96193],[85.17244,27.96197],[85.17234,27.96206],[85.17234,27.96215],[85.17249,27.96229],[85.1726,27.96229],[85.1727,27.9622],[85.17285,27.96233],[85.17285,27.96242],[85.17295,27.96251],[85.17295,27.96269],[85.17305,27.96278],[85.17316,27.96305],[85.17331,27.9631],[85.17346,27.96332],[85.17346,27.96341],[85.17331,27.96355],[85.17321,27.96355],[85.17305,27.96341],[85.173,27.96319],[85.1729,27.96328],[85.1728,27.96328],[85.1726,27.9631],[85.17249,27.9631],[85.17239,27.96301],[85.17219,27.96301],[85.17204,27.96287],[85.17204,27.96278],[85.17229,27.96256],[85.17244,27.96251],[85.17239,27.96238],[85.17229,27.96238],[85.17219,27.96247],[85.17209,27.96238],[85.17158,27.96238],[85.17148,27.9622],[85.17107,27.9622],[85.17087,27.96202],[85.17076,27.96202],[85.17061,27.9617],[85.17066,27.96166],[85.17087,27.96166],[85.17097,27.96175],[85.17102,27.9617],[85.17076,27.96139],[85.17066,27.96157],[85.17056,27.96157],[85.17046,27.96148],[85.17015,27.96148],[85.17005,27.96157],[85.17,27.96152],[85.17,27.96098],[85.1701,27.96089],[85.17,27.9608],[85.17,27.95874],[85.17005,27.95869],[85.1701,27.95874]],[[85.1728,27.96256],[85.17275,27.9626],[85.1728,27.96265],[85.17285,27.9626],[85.1728,27.96256]],[[85.17025,27.96103],[85.1702,27.96107],[85.17025,27.96112],[85.17031,27.96107],[85.17025,27.96103]]]}},{"type":"Feature","properties":{"name":"Ground stripped or buried (Sentinel-2 change)","area_m2":8546,"aoi":"bidur","fill":"#f97316","fill-opacity":0.5,"stroke":"#c2410c","stroke-width":1.1},"geometry":{"type":"Polygon","coordinates":[[[85.1807,27.98897],[85.18106,27.98901],[85.18126,27.98919],[85.18146,27.98919],[85.18151,27.98924],[85.18141,27.98933],[85.18141,27.98969],[85.18146,27.98973],[85.18156,27.98964],[85.18172,27.98978],[85.18172,27.98987],[85.18156,27.99],[85.18106,27.99],[85.181,27.98996],[85.181,27.98978],[85.18085,27.98973],[85.1806,27.98951],[85.1806,27.98942],[85.1805,27.98933],[85.1805,27.98915],[85.18039,27.98906],[85.18045,27.98892],[85.1807,27.98897]]]}},{"type":"Feature","properties":{"name":"Ground stripped or buried (Sentinel-2 change)","area_m2":12362,"aoi":"bidur","fill":"#f97316","fill-opacity":0.5,"stroke":"#c2410c","stroke-width":1.1},"geometry":{"type":"Polygon","coordinates":[[[85.18599,27.97442],[85.18604,27.97456],[85.18614,27.97456],[85.1868,27.97514],[85.1868,27.97523],[85.187,27.97541],[85.18705,27.97554],[85.18716,27.97545],[85.18736,27.97563],[85.18746,27.97554],[85.18751,27.97559],[85.18751,27.97604],[85.18736,27.97617],[85.18726,27.97617],[85.187,27.97595],[85.187,27.97586],[85.1866,27.9755],[85.18655,27.97536],[85.18594,27.97536],[85.18583,27.97527],[85.18548,27.97523],[85.18558,27.97496],[85.18589,27.97478],[85.18578,27.97469],[85.18589,27.9746],[85.18589,27.97442],[85.18594,27.97438],[85.18599,27.97442]]]}},{"type":"Feature","properties":{"name":"Ground stripped or buried (Sentinel-2 change)","area_m2":223109,"aoi":"bidur","fill":"#f97316","fill-opacity":0.5,"stroke":"#c2410c","stroke-width":1.1},"geometry":{"type":"Polygon","coordinates":[[[85.18426,27.97361],[85.18426,27.9737],[85.18451,27.97393],[85.18461,27.97393],[85.18512,27.9742],[85.18563,27.97429],[85.18568,27.97451],[85.18533,27.97456],[85.18528,27.9746],[85.18538,27.97469],[85.18522,27.97483],[85.18512,27.97483],[85.18497,27.97469],[85.18492,27.97456],[85.18472,27.97456],[85.18451,27.97474],[85.18431,27.97456],[85.18405,27.9746],[85.18405,27.97478],[85.18395,27.97487],[85.18395,27.9755],[85.18385,27.97559],[85.18385,27.97577],[85.18395,27.97586],[85.18385,27.97595],[85.18385,27.97613],[85.18334,27.97658],[85.18334,27.97685],[85.18304,27.97721],[85.18304,27.97747],[85.18294,27.97756],[85.18294,27.97783],[85.18283,27.97792],[85.18283,27.9781],[85.18263,27.97837],[85.18263,27.97882],[85.18253,27.97891],[85.18253,27.97918],[85.18263,27.97927],[85.18263,27.97936],[85.18253,27.97945],[85.18253,27.97981],[85.18238,27.97994],[85.18228,27.97994],[85.18217,27.97985],[85.18202,27.97999],[85.18233,27.98008],[85.18222,27.98017],[85.18212,27.98044],[85.18182,27.98071],[85.18182,27.9808],[85.18172,27.98089],[85.18182,27.98098],[85.18182,27.98134],[85.18141,27.98196],[85.18141,27.98232],[85.18111,27.98241],[85.18111,27.98268],[85.18116,27.98273],[85.18156,27.98273],[85.18172,27.98286],[85.18172,27.98322],[85.18156,27.98327],[85.18151,27.9834],[85.18167,27.98345],[85.18177,27.98327],[85.18192,27.9834],[85.18192,27.98367],[85.18212,27.98385],[85.18212,27.98394],[85.18238,27.98407],[85.18268,27.98407],[85.18283,27.98421],[85.18283,27.98439],[85.18273,27.98448],[85.18273,27.98466],[85.18263,27.98475],[85.18273,27.98484],[85.18273,27.98529],[85.18283,27.98538],[85.18283,27.98663],[85.18304,27.9869],[85.18294,27.98699],[85.18294,27.98735],[85.18304,27.98744],[85.18294,27.98753],[85.18294,27.98798],[85.18324,27.98825],[85.18324,27.98843],[85.18355,27.98888],[85.18355,27.98906],[85.18329,27.9891],[85.18309,27.98892],[85.18299,27.98892],[85.18289,27.98856],[85.18273,27.98888],[85.18294,27.98897],[85.18278,27.9891],[85.18258,27.9891],[85.18238,27.98892],[85.18217,27.98892],[85.18207,27.98883],[85.18197,27.98883],[85.18172,27.98861],[85.18151,27.98816],[85.18136,27.98802],[85.18111,27.98798],[85.18111,27.98771],[85.1809,27.98762],[85.1809,27.98744],[85.1808,27.98735],[85.1808,27.98708],[85.1806,27.98681],[85.1806,27.98663],[85.1807,27.98654],[85.1806,27.98645],[85.1807,27.98636],[85.1807,27.98574],[85.1808,27.98565],[85.1808,27.98475],[85.1809,27.98466],[85.1809,27.98439],[85.1808,27.9843],[85.1808,27.98349],[85.1807,27.9834],[85.1807,27.98313],[85.1806,27.98304],[85.1806,27.9825],[85.1805,27.98241],[85.1805,27.98196],[85.1806,27.98187],[85.1805,27.98178],[85.1805,27.98169],[85.1806,27.98161],[85.1806,27.98134],[85.18065,27.98129],[85.18075,27.98138],[85.1809,27.98125],[85.1809,27.98107],[85.1808,27.98098],[85.1808,27.98089],[85.1809,27.9808],[85.1809,27.98062],[85.18106,27.98039],[85.18121,27.98035],[85.18121,27.98026],[85.18141,27.97999],[85.18141,27.9799],[85.18131,27.97981],[85.18161,27.97936],[85.18161,27.97918],[85.18182,27.97891],[85.18182,27.97873],[85.18192,27.97864],[85.18192,27.97837],[85.18202,27.97828],[85.18202,27.97765],[85.18212,27.97756],[85.18212,27.97721],[85.18222,27.97712],[85.18222,27.97694],[85.18233,27.97685],[85.18233,27.9764],[85.18243,27.97631],[85.18253,27.97586],[85.18263,27.97577],[85.18263,27.97559],[85.18273,27.9755],[85.18273,27.97523],[85.18294,27.97505],[85.18294,27.97487],[85.18334,27.97442],[85.18355,27.97397],[85.1838,27.97393],[85.18411,27.97357],[85.18426,27.97361]],[[85.18177,27.98641],[85.18172,27.98645],[85.18177,27.9865],[85.18182,27.98645],[85.18177,27.98641]],[[85.18177,27.98596],[85.18172,27.986],[85.18177,27.98605],[85.18182,27.986],[85.18177,27.98596]],[[85.18217,27.97967],[85.18212,27.97972],[85.18217,27.97976],[85.18222,27.97972],[85.18217,27.97967]],[[85.18309,27.97635],[85.18294,27.97649],[85.18299,27.97671],[85.18304,27.97649],[85.18314,27.9764],[85.18309,27.97635]],[[85.18339,27.97581],[85.18334,27.97586],[85.18339,27.9759],[85.18344,27.97586],[85.18339,27.97581]],[[85.18339,27.97501],[85.18334,27.97505],[85.18339,27.9751],[85.18344,27.97505],[85.18339,27.97501]],[[85.1838,27.97438],[85.18375,27.97442],[85.1839,27.97456],[85.18395,27.97451],[85.1838,27.97438]]]}},{"type":"Feature","properties":{"name":"Ground stripped or buried (Sentinel-2 change)","area_m2":40177,"aoi":"bidur","fill":"#f97316","fill-opacity":0.5,"stroke":"#c2410c","stroke-width":1.1},"geometry":{"type":"Polygon","coordinates":[[[85.187,27.97299],[85.187,27.97334],[85.18705,27.97339],[85.18746,27.97339],[85.18756,27.97357],[85.18766,27.97357],[85.18777,27.97348],[85.18817,27.97375],[85.18827,27.97366],[85.18838,27.97366],[85.18843,27.97388],[85.18853,27.97397],[85.18843,27.97406],[85.18843,27.97424],[85.18822,27.97451],[85.18822,27.97469],[85.18792,27.97514],[85.18792,27.97532],[85.18777,27.97554],[85.18766,27.97554],[85.18685,27.97492],[85.18655,27.97483],[85.18599,27.97433],[85.18599,27.97415],[85.18614,27.97402],[85.18624,27.97411],[85.1865,27.97406],[85.18619,27.97388],[85.18619,27.97379],[85.18609,27.9737],[85.18609,27.97343],[85.1865,27.97316],[85.18655,27.97294],[85.187,27.97299]],[[85.18777,27.97402],[85.18772,27.97406],[85.18777,27.9742],[85.18782,27.97415],[85.18777,27.97402]],[[85.18817,27.97402],[85.18812,27.97406],[85.18817,27.97411],[85.18822,27.97406],[85.18817,27.97402]],[[85.18756,27.97375],[85.18731,27.97397],[85.18736,27.97402],[85.18751,27.97397],[85.18751,27.97388],[85.18761,27.97379],[85.18756,27.97375]]]}},{"type":"Feature","properties":{"name":"Ground stripped or buried (Sentinel-2 change)","area_m2":355039,"aoi":"bidur","fill":"#f97316","fill-opacity":0.5,"stroke":"#c2410c","stroke-width":1.1},"geometry":{"type":"Polygon","coordinates":[[[85.18039,27.97002],[85.18065,27.97007],[85.18095,27.97025],[85.18146,27.97025],[85.18156,27.97034],[85.18228,27.97043],[85.18238,27.97052],[85.18289,27.97061],[85.18309,27.97079],[85.18339,27.97087],[85.1838,27.97123],[85.1839,27.97123],[85.18405,27.97137],[85.18405,27.97146],[85.18416,27.97155],[85.18416,27.97164],[85.18405,27.97173],[85.18405,27.97209],[85.18416,27.97218],[85.18405,27.97227],[85.18405,27.97263],[85.18385,27.97272],[85.18375,27.97299],[85.18314,27.97352],[85.18314,27.97361],[85.18294,27.97379],[85.18283,27.97406],[85.18263,27.97424],[85.18243,27.97469],[85.18212,27.97514],[85.18202,27.97559],[85.18192,27.97568],[85.18192,27.97586],[85.18182,27.97595],[85.18182,27.97631],[85.18172,27.9764],[85.18172,27.97721],[85.18151,27.97738],[85.18161,27.97765],[85.18151,27.97774],[85.18151,27.97792],[85.18141,27.97801],[85.18141,27.97837],[85.18131,27.97846],[85.18121,27.97891],[85.18111,27.979],[85.18111,27.97927],[85.1809,27.97954],[85.1808,27.97999],[85.1807,27.98008],[85.1806,27.98035],[85.18029,27.98071],[85.18029,27.98089],[85.18019,27.98098],[85.18019,27.98134],[85.18009,27.98143],[85.18009,27.98152],[85.17994,27.98165],[85.17984,27.98165],[85.17973,27.98156],[85.17968,27.98161],[85.17968,27.98187],[85.17984,27.98201],[85.18009,27.98205],[85.18009,27.98241],[85.18019,27.9825],[85.18019,27.98259],[85.18009,27.98268],[85.18009,27.98286],[85.18019,27.98295],[85.18019,27.98349],[85.18029,27.98358],[85.18024,27.9838],[85.18014,27.9838],[85.18004,27.98372],[85.17999,27.98376],[85.17999,27.98421],[85.18009,27.9843],[85.18009,27.98457],[85.18019,27.98466],[85.18019,27.98583],[85.18009,27.98591],[85.18009,27.98609],[85.17999,27.98618],[85.17999,27.98663],[85.17989,27.98672],[85.17999,27.98681],[85.17999,27.98726],[85.17989,27.98735],[85.17989,27.98744],[85.17999,27.98753],[85.17999,27.9878],[85.17984,27.98794],[85.17968,27.9878],[85.17968,27.98726],[85.17948,27.98708],[85.17948,27.98672],[85.17938,27.98663],[85.17948,27.98654],[85.17948,27.98645],[85.17938,27.98636],[85.17938,27.98618],[85.17933,27.98614],[85.17923,27.98623],[85.17907,27.98618],[85.17907,27.98583],[85.17928,27.98565],[85.17907,27.98538],[85.17907,27.98511],[85.17897,27.98502],[85.17897,27.98484],[85.17877,27.98457],[85.17877,27.98394],[85.17872,27.98389],[85.17851,27.98407],[85.1776,27.98407],[85.1775,27.98398],[85.17719,27.98398],[85.17689,27.9838],[85.17638,27.9838],[85.17628,27.98389],[85.17618,27.98389],[85.17607,27.9838],[85.17597,27.98389],[85.17546,27.98389],[85.17531,27.98367],[85.17531,27.98304],[85.17546,27.983],[85.17557,27.98309],[85.17577,27.98309],[85.17607,27.98327],[85.17618,27.98327],[85.17628,27.98336],[85.17648,27.98336],[85.17658,27.98345],[85.17699,27.98345],[85.17704,27.9834],[85.17694,27.98331],[85.17699,27.98327],[85.1775,27.98327],[85.1776,27.98336],[85.1777,27.98336],[85.17775,27.98322],[85.1779,27.98318],[85.17811,27.983],[85.17841,27.983],[85.17856,27.98313],[85.17846,27.98322],[85.17846,27.9834],[85.17856,27.98349],[85.17846,27.98358],[85.17851,27.9838],[85.17862,27.9838],[85.17872,27.98372],[85.17882,27.9838],[85.17902,27.9838],[85.17907,27.98367],[85.17938,27.98349],[85.17938,27.98295],[85.17917,27.98277],[85.17917,27.98268],[85.17938,27.9825],[85.17938,27.98232],[85.17968,27.98214],[85.17963,27.98201],[85.17953,27.98201],[85.17943,27.98192],[85.17917,27.98205],[85.17907,27.98232],[85.17867,27.98259],[85.17862,27.98273],[85.17851,27.98264],[85.17821,27.98264],[85.1778,27.98291],[85.1775,27.98291],[85.1774,27.983],[85.17709,27.983],[85.17699,27.98309],[85.17689,27.983],[85.17618,27.983],[85.17607,27.98309],[85.17602,27.98295],[85.17612,27.98286],[85.17592,27.98277],[85.17592,27.98268],[85.17607,27.98246],[85.17623,27.98241],[85.17628,27.98228],[85.17638,27.98228],[85.17648,27.98237],[85.17658,27.98228],[85.17668,27.98246],[85.17699,27.98246],[85.17709,27.9821],[85.1774,27.9821],[85.1775,27.98201],[85.1776,27.98201],[85.17785,27.98178],[85.17785,27.98169],[85.17795,27.98161],[85.17795,27.98143],[85.17806,27.98134],[85.17795,27.98125],[85.17795,27.98107],[85.17801,27.98102],[85.17811,27.98111],[85.17826,27.98098],[85.17816,27.98089],[85.17816,27.9808],[85.17836,27.98053],[85.17836,27.98035],[85.17887,27.97981],[85.17887,27.97972],[85.17907,27.97963],[85.17917,27.97936],[85.17938,27.97927],[85.17928,27.97918],[85.17928,27.97909],[85.17948,27.97891],[85.17948,27.97864],[85.17978,27.97846],[85.17978,27.9781],[85.17968,27.97801],[85.17994,27.97797],[85.18019,27.97774],[85.18019,27.97747],[85.18034,27.97734],[85.1806,27.9773],[85.18039,27.97712],[85.18039,27.97667],[85.18111,27.97595],[85.18111,27.97559],[85.18121,27.9755],[85.18121,27.97478],[85.181,27.9746],[85.181,27.97433],[85.1809,27.97424],[85.181,27.97415],[85.1808,27.97406],[85.1808,27.97379],[85.1807,27.9737],[85.1807,27.97343],[85.1806,27.97334],[85.1806,27.97307],[85.1805,27.97299],[85.1805,27.9729],[85.1806,27.97281],[85.1806,27.97254],[85.18075,27.97249],[85.18131,27.97209],[85.18121,27.972],[85.18121,27.97182],[85.1809,27.97164],[85.1809,27.97155],[85.1808,27.97146],[85.1808,27.97119],[85.1806,27.97101],[85.1806,27.97083],[85.18029,27.97056],[85.18029,27.9702],[85.18019,27.97011],[85.18019,27.97002],[85.18024,27.96998],[85.18039,27.97002]],[[85.17872,27.98111],[85.17856,27.98116],[85.17872,27.9812],[85.17877,27.98116],[85.17872,27.98111]],[[85.18075,27.97896],[85.1807,27.979],[85.18075,27.97905],[85.1808,27.979],[85.18075,27.97896]],[[85.17973,27.97887],[85.17968,27.97891],[85.17973,27.97905],[85.17978,27.979],[85.17973,27.97887]]]}},{"type":"Feature","properties":{"name":"Ground stripped or buried (Sentinel-2 change)","area_m2":125676,"aoi":"bidur","fill":"#f97316","fill-opacity":0.5,"stroke":"#c2410c","stroke-width":1.1},"geometry":{"type":"Polygon","coordinates":[[[85.17795,27.96616],[85.17816,27.96625],[85.17816,27.96643],[85.17831,27.96647],[85.17841,27.96665],[85.17856,27.9667],[85.17856,27.96697],[85.17872,27.96701],[85.17882,27.96719],[85.17933,27.96719],[85.17943,27.96737],[85.17973,27.96737],[85.17984,27.96719],[85.17994,27.96719],[85.18014,27.96737],[85.18024,27.96737],[85.18029,27.96751],[85.1806,27.96778],[85.1806,27.96787],[85.1807,27.96796],[85.1806,27.96823],[85.18075,27.96836],[85.18085,27.96836],[85.18095,27.96827],[85.18116,27.96827],[85.18121,27.96841],[85.18136,27.96845],[85.18141,27.96858],[85.18156,27.96863],[85.18167,27.96881],[85.18197,27.96881],[85.18207,27.96899],[85.18238,27.96899],[85.18248,27.9689],[85.18258,27.9689],[85.18273,27.96903],[85.18278,27.96917],[85.18289,27.96899],[85.18339,27.96899],[85.1835,27.96917],[85.1838,27.96917],[85.18385,27.96939],[85.18411,27.96962],[85.18426,27.96966],[85.18416,27.96975],[85.18436,27.96984],[85.18436,27.97029],[85.18441,27.97034],[85.18472,27.97034],[85.18482,27.97043],[85.18497,27.97029],[85.18502,27.97016],[85.18533,27.97016],[85.18543,27.97034],[85.18573,27.97034],[85.18583,27.97052],[85.18655,27.97052],[85.1866,27.97056],[85.18639,27.97083],[85.18639,27.97119],[85.18609,27.97155],[85.18609,27.97209],[85.18573,27.97213],[85.18563,27.97204],[85.18548,27.97227],[85.18548,27.97254],[85.18558,27.97263],[85.18558,27.97299],[85.18568,27.97307],[85.18568,27.97325],[85.18558,27.97334],[85.18558,27.9737],[85.18533,27.97384],[85.18502,27.97375],[85.18466,27.97343],[85.18466,27.97334],[85.18456,27.97325],[85.18456,27.97307],[85.18446,27.97299],[85.18446,27.97272],[85.18466,27.97263],[85.18472,27.97249],[85.18497,27.97245],[85.18497,27.97146],[85.18461,27.97132],[85.18446,27.97101],[85.1838,27.97043],[85.1837,27.97043],[85.1835,27.97025],[85.18339,27.97025],[85.18329,27.97007],[85.18314,27.97002],[85.18309,27.96989],[85.18294,27.96984],[85.18304,27.96975],[85.18299,27.96971],[85.18268,27.96971],[85.18258,27.96953],[85.18228,27.96953],[85.18217,27.96971],[85.18207,27.96962],[85.18167,27.96962],[85.18156,27.96953],[85.18106,27.96953],[85.18075,27.96935],[85.18024,27.96926],[85.18014,27.96908],[85.17984,27.96908],[85.17943,27.96881],[85.17933,27.96881],[85.17923,27.9689],[85.17912,27.96881],[85.17892,27.96881],[85.17856,27.9685],[85.17856,27.96823],[85.17816,27.96778],[85.17831,27.96755],[85.17846,27.96751],[85.17846,27.96733],[85.17836,27.96724],[85.17836,27.96697],[85.17806,27.96679],[85.17785,27.96634],[85.17775,27.96625],[85.1778,27.96612],[85.17795,27.96616]],[[85.18502,27.97276],[85.18497,27.97281],[85.18502,27.97294],[85.18507,27.9729],[85.18502,27.97276]],[[85.18512,27.97213],[85.18507,27.97218],[85.18512,27.97222],[85.18517,27.97218],[85.18512,27.97213]],[[85.18553,27.97132],[85.18538,27.97146],[85.18543,27.9715],[85.18558,27.97137],[85.18553,27.97132]],[[85.18522,27.97079],[85.18517,27.97083],[85.18522,27.97087],[85.18528,27.97083],[85.18522,27.97079]],[[85.18461,27.9707],[85.18456,27.97083],[85.18482,27.97105],[85.18492,27.97096],[85.18507,27.97101],[85.18507,27.97128],[85.18517,27.97137],[85.18522,27.97159],[85.18528,27.97155],[85.18528,27.97128],[85.18517,27.97119],[85.18517,27.97101],[85.18507,27.97092],[85.18507,27.97083],[85.18502,27.97079],[85.18492,27.97087],[85.18482,27.97087],[85.18461,27.9707]],[[85.1837,27.96944],[85.18355,27.96948],[85.18355,27.96966],[85.1837,27.96989],[85.18385,27.96975],[85.18385,27.96957],[85.1837,27.96944]]]}},{"type":"Feature","properties":{"name":"Ground stripped or buried (Sentinel-2 change)","area_m2":1670,"aoi":"bidur","fill":"#f97316","fill-opacity":0.5,"stroke":"#c2410c","stroke-width":1.1},"geometry":{"type":"Polygon","coordinates":[[[85.17409,27.96329],[85.17409,27.96347],[85.17419,27.96356],[85.17419,27.96365],[85.17384,27.96369],[85.17368,27.96338],[85.17384,27.96324],[85.17409,27.96329]]]}},{"type":"Feature","properties":{"name":"Ground stripped or buried (Sentinel-2 change)","area_m2":102563,"aoi":"bidur","fill":"#f97316","fill-opacity":0.5,"stroke":"#c2410c","stroke-width":1.1},"geometry":{"type":"Polygon","coordinates":[[[85.1688,27.95736],[85.16921,27.95772],[85.16921,27.95781],[85.16931,27.9579],[85.16921,27.95799],[85.16921,27.95853],[85.16931,27.95862],[85.16931,27.95871],[85.16936,27.95875],[85.17028,27.95875],[85.17043,27.95889],[85.17043,27.95925],[85.17053,27.95934],[85.17053,27.95943],[85.17084,27.95969],[85.17114,27.96032],[85.17129,27.96037],[85.17135,27.9605],[85.17165,27.96077],[85.17165,27.96095],[85.17185,27.96104],[85.17216,27.96167],[85.17246,27.96194],[85.17236,27.96203],[85.17236,27.96221],[85.17272,27.96225],[85.17307,27.96266],[85.17297,27.96275],[85.17307,27.96284],[85.17307,27.96293],[85.17318,27.96302],[85.17318,27.96311],[85.17333,27.96315],[85.17348,27.96338],[85.17348,27.96347],[85.17333,27.9636],[85.17323,27.96351],[85.17297,27.96347],[85.17307,27.96338],[85.17302,27.96315],[85.17297,27.96329],[85.17282,27.96333],[85.17251,27.96306],[85.17221,27.96297],[85.17206,27.96284],[85.17206,27.96275],[85.17231,27.96252],[85.17246,27.96248],[85.17231,27.96234],[85.17221,27.96243],[85.17211,27.96234],[85.1716,27.96234],[85.1715,27.96216],[85.17119,27.96216],[85.17109,27.96225],[85.17053,27.96176],[85.17053,27.96149],[85.17048,27.96145],[85.16977,27.96145],[85.16967,27.96136],[85.16957,27.96136],[85.16916,27.961],[85.16901,27.96095],[85.16901,27.96068],[85.1688,27.96059],[85.16891,27.9605],[85.16891,27.96023],[85.1688,27.96014],[85.1688,27.96005],[85.16891,27.95996],[85.16891,27.95969],[85.1687,27.9596],[85.1687,27.95934],[85.1685,27.95925],[85.1685,27.9588],[85.1683,27.95871],[85.1683,27.95826],[85.16809,27.95817],[85.16809,27.95799],[85.16819,27.9579],[85.16799,27.95781],[85.16799,27.95754],[85.16804,27.95749],[85.16814,27.95758],[85.16819,27.95754],[85.16824,27.95731],[85.16875,27.95731],[85.1688,27.95736]],[[85.17079,27.96154],[85.17074,27.96158],[85.17079,27.96163],[85.17084,27.96158],[85.17079,27.96154]],[[85.17028,27.96109],[85.17023,27.96113],[85.17028,27.96127],[85.17033,27.96122],[85.17028,27.96109]],[[85.16936,27.96082],[85.16931,27.96086],[85.16936,27.96091],[85.16941,27.96086],[85.16936,27.96082]],[[85.17007,27.96082],[85.16992,27.96086],[85.17007,27.961],[85.17013,27.96095],[85.17007,27.96082]],[[85.16977,27.96055],[85.16941,27.96059],[85.16957,27.96091],[85.16982,27.96077],[85.16977,27.96055]],[[85.17038,27.95983],[85.17033,27.95987],[85.17038,27.95992],[85.17043,27.95987],[85.17038,27.95983]],[[85.17018,27.95956],[85.17002,27.9596],[85.17018,27.95965],[85.17023,27.9596],[85.17018,27.95956]],[[85.16906,27.95875],[85.16901,27.9588],[85.16906,27.95884],[85.16911,27.9588],[85.16906,27.95875]],[[85.16845,27.95803],[85.1684,27.95817],[85.16855,27.9583],[85.1687,27.95826],[85.16845,27.95803]]]}},{"type":"Feature","properties":{"name":"Ground stripped or buried (Sentinel-2 change)","area_m2":387164,"aoi":"bidur","fill":"#f97316","fill-opacity":0.5,"stroke":"#c2410c","stroke-width":1.1},"geometry":{"type":"Polygon","coordinates":[[[85.16291,27.95565],[85.16367,27.95606],[85.16408,27.95606],[85.16418,27.95615],[85.16448,27.95615],[85.16479,27.95633],[85.16499,27.95633],[85.16509,27.95642],[85.1653,27.95642],[85.1654,27.95651],[85.16591,27.9566],[85.16657,27.957],[85.16687,27.95763],[85.16718,27.9579],[85.16728,27.95817],[85.16748,27.95844],[85.16748,27.95862],[85.16809,27.9596],[85.16809,27.95969],[85.16819,27.95978],[85.16819,27.96014],[85.1683,27.96023],[85.1683,27.96059],[85.1687,27.96122],[85.1687,27.96131],[85.1686,27.9614],[85.16875,27.96145],[85.16901,27.96167],[85.16901,27.96176],[85.16921,27.96203],[85.16921,27.96221],[85.16931,27.9623],[85.16921,27.96239],[85.16931,27.96248],[85.16926,27.96252],[85.16906,27.96252],[85.16896,27.96243],[85.16891,27.96257],[85.16921,27.96284],[85.16941,27.96329],[85.16957,27.96342],[85.16972,27.96329],[85.16952,27.9632],[85.16952,27.96311],[85.16931,27.96284],[85.16936,27.9627],[85.16957,27.9627],[85.16977,27.96288],[85.17007,27.96297],[85.17033,27.9632],[85.17033,27.96347],[85.17013,27.96365],[85.17018,27.96378],[85.17048,27.96378],[85.17058,27.96351],[85.17079,27.96351],[85.17089,27.9636],[85.17119,27.9636],[85.1714,27.96378],[85.1719,27.96378],[85.17206,27.96392],[85.17211,27.96414],[85.17231,27.96414],[85.17241,27.96405],[85.17272,27.96414],[85.17292,27.96396],[85.17312,27.96396],[85.17353,27.96423],[85.17384,27.96432],[85.17389,27.96436],[85.17379,27.96445],[85.17394,27.96459],[85.17414,27.96441],[85.17424,27.9645],[85.17445,27.9645],[85.17455,27.96459],[85.17485,27.96459],[85.17506,27.96477],[85.17526,27.96477],[85.17557,27.96504],[85.17587,27.96513],[85.17592,27.96526],[85.17612,27.96544],[85.17612,27.96553],[85.17694,27.96625],[85.17704,27.96652],[85.17724,27.9667],[85.17734,27.96697],[85.17745,27.96706],[85.17745,27.96724],[85.17755,27.96733],[85.17755,27.9676],[85.17765,27.96769],[85.17765,27.96787],[85.17785,27.96805],[85.17785,27.96832],[85.17816,27.96876],[85.17816,27.96894],[85.17826,27.96903],[85.17826,27.96912],[85.17841,27.96926],[85.17872,27.96926],[85.17902,27.96953],[85.17923,27.96953],[85.17953,27.96971],[85.17973,27.96971],[85.17989,27.96984],[85.17989,27.97002],[85.17984,27.97007],[85.17973,27.96998],[85.17851,27.96998],[85.17841,27.97007],[85.17811,27.96989],[85.1778,27.96989],[85.1777,27.9698],[85.1776,27.9698],[85.17755,27.96957],[85.1774,27.96944],[85.17729,27.96953],[85.17699,27.96935],[85.17668,27.96935],[85.17658,27.96926],[85.17648,27.96926],[85.17638,27.96935],[85.17582,27.96876],[85.17562,27.96823],[85.17546,27.96818],[85.17506,27.96782],[85.17455,27.96782],[85.17445,27.96773],[85.17323,27.96773],[85.17297,27.9676],[85.17297,27.96751],[85.17282,27.96737],[85.17272,27.96737],[85.17241,27.9671],[85.17211,27.96701],[85.1717,27.96665],[85.1716,27.96665],[85.17155,27.96661],[85.17155,27.96625],[85.17165,27.96616],[85.17155,27.96607],[85.17155,27.96562],[85.17135,27.96544],[85.17145,27.96535],[85.17145,27.96517],[85.17114,27.96499],[85.17114,27.9649],[85.17124,27.96481],[85.17119,27.96477],[85.17109,27.96477],[85.17089,27.96459],[85.17079,27.96459],[85.17074,27.96472],[85.17084,27.96481],[85.17084,27.9649],[85.17079,27.96495],[85.17068,27.96486],[85.17058,27.96504],[85.17028,27.96513],[85.17023,27.96508],[85.17023,27.96481],[85.16997,27.96459],[85.16982,27.96454],[85.16992,27.96445],[85.16977,27.96432],[85.16946,27.96423],[85.16916,27.96405],[85.16906,27.96414],[85.16885,27.96414],[85.16875,27.96405],[85.16865,27.96405],[85.1684,27.96383],[85.1684,27.96302],[85.1683,27.96293],[85.1684,27.96284],[85.1684,27.96257],[85.1685,27.96248],[85.1683,27.96239],[85.1683,27.96221],[85.16809,27.96203],[85.16819,27.96194],[85.16819,27.96185],[85.1685,27.96158],[85.1685,27.96149],[85.16845,27.96145],[85.16835,27.96154],[85.16819,27.96149],[85.16819,27.96113],[85.16799,27.96086],[85.16789,27.96059],[85.16769,27.9605],[85.16769,27.96032],[85.16728,27.95978],[85.16708,27.95925],[85.16682,27.95902],[85.16631,27.95884],[85.16601,27.95866],[85.1657,27.95866],[85.1656,27.95857],[85.1655,27.95857],[85.16499,27.95812],[85.16479,27.95812],[85.16438,27.95785],[85.16418,27.95785],[85.16377,27.95758],[85.16367,27.95758],[85.16321,27.95718],[85.16321,27.95709],[85.16311,27.957],[85.16311,27.95682],[85.16301,27.95673],[85.16311,27.95664],[85.16311,27.95619],[85.1628,27.95592],[85.1628,27.95583],[85.1627,27.95574],[85.16275,27.95561],[85.16291,27.95565]],[[85.17302,27.96701],[85.17297,27.96706],[85.17302,27.96719],[85.17307,27.96715],[85.17302,27.96701]],[[85.17211,27.96522],[85.17185,27.96526],[85.17196,27.96535],[85.17196,27.96553],[85.17211,27.96567],[85.17226,27.96544],[85.17226,27.96535],[85.17211,27.96522]],[[85.16997,27.96405],[85.16992,27.96409],[85.16997,27.96423],[85.17002,27.96418],[85.16997,27.96405]],[[85.1717,27.96405],[85.17135,27.96409],[85.1717,27.96414],[85.17175,27.96409],[85.1717,27.96405]],[[85.16631,27.95776],[85.16626,27.95781],[85.16631,27.95785],[85.16636,27.95781],[85.16631,27.95776]],[[85.16377,27.95642],[85.16352,27.95646],[85.16367,27.95651],[85.16387,27.95669],[85.16408,27.95669],[85.16458,27.95696],[85.16474,27.95691],[85.16397,27.9566],[85.16377,27.95642]]]}},{"type":"Feature","properties":{"name":"Ground stripped or buried (Sentinel-2 change)","area_m2":15209,"aoi":"bidur","fill":"#f97316","fill-opacity":0.5,"stroke":"#c2410c","stroke-width":1.1},"geometry":{"type":"Polygon","coordinates":[[[85.16179,27.95493],[85.16219,27.95529],[85.16225,27.95543],[85.16235,27.95534],[85.16245,27.95543],[85.16255,27.95543],[85.1626,27.95556],[85.1623,27.95574],[85.1623,27.95583],[85.16219,27.95592],[85.16219,27.9561],[85.16199,27.95637],[85.16199,27.95664],[85.16164,27.95696],[85.16143,27.95696],[85.16133,27.95705],[85.16123,27.95705],[85.16108,27.95691],[85.16108,27.95682],[85.16118,27.95673],[85.16118,27.95655],[85.16138,27.95637],[85.16138,27.95619],[85.16169,27.95574],[85.16169,27.95556],[85.16158,27.95547],[85.16158,27.95511],[85.16148,27.95502],[85.16148,27.95493],[85.16153,27.95489],[85.16179,27.95493]]]}},{"type":"Feature","properties":{"name":"Ground stripped or buried (Sentinel-2 change)","area_m2":12741,"aoi":"bidur","fill":"#f97316","fill-opacity":0.5,"stroke":"#c2410c","stroke-width":1.1},"geometry":{"type":"Polygon","coordinates":[[[85.16413,27.95341],[85.16423,27.9535],[85.16423,27.95368],[85.16438,27.95381],[85.16448,27.95381],[85.16464,27.95404],[85.16453,27.95431],[85.16464,27.9544],[85.16464,27.95458],[85.16474,27.95467],[85.16474,27.95475],[85.16494,27.95493],[85.16494,27.9552],[85.16504,27.95529],[85.16499,27.95543],[85.16438,27.95543],[85.16423,27.9552],[85.16423,27.95467],[85.16413,27.95458],[85.16403,27.95413],[85.16392,27.95404],[85.16392,27.95386],[85.16382,27.95377],[85.16382,27.9535],[85.16372,27.95341],[85.16377,27.95336],[85.16387,27.95336],[85.16397,27.95345],[85.16408,27.95336],[85.16413,27.95341]]]}},{"type":"Feature","properties":{"name":"Ground stripped or buried (Sentinel-2 change)","area_m2":78318,"aoi":"bidur","fill":"#f97316","fill-opacity":0.5,"stroke":"#c2410c","stroke-width":1.1},"geometry":{"type":"Polygon","coordinates":[[[85.16342,27.94739],[85.16362,27.94748],[85.16362,27.94793],[85.16382,27.94802],[85.16382,27.94829],[85.16397,27.94833],[85.16408,27.94851],[85.16433,27.94856],[85.16433,27.94865],[85.16392,27.94901],[85.16392,27.94973],[85.16382,27.94982],[85.16382,27.95035],[85.16372,27.95044],[85.16372,27.95143],[85.16362,27.95152],[85.16362,27.95197],[85.16382,27.95206],[85.16372,27.95215],[85.16372,27.95224],[85.16392,27.95251],[85.16392,27.95305],[85.16372,27.95323],[85.16362,27.9535],[85.16372,27.95359],[85.16372,27.95386],[85.16382,27.95395],[85.16382,27.95413],[85.16392,27.95422],[85.16403,27.95467],[85.16413,27.95475],[85.16413,27.95502],[85.16397,27.95525],[85.16377,27.95525],[85.16367,27.95507],[85.16316,27.95507],[85.16275,27.95471],[85.16265,27.95471],[85.1624,27.95449],[85.1624,27.9544],[85.1623,27.95431],[85.1626,27.95404],[85.1626,27.95395],[85.1627,27.95386],[85.1627,27.95368],[85.1628,27.95359],[85.1628,27.95323],[85.1627,27.95314],[85.1628,27.95305],[85.1628,27.95197],[85.1627,27.95188],[85.1627,27.95179],[85.1628,27.9517],[85.1628,27.95152],[85.1627,27.95143],[85.1627,27.95107],[85.1628,27.95098],[85.1627,27.95089],[85.1628,27.9508],[85.1628,27.95044],[85.16291,27.95035],[85.16291,27.95008],[85.16301,27.94999],[85.16301,27.94937],[85.16316,27.94923],[85.16342,27.94919],[85.16342,27.94874],[85.16321,27.94865],[85.16331,27.94856],[85.16321,27.94847],[85.16331,27.94838],[85.16331,27.94829],[85.16321,27.9482],[85.16321,27.94802],[85.16311,27.94793],[85.16321,27.94784],[85.16321,27.94757],[85.16311,27.94748],[85.16326,27.94735],[85.16342,27.94739]],[[85.16357,27.953],[85.16352,27.95305],[85.16357,27.95327],[85.16362,27.95323],[85.16357,27.953]],[[85.16357,27.95264],[85.16352,27.95269],[85.16357,27.95282],[85.16362,27.95278],[85.16357,27.95264]],[[85.16367,27.95237],[85.16362,27.95242],[85.16367,27.95255],[85.16372,27.95251],[85.16367,27.95237]]]}},{"type":"Feature","properties":{"name":"Ground stripped or buried (Sentinel-2 change)","area_m2":3666,"aoi":"bidur","fill":"#f97316","fill-opacity":0.5,"stroke":"#c2410c","stroke-width":1.1},"geometry":{"type":"Polygon","coordinates":[[[85.15955,27.9464],[85.15991,27.94645],[85.16006,27.94658],[85.16006,27.94685],[85.16016,27.94694],[85.16001,27.94699],[85.1597,27.94681],[85.1594,27.94681],[85.15925,27.94667],[85.15925,27.94649],[85.1594,27.94636],[85.15955,27.9464]]]}},{"type":"Feature","properties":{"name":"Ground stripped or buried (Sentinel-2 change)","area_m2":8779,"aoi":"bidur","fill":"#f97316","fill-opacity":0.5,"stroke":"#c2410c","stroke-width":1.1},"geometry":{"type":"Polygon","coordinates":[[[85.15447,27.94056],[85.15462,27.9407],[85.15493,27.94079],[85.15498,27.94092],[85.15513,27.94097],[85.15518,27.9411],[85.15548,27.94137],[85.15533,27.94151],[85.15513,27.94151],[85.15503,27.94142],[85.15482,27.94142],[85.15472,27.94151],[85.15462,27.94151],[85.15452,27.94142],[85.15432,27.94142],[85.15416,27.94128],[85.15416,27.94101],[85.15406,27.94092],[85.15416,27.94083],[85.15416,27.94065],[85.15432,27.94052],[85.15447,27.94056]]]}},{"type":"Feature","properties":{"name":"Ground stripped or buried (Sentinel-2 change)","area_m2":58008,"aoi":"bidur","fill":"#f97316","fill-opacity":0.5,"stroke":"#c2410c","stroke-width":1.1},"geometry":{"type":"Polygon","coordinates":[[[85.15894,27.93886],[85.1593,27.9389],[85.15935,27.93904],[85.1595,27.93908],[85.15955,27.93922],[85.1597,27.93926],[85.15981,27.93944],[85.16011,27.93944],[85.16021,27.93935],[85.16026,27.93949],[85.16057,27.93967],[85.16057,27.93985],[85.16067,27.93994],[85.16067,27.94011],[85.16077,27.9402],[85.16077,27.94083],[85.16087,27.94092],[85.16052,27.94097],[85.16042,27.94088],[85.16031,27.94088],[85.16026,27.94101],[85.16047,27.94119],[85.16047,27.94128],[85.16067,27.94137],[85.16067,27.94182],[85.16087,27.94191],[85.16087,27.94236],[85.16108,27.94245],[85.16108,27.9429],[85.16128,27.94299],[85.16128,27.94326],[85.16148,27.94335],[85.16148,27.9438],[85.16169,27.94389],[85.16169,27.94416],[85.16189,27.94425],[85.16189,27.9447],[85.16209,27.94479],[85.16209,27.94514],[85.16204,27.94519],[85.16169,27.94505],[85.16169,27.94479],[85.16164,27.94474],[85.16128,27.9447],[85.16128,27.94461],[85.16108,27.94434],[85.16108,27.94407],[85.16097,27.94398],[85.16097,27.94389],[85.16092,27.94384],[85.16082,27.94393],[85.16077,27.94389],[85.16077,27.94353],[85.16047,27.94308],[85.16036,27.94263],[85.16016,27.94254],[85.16026,27.94245],[85.16006,27.94218],[85.16006,27.94191],[85.15996,27.94182],[85.15996,27.94164],[85.15975,27.94155],[85.15986,27.94146],[85.15965,27.94137],[85.15975,27.94128],[85.15965,27.94119],[85.15965,27.94101],[85.15945,27.94083],[85.15945,27.9402],[85.15935,27.94011],[85.15935,27.93985],[85.15914,27.93976],[85.15914,27.93949],[85.15894,27.9394],[85.15894,27.93904],[85.15884,27.93895],[85.15889,27.93881],[85.15894,27.93886]]]}},{"type":"Feature","properties":{"name":"Ground stripped or buried (Sentinel-2 change)","area_m2":1297,"aoi":"bidur","fill":"#f97316","fill-opacity":0.5,"stroke":"#c2410c","stroke-width":1.1},"geometry":{"type":"Polygon","coordinates":[[[85.15345,27.93832],[85.15335,27.93841],[85.15335,27.93868],[85.1533,27.93872],[85.1532,27.93872],[85.15304,27.93859],[85.15304,27.93841],[85.1532,27.93827],[85.15345,27.93832]]]}},{"type":"Feature","properties":{"name":"Ground stripped or buried (Sentinel-2 change)","area_m2":2719,"aoi":"bidur","fill":"#f97316","fill-opacity":0.5,"stroke":"#c2410c","stroke-width":1.1},"geometry":{"type":"Polygon","coordinates":[[[85.15365,27.93787],[85.15426,27.93823],[85.15426,27.9385],[85.15401,27.93854],[85.15391,27.93827],[85.15355,27.93814],[85.15345,27.93787],[85.1535,27.93782],[85.15365,27.93787]]]}},{"type":"Feature","properties":{"name":"Ground stripped or buried (Sentinel-2 change)","area_m2":19304,"aoi":"bidur","fill":"#f97316","fill-opacity":0.5,"stroke":"#c2410c","stroke-width":1.1},"geometry":{"type":"Polygon","coordinates":[[[85.1506,27.93643],[85.1506,27.93652],[85.1505,27.93661],[85.15065,27.93675],[85.15076,27.93666],[85.15106,27.93684],[85.15126,27.93684],[85.15142,27.93697],[85.15132,27.93706],[85.15137,27.93711],[85.15152,27.93697],[85.15152,27.93688],[85.15142,27.93679],[85.15147,27.93657],[85.15218,27.93684],[85.15233,27.93697],[85.15233,27.93706],[85.15198,27.93711],[85.15187,27.93693],[85.15182,27.93715],[85.15193,27.93724],[85.15177,27.93729],[85.15167,27.9372],[85.15162,27.93724],[85.15172,27.93733],[85.15162,27.9376],[85.15167,27.93764],[85.15177,27.93755],[85.15187,27.93764],[85.15198,27.93764],[85.15208,27.93755],[85.15233,27.93778],[85.15223,27.93787],[85.15238,27.93791],[85.15249,27.93782],[85.15259,27.938],[85.15279,27.938],[85.15289,27.93782],[85.15299,27.93782],[85.15325,27.93805],[85.15325,27.93814],[85.1531,27.93818],[85.15299,27.93836],[85.15289,27.93836],[85.15279,27.93827],[85.15269,27.93827],[85.15238,27.93845],[85.15223,27.93841],[85.15218,27.93827],[85.15208,27.93836],[85.15193,27.93796],[85.15167,27.93773],[85.15147,27.93773],[85.15121,27.93751],[85.15132,27.93742],[85.15132,27.93733],[85.15116,27.9372],[85.15106,27.9372],[85.15096,27.93729],[85.15076,27.93729],[85.15071,27.93715],[85.15055,27.93711],[85.1505,27.93697],[85.1501,27.9367],[85.1501,27.93661],[85.15035,27.93639],[85.1506,27.93643]]]}},{"type":"Feature","properties":{"name":"Ground stripped or buried (Sentinel-2 change)","area_m2":14067,"aoi":"bidur","fill":"#f97316","fill-opacity":0.5,"stroke":"#c2410c","stroke-width":1.1},"geometry":{"type":"Polygon","coordinates":[[[85.15742,27.93508],[85.15742,27.93535],[85.15752,27.93544],[85.15752,27.93625],[85.15757,27.9363],[85.15767,27.93621],[85.15772,27.93625],[85.15772,27.93679],[85.15752,27.93697],[85.15752,27.93724],[85.15747,27.93729],[85.15737,27.93729],[85.15721,27.93715],[85.15721,27.93688],[85.15711,27.93679],[85.15701,27.93634],[85.15691,27.93625],[85.15691,27.9358],[85.15681,27.93571],[85.15681,27.93535],[85.1567,27.93526],[85.15676,27.93504],[85.15686,27.93504],[85.15696,27.93513],[85.15726,27.93513],[85.15737,27.93504],[85.15742,27.93508]]]}},{"type":"Feature","properties":{"name":"Ground stripped or buried (Sentinel-2 change)","area_m2":3692,"aoi":"bidur","fill":"#f97316","fill-opacity":0.5,"stroke":"#c2410c","stroke-width":1.1},"geometry":{"type":"Polygon","coordinates":[[[85.15172,27.93014],[85.15213,27.93023],[85.15203,27.9305],[85.15187,27.93064],[85.15157,27.93064],[85.15132,27.9305],[85.15132,27.93014],[85.15137,27.9301],[85.15172,27.93014]]]}},{"type":"Feature","properties":{"name":"Ground stripped or buried (Sentinel-2 change)","area_m2":548514,"aoi":"bidur","fill":"#f97316","fill-opacity":0.5,"stroke":"#c2410c","stroke-width":1.1},"geometry":{"type":"Polygon","coordinates":[[[85.14776,27.92844],[85.14796,27.92853],[85.14786,27.92862],[85.14791,27.92866],[85.14821,27.92866],[85.14837,27.9288],[85.14837,27.92943],[85.14847,27.92952],[85.14847,27.9296],[85.14888,27.92996],[85.14877,27.93005],[85.14888,27.93014],[85.14888,27.93023],[85.14928,27.93059],[85.14928,27.93068],[85.14949,27.93095],[85.14949,27.93122],[85.14959,27.93131],[85.14959,27.9314],[85.14949,27.93149],[85.14938,27.93176],[85.14959,27.93194],[85.14959,27.93212],[85.14969,27.93221],[85.14969,27.93284],[85.14979,27.93293],[85.14969,27.93302],[85.14979,27.93311],[85.14979,27.93329],[85.1501,27.93356],[85.15015,27.93378],[85.15035,27.93378],[85.15055,27.93396],[85.15086,27.93405],[85.15096,27.93423],[85.15106,27.93414],[85.15147,27.93414],[85.15157,27.93405],[85.15167,27.93405],[85.15182,27.93392],[85.15182,27.93383],[85.15213,27.93356],[85.15213,27.93347],[85.15238,27.93324],[85.15254,27.9332],[85.15254,27.93293],[85.15315,27.93239],[85.15315,27.9323],[85.1536,27.93208],[85.15371,27.93208],[85.15381,27.93217],[85.15391,27.93208],[85.15401,27.93217],[85.15411,27.93217],[85.15426,27.9323],[85.15426,27.93239],[85.15467,27.93275],[85.15467,27.93284],[85.15487,27.93293],[85.15487,27.93302],[85.15498,27.93311],[85.15498,27.93338],[85.15508,27.93347],[85.15508,27.93365],[85.15518,27.93374],[85.15518,27.93437],[85.15528,27.93446],[85.15528,27.93473],[85.15538,27.93482],[85.15538,27.93499],[85.15559,27.93526],[85.15559,27.93544],[85.15579,27.93571],[85.15579,27.93589],[85.15609,27.93634],[85.15609,27.93661],[85.1563,27.93679],[85.1564,27.93706],[85.1565,27.93715],[85.1565,27.93733],[85.1567,27.9376],[85.1567,27.93769],[85.15691,27.93787],[85.15701,27.93814],[85.15731,27.93832],[85.15721,27.93841],[85.15721,27.9385],[85.15757,27.93881],[85.15772,27.93886],[85.15772,27.93904],[85.15782,27.93913],[85.15792,27.9394],[85.15813,27.93958],[85.15813,27.93976],[85.15838,27.9398],[85.15853,27.94002],[85.15853,27.9402],[85.15884,27.94065],[85.15884,27.94092],[85.15945,27.94191],[85.15945,27.94218],[85.15955,27.94227],[85.15965,27.94272],[85.15975,27.94281],[85.15975,27.94317],[85.15986,27.94326],[85.15986,27.94344],[85.15996,27.94353],[85.16006,27.94398],[85.16036,27.94434],[85.16036,27.94461],[85.16077,27.94514],[85.16077,27.94532],[85.16118,27.94541],[85.16118,27.9455],[85.16128,27.94559],[85.16128,27.94586],[85.16179,27.94631],[85.16179,27.9464],[85.16219,27.94667],[85.16219,27.94676],[85.1624,27.94694],[85.1624,27.94703],[85.16255,27.94708],[85.1627,27.9473],[85.1627,27.94766],[85.1628,27.94775],[85.1628,27.94784],[85.1624,27.94847],[85.1625,27.94856],[85.1625,27.94901],[85.1624,27.9491],[85.1624,27.94946],[85.1623,27.94955],[85.1623,27.95017],[85.16219,27.95026],[85.16219,27.95116],[85.1623,27.95125],[85.1623,27.95143],[85.16219,27.95152],[85.16219,27.95188],[85.1623,27.95197],[85.1623,27.95287],[85.1624,27.95296],[85.16225,27.953],[85.16209,27.95323],[85.16209,27.9535],[85.16199,27.95359],[85.16199,27.95404],[85.16184,27.95417],[85.16153,27.95417],[85.16143,27.95426],[85.16138,27.95422],[85.16138,27.95404],[85.16169,27.95368],[85.16158,27.95359],[85.16158,27.95305],[85.16169,27.95296],[85.16169,27.95278],[85.16179,27.95269],[85.16179,27.95242],[85.16169,27.95233],[85.16169,27.9508],[85.16158,27.95071],[85.16158,27.95044],[85.16169,27.95035],[85.16169,27.95017],[85.16158,27.95008],[85.16158,27.94964],[85.16128,27.94928],[85.16138,27.94919],[85.16138,27.9491],[85.16128,27.94901],[85.16138,27.94892],[85.16138,27.94883],[85.16118,27.94865],[85.16118,27.94838],[85.16097,27.9482],[85.16097,27.94802],[85.16087,27.94793],[85.16103,27.94788],[85.16113,27.94797],[85.16123,27.94797],[85.16128,27.94784],[85.16103,27.94752],[85.16092,27.94752],[85.16026,27.94703],[85.16026,27.94694],[85.16036,27.94685],[85.16006,27.9464],[85.16016,27.94613],[85.16026,27.94604],[85.16001,27.946],[85.15965,27.94559],[85.15965,27.9455],[85.1596,27.94546],[85.1595,27.94555],[85.15935,27.94532],[85.15935,27.94505],[85.15925,27.94497],[85.15925,27.94488],[85.1594,27.94474],[85.1595,27.94474],[85.1597,27.94492],[85.15986,27.94479],[85.15986,27.94443],[85.15996,27.94434],[85.15986,27.94425],[85.15986,27.94416],[85.1596,27.94393],[85.1595,27.94393],[85.1594,27.94411],[85.1593,27.94402],[85.1592,27.9442],[85.15894,27.94416],[85.15894,27.94407],[85.15874,27.94389],[85.15864,27.94344],[85.15853,27.94335],[85.15853,27.94299],[85.15843,27.9429],[85.15843,27.94245],[85.15818,27.94241],[85.15808,27.94232],[85.15798,27.94232],[85.15787,27.94241],[85.15782,27.94236],[85.15782,27.94191],[85.15803,27.94182],[85.15803,27.94173],[85.15843,27.94128],[85.15838,27.94124],[85.15808,27.94151],[85.15798,27.94151],[85.15782,27.94164],[85.15777,27.94178],[85.15737,27.94178],[85.15726,27.94187],[85.15721,27.94182],[85.15721,27.94164],[85.15731,27.94155],[85.15731,27.94119],[85.15711,27.94101],[85.15711,27.94038],[85.15691,27.94011],[85.15691,27.94002],[85.1567,27.93985],[85.1566,27.93958],[85.15635,27.93935],[85.15625,27.93935],[85.15569,27.93886],[85.15564,27.93872],[85.15554,27.93872],[85.15381,27.93729],[85.15371,27.93729],[85.1535,27.93711],[85.1534,27.93711],[85.15269,27.93648],[85.15238,27.93639],[85.15218,27.93621],[85.15208,27.93621],[85.15193,27.93589],[85.15198,27.93585],[85.15208,27.93594],[85.15233,27.9358],[85.15208,27.93558],[85.15198,27.93558],[85.15177,27.93576],[85.15167,27.93567],[85.15157,27.93576],[85.15116,27.93576],[85.15106,27.93558],[85.1506,27.93544],[85.1505,27.93535],[85.15045,27.93513],[85.15015,27.93513],[85.15004,27.93504],[85.14984,27.93504],[85.14954,27.93477],[85.14943,27.93477],[85.14933,27.93486],[85.14903,27.93486],[85.14893,27.93504],[85.14882,27.93504],[85.14867,27.9349],[85.14867,27.93464],[85.14857,27.93455],[85.14847,27.9341],[85.14837,27.93401],[85.14837,27.93365],[85.14806,27.93329],[85.14796,27.93284],[85.14776,27.93257],[85.14776,27.93239],[85.14766,27.9323],[85.14766,27.93194],[85.14755,27.93185],[85.14755,27.93149],[85.14745,27.9314],[85.14745,27.93113],[85.14735,27.93104],[85.14735,27.93077],[85.14715,27.9305],[85.14705,27.93023],[85.14674,27.93005],[85.14674,27.92987],[85.14699,27.92983],[85.14725,27.9296],[85.14715,27.92952],[85.14715,27.92943],[85.14725,27.92934],[85.14725,27.9288],[85.1476,27.92839],[85.14776,27.92844]],[[85.15909,27.94348],[85.15894,27.94353],[85.15899,27.94366],[85.15914,27.94362],[85.15909,27.94348]],[[85.15859,27.94223],[85.15843,27.94227],[85.15859,27.94232],[85.15864,27.94227],[85.15859,27.94223]],[[85.15655,27.93908],[85.1565,27.93913],[85.15655,27.93917],[85.1566,27.93913],[85.15655,27.93908]],[[85.15472,27.93666],[85.15467,27.9367],[85.15472,27.93684],[85.15508,27.93679],[85.15482,27.93675],[85.15472,27.93666]],[[85.15371,27.93639],[85.15355,27.93643],[85.1536,27.93657],[85.15376,27.93643],[85.15371,27.93639]],[[85.15411,27.93639],[85.15376,27.9367],[85.15381,27.93675],[85.15416,27.9367],[85.15416,27.93643],[85.15411,27.93639]],[[85.1532,27.9363],[85.15294,27.93634],[85.1531,27.93639],[85.1533,27.93657],[85.15345,27.93652],[85.1532,27.9363]],[[85.15259,27.93594],[85.15254,27.93598],[85.15259,27.93612],[85.15264,27.93607],[85.15259,27.93594]],[[85.15391,27.93558],[85.15376,27.93562],[85.15391,27.93567],[85.15396,27.93562],[85.15391,27.93558]],[[85.15299,27.93549],[85.15294,27.93553],[85.15299,27.93576],[85.15304,27.93571],[85.15299,27.93549]],[[85.1534,27.93531],[85.15335,27.93535],[85.1534,27.93549],[85.15345,27.93544],[85.1534,27.93531]],[[85.15421,27.93522],[85.15411,27.93522],[85.15396,27.93535],[85.15411,27.93549],[85.15421,27.9354],[85.15426,27.93544],[85.15426,27.93562],[85.15437,27.93571],[85.15437,27.9358],[85.15411,27.93585],[85.15401,27.93576],[85.15396,27.93598],[85.15411,27.93603],[85.15421,27.93594],[85.15432,27.93603],[85.15452,27.93603],[85.15457,27.93616],[85.15447,27.93625],[85.15482,27.9363],[85.15487,27.93616],[85.15477,27.93607],[85.15477,27.9358],[85.15467,27.93571],[85.15457,27.93544],[85.15432,27.9354],[85.15421,27.93522]],[[85.15126,27.93513],[85.15101,27.93526],[85.15106,27.93549],[85.15111,27.93535],[85.15132,27.93517],[85.15126,27.93513]],[[85.15299,27.93495],[85.15294,27.93499],[85.15299,27.93504],[85.15304,27.93499],[85.15299,27.93495]],[[85.15371,27.93486],[85.15355,27.93499],[85.1536,27.93513],[85.15376,27.93508],[85.15371,27.93486]],[[85.15299,27.9345],[85.15294,27.93464],[85.15274,27.93482],[85.15279,27.93486],[85.15304,27.93464],[85.15299,27.9345]],[[85.15279,27.93441],[85.15269,27.93441],[85.15254,27.93455],[85.15254,27.93464],[85.15259,27.93468],[85.15269,27.9345],[85.15284,27.93446],[85.15279,27.93441]],[[85.14852,27.93243],[85.14847,27.93248],[85.14852,27.93252],[85.14857,27.93248],[85.14852,27.93243]]]}},{"type":"Feature","properties":{"name":"Ground stripped or buried (Sentinel-2 change)","area_m2":125968,"aoi":"bidur","fill":"#f97316","fill-opacity":0.5,"stroke":"#c2410c","stroke-width":1.1},"geometry":{"type":"Polygon","coordinates":[[[85.15162,27.92565],[85.15162,27.9261],[85.15182,27.92619],[85.15182,27.92628],[85.15203,27.92646],[85.15203,27.92664],[85.15172,27.92691],[85.15172,27.92727],[85.15142,27.92745],[85.15142,27.92772],[85.15111,27.92808],[85.15111,27.92826],[85.15101,27.92835],[85.15101,27.92871],[85.15091,27.9288],[85.15091,27.92898],[85.15071,27.92925],[85.15071,27.92934],[85.15091,27.92952],[85.15091,27.92969],[85.15081,27.92978],[85.15081,27.9305],[85.15091,27.93059],[85.15091,27.93068],[85.15096,27.93073],[85.15147,27.93073],[85.15157,27.93082],[85.15177,27.93082],[85.15187,27.93073],[85.15198,27.93082],[85.15218,27.93082],[85.15228,27.93073],[85.15238,27.93073],[85.15249,27.93082],[85.15269,27.93082],[85.15274,27.93077],[85.15243,27.93059],[85.15243,27.9305],[85.15223,27.93032],[85.15238,27.93019],[85.15259,27.93019],[85.15269,27.93028],[85.15289,27.93028],[85.15294,27.9305],[85.1531,27.93055],[85.1532,27.93073],[85.15335,27.93077],[85.15325,27.93086],[85.1533,27.931],[85.15401,27.931],[85.15411,27.93091],[85.15432,27.93091],[85.15442,27.931],[85.15457,27.93086],[85.15462,27.93064],[85.15472,27.93073],[85.15493,27.93073],[85.15498,27.93086],[85.15482,27.931],[85.15462,27.931],[85.15432,27.93127],[85.15421,27.93127],[85.15411,27.93136],[85.15401,27.93136],[85.15391,27.93127],[85.1534,27.93127],[85.1531,27.93109],[85.15238,27.93109],[85.15228,27.93118],[85.15177,27.93127],[85.15162,27.9314],[85.15162,27.93158],[85.15152,27.93167],[85.15157,27.93181],[85.15172,27.93176],[85.15172,27.93167],[85.15187,27.93154],[85.15238,27.93154],[85.15243,27.93158],[85.15233,27.93167],[85.15233,27.93176],[85.15213,27.93185],[85.15213,27.93239],[85.15193,27.93266],[85.15193,27.93284],[85.15182,27.93293],[85.15182,27.93302],[85.15157,27.93306],[85.15152,27.9332],[85.15132,27.93329],[85.15132,27.93347],[85.15096,27.9336],[85.15086,27.93351],[85.15076,27.93351],[85.1505,27.93329],[85.1505,27.93311],[85.1504,27.93302],[85.1504,27.93275],[85.1503,27.93266],[85.1503,27.93221],[85.1501,27.93194],[85.1501,27.93167],[85.1502,27.93158],[85.1502,27.93149],[85.1501,27.9314],[85.1501,27.93122],[85.15015,27.93118],[85.15025,27.93127],[85.1503,27.93122],[85.1503,27.93086],[85.15015,27.93082],[85.15004,27.93064],[85.14989,27.93059],[85.14989,27.93014],[85.14969,27.93005],[85.14969,27.92978],[85.14938,27.9296],[85.14938,27.92943],[85.14928,27.92934],[85.14928,27.92889],[85.14918,27.9288],[85.14918,27.92853],[85.14933,27.92839],[85.14964,27.9283],[85.14969,27.92817],[85.1505,27.92745],[85.1505,27.92736],[85.15071,27.92718],[85.15081,27.92673],[85.15101,27.92646],[85.15101,27.92619],[85.15111,27.9261],[85.15111,27.92592],[85.15121,27.92583],[85.15121,27.92574],[85.15137,27.92561],[85.15162,27.92565]],[[85.15045,27.93091],[85.1504,27.93095],[85.15055,27.93109],[85.1506,27.93104],[85.15045,27.93091]]]}},{"type":"Feature","properties":{"name":"Ground stripped or buried (Sentinel-2 change)","area_m2":3243,"aoi":"bidur","fill":"#f97316","fill-opacity":0.5,"stroke":"#c2410c","stroke-width":1.1},"geometry":{"type":"Polygon","coordinates":[[[85.14806,27.92323],[85.14832,27.92327],[85.14847,27.92341],[85.14847,27.92377],[85.14821,27.9239],[85.14806,27.92386],[85.14806,27.92377],[85.14796,27.92368],[85.14796,27.92341],[85.14786,27.92332],[85.14791,27.92318],[85.14806,27.92323]]]}},{"type":"Feature","properties":{"name":"Ground stripped or buried (Sentinel-2 change)","area_m2":107195,"aoi":"bidur","fill":"#f97316","fill-opacity":0.5,"stroke":"#c2410c","stroke-width":1.1},"geometry":{"type":"Polygon","coordinates":[[[85.14969,27.92215],[85.14994,27.92228],[85.15045,27.92219],[85.15071,27.92242],[85.15081,27.92269],[85.15101,27.92296],[85.15101,27.92341],[85.15111,27.9235],[85.15111,27.92377],[85.15101,27.92386],[85.15101,27.92502],[85.15081,27.92529],[85.15081,27.92547],[85.15071,27.92556],[85.15071,27.92592],[85.1506,27.92601],[85.1505,27.92646],[85.1503,27.92664],[85.1502,27.92691],[85.14999,27.92709],[85.14999,27.92718],[85.14959,27.92754],[85.14959,27.92763],[85.14938,27.92781],[85.14933,27.92794],[85.14882,27.92794],[85.14872,27.92812],[85.14842,27.92812],[85.14837,27.92799],[85.14872,27.92767],[85.14882,27.92776],[85.14888,27.92772],[85.14877,27.92763],[85.14877,27.92745],[85.14898,27.92718],[85.14898,27.927],[85.14888,27.92691],[85.14888,27.92682],[85.14898,27.92673],[85.14877,27.92664],[85.14888,27.92655],[85.14888,27.92619],[85.14877,27.9261],[85.14877,27.92583],[85.14867,27.92574],[85.14867,27.92556],[85.14847,27.92538],[85.14847,27.9252],[85.14827,27.92511],[85.14827,27.92493],[85.14816,27.92484],[85.14816,27.92457],[85.14837,27.92439],[85.14842,27.92426],[85.14867,27.9243],[85.14867,27.92466],[85.14888,27.92484],[85.14888,27.92502],[85.14898,27.92511],[85.14898,27.92529],[85.14888,27.92538],[85.14888,27.92547],[85.14908,27.92565],[85.14908,27.92592],[85.14928,27.9261],[85.14918,27.92619],[85.14933,27.92642],[85.14938,27.92619],[85.14949,27.9261],[85.14938,27.92601],[85.14928,27.92556],[85.14918,27.92547],[85.14918,27.92502],[85.14898,27.92475],[85.14898,27.92421],[85.14918,27.92404],[85.14877,27.92395],[85.14877,27.92377],[85.14903,27.92372],[85.14908,27.92359],[85.14903,27.92354],[85.14893,27.92363],[85.14872,27.92363],[85.14857,27.9235],[85.14857,27.92332],[85.14847,27.92323],[85.14867,27.92305],[85.14867,27.92269],[85.14872,27.92264],[85.14882,27.92264],[85.14893,27.92255],[85.14903,27.92264],[85.14913,27.92264],[85.14943,27.92237],[85.14954,27.92237],[85.14959,27.92233],[85.14949,27.92224],[85.14964,27.9221],[85.14969,27.92215]],[[85.14994,27.92588],[85.14974,27.92588],[85.14959,27.92601],[85.14959,27.9261],[85.14974,27.92624],[85.14999,27.92601],[85.14994,27.92588]],[[85.15025,27.92453],[85.14989,27.92484],[85.15015,27.92489],[85.1504,27.92466],[85.15025,27.92453]],[[85.15055,27.92354],[85.1505,27.92359],[85.15055,27.92363],[85.1506,27.92359],[85.15055,27.92354]],[[85.14964,27.92345],[85.14938,27.9235],[85.14954,27.92363],[85.14969,27.9235],[85.14964,27.92345]],[[85.14882,27.92309],[85.14877,27.92314],[85.14882,27.92318],[85.14888,27.92314],[85.14882,27.92309]],[[85.14923,27.92309],[85.14918,27.92314],[85.14923,27.92318],[85.14928,27.92314],[85.14923,27.92309]],[[85.15015,27.92264],[85.14979,27.92278],[85.14979,27.92305],[85.14999,27.92323],[85.14999,27.92332],[85.14979,27.92341],[85.14999,27.92359],[85.15004,27.92381],[85.15015,27.92372],[85.15025,27.92381],[85.1503,27.92377],[85.1503,27.92359],[85.1505,27.92332],[85.14999,27.92296],[85.1502,27.92269],[85.15015,27.92264]]]}},{"type":"Feature","properties":{"name":"Ground stripped or buried (Sentinel-2 change)","area_m2":1746,"aoi":"bidur","fill":"#f97316","fill-opacity":0.5,"stroke":"#c2410c","stroke-width":1.1},"geometry":{"type":"Polygon","coordinates":[[[85.14837,27.92206],[85.14847,27.92215],[85.14847,27.92224],[85.14832,27.92237],[85.14786,27.92233],[85.14791,27.9221],[85.14801,27.9221],[85.14811,27.92201],[85.14837,27.92206]]]}},{"type":"Feature","properties":{"name":"Ground stripped or buried (Sentinel-2 change)","area_m2":1447,"aoi":"bidur","fill":"#f97316","fill-opacity":0.5,"stroke":"#c2410c","stroke-width":1.1},"geometry":{"type":"Polygon","coordinates":[[[85.14827,27.92143],[85.14847,27.92152],[85.14847,27.92161],[85.14857,27.9217],[85.14852,27.92183],[85.14842,27.92174],[85.14796,27.9217],[85.14806,27.92161],[85.14811,27.92139],[85.14827,27.92143]]]}},{"type":"Feature","properties":{"name":"Ground stripped or buried (Sentinel-2 change)","area_m2":195428,"aoi":"bidur","fill":"#f97316","fill-opacity":0.5,"stroke":"#c2410c","stroke-width":1.1},"geometry":{"type":"Polygon","coordinates":[[[85.13352,27.91451],[85.13368,27.91456],[85.13393,27.91478],[85.13393,27.91496],[85.13423,27.91532],[85.13423,27.9155],[85.13449,27.91573],[85.13479,27.91581],[85.1354,27.91626],[85.13561,27.91626],[85.13571,27.91635],[85.13591,27.91635],[85.13601,27.91644],[85.13622,27.91644],[85.13703,27.91689],[85.13723,27.91689],[85.13734,27.91698],[85.13774,27.91698],[85.13795,27.91716],[85.13805,27.91707],[85.13815,27.91707],[85.1382,27.91712],[85.1382,27.91748],[85.1381,27.91757],[85.1381,27.91775],[85.1382,27.91784],[85.1382,27.91802],[85.1384,27.91829],[85.1384,27.91838],[85.1383,27.91847],[85.13845,27.9186],[85.1385,27.91856],[85.1385,27.91811],[85.1382,27.91766],[85.1384,27.91748],[85.1384,27.91739],[85.1383,27.9173],[85.13835,27.91725],[85.13886,27.91725],[85.13896,27.91734],[85.13917,27.91734],[85.13947,27.91761],[85.13978,27.9177],[85.13998,27.91788],[85.14028,27.91788],[85.14039,27.91779],[85.14064,27.91802],[85.14069,27.91815],[85.14079,27.91815],[85.1411,27.91842],[85.1412,27.91842],[85.14125,27.91856],[85.14206,27.91927],[85.14227,27.91972],[85.14313,27.9204],[85.14333,27.9204],[85.14354,27.92058],[85.14394,27.92058],[85.14405,27.92067],[85.14496,27.92067],[85.14506,27.92076],[85.14537,27.92067],[85.14547,27.92085],[85.14598,27.92085],[85.14608,27.92103],[85.14628,27.92085],[85.14638,27.92094],[85.14679,27.92094],[85.1471,27.92112],[85.1473,27.92112],[85.1474,27.92121],[85.1476,27.92121],[85.14771,27.9213],[85.14791,27.9213],[85.14796,27.92134],[85.14776,27.92161],[85.14776,27.9217],[85.14786,27.92179],[85.14771,27.92192],[85.1476,27.92183],[85.1474,27.92183],[85.1473,27.92192],[85.1471,27.92174],[85.14699,27.92174],[85.14679,27.92192],[85.14669,27.92192],[85.14638,27.92174],[85.14628,27.92174],[85.14618,27.92183],[85.14608,27.92174],[85.14588,27.92174],[85.14577,27.92165],[85.14567,27.92165],[85.14537,27.92139],[85.14486,27.92139],[85.14466,27.92121],[85.14455,27.9213],[85.14435,27.9213],[85.14425,27.92121],[85.14415,27.92121],[85.14405,27.9213],[85.14384,27.9213],[85.14374,27.92121],[85.14333,27.92121],[85.14323,27.92112],[85.14303,27.92112],[85.14252,27.92076],[85.14242,27.92076],[85.14217,27.92053],[85.14217,27.92044],[85.14161,27.91995],[85.1415,27.91995],[85.1412,27.91968],[85.14069,27.9195],[85.14039,27.91923],[85.14008,27.91923],[85.13998,27.91914],[85.13988,27.91914],[85.13957,27.91932],[85.13947,27.91923],[85.13937,27.91923],[85.13922,27.91963],[85.13896,27.91977],[85.13886,27.91977],[85.13876,27.91968],[85.13856,27.91968],[85.1385,27.91981],[85.13825,27.92004],[85.13734,27.92004],[85.13683,27.92049],[85.13673,27.92049],[85.13662,27.92058],[85.13642,27.92058],[85.13637,27.92044],[85.13647,27.92035],[85.13637,27.92026],[85.13662,27.91995],[85.13678,27.9199],[85.13678,27.91972],[85.13688,27.91963],[85.13683,27.91941],[85.13673,27.91941],[85.13662,27.9195],[85.13657,27.91945],[85.13657,27.91927],[85.13667,27.91918],[85.13667,27.91909],[85.13683,27.91896],[85.13693,27.91896],[85.13703,27.91905],[85.13723,27.91887],[85.13784,27.91887],[85.13795,27.91878],[85.13815,27.91878],[85.1383,27.91864],[85.13825,27.9186],[85.13815,27.91869],[85.13805,27.9186],[85.13795,27.9186],[85.13784,27.91869],[85.13764,27.91869],[85.13754,27.91878],[85.13723,27.91878],[85.13703,27.91896],[85.13698,27.91891],[85.13698,27.91847],[85.13688,27.91838],[85.13688,27.91829],[85.13652,27.91797],[85.13637,27.91793],[85.13637,27.91784],[85.13617,27.91766],[85.13617,27.91739],[85.13601,27.91725],[85.13581,27.91725],[85.13571,27.91716],[85.1354,27.91716],[85.1353,27.91707],[85.1352,27.91707],[85.13515,27.91694],[85.135,27.91689],[85.13434,27.91631],[85.13434,27.91604],[85.13418,27.9159],[85.13398,27.9159],[85.13362,27.91568],[85.13362,27.91559],[85.13352,27.9155],[85.13362,27.91541],[85.13362,27.91523],[85.13347,27.91519],[85.13322,27.91496],[85.13322,27.91487],[85.13332,27.91478],[85.13332,27.91451],[85.13337,27.91447],[85.13352,27.91451]],[[85.14588,27.92112],[85.14572,27.92116],[85.14588,27.9213],[85.14598,27.9213],[85.14608,27.92139],[85.14613,27.92134],[85.14608,27.92121],[85.14598,27.92121],[85.14588,27.92112]],[[85.14161,27.91941],[85.14155,27.91945],[85.14161,27.9195],[85.14166,27.91945],[85.14161,27.91941]],[[85.13774,27.91923],[85.13759,27.91927],[85.13764,27.91941],[85.13789,27.91936],[85.13774,27.91923]],[[85.13744,27.91905],[85.13739,27.91909],[85.13744,27.91914],[85.13749,27.91909],[85.13744,27.91905]],[[85.13896,27.91905],[85.13891,27.91909],[85.13896,27.91914],[85.13901,27.91909],[85.13896,27.91905]],[[85.1411,27.91905],[85.14105,27.91909],[85.1411,27.91914],[85.14115,27.91909],[85.1411,27.91905]],[[85.14039,27.91869],[85.14033,27.91873],[85.14039,27.91878],[85.14044,27.91873],[85.14039,27.91869]],[[85.13734,27.91833],[85.13718,27.91838],[85.13723,27.91851],[85.13739,27.91847],[85.13734,27.91833]],[[85.13754,27.91806],[85.13749,27.91811],[85.13754,27.91824],[85.13759,27.9182],[85.13754,27.91806]],[[85.13957,27.91797],[85.13917,27.91797],[85.13891,27.9182],[85.13917,27.91824],[85.13927,27.91815],[85.13957,27.91815],[85.13962,27.91811],[85.13957,27.91797]],[[85.13744,27.91788],[85.13739,27.91793],[85.13744,27.91797],[85.13749,27.91793],[85.13744,27.91788]],[[85.13703,27.91743],[85.13688,27.91748],[85.13703,27.91752],[85.13734,27.91779],[85.13739,27.91775],[85.13703,27.91743]],[[85.13642,27.91716],[85.13637,27.91721],[85.13642,27.91725],[85.13647,27.91721],[85.13642,27.91716]]]}},{"type":"Feature","properties":{"name":"Ground stripped or buried (Sentinel-2 change)","area_m2":1846,"aoi":"bidur","fill":"#f97316","fill-opacity":0.5,"stroke":"#c2410c","stroke-width":1.1},"geometry":{"type":"Polygon","coordinates":[[[85.14237,27.91361],[85.14237,27.9137],[85.14201,27.91402],[85.14176,27.91379],[85.14176,27.9137],[85.14191,27.91357],[85.14237,27.91361]]]}},{"type":"Feature","properties":{"name":"Ground stripped or buried (Sentinel-2 change)","area_m2":29794,"aoi":"bidur","fill":"#f97316","fill-opacity":0.5,"stroke":"#c2410c","stroke-width":1.1},"geometry":{"type":"Polygon","coordinates":[[[85.13718,27.90939],[85.13718,27.90975],[85.13698,27.91002],[85.13698,27.91011],[85.13667,27.91038],[85.13667,27.91047],[85.13647,27.91074],[85.13647,27.91101],[85.13652,27.91105],[85.13703,27.91096],[85.13713,27.91087],[85.13718,27.91101],[85.13708,27.9111],[85.13708,27.91119],[85.13622,27.91204],[85.13596,27.91209],[85.13596,27.91227],[85.13561,27.91258],[85.135,27.91258],[85.13495,27.91254],[85.13505,27.91245],[85.13515,27.91218],[85.13535,27.912],[85.13535,27.91191],[85.13556,27.91164],[85.13566,27.91119],[85.13576,27.9111],[85.13576,27.91092],[85.13556,27.91065],[85.13571,27.91051],[85.13591,27.91051],[85.13606,27.91038],[85.13612,27.91024],[85.13622,27.91033],[85.13627,27.91029],[85.13627,27.9102],[85.13637,27.91011],[85.13637,27.90984],[85.13647,27.90975],[85.13652,27.90953],[85.13662,27.90962],[85.13673,27.90962],[85.13703,27.90935],[85.13718,27.90939]]]}},{"type":"Feature","properties":{"name":"Ground stripped or buried (Sentinel-2 change)","area_m2":11354,"aoi":"bidur","fill":"#f97316","fill-opacity":0.5,"stroke":"#c2410c","stroke-width":1.1},"geometry":{"type":"Polygon","coordinates":[[[85.13718,27.90804],[85.13744,27.90827],[85.13754,27.90827],[85.13764,27.90818],[85.13779,27.90831],[85.13769,27.90858],[85.13784,27.90872],[85.138,27.90867],[85.13805,27.90854],[85.13835,27.90854],[85.13845,27.90845],[85.13861,27.90849],[85.13861,27.90858],[85.1385,27.90867],[85.13861,27.90876],[85.13861,27.90885],[85.1384,27.90912],[85.1384,27.90921],[85.13805,27.90926],[85.13789,27.90894],[85.13764,27.90881],[85.13744,27.90881],[85.13713,27.90917],[85.13688,27.90912],[85.13698,27.90903],[85.13698,27.90876],[85.13708,27.90867],[85.13708,27.9084],[85.13698,27.90831],[85.13688,27.90804],[85.13693,27.908],[85.13718,27.90804]]]}},{"type":"Feature","properties":{"name":"Ground stripped or buried (Sentinel-2 change)","area_m2":2121,"aoi":"bidur","fill":"#f97316","fill-opacity":0.5,"stroke":"#c2410c","stroke-width":1.1},"geometry":{"type":"Polygon","coordinates":[[[85.13881,27.90759],[85.13881,27.90795],[85.13871,27.90804],[85.13871,27.90813],[85.13856,27.90818],[85.1383,27.90795],[85.13866,27.90755],[85.13881,27.90759]]]}},{"type":"Feature","properties":{"name":"Ground stripped or buried (Sentinel-2 change)","area_m2":4392,"aoi":"bidur","fill":"#f97316","fill-opacity":0.5,"stroke":"#c2410c","stroke-width":1.1},"geometry":{"type":"Polygon","coordinates":[[[85.13911,27.90607],[85.13911,27.90643],[85.13901,27.90652],[85.13891,27.90696],[85.13876,27.90701],[85.1385,27.90679],[85.1385,27.90661],[85.1384,27.90652],[85.13896,27.90602],[85.13911,27.90607]]]}},{"type":"Feature","properties":{"name":"Ground stripped or buried (Sentinel-2 change)","area_m2":240760,"aoi":"bidur","fill":"#f97316","fill-opacity":0.5,"stroke":"#c2410c","stroke-width":1.1},"geometry":{"type":"Polygon","coordinates":[[[85.14125,27.90436],[85.14145,27.90445],[85.14145,27.90472],[85.14135,27.90481],[85.14135,27.90517],[85.14145,27.90526],[85.14145,27.90562],[85.14155,27.90571],[85.14155,27.90607],[85.14166,27.90616],[85.14166,27.90652],[85.14176,27.90661],[85.14176,27.9067],[85.14196,27.90679],[85.14196,27.90688],[85.14145,27.90732],[85.14135,27.90759],[85.141,27.90791],[85.14089,27.90791],[85.14074,27.90804],[85.14069,27.90818],[85.14059,27.90818],[85.14044,27.90831],[85.14033,27.90858],[85.14003,27.90903],[85.14003,27.90921],[85.13978,27.90944],[85.13967,27.90944],[85.13957,27.90935],[85.13942,27.90948],[85.13942,27.90966],[85.13927,27.90971],[85.13911,27.90993],[85.13927,27.90997],[85.13932,27.91011],[85.13922,27.9102],[85.13901,27.91065],[85.13825,27.91132],[85.13789,27.91146],[85.13759,27.91209],[85.13728,27.91227],[85.13728,27.91236],[85.13708,27.91254],[85.13708,27.91272],[85.13698,27.91281],[85.13698,27.91289],[85.13667,27.91316],[85.13667,27.91334],[85.13657,27.91343],[85.13657,27.9137],[85.13667,27.91379],[85.13667,27.91388],[85.13683,27.91393],[85.13688,27.91406],[85.13723,27.91438],[85.13759,27.91442],[85.13759,27.91478],[85.13774,27.91483],[85.13779,27.91496],[85.13795,27.91501],[85.138,27.91514],[85.13815,27.91519],[85.1382,27.91532],[85.13835,27.91537],[85.13845,27.91555],[85.13876,27.91555],[85.13886,27.91573],[85.13937,27.91573],[85.13957,27.9159],[85.13988,27.91599],[85.13998,27.91617],[85.14023,27.91631],[85.14023,27.91658],[85.14028,27.91662],[85.141,27.91662],[85.1412,27.91698],[85.1415,27.91698],[85.14166,27.91712],[85.14171,27.91725],[85.14211,27.91725],[85.14227,27.91739],[85.14232,27.91752],[85.14252,27.91752],[85.14267,27.91766],[85.14267,27.91775],[85.14257,27.91784],[85.14257,27.91811],[85.14262,27.91815],[85.14293,27.91815],[85.14303,27.91833],[85.14333,27.91833],[85.14344,27.91824],[85.14354,27.91824],[85.14384,27.91842],[85.14435,27.9186],[85.1445,27.91873],[85.1445,27.91891],[85.14445,27.91896],[85.14435,27.91887],[85.14425,27.91887],[85.1442,27.919],[85.1444,27.91909],[85.1444,27.91954],[85.14455,27.91959],[85.14466,27.91977],[85.14496,27.91977],[85.14506,27.91959],[85.14527,27.91959],[85.14537,27.9195],[85.14542,27.91954],[85.14542,27.92008],[85.14552,27.92017],[85.14552,27.92026],[85.14537,27.9204],[85.14506,27.92031],[85.14496,27.92013],[85.14384,27.92013],[85.14374,27.91995],[85.14333,27.91995],[85.14323,27.91986],[85.14313,27.91986],[85.14267,27.91945],[85.14267,27.91936],[85.14257,27.91927],[85.14257,27.91891],[85.14242,27.91887],[85.14232,27.91869],[85.14217,27.91864],[85.14211,27.91851],[85.14196,27.91847],[85.14191,27.91833],[85.14176,27.91829],[85.14171,27.91815],[85.14155,27.91811],[85.1415,27.91797],[85.14135,27.91793],[85.14135,27.91757],[85.14115,27.91748],[85.1411,27.91734],[85.141,27.91734],[85.14089,27.91716],[85.14059,27.91716],[85.14049,27.91698],[85.14028,27.91698],[85.14023,27.91685],[85.13998,27.91662],[85.13967,27.91662],[85.13957,27.91644],[85.13825,27.91644],[85.13815,27.91626],[85.13764,27.91626],[85.13754,27.91608],[85.13662,27.91608],[85.13652,27.9159],[85.13622,27.9159],[85.13612,27.91573],[85.13581,27.91573],[85.13571,27.91555],[85.13551,27.91555],[85.13535,27.91541],[85.1353,27.91528],[85.1349,27.91528],[85.13474,27.91514],[85.13484,27.91505],[85.13484,27.9146],[85.13474,27.91451],[85.13484,27.91424],[85.13464,27.91415],[85.13464,27.91406],[85.1349,27.91384],[85.135,27.91384],[85.1352,27.91366],[85.1353,27.91366],[85.13561,27.91339],[85.13571,27.91339],[85.13576,27.91325],[85.13637,27.91272],[85.13637,27.91263],[85.13667,27.91236],[85.13667,27.91227],[85.13789,27.9111],[85.13789,27.91101],[85.1381,27.91083],[85.1382,27.91056],[85.1384,27.91038],[85.13861,27.90993],[85.13881,27.90975],[85.13881,27.90957],[85.13911,27.90912],[85.13922,27.90867],[85.13932,27.90858],[85.13932,27.90813],[85.13922,27.90804],[85.13942,27.90795],[85.13942,27.90786],[85.13952,27.90777],[85.13962,27.90732],[85.13972,27.90723],[85.13972,27.90714],[85.13962,27.90705],[85.13983,27.90696],[85.13983,27.90688],[85.13993,27.90679],[85.13993,27.90661],[85.14003,27.90652],[85.13993,27.90643],[85.14013,27.90634],[85.14013,27.90607],[85.14044,27.90589],[85.14044,27.9058],[85.14064,27.90553],[85.14064,27.90508],[85.14084,27.90481],[85.14105,27.90436],[85.1411,27.90431],[85.14125,27.90436]],[[85.14425,27.91959],[85.1441,27.91963],[85.14425,27.91968],[85.1443,27.91963],[85.14425,27.91959]],[[85.13967,27.90872],[85.13962,27.90876],[85.13967,27.9089],[85.13972,27.90885],[85.13967,27.90872]],[[85.14049,27.90746],[85.14023,27.9075],[85.14023,27.90777],[85.14028,27.90782],[85.14049,27.90782],[85.14074,27.90768],[85.14054,27.90759],[85.14049,27.90746]],[[85.1412,27.90611],[85.14115,27.90616],[85.1412,27.9062],[85.14125,27.90616],[85.1412,27.90611]],[[85.141,27.90602],[85.14094,27.90607],[85.141,27.90611],[85.14105,27.90607],[85.141,27.90602]],[[85.14089,27.90566],[85.14084,27.90571],[85.14089,27.90584],[85.14094,27.9058],[85.14089,27.90566]]]}},{"type":"Feature","properties":{"name":"Ground stripped or buried (Sentinel-2 change)","area_m2":1772,"aoi":"bidur","fill":"#f97316","fill-opacity":0.5,"stroke":"#c2410c","stroke-width":1.1},"geometry":{"type":"Polygon","coordinates":[[[85.1445,27.90391],[85.1445,27.90427],[85.14445,27.90431],[85.14425,27.90431],[85.1441,27.90418],[85.1441,27.90391],[85.14415,27.90387],[85.1445,27.90391]]]}},{"type":"Feature","properties":{"name":"Ground stripped or buried (Sentinel-2 change)","area_m2":1572,"aoi":"bidur","fill":"#f97316","fill-opacity":0.5,"stroke":"#c2410c","stroke-width":1.1},"geometry":{"type":"Polygon","coordinates":[[[85.14145,27.90301],[85.14176,27.90319],[85.14176,27.90328],[85.1415,27.90351],[85.14135,27.90346],[85.14135,27.90301],[85.1414,27.90297],[85.14145,27.90301]]]}},{"type":"Feature","properties":{"name":"Ground stripped or buried (Sentinel-2 change)","area_m2":874,"aoi":"bidur","fill":"#f97316","fill-opacity":0.5,"stroke":"#c2410c","stroke-width":1.1},"geometry":{"type":"Polygon","coordinates":[[[85.14155,27.89915],[85.14155,27.89942],[85.1415,27.89946],[85.14125,27.89933],[85.1413,27.8991],[85.14155,27.89915]]]}},{"type":"Feature","properties":{"name":"Ground stripped or buried (Sentinel-2 change)","area_m2":130525,"aoi":"bidur","fill":"#f97316","fill-opacity":0.5,"stroke":"#c2410c","stroke-width":1.1},"geometry":{"type":"Polygon","coordinates":[[[85.13566,27.89582],[85.13566,27.89591],[85.13576,27.896],[85.13576,27.89627],[85.13586,27.89636],[85.13586,27.89663],[85.13596,27.89672],[85.13596,27.8969],[85.13606,27.89699],[85.13606,27.89726],[85.13617,27.89735],[85.13617,27.89753],[85.13627,27.89762],[85.13627,27.8978],[85.13637,27.89789],[85.13647,27.89834],[85.13657,27.89843],[85.13657,27.89951],[85.13667,27.8996],[85.13667,27.90014],[85.13678,27.90023],[85.13678,27.90041],[85.13708,27.90068],[85.13698,27.90077],[85.13708,27.90085],[85.13708,27.90094],[85.13713,27.90099],[85.13764,27.90099],[85.13774,27.90108],[85.13795,27.90108],[85.13805,27.90117],[85.13856,27.90135],[85.13876,27.90153],[85.13947,27.9018],[85.13967,27.90198],[85.13978,27.90198],[85.13993,27.90211],[85.13993,27.9022],[85.14033,27.90256],[85.14033,27.90283],[85.14044,27.90292],[85.14044,27.90373],[85.14054,27.90382],[85.14054,27.90409],[85.14044,27.90418],[85.14044,27.90463],[85.14013,27.90499],[85.14013,27.90508],[85.13957,27.90557],[85.13942,27.90553],[85.13942,27.90535],[85.13932,27.90526],[85.13942,27.90517],[85.13917,27.90494],[85.13886,27.90494],[85.13861,27.90472],[85.13861,27.90463],[85.13881,27.90445],[85.13881,27.90418],[85.13861,27.90409],[85.13856,27.90395],[85.1384,27.904],[85.1384,27.90427],[85.13825,27.9044],[85.1381,27.90436],[85.13805,27.90413],[85.13779,27.90409],[85.13779,27.90364],[85.13769,27.90355],[85.13769,27.90319],[85.13759,27.9031],[85.13769,27.90301],[85.13769,27.90265],[85.13779,27.90256],[85.13779,27.90247],[85.13749,27.90229],[85.13749,27.90202],[85.13739,27.90193],[85.13739,27.90184],[85.13713,27.90162],[85.13693,27.90162],[85.13683,27.90153],[85.13657,27.90148],[85.13657,27.90139],[85.13667,27.9013],[85.13657,27.90121],[85.13657,27.90112],[85.13667,27.90103],[85.13657,27.90094],[85.13657,27.90068],[85.13637,27.9005],[85.13637,27.90041],[85.13606,27.90005],[85.13606,27.89969],[85.13617,27.8996],[85.13617,27.89942],[85.13596,27.89924],[85.13606,27.89915],[85.13606,27.89879],[85.13617,27.8987],[85.13617,27.89852],[85.13596,27.89825],[85.13596,27.89798],[85.13586,27.89789],[85.13586,27.89762],[85.13576,27.89753],[85.13576,27.89726],[85.13556,27.89717],[85.13556,27.89681],[85.13551,27.89677],[85.1354,27.89686],[85.1352,27.89686],[85.135,27.89704],[85.13474,27.89699],[85.13484,27.89672],[85.135,27.89659],[85.1351,27.89668],[85.13525,27.89645],[85.13525,27.896],[85.13551,27.89578],[85.13566,27.89582]]]}},{"type":"Feature","properties":{"name":"Ground stripped or buried (Sentinel-2 change)","area_m2":1223,"aoi":"bidur","fill":"#f97316","fill-opacity":0.5,"stroke":"#c2410c","stroke-width":1.1},"geometry":{"type":"Polygon","coordinates":[[[85.138,27.89394],[85.138,27.89421],[85.13784,27.89434],[85.13774,27.89434],[85.13769,27.8943],[85.13769,27.89403],[85.13784,27.89389],[85.138,27.89394]]]}},{"type":"Feature","properties":{"name":"Ground stripped or buried (Sentinel-2 change)","area_m2":122680,"aoi":"bidur","fill":"#f97316","fill-opacity":0.5,"stroke":"#c2410c","stroke-width":1.1},"geometry":{"type":"Polygon","coordinates":[[[85.1384,27.88908],[85.1384,27.88944],[85.1382,27.88953],[85.1382,27.88962],[85.13835,27.88967],[85.1385,27.88989],[85.13845,27.89012],[85.13835,27.89012],[85.13825,27.89003],[85.1382,27.89007],[85.1382,27.89052],[85.13825,27.89057],[85.13835,27.89048],[85.1384,27.89052],[85.1384,27.89079],[85.138,27.89088],[85.138,27.89133],[85.1382,27.89142],[85.1382,27.89169],[85.1383,27.89178],[85.1383,27.89187],[85.1382,27.89196],[85.1382,27.8925],[85.13805,27.89254],[85.13795,27.89245],[85.13774,27.89245],[85.13754,27.89227],[85.13728,27.89232],[85.13739,27.89241],[85.13739,27.89268],[85.13718,27.89277],[85.13718,27.89313],[85.13708,27.89322],[85.13708,27.89358],[85.13698,27.89367],[85.13698,27.89394],[85.13688,27.89403],[85.13688,27.89537],[85.13698,27.89546],[85.13698,27.89591],[85.13708,27.896],[85.13708,27.89609],[85.13734,27.89632],[85.13795,27.89632],[85.138,27.89636],[85.138,27.89645],[85.13789,27.89654],[85.13789,27.89699],[85.1381,27.89717],[85.138,27.89726],[85.1381,27.89735],[85.1381,27.89753],[85.1382,27.89762],[85.1381,27.89771],[85.1381,27.89798],[85.1383,27.89816],[85.1383,27.89843],[85.1385,27.8987],[85.1385,27.89942],[85.13871,27.8996],[85.13871,27.89969],[85.13881,27.89978],[85.13881,27.89996],[85.13891,27.90005],[85.13881,27.90014],[85.13881,27.90023],[85.13891,27.90032],[85.13876,27.90054],[85.13845,27.90054],[85.13835,27.90036],[85.13805,27.90036],[85.13795,27.90018],[85.13779,27.90014],[85.13774,27.9],[85.13754,27.9],[85.13739,27.89987],[85.13739,27.8996],[85.13728,27.89951],[85.13728,27.89897],[85.13718,27.89888],[85.13718,27.89861],[85.13728,27.89852],[85.13728,27.89789],[85.13713,27.89784],[85.13703,27.89767],[85.13688,27.89762],[85.13688,27.89699],[85.13657,27.8969],[85.13657,27.89681],[85.13647,27.89672],[85.13647,27.89654],[85.13627,27.89627],[85.13627,27.89609],[85.13647,27.896],[85.13647,27.89537],[85.13617,27.89528],[85.13617,27.89465],[85.13606,27.89456],[85.13606,27.8943],[85.13617,27.89421],[85.13617,27.89385],[85.13627,27.89376],[85.13627,27.89358],[85.13637,27.89349],[85.13637,27.89313],[85.13647,27.89304],[85.13647,27.89277],[85.13667,27.8925],[85.13667,27.89214],[85.13698,27.89169],[85.13698,27.89133],[85.13718,27.89106],[85.13728,27.89061],[85.13739,27.89052],[85.13739,27.88953],[85.13764,27.88922],[85.13779,27.88917],[85.13784,27.88904],[85.13835,27.88904],[85.1384,27.88908]],[[85.13744,27.89102],[85.13728,27.89115],[85.13734,27.8912],[85.13749,27.89115],[85.13744,27.89102]]]}},{"type":"Feature","properties":{"name":"Ground stripped or buried (Sentinel-2 change)","area_m2":10310,"aoi":"bidur","fill":"#f97316","fill-opacity":0.5,"stroke":"#c2410c","stroke-width":1.1},"geometry":{"type":"Polygon","coordinates":[[[85.13312,27.8854],[85.13337,27.88544],[85.13362,27.88567],[85.13368,27.88589],[85.13378,27.88589],[85.13388,27.8858],[85.13398,27.88589],[85.13408,27.88589],[85.13423,27.88603],[85.13423,27.88639],[85.13459,27.88643],[85.13469,27.88661],[85.13479,27.88661],[85.13484,27.88675],[85.13505,27.88684],[85.13505,27.88711],[85.13469,27.88715],[85.13464,27.88702],[85.13449,27.88697],[85.13439,27.88679],[85.13423,27.88675],[85.13423,27.88666],[85.13398,27.88643],[85.13383,27.88639],[85.13378,27.88625],[85.13368,27.88625],[85.13362,27.88612],[85.13337,27.88589],[85.13322,27.88585],[85.13317,27.88571],[85.13301,27.88567],[85.13291,27.8854],[85.13296,27.88535],[85.13312,27.8854]]]}},{"type":"Feature","properties":{"name":"Ground stripped or buried (Sentinel-2 change)","area_m2":177517,"aoi":"bidur","fill":"#f97316","fill-opacity":0.5,"stroke":"#c2410c","stroke-width":1.1},"geometry":{"type":"Polygon","coordinates":[[[85.1258,27.88019],[85.1259,27.88028],[85.1259,27.88046],[85.126,27.88055],[85.1261,27.881],[85.1263,27.88126],[85.1263,27.88135],[85.12661,27.88162],[85.12671,27.88189],[85.12849,27.88347],[85.12859,27.88347],[85.129,27.88383],[85.1291,27.88383],[85.12971,27.88437],[85.12981,27.88437],[85.12996,27.8845],[85.13001,27.88463],[85.13012,27.88454],[85.13017,27.88477],[85.13032,27.8849],[85.13042,27.8849],[85.13103,27.88544],[85.13113,27.88544],[85.13144,27.88571],[85.13195,27.88589],[85.13246,27.88625],[85.13276,27.88634],[85.13281,27.88639],[85.13271,27.88648],[85.13276,27.88652],[85.13286,27.88643],[85.13296,27.88643],[85.13317,27.88661],[85.13327,27.88661],[85.13423,27.88747],[85.13423,27.88756],[85.13413,27.88765],[85.13413,27.88791],[85.13403,27.888],[85.13403,27.88827],[85.13408,27.88832],[85.13418,27.88832],[85.13429,27.88841],[85.13444,27.88836],[85.13434,27.88827],[85.13434,27.888],[85.13444,27.88791],[85.13444,27.88765],[85.13469,27.8876],[85.13484,27.88791],[85.1351,27.88814],[85.1353,27.88814],[85.1354,27.88823],[85.13591,27.88841],[85.13612,27.88859],[85.13622,27.88859],[85.13642,27.88877],[85.13657,27.88881],[85.13657,27.88917],[85.13667,27.88926],[85.13667,27.88962],[85.13688,27.88971],[85.13688,27.89034],[85.13678,27.89043],[85.13678,27.89061],[85.13667,27.8907],[85.13667,27.89097],[85.13652,27.89102],[85.13637,27.89124],[85.13637,27.89142],[85.13647,27.89151],[85.13647,27.89178],[85.13642,27.89182],[85.13632,27.89173],[85.13606,27.89205],[85.13606,27.89214],[85.13617,27.89223],[85.13617,27.89241],[85.13596,27.89259],[85.13596,27.89277],[85.13586,27.89286],[85.13586,27.89313],[85.13576,27.89322],[85.13576,27.89376],[85.13566,27.89385],[85.13566,27.89412],[85.13545,27.89421],[85.13545,27.8943],[85.13556,27.89439],[85.13556,27.89448],[85.13545,27.89456],[85.13545,27.89492],[85.13556,27.89501],[85.13556,27.89528],[85.13551,27.89533],[85.1354,27.89533],[85.13505,27.89501],[85.13515,27.89492],[85.13515,27.89439],[85.13525,27.8943],[85.13525,27.89412],[85.13545,27.89385],[85.13545,27.89376],[85.13535,27.89367],[85.13535,27.8934],[85.13545,27.89331],[85.13545,27.89286],[85.13556,27.89277],[85.13556,27.89259],[85.13566,27.8925],[85.13566,27.89223],[85.13551,27.89209],[85.1354,27.89218],[85.13515,27.89214],[85.13525,27.89205],[85.13525,27.89115],[85.13535,27.89106],[85.13535,27.89061],[85.13505,27.89025],[85.13505,27.89016],[85.13495,27.89007],[85.13495,27.88989],[85.13484,27.8898],[85.13484,27.88971],[85.13495,27.88962],[85.13484,27.88953],[85.13484,27.88944],[85.13505,27.88935],[85.13505,27.88926],[85.13479,27.88904],[85.13449,27.88895],[85.13423,27.88872],[85.13418,27.88859],[85.13398,27.88859],[85.13388,27.88868],[85.13373,27.88854],[85.13373,27.88836],[85.13357,27.88823],[85.13347,27.88823],[85.13296,27.88778],[85.13286,27.88778],[85.1323,27.88729],[85.1323,27.8872],[85.1319,27.88684],[85.1319,27.88675],[85.132,27.88666],[85.13195,27.88661],[85.13185,27.8867],[85.13174,27.8867],[85.13169,27.88666],[85.13179,27.88657],[85.13103,27.88598],[85.13093,27.88598],[85.13083,27.88589],[85.13068,27.88594],[85.13078,27.88603],[85.13078,27.88612],[85.13052,27.88616],[85.13037,27.88603],[85.13032,27.88589],[85.12996,27.88585],[85.12996,27.88576],[85.13007,27.88567],[85.13001,27.88553],[85.12961,27.88553],[85.1293,27.88535],[85.1292,27.88517],[85.12905,27.88513],[85.12905,27.88504],[85.12885,27.88486],[85.12874,27.88459],[85.12808,27.88401],[85.12798,27.88401],[85.12783,27.88387],[85.12783,27.88378],[85.12661,27.88261],[85.12661,27.88243],[85.12635,27.88239],[85.1262,27.88225],[85.1263,27.88216],[85.1263,27.88198],[85.1261,27.8818],[85.1261,27.88162],[85.1259,27.88135],[85.1259,27.88126],[85.12569,27.88117],[85.12569,27.88082],[85.12559,27.88073],[85.12559,27.88028],[85.12549,27.88019],[85.12554,27.88014],[85.1258,27.88019]],[[85.13561,27.8894],[85.13556,27.88944],[85.13561,27.88949],[85.13566,27.88944],[85.13561,27.8894]],[[85.13479,27.88832],[85.13464,27.88836],[85.13479,27.88841],[85.13484,27.88836],[85.13479,27.88832]],[[85.13256,27.88688],[85.1324,27.88693],[85.13266,27.88715],[85.13281,27.88702],[85.13256,27.88688]]]}},{"type":"Feature","properties":{"name":"Ground stripped or buried (Sentinel-2 change)","area_m2":190799,"aoi":"bidur","fill":"#f97316","fill-opacity":0.5,"stroke":"#c2410c","stroke-width":1.1},"geometry":{"type":"Polygon","coordinates":[[[85.12641,27.87434],[85.12676,27.87439],[85.12686,27.87448],[85.12717,27.87457],[85.12763,27.87497],[85.12763,27.87506],[85.12793,27.87533],[85.12793,27.87542],[85.12803,27.87551],[85.12803,27.87578],[85.12778,27.87601],[85.12763,27.87605],[85.12763,27.87614],[85.12773,27.87623],[85.12773,27.87659],[85.12752,27.87686],[85.12752,27.87758],[85.12763,27.87767],[85.12773,27.87812],[85.12793,27.87839],[85.12793,27.8792],[85.12803,27.87929],[85.12803,27.87956],[85.12844,27.87992],[85.12844,27.88001],[85.12854,27.8801],[85.12854,27.88028],[85.12864,27.88037],[85.12864,27.88082],[85.12885,27.88091],[85.12885,27.881],[85.12874,27.88108],[85.12874,27.88126],[85.12905,27.88171],[85.12905,27.8818],[85.1291,27.88185],[85.1292,27.88176],[85.1294,27.88176],[85.12971,27.88158],[85.12991,27.88158],[85.13017,27.8818],[85.13017,27.88198],[85.13027,27.88207],[85.13027,27.88216],[85.13078,27.8827],[85.13078,27.88279],[85.13129,27.88324],[85.13134,27.88338],[85.13144,27.88338],[85.1323,27.88414],[85.1323,27.88423],[85.13251,27.88441],[85.13251,27.8845],[85.13291,27.88486],[85.13291,27.88495],[85.13301,27.88504],[85.13296,27.88517],[85.13266,27.88508],[85.13256,27.88499],[85.13225,27.88508],[85.13195,27.8849],[85.13185,27.8849],[85.13174,27.88472],[85.13144,27.88472],[85.13134,27.88454],[85.13118,27.8845],[85.13113,27.88437],[85.13083,27.88437],[85.13073,27.88419],[85.13032,27.88419],[85.13022,27.8841],[85.13012,27.8841],[85.1293,27.88338],[85.1292,27.88338],[85.12885,27.88306],[85.12874,27.88297],[85.12874,27.88288],[85.12783,27.88207],[85.12783,27.88171],[85.12768,27.88167],[85.12757,27.88149],[85.12742,27.88144],[85.12742,27.88117],[85.12722,27.88108],[85.12722,27.88082],[85.12702,27.88073],[85.12696,27.88059],[85.12671,27.88055],[85.12671,27.88028],[85.12651,27.88001],[85.12651,27.87938],[85.12641,27.87929],[85.12641,27.87911],[85.1263,27.87902],[85.1263,27.87767],[85.12641,27.87758],[85.12641,27.8774],[85.12651,27.87731],[85.12651,27.87677],[85.12641,27.87668],[85.12641,27.87623],[85.1263,27.87614],[85.12641,27.87605],[85.12641,27.87596],[85.1261,27.8756],[85.126,27.87515],[85.1259,27.87506],[85.1259,27.87461],[85.12595,27.87457],[85.12605,27.87457],[85.12615,27.87466],[85.1262,27.87461],[85.1262,27.87443],[85.1261,27.87434],[85.12615,27.8743],[85.12641,27.87434]],[[85.13093,27.88401],[85.13088,27.88405],[85.13093,27.8841],[85.13098,27.88405],[85.13093,27.88401]],[[85.12747,27.87843],[85.12732,27.87848],[85.12732,27.87857],[85.12747,27.8787],[85.12752,27.87866],[85.12747,27.87843]],[[85.12707,27.87816],[85.12691,27.87821],[85.12707,27.87861],[85.12712,27.87857],[85.12712,27.87821],[85.12707,27.87816]],[[85.12666,27.87798],[85.12661,27.87803],[85.12666,27.87807],[85.12671,27.87803],[85.12666,27.87798]],[[85.12686,27.87592],[85.12661,27.87605],[85.12676,27.8761],[85.12691,27.87596],[85.12686,27.87592]]]}},{"type":"Feature","properties":{"name":"Ground stripped or buried (Sentinel-2 change)","area_m2":130740,"aoi":"bidur","fill":"#f97316","fill-opacity":0.5,"stroke":"#c2410c","stroke-width":1.1},"geometry":{"type":"Polygon","coordinates":[[[85.12031,27.873],[85.12066,27.87313],[85.12117,27.87358],[85.12137,27.87358],[85.12178,27.87385],[85.12219,27.87385],[85.12249,27.87403],[85.123,27.87403],[85.1231,27.87412],[85.1232,27.87412],[85.1233,27.87421],[85.12351,27.87421],[85.12361,27.8743],[85.12402,27.8743],[85.12442,27.87457],[85.12493,27.87475],[85.12508,27.87488],[85.12508,27.87506],[85.12519,27.87515],[85.12519,27.87524],[85.12549,27.87551],[85.12549,27.8756],[85.12559,27.87569],[85.12559,27.87614],[85.12549,27.87623],[85.12549,27.87686],[85.12539,27.87695],[85.12539,27.87767],[85.12529,27.87776],[85.12529,27.87803],[85.12539,27.87812],[85.12539,27.87821],[85.12513,27.87825],[85.12493,27.87807],[85.12463,27.87798],[85.12447,27.87785],[85.12447,27.87776],[85.12437,27.87767],[85.12447,27.8774],[85.12417,27.87731],[85.12407,27.87686],[85.12386,27.87668],[85.12376,27.87641],[85.12346,27.87614],[85.12346,27.87596],[85.1233,27.87583],[85.123,27.87583],[85.1229,27.87574],[85.12219,27.87574],[85.12198,27.87592],[85.12147,27.87601],[85.12142,27.87578],[85.12107,27.87547],[85.12056,27.87538],[85.12046,27.87529],[85.12,27.87524],[85.12,27.87354],[85.12005,27.87349],[85.12015,27.87349],[85.12025,27.87358],[85.12051,27.87354],[85.12051,27.87345],[85.1202,27.87327],[85.1202,27.87318],[85.1201,27.87309],[85.12015,27.87295],[85.12031,27.873]],[[85.12473,27.87637],[85.12468,27.87641],[85.12473,27.87646],[85.12478,27.87641],[85.12473,27.87637]],[[85.12056,27.87511],[85.12051,27.87515],[85.12056,27.8752],[85.12061,27.87515],[85.12056,27.87511]],[[85.12371,27.87466],[85.12346,27.8747],[85.12346,27.87497],[85.12351,27.87502],[85.12366,27.87497],[85.12366,27.87488],[85.12376,27.87479],[85.12371,27.87466]],[[85.1232,27.87457],[85.12315,27.87461],[85.1232,27.87475],[85.12325,27.8747],[85.1232,27.87457]],[[85.12097,27.87421],[85.12076,27.87421],[85.12051,27.87443],[85.12061,27.87452],[85.12066,27.87475],[85.12117,27.87475],[85.12132,27.87461],[85.12132,27.87452],[85.12097,27.87421]]]}},{"type":"Feature","properties":{"name":"Ground stripped or buried (Sentinel-2 change)","area_m2":1998,"aoi":"bidur","fill":"#f97316","fill-opacity":0.5,"stroke":"#c2410c","stroke-width":1.1},"geometry":{"type":"Polygon","coordinates":[[[85.12336,27.87273],[85.12336,27.87282],[85.1231,27.87322],[85.123,27.87313],[85.12275,27.87309],[85.12275,27.873],[85.1231,27.87268],[85.12336,27.87273]]]}},{"type":"Feature","properties":{"name":"Ground stripped or buried (Sentinel-2 change)","area_m2":11312,"aoi":"bidur","fill":"#f97316","fill-opacity":0.5,"stroke":"#c2410c","stroke-width":1.1},"geometry":{"type":"Polygon","coordinates":[[[85.12102,27.87183],[85.12137,27.87214],[85.12147,27.87214],[85.12158,27.87223],[85.12168,27.87214],[85.12178,27.87214],[85.12193,27.87246],[85.12208,27.87259],[85.12229,27.87259],[85.12244,27.87273],[85.12244,27.87291],[85.12239,27.87295],[85.12229,27.87286],[85.12208,27.87286],[85.12198,27.87304],[85.12188,27.87295],[85.12178,27.87295],[85.12158,27.87277],[85.12127,27.87268],[85.12102,27.87246],[85.12097,27.87232],[85.12046,27.87214],[85.12031,27.87192],[85.12036,27.87178],[85.12097,27.87178],[85.12102,27.87183]]]}},{"type":"Feature","properties":{"name":"Ground stripped or buried (Sentinel-2 change)","area_m2":2368,"aoi":"galchhi","fill":"#f97316","fill-opacity":0.5,"stroke":"#c2410c","stroke-width":1.1},"geometry":{"type":"Polygon","coordinates":[[[85.0597,27.86196],[85.0597,27.86205],[85.0596,27.86214],[85.0597,27.86223],[85.05954,27.86237],[85.05934,27.86237],[85.05924,27.86246],[85.05899,27.86205],[85.05944,27.86201],[85.05954,27.86192],[85.0597,27.86196]]]}},{"type":"Feature","properties":{"name":"Ground stripped or buried (Sentinel-2 change)","area_m2":4038,"aoi":"galchhi","fill":"#f97316","fill-opacity":0.5,"stroke":"#c2410c","stroke-width":1.1},"geometry":{"type":"Polygon","coordinates":[[[85.05726,27.86125],[85.05716,27.86133],[85.05716,27.86142],[85.05726,27.86151],[85.05721,27.86165],[85.05701,27.86165],[85.0567,27.86183],[85.0565,27.86183],[85.0564,27.86165],[85.05624,27.8616],[85.05624,27.86151],[85.0564,27.86138],[85.0568,27.86138],[85.05701,27.8612],[85.05726,27.86125]]]}},{"type":"Feature","properties":{"name":"Ground stripped or buried (Sentinel-2 change)","area_m2":4462,"aoi":"galchhi","fill":"#f97316","fill-opacity":0.5,"stroke":"#c2410c","stroke-width":1.1},"geometry":{"type":"Polygon","coordinates":[[[85.06234,27.85999],[85.06264,27.86026],[85.06264,27.86044],[85.06239,27.86066],[85.06208,27.86066],[85.06173,27.86044],[85.06173,27.86035],[85.06188,27.8603],[85.06208,27.86012],[85.06219,27.85994],[85.06234,27.85999]]]}},{"type":"Feature","properties":{"name":"Ground stripped or buried (Sentinel-2 change)","area_m2":3888,"aoi":"galchhi","fill":"#f97316","fill-opacity":0.5,"stroke":"#c2410c","stroke-width":1.1},"geometry":{"type":"Polygon","coordinates":[[[85.05919,27.85963],[85.05944,27.85967],[85.05985,27.85994],[85.06005,27.85994],[85.0601,27.86008],[85.06,27.86017],[85.0601,27.86026],[85.05995,27.8603],[85.05965,27.86012],[85.05944,27.86012],[85.05924,27.85994],[85.05914,27.85994],[85.05899,27.85981],[85.05899,27.85972],[85.05914,27.85958],[85.05919,27.85963]]]}},{"type":"Feature","properties":{"name":"Ground stripped or buried (Sentinel-2 change)","area_m2":1496,"aoi":"galchhi","fill":"#f97316","fill-opacity":0.5,"stroke":"#c2410c","stroke-width":1.1},"geometry":{"type":"Polygon","coordinates":[[[85.06599,27.85882],[85.0661,27.85891],[85.0661,27.85927],[85.06605,27.85931],[85.06594,27.85922],[85.06569,27.85918],[85.06579,27.85891],[85.06594,27.85878],[85.06599,27.85882]]]}},{"type":"Feature","properties":{"name":"Ground stripped or buried (Sentinel-2 change)","area_m2":8924,"aoi":"galchhi","fill":"#f97316","fill-opacity":0.5,"stroke":"#c2410c","stroke-width":1.1},"geometry":{"type":"Polygon","coordinates":[[[85.06508,27.85693],[85.06518,27.85702],[85.06518,27.85711],[85.06508,27.8572],[85.06508,27.85729],[85.06483,27.85752],[85.06472,27.85752],[85.06422,27.85788],[85.06376,27.85783],[85.06376,27.85765],[85.06366,27.85756],[85.06366,27.85747],[85.06401,27.85716],[85.06412,27.85716],[85.06422,27.85707],[85.06472,27.85707],[85.06503,27.85689],[85.06508,27.85693]]]}},{"type":"Feature","properties":{"name":"Ground stripped or buried (Sentinel-2 change)","area_m2":1471,"aoi":"galchhi","fill":"#f97316","fill-opacity":0.5,"stroke":"#c2410c","stroke-width":1.1},"geometry":{"type":"Polygon","coordinates":[[[85.03715,27.85676],[85.03725,27.85684],[85.03725,27.85711],[85.0371,27.85716],[85.03684,27.85693],[85.03684,27.85676],[85.03689,27.85671],[85.03715,27.85676]]]}},{"type":"Feature","properties":{"name":"Ground stripped or buried (Sentinel-2 change)","area_m2":1271,"aoi":"galchhi","fill":"#f97316","fill-opacity":0.5,"stroke":"#c2410c","stroke-width":1.1},"geometry":{"type":"Polygon","coordinates":[[[85.06589,27.85667],[85.06574,27.85698],[85.06539,27.85693],[85.06539,27.85684],[85.06564,27.85662],[85.06589,27.85667]]]}},{"type":"Feature","properties":{"name":"Ground stripped or buried (Sentinel-2 change)","area_m2":30386,"aoi":"galchhi","fill":"#f97316","fill-opacity":0.5,"stroke":"#c2410c","stroke-width":1.1},"geometry":{"type":"Polygon","coordinates":[[[85.05614,27.85658],[85.0564,27.85671],[85.0566,27.85671],[85.0567,27.8568],[85.0569,27.85662],[85.05701,27.85662],[85.05716,27.85676],[85.05716,27.85684],[85.05726,27.85693],[85.05726,27.85711],[85.05736,27.8572],[85.05736,27.85738],[85.05756,27.85756],[85.05756,27.85774],[85.05767,27.85783],[85.05777,27.8581],[85.05817,27.85846],[85.05817,27.85855],[85.05838,27.85882],[85.05838,27.859],[85.05848,27.85909],[85.05848,27.85936],[85.05843,27.8594],[85.05833,27.8594],[85.05792,27.85905],[85.05782,27.85905],[85.05711,27.85842],[85.05685,27.85819],[85.05685,27.8581],[85.05624,27.85756],[85.05619,27.85743],[85.05584,27.85729],[85.05584,27.8572],[85.05574,27.85711],[85.05584,27.85702],[85.05584,27.85684],[85.05609,27.85653],[85.05614,27.85658]]]}},{"type":"Feature","properties":{"name":"Ground stripped or buried (Sentinel-2 change)","area_m2":94248,"aoi":"galchhi","fill":"#f97316","fill-opacity":0.5,"stroke":"#c2410c","stroke-width":1.1},"geometry":{"type":"Polygon","coordinates":[[[85.05106,27.85541],[85.05142,27.85545],[85.05152,27.85554],[85.05172,27.85554],[85.05193,27.85572],[85.05203,27.85572],[85.05233,27.8559],[85.05243,27.85581],[85.05284,27.85581],[85.05294,27.85599],[85.05325,27.85599],[85.05386,27.85635],[85.05396,27.85635],[85.05406,27.85626],[85.05426,27.85626],[85.05457,27.85644],[85.05477,27.85644],[85.05502,27.85667],[85.05502,27.85676],[85.05548,27.85716],[85.05558,27.85707],[85.05563,27.8572],[85.05589,27.85743],[85.05599,27.85743],[85.05665,27.85801],[85.05665,27.8581],[85.05695,27.85837],[85.05695,27.85846],[85.05711,27.8586],[85.05721,27.8586],[85.05833,27.85958],[85.05843,27.85958],[85.05863,27.85976],[85.05873,27.85976],[85.05904,27.86003],[85.05934,27.86012],[85.05949,27.86026],[85.05949,27.86035],[85.05924,27.86057],[85.05894,27.86057],[85.05888,27.86062],[85.05899,27.86071],[85.05888,27.8608],[85.05888,27.86089],[85.05863,27.86093],[85.05812,27.86048],[85.05782,27.86039],[85.05761,27.86021],[85.05751,27.86021],[85.05711,27.85976],[85.0568,27.85967],[85.05675,27.85954],[85.0566,27.85949],[85.05635,27.85927],[85.05635,27.85918],[85.05614,27.859],[85.05614,27.85891],[85.05584,27.85846],[85.05584,27.85828],[85.05574,27.85819],[85.05574,27.8581],[85.05558,27.85797],[85.05487,27.85797],[85.05477,27.85788],[85.05467,27.85797],[85.05436,27.85806],[85.05406,27.85788],[85.05396,27.85788],[85.05391,27.85765],[85.0537,27.85747],[85.0537,27.85738],[85.0535,27.8572],[85.0535,27.85711],[85.05335,27.85707],[85.05274,27.85653],[85.05223,27.85635],[85.05172,27.85599],[85.05122,27.85581],[85.05091,27.85563],[85.05066,27.85559],[85.05066,27.8555],[85.05081,27.85536],[85.05106,27.85541]],[[85.05477,27.85743],[85.05462,27.85756],[85.05487,27.85761],[85.05492,27.85756],[85.05477,27.85743]],[[85.05426,27.85716],[85.05416,27.85716],[85.05401,27.85729],[85.05401,27.85738],[85.05406,27.85743],[85.05431,27.8572],[85.05426,27.85716]]]}},{"type":"Feature","properties":{"name":"Ground stripped or buried (Sentinel-2 change)","area_m2":7154,"aoi":"galchhi","fill":"#f97316","fill-opacity":0.5,"stroke":"#c2410c","stroke-width":1.1},"geometry":{"type":"Polygon","coordinates":[[[85.03847,27.85532],[85.03862,27.85536],[85.03882,27.85554],[85.03893,27.85554],[85.03918,27.85577],[85.03913,27.8559],[85.03877,27.85595],[85.03862,27.85635],[85.03852,27.85626],[85.03811,27.85626],[85.03796,27.85613],[85.03801,27.85599],[85.03827,27.85595],[85.03827,27.85577],[85.03837,27.85568],[85.03827,27.85559],[85.03816,27.85532],[85.03821,27.85527],[85.03847,27.85532]]]}},{"type":"Feature","properties":{"name":"Ground stripped or buried (Sentinel-2 change)","area_m2":3340,"aoi":"galchhi","fill":"#f97316","fill-opacity":0.5,"stroke":"#c2410c","stroke-width":1.1},"geometry":{"type":"Polygon","coordinates":[[[85.04538,27.85532],[85.04538,27.8555],[85.04527,27.85559],[85.04527,27.85568],[85.04502,27.8559],[85.04451,27.8559],[85.04446,27.85586],[85.04456,27.85577],[85.04461,27.85554],[85.04472,27.85554],[85.04482,27.85563],[85.04497,27.8555],[85.04502,27.85536],[85.04512,27.85536],[85.04522,27.85527],[85.04538,27.85532]]]}},{"type":"Feature","properties":{"name":"Ground stripped or buried (Sentinel-2 change)","area_m2":12015,"aoi":"galchhi","fill":"#f97316","fill-opacity":0.5,"stroke":"#c2410c","stroke-width":1.1},"geometry":{"type":"Polygon","coordinates":[[[85.0403,27.85523],[85.04035,27.85536],[85.04045,27.85527],[85.04065,27.85527],[85.04106,27.85554],[85.04116,27.85545],[85.04126,27.85545],[85.04141,27.85559],[85.04131,27.85568],[85.04131,27.85577],[85.04091,27.85613],[85.04086,27.85626],[85.04055,27.85617],[85.04045,27.85608],[85.04014,27.85608],[85.03969,27.85586],[85.03969,27.85577],[85.03989,27.85559],[85.03989,27.85541],[85.03979,27.85532],[85.03994,27.85518],[85.04004,27.85527],[85.04014,27.85527],[85.04025,27.85518],[85.0403,27.85523]]]}},{"type":"Feature","properties":{"name":"Ground stripped or buried (Sentinel-2 change)","area_m2":211750,"aoi":"galchhi","fill":"#f97316","fill-opacity":0.5,"stroke":"#c2410c","stroke-width":1.1},"geometry":{"type":"Polygon","coordinates":[[[85.06945,27.85514],[85.0695,27.85527],[85.0698,27.85527],[85.0699,27.85518],[85.06996,27.85523],[85.06996,27.85622],[85.06965,27.8564],[85.06965,27.85649],[85.06955,27.85658],[85.06955,27.85684],[85.06945,27.85693],[85.0697,27.85698],[85.0698,27.85689],[85.06996,27.85693],[85.06996,27.85927],[85.0697,27.85931],[85.0696,27.8594],[85.0694,27.8594],[85.0693,27.85922],[85.06914,27.85927],[85.06955,27.85963],[85.0695,27.85976],[85.06899,27.85994],[85.06869,27.86021],[85.06828,27.85985],[85.06798,27.85985],[85.06792,27.8599],[85.06792,27.86026],[85.06777,27.8603],[85.06737,27.86003],[85.06701,27.85999],[85.06701,27.8599],[85.06711,27.85981],[85.06711,27.85936],[85.06696,27.85922],[85.06655,27.85922],[85.06645,27.85931],[85.06635,27.85931],[85.0663,27.85918],[85.0664,27.85909],[85.0664,27.85891],[85.0662,27.85882],[85.06615,27.85869],[85.06594,27.85869],[85.06584,27.8586],[85.06574,27.8586],[85.06539,27.85909],[85.06554,27.85931],[85.06589,27.85954],[85.06589,27.85999],[85.06574,27.86003],[85.06564,27.85994],[85.06554,27.85994],[85.06513,27.8603],[85.06498,27.86035],[85.06523,27.86039],[85.06544,27.86021],[85.06574,27.86021],[85.06584,27.8603],[85.06594,27.8603],[85.06625,27.86012],[85.06635,27.86012],[85.06645,27.86021],[85.06676,27.86021],[85.06686,27.8603],[85.06696,27.8603],[85.06706,27.86021],[85.06737,27.86021],[85.06752,27.86044],[85.06752,27.86062],[85.06737,27.86075],[85.06686,27.86093],[85.06676,27.86084],[85.06655,27.86084],[85.06645,27.86075],[85.06605,27.86075],[85.06594,27.86066],[85.06513,27.86066],[85.06503,27.86057],[85.0634,27.86057],[85.0633,27.86048],[85.06285,27.86044],[85.06285,27.86035],[85.06264,27.86017],[85.06264,27.86008],[85.06356,27.85927],[85.06361,27.85905],[85.06401,27.85905],[85.06412,27.85887],[85.06422,27.85887],[85.06442,27.85869],[85.06452,27.85869],[85.06478,27.85846],[85.06508,27.85783],[85.06523,27.8577],[85.06533,27.8577],[85.06544,27.85761],[85.06564,27.85761],[85.06569,27.85747],[85.06645,27.85689],[85.06676,27.85689],[85.06686,27.8568],[85.06706,27.8568],[85.06711,27.85658],[85.06726,27.85644],[85.06737,27.85653],[85.06757,27.85653],[85.06767,27.85644],[85.06777,27.85644],[85.06792,27.85631],[85.06792,27.85622],[85.06813,27.85604],[85.06818,27.8559],[85.06828,27.8559],[85.06838,27.85581],[85.06858,27.85581],[85.06869,27.8559],[85.06884,27.85577],[85.06884,27.85559],[85.06874,27.8555],[85.06889,27.85545],[85.06899,27.85554],[85.06909,27.85554],[85.06914,27.8555],[85.06914,27.85523],[85.0693,27.85509],[85.06945,27.85514]],[[85.06493,27.85949],[85.06488,27.85954],[85.06493,27.85958],[85.06498,27.85954],[85.06493,27.85949]],[[85.06554,27.85949],[85.06549,27.85954],[85.06554,27.85958],[85.06559,27.85954],[85.06554,27.85949]],[[85.06533,27.85931],[85.06528,27.85936],[85.06533,27.8594],[85.06539,27.85936],[85.06533,27.85931]],[[85.0697,27.85887],[85.0695,27.85887],[85.06945,27.859],[85.0695,27.85905],[85.0696,27.85896],[85.0697,27.85896],[85.06975,27.85891],[85.0697,27.85887]],[[85.06655,27.8586],[85.0665,27.85882],[85.06655,27.85887],[85.06681,27.85882],[85.06681,27.85873],[85.06655,27.8586]],[[85.06808,27.85797],[85.06782,27.85819],[85.06803,27.85837],[85.06782,27.85855],[85.06798,27.85869],[85.06828,27.85878],[85.06833,27.85873],[85.06823,27.85864],[85.06823,27.85855],[85.06838,27.85842],[85.06864,27.85837],[85.06808,27.85797]],[[85.06757,27.85788],[85.06731,27.85792],[85.06747,27.85806],[85.06767,27.85806],[85.06772,27.85801],[85.06757,27.85788]],[[85.06798,27.85743],[85.06777,27.85743],[85.06762,27.85756],[85.06777,27.8577],[85.06808,27.85779],[85.06813,27.85765],[85.06798,27.85743]],[[85.06919,27.85743],[85.06904,27.85747],[85.06909,27.85761],[85.06924,27.85756],[85.06919,27.85743]],[[85.06848,27.85653],[85.06823,27.85684],[85.06823,27.85711],[85.06838,27.85725],[85.06853,27.85711],[85.06858,27.85698],[85.06869,27.85707],[85.06874,27.85702],[85.06864,27.85693],[85.06864,27.85684],[85.06884,27.85676],[85.06869,27.85671],[85.06858,27.8568],[85.06848,27.85653]],[[85.0696,27.85581],[85.0693,27.8559],[85.06904,27.85613],[85.06904,27.85622],[85.0693,27.85626],[85.0694,27.85635],[85.06965,27.85604],[85.0696,27.85581]],[[85.0698,27.85581],[85.06975,27.85586],[85.0698,27.85599],[85.06985,27.85595],[85.0698,27.85581]]]}},{"type":"Feature","properties":{"name":"Ground stripped or buried (Sentinel-2 change)","area_m2":1695,"aoi":"galchhi","fill":"#f97316","fill-opacity":0.5,"stroke":"#c2410c","stroke-width":1.1},"geometry":{"type":"Polygon","coordinates":[[[85.0338,27.85496],[85.0338,27.85505],[85.03369,27.85514],[85.0338,27.85523],[85.03375,27.85527],[85.03334,27.85527],[85.03319,27.85514],[85.03324,27.855],[85.03354,27.855],[85.03364,27.85491],[85.0338,27.85496]]]}},{"type":"Feature","properties":{"name":"Ground stripped or buried (Sentinel-2 change)","area_m2":1820,"aoi":"galchhi","fill":"#f97316","fill-opacity":0.5,"stroke":"#c2410c","stroke-width":1.1},"geometry":{"type":"Polygon","coordinates":[[[85.05401,27.8546],[85.05411,27.85469],[85.05411,27.85478],[85.05376,27.855],[85.0536,27.85496],[85.0536,27.85487],[85.0535,27.85478],[85.05365,27.85455],[85.05376,27.85464],[85.05386,27.85464],[85.05396,27.85455],[85.05401,27.8546]]]}},{"type":"Feature","properties":{"name":"Ground stripped or buried (Sentinel-2 change)","area_m2":1147,"aoi":"galchhi","fill":"#f97316","fill-opacity":0.5,"stroke":"#c2410c","stroke-width":1.1},"geometry":{"type":"Polygon","coordinates":[[[85.03573,27.85451],[85.03557,27.85482],[85.03522,27.8546],[85.03527,27.85447],[85.03573,27.85451]]]}},{"type":"Feature","properties":{"name":"Ground stripped or buried (Sentinel-2 change)","area_m2":33005,"aoi":"galchhi","fill":"#f97316","fill-opacity":0.5,"stroke":"#c2410c","stroke-width":1.1},"geometry":{"type":"Polygon","coordinates":[[[85.03725,27.85451],[85.0374,27.85455],[85.03806,27.85505],[85.03806,27.85523],[85.03791,27.85527],[85.03781,27.85518],[85.03766,27.85523],[85.03766,27.85532],[85.03755,27.85541],[85.03755,27.85559],[85.03735,27.85577],[85.03745,27.85586],[85.03745,27.85595],[85.0372,27.85617],[85.03705,27.85613],[85.03705,27.85604],[85.03669,27.85572],[85.03659,27.85581],[85.03654,27.85559],[85.03639,27.85554],[85.03634,27.85541],[85.03618,27.85527],[85.03608,27.85527],[85.03598,27.85518],[85.03593,27.85532],[85.03618,27.85554],[85.03634,27.85559],[85.03608,27.85581],[85.03568,27.85581],[85.03557,27.85572],[85.03507,27.85572],[85.03496,27.85545],[85.03456,27.85545],[85.03446,27.85554],[85.03435,27.85554],[85.0342,27.85541],[85.03435,27.85509],[85.03466,27.85509],[85.03476,27.85491],[85.03537,27.85491],[85.03552,27.85505],[85.03557,27.85518],[85.03568,27.85518],[85.03578,27.85509],[85.03608,27.85509],[85.03628,27.85491],[85.03659,27.85491],[85.03664,27.85487],[85.03659,27.85482],[85.03623,27.85469],[85.03634,27.8546],[85.03623,27.85451],[85.03628,27.85447],[85.03679,27.85447],[85.03689,27.85455],[85.0371,27.85455],[85.0372,27.85447],[85.03725,27.85451]],[[85.03649,27.85509],[85.03644,27.85514],[85.03649,27.85518],[85.03654,27.85514],[85.03649,27.85509]]]}},{"type":"Feature","properties":{"name":"Ground stripped or buried (Sentinel-2 change)","area_m2":17275,"aoi":"galchhi","fill":"#f97316","fill-opacity":0.5,"stroke":"#c2410c","stroke-width":1.1},"geometry":{"type":"Polygon","coordinates":[[[85.06782,27.85451],[85.06792,27.8546],[85.06792,27.85469],[85.06747,27.85509],[85.06737,27.85509],[85.06645,27.8559],[85.06625,27.8559],[85.06615,27.85599],[85.06564,27.85617],[85.06544,27.85635],[85.06523,27.85635],[85.06513,27.85644],[85.06488,27.8564],[85.06488,27.85631],[85.06498,27.85622],[85.06488,27.85613],[85.06493,27.85608],[85.06523,27.85599],[85.06533,27.85581],[85.06544,27.8559],[85.06559,27.85577],[85.06564,27.85563],[85.06574,27.85563],[85.06584,27.85572],[85.06594,27.85554],[85.06605,27.85554],[85.06686,27.85482],[85.06696,27.85482],[85.06726,27.85455],[85.06747,27.85455],[85.06757,27.85447],[85.06782,27.85451]]]}},{"type":"Feature","properties":{"name":"Ground stripped or buried (Sentinel-2 change)","area_m2":4537,"aoi":"galchhi","fill":"#f97316","fill-opacity":0.5,"stroke":"#c2410c","stroke-width":1.1},"geometry":{"type":"Polygon","coordinates":[[[85.03349,27.85433],[85.03395,27.85438],[85.03405,27.85447],[85.03435,27.85447],[85.03451,27.8546],[85.03451,27.85478],[85.03435,27.85482],[85.03425,27.85473],[85.03415,27.85473],[85.03395,27.85491],[85.03375,27.85473],[85.03344,27.85464],[85.03329,27.85451],[85.03334,27.85429],[85.03349,27.85433]]]}},{"type":"Feature","properties":{"name":"Ground stripped or buried (Sentinel-2 change)","area_m2":1346,"aoi":"galchhi","fill":"#f97316","fill-opacity":0.5,"stroke":"#c2410c","stroke-width":1.1},"geometry":{"type":"Polygon","coordinates":[[[85.0533,27.85424],[85.0534,27.85433],[85.0534,27.85442],[85.05325,27.85455],[85.05315,27.85455],[85.05289,27.85433],[85.05294,27.8542],[85.0533,27.85424]]]}},{"type":"Feature","properties":{"name":"Ground stripped or buried (Sentinel-2 change)","area_m2":72415,"aoi":"galchhi","fill":"#f97316","fill-opacity":0.5,"stroke":"#c2410c","stroke-width":1.1},"geometry":{"type":"Polygon","coordinates":[[[85.04791,27.85406],[85.04807,27.8542],[85.04817,27.8542],[85.04868,27.85447],[85.04888,27.85447],[85.04898,27.85438],[85.04908,27.85438],[85.04929,27.85455],[85.04939,27.85455],[85.04979,27.85482],[85.0499,27.85482],[85.04995,27.85487],[85.04995,27.85532],[85.05005,27.85541],[85.05005,27.8555],[85.04959,27.85554],[85.04949,27.85536],[85.04898,27.85536],[85.04883,27.85523],[85.04883,27.85514],[85.04903,27.85505],[85.04903,27.85496],[85.04888,27.85482],[85.04857,27.85482],[85.04827,27.85464],[85.04822,27.85469],[85.04822,27.85478],[85.04832,27.85487],[85.04827,27.85509],[85.04817,27.855],[85.04786,27.855],[85.04776,27.85509],[85.04746,27.85518],[85.0472,27.85541],[85.0472,27.8555],[85.047,27.85559],[85.0471,27.85568],[85.04705,27.85572],[85.04675,27.85563],[85.04629,27.85613],[85.04629,27.85622],[85.04639,27.85631],[85.04609,27.85649],[85.04609,27.85684],[85.04624,27.85707],[85.04649,27.85711],[85.04649,27.85729],[85.04659,27.85738],[85.04654,27.85743],[85.04624,27.85743],[85.04614,27.85725],[85.04593,27.85725],[85.04583,27.85716],[85.04573,27.85725],[85.04553,27.85725],[85.04543,27.85716],[85.04492,27.85716],[85.04461,27.85743],[85.04451,27.85734],[85.04441,27.85743],[85.04431,27.85743],[85.04421,27.85734],[85.0436,27.85734],[85.0435,27.85743],[85.04329,27.85743],[85.04309,27.85725],[85.04238,27.85725],[85.04207,27.85707],[85.04177,27.85707],[85.04167,27.85698],[85.04126,27.85698],[85.04111,27.85684],[85.04116,27.85662],[85.04126,27.85662],[85.04136,27.85671],[85.04172,27.85667],[85.04136,27.85662],[85.04111,27.8564],[85.04146,27.85608],[85.04157,27.85608],[85.04167,27.85599],[85.04187,27.85599],[85.04192,27.85604],[85.04182,27.85613],[85.04182,27.85622],[85.04207,27.85626],[85.04213,27.85631],[85.04202,27.8564],[85.04233,27.85658],[85.04233,27.85676],[85.04228,27.8568],[85.04218,27.85671],[85.04213,27.85676],[85.04228,27.85689],[85.04258,27.8568],[85.04263,27.85684],[85.04253,27.85693],[85.04258,27.85698],[85.04309,27.85689],[85.04339,27.85716],[85.0437,27.85707],[85.0438,27.85698],[85.04441,27.85716],[85.04492,27.85689],[85.04502,27.85689],[85.04558,27.8564],[85.04558,27.85631],[85.04568,27.85622],[85.04568,27.85613],[85.04558,27.85604],[85.04558,27.85577],[85.04588,27.85541],[85.04588,27.85532],[85.04619,27.85487],[85.04624,27.85464],[85.04634,27.85464],[85.04675,27.85438],[85.04715,27.85438],[85.04725,27.85447],[85.04736,27.85438],[85.04746,27.85438],[85.04756,27.85447],[85.04776,27.85447],[85.04781,27.85442],[85.04771,27.85433],[85.04771,27.85406],[85.04776,27.85402],[85.04791,27.85406]],[[85.04797,27.85455],[85.04791,27.8546],[85.04797,27.85464],[85.04802,27.8546],[85.04797,27.85455]]]}},{"type":"Feature","properties":{"name":"Ground stripped or buried (Sentinel-2 change)","area_m2":136576,"aoi":"galchhi","fill":"#f97316","fill-opacity":0.5,"stroke":"#c2410c","stroke-width":1.1},"geometry":{"type":"Polygon","coordinates":[[[85.06914,27.85361],[85.06914,27.85379],[85.06889,27.85393],[85.06858,27.85393],[85.06818,27.8542],[85.06808,27.85411],[85.06757,27.85411],[85.06747,27.85429],[85.06716,27.85429],[85.06701,27.85451],[85.06686,27.85455],[85.06665,27.85473],[85.06655,27.85473],[85.06645,27.85482],[85.06615,27.85482],[85.06605,27.855],[85.06574,27.855],[85.06564,27.85509],[85.06554,27.855],[85.06549,27.85505],[85.06559,27.85514],[85.06528,27.85523],[85.06528,27.8555],[85.06503,27.85572],[85.06493,27.85572],[85.06437,27.85631],[85.06457,27.85649],[85.06442,27.85662],[85.06422,27.85662],[85.06412,27.85671],[85.06396,27.85667],[85.06391,27.85653],[85.06371,27.85653],[85.06346,27.85676],[85.06346,27.85693],[85.06335,27.85702],[85.0631,27.85707],[85.06254,27.85756],[85.06254,27.85765],[85.06244,27.85774],[85.06244,27.85783],[85.06254,27.85792],[85.06234,27.8581],[85.06224,27.85837],[85.06193,27.85864],[85.06193,27.85873],[85.06173,27.85891],[85.06173,27.859],[85.06117,27.8594],[85.06087,27.85922],[85.06076,27.85931],[85.06046,27.85931],[85.06036,27.85922],[85.05995,27.85922],[85.05904,27.85878],[85.05894,27.85878],[85.05878,27.85864],[85.05868,27.85837],[85.05838,27.85801],[85.05838,27.85792],[85.05848,27.85783],[85.05817,27.85747],[85.05817,27.85729],[85.05828,27.8572],[85.05828,27.85702],[85.05838,27.85693],[85.05838,27.85684],[85.05853,27.85671],[85.05929,27.8572],[85.05929,27.85729],[85.05949,27.85747],[85.05949,27.85765],[85.0596,27.85774],[85.0596,27.85783],[85.05975,27.85797],[85.05985,27.85788],[85.05995,27.85788],[85.06,27.85792],[85.0599,27.85801],[85.06005,27.85815],[85.06015,27.85788],[85.06041,27.85783],[85.06031,27.85756],[85.06061,27.85747],[85.06066,27.85725],[85.06097,27.85716],[85.06127,27.85689],[85.06137,27.85698],[85.06158,27.8568],[85.06168,27.8568],[85.06208,27.85644],[85.06219,27.85644],[85.06229,27.85635],[85.06239,27.85644],[85.06279,27.85599],[85.0634,27.85581],[85.06356,27.85568],[85.06356,27.85559],[85.06401,27.85518],[85.06422,27.85518],[85.06442,27.855],[85.06493,27.85491],[85.06503,27.85482],[85.06513,27.85491],[85.06533,27.85491],[85.06549,27.85478],[85.06559,27.85451],[85.06574,27.85438],[85.06584,27.85438],[85.06594,27.85429],[85.06605,27.85438],[85.06625,27.85438],[85.06671,27.85397],[85.06671,27.85379],[85.0666,27.8537],[85.06665,27.85357],[85.06686,27.85357],[85.06726,27.85384],[85.06767,27.85384],[85.06777,27.85375],[85.06798,27.85375],[85.06808,27.85366],[85.06858,27.85375],[85.06879,27.85357],[85.06914,27.85361]],[[85.06056,27.85788],[85.06051,27.85792],[85.06056,27.85797],[85.06061,27.85792],[85.06056,27.85788]],[[85.0633,27.85662],[85.0632,27.85662],[85.06305,27.85676],[85.0631,27.8568],[85.0632,27.85671],[85.0633,27.85671],[85.06335,27.85667],[85.0633,27.85662]],[[85.06371,27.85581],[85.06356,27.85586],[85.06366,27.85595],[85.06356,27.85604],[85.06361,27.85617],[85.06371,27.85617],[85.06386,27.85604],[85.06386,27.85595],[85.06371,27.85581]],[[85.06798,27.85384],[85.06792,27.85388],[85.06798,27.85393],[85.06803,27.85388],[85.06798,27.85384]]]}},{"type":"Feature","properties":{"name":"Ground stripped or buried (Sentinel-2 change)","area_m2":18746,"aoi":"galchhi","fill":"#f97316","fill-opacity":0.5,"stroke":"#c2410c","stroke-width":1.1},"geometry":{"type":"Polygon","coordinates":[[[85.04974,27.85316],[85.04979,27.8533],[85.0505,27.8533],[85.05096,27.8537],[85.05096,27.85379],[85.05071,27.85402],[85.04939,27.85402],[85.04929,27.85393],[85.04918,27.85402],[85.04908,27.85402],[85.04888,27.85384],[85.04878,27.85384],[85.04868,27.85375],[85.04847,27.85375],[85.04822,27.85361],[85.04822,27.85352],[85.04837,27.85339],[85.04847,27.85339],[85.04857,27.8533],[85.04908,27.8533],[85.04918,27.85312],[85.04969,27.85312],[85.04974,27.85316]]]}},{"type":"Feature","properties":{"name":"Ground stripped or buried (Sentinel-2 change)","area_m2":10819,"aoi":"galchhi","fill":"#f97316","fill-opacity":0.5,"stroke":"#c2410c","stroke-width":1.1},"geometry":{"type":"Polygon","coordinates":[[[85.04812,27.85298],[85.04812,27.85307],[85.04797,27.85321],[85.04766,27.8533],[85.04746,27.85348],[85.04715,27.85348],[85.04705,27.85357],[85.04685,27.85357],[85.04675,27.85366],[85.04644,27.85366],[85.04634,27.85375],[85.04573,27.85375],[85.04568,27.8537],[85.04568,27.85361],[85.04604,27.8533],[85.04634,27.8533],[85.04665,27.85312],[85.04705,27.85312],[85.04736,27.85294],[85.04807,27.85294],[85.04812,27.85298]]]}},{"type":"Feature","properties":{"name":"Ground stripped or buried (Sentinel-2 change)","area_m2":34127,"aoi":"galchhi","fill":"#f97316","fill-opacity":0.5,"stroke":"#c2410c","stroke-width":1.1},"geometry":{"type":"Polygon","coordinates":[[[85.03959,27.8528],[85.03994,27.85285],[85.04004,27.85294],[85.04035,27.85294],[85.04055,27.85312],[85.0408,27.85316],[85.0407,27.85325],[85.04075,27.85339],[85.04106,27.8533],[85.04141,27.85352],[85.04131,27.85361],[85.04131,27.8537],[85.04141,27.85379],[85.04141,27.85415],[85.04182,27.85478],[85.04172,27.85487],[85.04172,27.85496],[85.04202,27.85505],[85.04192,27.85514],[85.04192,27.85523],[85.04167,27.85545],[85.04157,27.85545],[85.04126,27.85518],[85.04116,27.85518],[85.04086,27.85491],[85.04075,27.85491],[85.04065,27.855],[85.0405,27.85496],[85.0405,27.85487],[85.0406,27.85478],[85.03999,27.85424],[85.03999,27.85406],[85.03989,27.85397],[85.03989,27.8537],[85.03979,27.85361],[85.03979,27.85343],[85.03938,27.85307],[85.03938,27.8528],[85.03943,27.85276],[85.03959,27.8528]]]}},{"type":"Feature","properties":{"name":"Ground stripped or buried (Sentinel-2 change)","area_m2":3316,"aoi":"galchhi","fill":"#f97316","fill-opacity":0.5,"stroke":"#c2410c","stroke-width":1.1},"geometry":{"type":"Polygon","coordinates":[[[85.03339,27.85191],[85.03369,27.852],[85.03369,27.85226],[85.03359,27.85235],[85.03359,27.85244],[85.03344,27.85258],[85.03334,27.85258],[85.03309,27.85235],[85.03309,27.85218],[85.03334,27.85186],[85.03339,27.85191]]]}},{"type":"Feature","properties":{"name":"Ground stripped or buried (Sentinel-2 change)","area_m2":2219,"aoi":"galchhi","fill":"#f97316","fill-opacity":0.5,"stroke":"#c2410c","stroke-width":1.1},"geometry":{"type":"Polygon","coordinates":[[[85.04974,27.85191],[85.04984,27.852],[85.04984,27.85218],[85.04995,27.85226],[85.04995,27.85235],[85.04979,27.8524],[85.04969,27.85231],[85.04959,27.8524],[85.04949,27.8524],[85.04944,27.85226],[85.04954,27.85218],[85.04934,27.85191],[85.04939,27.85186],[85.04974,27.85191]]]}},{"type":"Feature","properties":{"name":"Ground stripped or buried (Sentinel-2 change)","area_m2":1122,"aoi":"galchhi","fill":"#f97316","fill-opacity":0.5,"stroke":"#c2410c","stroke-width":1.1},"geometry":{"type":"Polygon","coordinates":[[[85.05096,27.85128],[85.05096,27.85146],[85.05081,27.85159],[85.05056,27.85155],[85.05061,27.85132],[85.05071,27.85132],[85.05081,27.85123],[85.05096,27.85128]]]}},{"type":"Feature","properties":{"name":"Ground stripped or buried (Sentinel-2 change)","area_m2":173132,"aoi":"galchhi","fill":"#f97316","fill-opacity":0.5,"stroke":"#c2410c","stroke-width":1.1},"geometry":{"type":"Polygon","coordinates":[[[85.04436,27.85047],[85.04472,27.85051],[85.04477,27.85065],[85.04492,27.85078],[85.04543,27.85078],[85.04553,27.85087],[85.04563,27.85069],[85.04573,27.85078],[85.04593,27.85078],[85.04604,27.85087],[85.04614,27.85087],[85.04624,27.85078],[85.04665,27.85105],[85.04685,27.85105],[85.04695,27.85114],[85.04725,27.85114],[85.04736,27.85105],[85.04741,27.85119],[85.04776,27.8515],[85.04807,27.8515],[85.04822,27.85164],[85.04822,27.85173],[85.04837,27.85177],[85.04842,27.85191],[85.04857,27.85204],[85.04888,27.85186],[85.04898,27.85186],[85.04913,27.852],[85.04913,27.85218],[85.04924,27.85226],[85.04924,27.85235],[85.04918,27.8524],[85.04817,27.8524],[85.04807,27.85267],[85.04786,27.85267],[85.04776,27.85276],[85.04715,27.85276],[85.04705,27.85285],[85.04685,27.85285],[85.04675,27.85294],[85.04659,27.85262],[85.04644,27.85249],[85.04629,27.85253],[85.04639,27.85262],[85.04624,27.85276],[85.04593,27.85276],[85.04583,27.85285],[85.04573,27.85267],[85.04522,27.85267],[85.04517,27.8528],[85.04527,27.85289],[85.04522,27.85294],[85.04502,27.85294],[85.04492,27.85285],[85.04482,27.85294],[85.04461,27.85294],[85.04416,27.85334],[85.04416,27.85343],[85.04426,27.85352],[85.04456,27.8537],[85.04456,27.85397],[85.04446,27.85406],[85.04446,27.85415],[85.04456,27.85424],[85.04456,27.85451],[85.04436,27.85478],[85.04436,27.85496],[85.04426,27.85505],[85.04406,27.8555],[85.0435,27.85599],[85.04339,27.85599],[85.04329,27.85608],[85.04314,27.85604],[85.04309,27.8559],[85.04258,27.8559],[85.04253,27.85604],[85.04238,27.85608],[85.04213,27.85586],[85.04213,27.85577],[85.04192,27.85559],[85.04192,27.8555],[85.04223,27.85514],[85.04223,27.85496],[85.04248,27.85473],[85.04263,27.85469],[85.04263,27.85451],[85.04273,27.85442],[85.04273,27.85415],[85.04284,27.85406],[85.04294,27.85379],[85.04324,27.8537],[85.04304,27.85361],[85.04304,27.85352],[85.04289,27.85339],[85.04268,27.85357],[85.04248,27.85357],[85.04233,27.8537],[85.04233,27.85406],[85.04218,27.8542],[85.04197,27.8542],[85.04192,27.85415],[85.04202,27.85406],[85.04202,27.85388],[85.04213,27.85379],[85.04192,27.8537],[85.04192,27.85361],[85.04223,27.85343],[85.04213,27.85334],[85.04202,27.85307],[85.04207,27.85303],[85.04218,27.85312],[85.04228,27.85312],[85.04238,27.85303],[85.04268,27.85303],[85.04284,27.85289],[85.04273,27.8528],[85.04273,27.85262],[85.04263,27.85253],[85.04284,27.85244],[85.04284,27.85191],[85.04314,27.85173],[85.04314,27.85155],[85.04345,27.85128],[85.04355,27.85101],[85.0438,27.85087],[85.0439,27.85087],[85.044,27.85096],[85.04406,27.85083],[85.04395,27.85074],[85.04421,27.85069],[85.04426,27.85047],[85.04431,27.85042],[85.04436,27.85047]],[[85.04248,27.85527],[85.04243,27.85532],[85.04248,27.85536],[85.04253,27.85532],[85.04248,27.85527]],[[85.04492,27.85222],[85.04487,27.85235],[85.04502,27.85258],[85.04507,27.85244],[85.04492,27.85222]],[[85.04675,27.85177],[85.04644,27.85177],[85.04639,27.85191],[85.04654,27.85204],[85.0468,27.85191],[85.04675,27.85177]],[[85.04431,27.85141],[85.04416,27.85146],[85.04421,27.85159],[85.04436,27.85155],[85.04431,27.85141]],[[85.04736,27.85141],[85.0472,27.85146],[85.04725,27.85168],[85.04741,27.85155],[85.04736,27.85141]],[[85.044,27.85114],[85.04395,27.85128],[85.04411,27.85132],[85.04416,27.85128],[85.044,27.85114]],[[85.04492,27.85114],[85.04487,27.85119],[85.04492,27.85123],[85.04497,27.85119],[85.04492,27.85114]]]}},{"type":"Feature","properties":{"name":"Ground stripped or buried (Sentinel-2 change)","area_m2":34453,"aoi":"galchhi","fill":"#f97316","fill-opacity":0.5,"stroke":"#c2410c","stroke-width":1.1},"geometry":{"type":"Polygon","coordinates":[[[85.03146,27.84966],[85.03161,27.84971],[85.03187,27.84993],[85.03187,27.85011],[85.03202,27.85033],[85.03212,27.85024],[85.03222,27.85024],[85.03237,27.85038],[85.03237,27.85047],[85.03227,27.85056],[85.03227,27.85074],[85.03166,27.8511],[85.03171,27.85114],[85.03222,27.85114],[85.03243,27.85132],[85.03253,27.85123],[85.03263,27.85123],[85.03278,27.85137],[85.03278,27.85164],[85.03268,27.85173],[85.03268,27.85191],[85.03258,27.852],[85.03258,27.85226],[85.03268,27.85235],[85.03268,27.85253],[85.03278,27.85262],[85.03273,27.85285],[85.03253,27.85285],[85.03243,27.85294],[85.03232,27.85294],[85.03227,27.85289],[85.03227,27.85262],[85.03217,27.85253],[85.03217,27.85235],[85.03202,27.85231],[85.03126,27.85164],[85.03121,27.8515],[85.0311,27.8515],[85.03085,27.85128],[85.03085,27.85101],[85.03116,27.85065],[85.03116,27.85047],[85.03105,27.85038],[85.03105,27.8502],[85.03116,27.85011],[85.03116,27.84966],[85.03121,27.84962],[85.03146,27.84966]]]}},{"type":"Feature","properties":{"name":"Ground stripped or buried (Sentinel-2 change)","area_m2":27473,"aoi":"galchhi","fill":"#f97316","fill-opacity":0.5,"stroke":"#c2410c","stroke-width":1.1},"geometry":{"type":"Polygon","coordinates":[[[85.02963,27.84957],[85.02963,27.84993],[85.02973,27.85002],[85.02963,27.85011],[85.02963,27.8502],[85.02973,27.85029],[85.02973,27.85038],[85.02963,27.85047],[85.02963,27.85092],[85.02958,27.85096],[85.02948,27.85087],[85.02923,27.85083],[85.02923,27.85065],[85.02907,27.85042],[85.02902,27.85056],[85.02912,27.85065],[85.02902,27.85074],[85.02902,27.85119],[85.02912,27.85128],[85.02912,27.85191],[85.02933,27.852],[85.02933,27.85235],[85.02923,27.85244],[85.02953,27.85262],[85.02963,27.85289],[85.02994,27.85316],[85.02989,27.85339],[85.02978,27.85339],[85.02968,27.8533],[85.02938,27.8533],[85.02902,27.85298],[85.02902,27.85289],[85.02892,27.8528],[85.02892,27.85262],[85.02902,27.85253],[85.02902,27.85244],[85.02882,27.85235],[85.02882,27.85209],[85.02872,27.852],[85.02872,27.85164],[85.02862,27.85155],[85.02862,27.85092],[85.02851,27.85083],[85.02851,27.84966],[85.02857,27.84962],[85.02867,27.84971],[85.02892,27.84975],[85.02892,27.85029],[85.02897,27.85033],[85.02902,27.85029],[85.02902,27.84993],[85.02912,27.84984],[85.02912,27.84957],[85.02917,27.84953],[85.02928,27.84962],[85.02938,27.84953],[85.02948,27.84962],[85.02958,27.84953],[85.02963,27.84957]]]}},{"type":"Feature","properties":{"name":"Ground stripped or buried (Sentinel-2 change)","area_m2":3391,"aoi":"galchhi","fill":"#f97316","fill-opacity":0.5,"stroke":"#c2410c","stroke-width":1.1},"geometry":{"type":"Polygon","coordinates":[[[85.0535,27.84957],[85.0537,27.84966],[85.0537,27.84975],[85.05381,27.84984],[85.05376,27.84997],[85.05365,27.84989],[85.05355,27.85006],[85.05345,27.85006],[85.05335,27.84997],[85.05315,27.84997],[85.05304,27.85006],[85.05289,27.85002],[85.05299,27.84975],[85.0532,27.84966],[85.05309,27.84957],[85.05315,27.84953],[85.05325,27.84953],[85.05335,27.84962],[85.05345,27.84953],[85.0535,27.84957]]]}},{"type":"Feature","properties":{"name":"Ground stripped or buried (Sentinel-2 change)","area_m2":21939,"aoi":"galchhi","fill":"#f97316","fill-opacity":0.5,"stroke":"#c2410c","stroke-width":1.1},"geometry":{"type":"Polygon","coordinates":[[[85.05177,27.84876],[85.05208,27.84885],[85.05188,27.84894],[85.05193,27.84899],[85.05203,27.84899],[85.05213,27.8489],[85.05233,27.8489],[85.05243,27.84899],[85.05264,27.84899],[85.05274,27.84908],[85.05284,27.84908],[85.05299,27.84921],[85.05299,27.8493],[85.05274,27.84944],[85.05233,27.84944],[85.05223,27.84953],[85.05193,27.84962],[85.05183,27.84997],[85.05172,27.84997],[85.05162,27.84989],[85.05142,27.84989],[85.05132,27.8498],[85.05117,27.84993],[85.05132,27.85006],[85.05152,27.85006],[85.05162,27.85015],[85.05188,27.8502],[85.05172,27.85051],[85.05142,27.85051],[85.05081,27.85015],[85.05066,27.84984],[85.05076,27.84975],[85.05076,27.84939],[85.05096,27.84921],[85.05086,27.84912],[85.05096,27.84903],[85.05086,27.84894],[85.05111,27.84872],[85.05122,27.84872],[85.05137,27.84885],[85.05137,27.84903],[85.05117,27.8493],[85.05117,27.84948],[85.05132,27.84953],[85.05137,27.84948],[85.05137,27.84921],[85.05157,27.84903],[85.05147,27.84894],[85.05157,27.84885],[85.05147,27.84876],[85.05152,27.84872],[85.05177,27.84876]]]}},{"type":"Feature","properties":{"name":"Ground stripped or buried (Sentinel-2 change)","area_m2":3266,"aoi":"galchhi","fill":"#f97316","fill-opacity":0.5,"stroke":"#c2410c","stroke-width":1.1},"geometry":{"type":"Polygon","coordinates":[[[85.03065,27.84867],[85.03105,27.84876],[85.03105,27.84903],[85.03126,27.84912],[85.0311,27.84944],[85.031,27.84944],[85.03065,27.84912],[85.03065,27.84885],[85.03055,27.84876],[85.0306,27.84863],[85.03065,27.84867]]]}},{"type":"Feature","properties":{"name":"Ground stripped or buried (Sentinel-2 change)","area_m2":31638,"aoi":"galchhi","fill":"#f97316","fill-opacity":0.5,"stroke":"#c2410c","stroke-width":1.1},"geometry":{"type":"Polygon","coordinates":[[[85.02557,27.8476],[85.02582,27.84764],[85.02613,27.84791],[85.02633,27.84791],[85.02664,27.84809],[85.02714,27.84827],[85.02735,27.84845],[85.02745,27.84845],[85.02791,27.84885],[85.02801,27.84912],[85.02811,27.84921],[85.02765,27.84926],[85.0273,27.84894],[85.02724,27.84881],[85.02674,27.84881],[85.02664,27.84863],[85.02653,27.84872],[85.02643,27.84872],[85.02623,27.84854],[85.02618,27.84858],[85.02628,27.84867],[85.02618,27.84876],[85.02618,27.84894],[85.02628,27.84903],[85.02628,27.8493],[85.02613,27.84944],[85.02562,27.84935],[85.02526,27.84903],[85.02526,27.84894],[85.02516,27.84885],[85.02526,27.84876],[85.02526,27.8484],[85.02501,27.84818],[85.02465,27.84804],[85.02465,27.84795],[85.02486,27.84777],[85.02491,27.84764],[85.02501,27.84773],[85.02521,27.84755],[85.02557,27.8476]],[[85.02592,27.84836],[85.02567,27.8484],[85.02592,27.84845],[85.02598,27.8484],[85.02592,27.84836]]]}},{"type":"Feature","properties":{"name":"Ground stripped or buried (Sentinel-2 change)","area_m2":4936,"aoi":"galchhi","fill":"#f97316","fill-opacity":0.5,"stroke":"#c2410c","stroke-width":1.1},"geometry":{"type":"Polygon","coordinates":[[[85.02669,27.84715],[85.02694,27.84719],[85.02714,27.84737],[85.02724,27.84737],[85.0273,27.84751],[85.0275,27.8476],[85.0276,27.84786],[85.02745,27.84791],[85.02674,27.84755],[85.02664,27.84755],[85.02628,27.84724],[85.02633,27.8471],[85.02669,27.84715]]]}},{"type":"Feature","properties":{"name":"Ground stripped or buried (Sentinel-2 change)","area_m2":7230,"aoi":"galchhi","fill":"#f97316","fill-opacity":0.5,"stroke":"#c2410c","stroke-width":1.1},"geometry":{"type":"Polygon","coordinates":[[[85.0213,27.84652],[85.02156,27.84656],[85.02166,27.84665],[85.02217,27.84665],[85.02262,27.84697],[85.02267,27.8471],[85.02298,27.84719],[85.02323,27.84742],[85.02323,27.8476],[85.02318,27.84764],[85.02308,27.84755],[85.02288,27.84755],[85.02196,27.84692],[85.02166,27.84692],[85.02156,27.84683],[85.02135,27.84683],[85.0212,27.8467],[85.0212,27.84652],[85.02125,27.84647],[85.0213,27.84652]]]}},{"type":"Feature","properties":{"name":"Ground stripped or buried (Sentinel-2 change)","area_m2":6009,"aoi":"galchhi","fill":"#f97316","fill-opacity":0.5,"stroke":"#c2410c","stroke-width":1.1},"geometry":{"type":"Polygon","coordinates":[[[85.02059,27.84562],[85.02059,27.84607],[85.0208,27.84625],[85.0208,27.84643],[85.02064,27.84647],[85.02054,27.84638],[85.02024,27.84638],[85.02014,27.84647],[85.02003,27.84647],[85.01988,27.84634],[85.01998,27.84625],[85.01988,27.84616],[85.01998,27.84607],[85.01998,27.8458],[85.01988,27.84571],[85.01993,27.84566],[85.02044,27.84566],[85.02054,27.84557],[85.02059,27.84562]]]}},{"type":"Feature","properties":{"name":"Ground stripped or buried (Sentinel-2 change)","area_m2":11419,"aoi":"galchhi","fill":"#f97316","fill-opacity":0.5,"stroke":"#c2410c","stroke-width":1.1},"geometry":{"type":"Polygon","coordinates":[[[85.02201,27.84445],[85.02201,27.84454],[85.02217,27.84459],[85.02227,27.84477],[85.02237,27.84477],[85.02247,27.84495],[85.02257,27.84495],[85.02262,27.84508],[85.02283,27.84517],[85.02283,27.84526],[85.02293,27.84535],[85.02288,27.84548],[85.02278,27.84548],[85.02267,27.84539],[85.02237,27.84539],[85.02227,27.8453],[85.02206,27.8453],[85.02196,27.84522],[85.02186,27.84522],[85.02176,27.8453],[85.02146,27.8453],[85.02125,27.84513],[85.0211,27.84508],[85.0212,27.84499],[85.0212,27.84454],[85.02125,27.8445],[85.02135,27.8445],[85.02146,27.84459],[85.02166,27.84459],[85.02176,27.84441],[85.02201,27.84445]]]}},{"type":"Feature","properties":{"name":"Ground stripped or buried (Sentinel-2 change)","area_m2":997,"aoi":"galchhi","fill":"#f97316","fill-opacity":0.5,"stroke":"#c2410c","stroke-width":1.1},"geometry":{"type":"Polygon","coordinates":[[[85.0212,27.84212],[85.0213,27.84221],[85.0213,27.84239],[85.02105,27.84243],[85.021,27.84221],[85.0209,27.84212],[85.02095,27.84207],[85.0212,27.84212]]]}},{"type":"Feature","properties":{"name":"Ground stripped or buried (Sentinel-2 change)","area_m2":2543,"aoi":"galchhi","fill":"#f97316","fill-opacity":0.5,"stroke":"#c2410c","stroke-width":1.1},"geometry":{"type":"Polygon","coordinates":[[[85.01897,27.84194],[85.01897,27.84221],[85.01876,27.84239],[85.01876,27.84257],[85.01861,27.8427],[85.01846,27.84257],[85.01846,27.8423],[85.01881,27.84189],[85.01897,27.84194]]]}},{"type":"Feature","properties":{"name":"Ground stripped or buried (Sentinel-2 change)","area_m2":1172,"aoi":"galchhi","fill":"#f97316","fill-opacity":0.5,"stroke":"#c2410c","stroke-width":1.1},"geometry":{"type":"Polygon","coordinates":[[[85.02333,27.8405],[85.02344,27.84059],[85.02344,27.84077],[85.02308,27.8409],[85.02303,27.84086],[85.02313,27.84077],[85.02313,27.8405],[85.02318,27.84046],[85.02333,27.8405]]]}},{"type":"Feature","properties":{"name":"Ground stripped or buried (Sentinel-2 change)","area_m2":6707,"aoi":"galchhi","fill":"#f97316","fill-opacity":0.5,"stroke":"#c2410c","stroke-width":1.1},"geometry":{"type":"Polygon","coordinates":[[[85.02201,27.84041],[85.02201,27.84059],[85.02186,27.84063],[85.02161,27.84086],[85.02171,27.84095],[85.02171,27.84104],[85.0214,27.84113],[85.02186,27.84117],[85.02191,27.8414],[85.02156,27.84153],[85.02151,27.84149],[85.02161,27.8414],[85.02156,27.84135],[85.02125,27.84135],[85.0211,27.84122],[85.0212,27.84077],[85.0213,27.84068],[85.0213,27.84059],[85.0212,27.8405],[85.02135,27.84037],[85.02156,27.84037],[85.02166,27.84046],[85.02176,27.84037],[85.02201,27.84041]],[[85.02156,27.84063],[85.02151,27.84068],[85.02156,27.84072],[85.02161,27.84068],[85.02156,27.84063]]]}},{"type":"Feature","properties":{"name":"Ground stripped or buried (Sentinel-2 change)","area_m2":2693,"aoi":"galchhi","fill":"#f97316","fill-opacity":0.5,"stroke":"#c2410c","stroke-width":1.1},"geometry":{"type":"Polygon","coordinates":[[[85.01968,27.84014],[85.01958,27.84041],[85.01947,27.8405],[85.01947,27.84077],[85.01932,27.8409],[85.01922,27.8409],[85.01917,27.84086],[85.01917,27.84041],[85.01927,27.84032],[85.01927,27.84023],[85.01942,27.8401],[85.01968,27.84014]]]}},{"type":"Feature","properties":{"name":"Ground stripped or buried (Sentinel-2 change)","area_m2":15709,"aoi":"galchhi","fill":"#f97316","fill-opacity":0.5,"stroke":"#c2410c","stroke-width":1.1},"geometry":{"type":"Polygon","coordinates":[[[85.02364,27.8387],[85.02364,27.83924],[85.02349,27.83947],[85.02318,27.83929],[85.02308,27.83929],[85.02303,27.83942],[85.02288,27.83956],[85.02278,27.83956],[85.02252,27.83933],[85.02252,27.83915],[85.02237,27.83902],[85.02222,27.83915],[85.02232,27.83924],[85.02222,27.83951],[85.02191,27.83969],[85.02191,27.83978],[85.02201,27.83987],[85.02166,27.8401],[85.0213,27.83996],[85.0213,27.83987],[85.0214,27.83978],[85.0213,27.83969],[85.02161,27.8396],[85.02161,27.83942],[85.02151,27.83933],[85.02166,27.8392],[85.02191,27.83915],[85.02181,27.83906],[85.02212,27.83888],[85.02212,27.83879],[85.02227,27.83866],[85.02247,27.83866],[85.02267,27.83884],[85.02328,27.83884],[85.02349,27.83866],[85.02364,27.8387]],[[85.02278,27.83902],[85.02273,27.83906],[85.02278,27.8392],[85.02283,27.83915],[85.02278,27.83902]]]}},{"type":"Feature","properties":{"name":"Ground stripped or buried (Sentinel-2 change)","area_m2":4364,"aoi":"galchhi","fill":"#f97316","fill-opacity":0.5,"stroke":"#c2410c","stroke-width":1.1},"geometry":{"type":"Polygon","coordinates":[[[85.0214,27.83834],[85.0214,27.83852],[85.0211,27.83879],[85.0211,27.83888],[85.02064,27.83911],[85.02059,27.83906],[85.02059,27.83852],[85.02074,27.83839],[85.02115,27.83839],[85.02125,27.8383],[85.0214,27.83834]]]}},{"type":"Feature","properties":{"name":"Ground stripped or buried (Sentinel-2 change)","area_m2":1097,"aoi":"galchhi","fill":"#f97316","fill-opacity":0.5,"stroke":"#c2410c","stroke-width":1.1},"geometry":{"type":"Polygon","coordinates":[[[85.01765,27.83781],[85.01775,27.8379],[85.01775,27.83807],[85.01749,27.83812],[85.01734,27.83781],[85.01739,27.83776],[85.01765,27.83781]]]}},{"type":"Feature","properties":{"name":"Ground stripped or buried (Sentinel-2 change)","area_m2":2543,"aoi":"galchhi","fill":"#f97316","fill-opacity":0.5,"stroke":"#c2410c","stroke-width":1.1},"geometry":{"type":"Polygon","coordinates":[[[85.02364,27.83772],[85.02364,27.8379],[85.02354,27.83799],[85.02364,27.83807],[85.02364,27.83834],[85.02349,27.83839],[85.02333,27.83825],[85.02313,27.83781],[85.02339,27.83776],[85.02349,27.83767],[85.02364,27.83772]]]}},{"type":"Feature","properties":{"name":"Ground stripped or buried (Sentinel-2 change)","area_m2":11770,"aoi":"galchhi","fill":"#f97316","fill-opacity":0.5,"stroke":"#c2410c","stroke-width":1.1},"geometry":{"type":"Polygon","coordinates":[[[85.02222,27.8343],[85.02232,27.83439],[85.02222,27.83448],[85.02222,27.83457],[85.02206,27.83471],[85.02186,27.83471],[85.02161,27.83502],[85.02161,27.8352],[85.02171,27.83529],[85.02166,27.83552],[85.02156,27.83543],[85.02146,27.83543],[85.02135,27.83552],[85.02125,27.83534],[85.02115,27.83543],[85.02105,27.83525],[85.02095,27.83525],[85.02085,27.83534],[85.0208,27.83529],[85.0208,27.83511],[85.0209,27.83502],[85.0209,27.83475],[85.02069,27.83448],[85.02074,27.83435],[85.02125,27.83435],[85.02135,27.83426],[85.02146,27.83426],[85.02156,27.83444],[85.02176,27.83444],[85.02186,27.83453],[85.02191,27.83439],[85.02206,27.83426],[85.02222,27.8343]]]}},{"type":"Feature","properties":{"name":"Ground stripped or buried (Sentinel-2 change)","area_m2":4539,"aoi":"galchhi","fill":"#f97316","fill-opacity":0.5,"stroke":"#c2410c","stroke-width":1.1},"geometry":{"type":"Polygon","coordinates":[[[85.02293,27.83331],[85.02303,27.8334],[85.02303,27.83349],[85.02323,27.83358],[85.02323,27.83439],[85.02318,27.83444],[85.02308,27.83444],[85.02293,27.8343],[85.02293,27.83403],[85.02273,27.83376],[85.02273,27.83358],[85.02262,27.83349],[85.02278,27.83327],[85.02293,27.83331]]]}},{"type":"Feature","properties":{"name":"Ground stripped or buried (Sentinel-2 change)","area_m2":59102,"aoi":"galchhi","fill":"#f97316","fill-opacity":0.5,"stroke":"#c2410c","stroke-width":1.1},"geometry":{"type":"Polygon","coordinates":[[[85.0214,27.83296],[85.02156,27.83309],[85.02166,27.833],[85.02176,27.833],[85.02186,27.83309],[85.02196,27.833],[85.02212,27.83313],[85.02212,27.83358],[85.02191,27.83376],[85.02186,27.8339],[85.02156,27.8339],[85.02135,27.83408],[85.02115,27.83408],[85.0211,27.83412],[85.0212,27.83421],[85.02115,27.83426],[85.02064,27.83426],[85.02054,27.83453],[85.02044,27.83453],[85.02024,27.83435],[85.02008,27.83439],[85.02008,27.83448],[85.02049,27.83484],[85.02049,27.83493],[85.02039,27.83502],[85.02049,27.83511],[85.02049,27.8352],[85.02039,27.83529],[85.02039,27.83538],[85.02049,27.83547],[85.02044,27.83552],[85.01993,27.83543],[85.01988,27.83538],[85.01988,27.83529],[85.01998,27.8352],[85.01993,27.83516],[85.01973,27.83516],[85.01963,27.83525],[85.01958,27.8352],[85.01958,27.83502],[85.01998,27.83457],[85.01993,27.83453],[85.01983,27.83453],[85.01953,27.8348],[85.01942,27.8348],[85.01932,27.83489],[85.01922,27.8348],[85.01917,27.83484],[85.01927,27.83493],[85.01927,27.83502],[85.01917,27.83511],[85.01927,27.8352],[85.01922,27.83525],[85.01912,27.83525],[85.01902,27.83534],[85.01892,27.83525],[85.01871,27.83525],[85.01866,27.8352],[85.01866,27.83502],[85.01876,27.83493],[85.01871,27.8348],[85.01866,27.83493],[85.01851,27.83507],[85.01826,27.83484],[85.01846,27.83457],[85.01836,27.83448],[85.01836,27.83412],[85.01856,27.83403],[85.0181,27.83399],[85.01805,27.83421],[85.01815,27.8343],[85.01815,27.83439],[85.018,27.83444],[85.01765,27.83421],[85.0177,27.83399],[85.0178,27.83408],[85.01785,27.83403],[85.0177,27.8339],[85.0176,27.83399],[85.01749,27.83399],[85.01724,27.83376],[85.01724,27.83367],[85.01714,27.83358],[85.01729,27.83354],[85.0178,27.83309],[85.0179,27.83309],[85.018,27.83318],[85.0181,27.83318],[85.01841,27.83345],[85.01851,27.83345],[85.01861,27.83336],[85.01892,27.83336],[85.01912,27.83354],[85.01932,27.83354],[85.01942,27.83345],[85.02034,27.83354],[85.02085,27.83399],[85.02105,27.83399],[85.0212,27.83385],[85.0212,27.8334],[85.0211,27.83331],[85.0211,27.83313],[85.0213,27.83305],[85.02135,27.83291],[85.0214,27.83296]],[[85.01892,27.83426],[85.01887,27.8343],[85.01892,27.83435],[85.01897,27.8343],[85.01892,27.83426]],[[85.01902,27.8339],[85.01892,27.83399],[85.01871,27.83399],[85.01866,27.83412],[85.01881,27.83417],[85.01907,27.83394],[85.01902,27.8339]]]}},{"type":"Feature","properties":{"name":"Ground stripped or buried (Sentinel-2 change)","area_m2":8404,"aoi":"galchhi","fill":"#f97316","fill-opacity":0.5,"stroke":"#c2410c","stroke-width":1.1},"geometry":{"type":"Polygon","coordinates":[[[85.0208,27.8317],[85.0209,27.83179],[85.0209,27.83215],[85.02105,27.83228],[85.02115,27.83228],[85.02125,27.83237],[85.02146,27.83237],[85.02156,27.83228],[85.02171,27.83233],[85.02181,27.8326],[85.02156,27.83282],[85.02105,27.83291],[85.02059,27.83242],[85.02039,27.83188],[85.02044,27.83183],[85.02054,27.83192],[85.02059,27.83188],[85.02064,27.83165],[85.0208,27.8317]]]}},{"type":"Feature","properties":{"name":"Ground stripped or buried (Sentinel-2 change)","area_m2":5562,"aoi":"galchhi","fill":"#f97316","fill-opacity":0.5,"stroke":"#c2410c","stroke-width":1.1},"geometry":{"type":"Polygon","coordinates":[[[85.02212,27.82963],[85.02212,27.83017],[85.02222,27.83026],[85.02222,27.83035],[85.02212,27.83044],[85.02222,27.83053],[85.02196,27.83057],[85.02181,27.83044],[85.02181,27.83035],[85.0214,27.82999],[85.0214,27.8299],[85.0213,27.82981],[85.02146,27.82968],[85.02186,27.82968],[85.02196,27.82959],[85.02212,27.82963]]]}},{"type":"Feature","properties":{"name":"Ground stripped or buried (Sentinel-2 change)","area_m2":3192,"aoi":"galchhi","fill":"#f97316","fill-opacity":0.5,"stroke":"#c2410c","stroke-width":1.1},"geometry":{"type":"Polygon","coordinates":[[[85.02161,27.829],[85.02181,27.82909],[85.02181,27.82936],[85.02156,27.82941],[85.02146,27.8295],[85.02125,27.8295],[85.0211,27.82927],[85.0211,27.829],[85.02115,27.82896],[85.02125,27.82905],[85.02135,27.82905],[85.02146,27.82896],[85.02161,27.829]]]}},{"type":"Feature","properties":{"name":"Ground stripped or buried (Sentinel-2 change)","area_m2":28830,"aoi":"galchhi","fill":"#f97316","fill-opacity":0.5,"stroke":"#c2410c","stroke-width":1.1},"geometry":{"type":"Polygon","coordinates":[[[85.01917,27.82846],[85.01947,27.82873],[85.01947,27.82882],[85.01968,27.82891],[85.01973,27.82905],[85.02008,27.82918],[85.02008,27.82945],[85.02054,27.82995],[85.02115,27.82995],[85.0214,27.83017],[85.0214,27.83026],[85.02161,27.83035],[85.02161,27.83053],[85.02171,27.83062],[85.02171,27.8308],[85.02181,27.83089],[85.02181,27.83152],[85.02176,27.83156],[85.02166,27.83156],[85.02115,27.83111],[85.02105,27.83111],[85.02074,27.83084],[85.02064,27.83084],[85.02003,27.83031],[85.01993,27.83031],[85.01973,27.83013],[85.01958,27.83008],[85.01958,27.8299],[85.01968,27.82981],[85.01937,27.82954],[85.01937,27.82918],[85.01897,27.82873],[85.01897,27.82846],[85.01902,27.82842],[85.01917,27.82846]]]}},{"type":"Feature","properties":{"name":"Ground stripped or buried (Sentinel-2 change)","area_m2":12196,"aoi":"galchhi","fill":"#f97316","fill-opacity":0.5,"stroke":"#c2410c","stroke-width":1.1},"geometry":{"type":"Polygon","coordinates":[[[85.01663,27.82694],[85.01673,27.82703],[85.01673,27.82712],[85.01704,27.82739],[85.01704,27.82748],[85.01719,27.82752],[85.01739,27.8277],[85.01749,27.8277],[85.01785,27.82801],[85.01805,27.82846],[85.018,27.82851],[85.0179,27.82842],[85.0178,27.82851],[85.0176,27.82851],[85.01749,27.82842],[85.01729,27.82842],[85.01709,27.82824],[85.01699,27.82824],[85.01653,27.82784],[85.01653,27.82775],[85.01663,27.82766],[85.01653,27.82757],[85.01653,27.8273],[85.01643,27.82721],[85.01643,27.82703],[85.01633,27.82694],[85.01638,27.82689],[85.01663,27.82694]],[[85.01719,27.82797],[85.01714,27.82801],[85.01719,27.82815],[85.01724,27.8281],[85.01719,27.82797]]]}},{"type":"Feature","properties":{"name":"Ground stripped or buried (Sentinel-2 change)","area_m2":18805,"aoi":"galchhi","fill":"#f97316","fill-opacity":0.5,"stroke":"#c2410c","stroke-width":1.1},"geometry":{"type":"Polygon","coordinates":[[[85.01978,27.82595],[85.01978,27.82604],[85.01988,27.82613],[85.01988,27.82631],[85.01998,27.8264],[85.01998,27.82658],[85.02014,27.82662],[85.02039,27.82685],[85.02039,27.82703],[85.02059,27.82721],[85.02059,27.82748],[85.02074,27.82761],[85.02085,27.82761],[85.0212,27.82793],[85.0212,27.82801],[85.0214,27.82828],[85.02135,27.82842],[85.02125,27.82842],[85.02115,27.82833],[85.02095,27.82833],[85.02085,27.82824],[85.02074,27.82842],[85.02044,27.82842],[85.02034,27.82851],[85.02019,27.82846],[85.02019,27.82837],[85.02039,27.8281],[85.02039,27.82801],[85.02019,27.82784],[85.02029,27.82757],[85.02003,27.82752],[85.01998,27.82739],[85.01978,27.82721],[85.01978,27.82712],[85.01958,27.82703],[85.01958,27.82667],[85.01937,27.82649],[85.01947,27.8264],[85.01937,27.82595],[85.01942,27.8259],[85.01953,27.82599],[85.01963,27.82599],[85.01973,27.8259],[85.01978,27.82595]]]}},{"type":"Feature","properties":{"name":"Ground stripped or buried (Sentinel-2 change)","area_m2":6260,"aoi":"galchhi","fill":"#f97316","fill-opacity":0.5,"stroke":"#c2410c","stroke-width":1.1},"geometry":{"type":"Polygon","coordinates":[[[85.01714,27.82586],[85.01724,27.82595],[85.01714,27.82604],[85.01714,27.82631],[85.01724,27.8264],[85.01724,27.82658],[85.01744,27.82685],[85.01739,27.82698],[85.01694,27.82685],[85.01694,27.82676],[85.01673,27.82658],[85.01673,27.82649],[85.01643,27.82604],[85.01658,27.8259],[85.01668,27.8259],[85.01678,27.82599],[85.01699,27.82581],[85.01714,27.82586]]]}},{"type":"Feature","properties":{"name":"Ground stripped or buried (Sentinel-2 change)","area_m2":2170,"aoi":"galchhi","fill":"#f97316","fill-opacity":0.5,"stroke":"#c2410c","stroke-width":1.1},"geometry":{"type":"Polygon","coordinates":[[[85.01907,27.82388],[85.01937,27.82397],[85.01937,27.82406],[85.01927,27.82415],[85.01927,27.82433],[85.01937,27.82442],[85.01932,27.82447],[85.01897,27.82433],[85.01887,27.82388],[85.01892,27.82384],[85.01907,27.82388]]]}},{"type":"Feature","properties":{"name":"Ground stripped or buried (Sentinel-2 change)","area_m2":1596,"aoi":"galchhi","fill":"#f97316","fill-opacity":0.5,"stroke":"#c2410c","stroke-width":1.1},"geometry":{"type":"Polygon","coordinates":[[[85.01887,27.82281],[85.01887,27.82298],[85.01871,27.82321],[85.01861,27.82321],[85.01846,27.82307],[85.01846,27.82281],[85.01851,27.82276],[85.01887,27.82281]]]}},{"type":"Feature","properties":{"name":"Ground stripped or buried (Sentinel-2 change)","area_m2":19755,"aoi":"galchhi","fill":"#f97316","fill-opacity":0.5,"stroke":"#c2410c","stroke-width":1.1},"geometry":{"type":"Polygon","coordinates":[[[85.01765,27.82137],[85.01765,27.82155],[85.01775,27.82164],[85.01775,27.82173],[85.01795,27.82191],[85.01795,27.82209],[85.01785,27.82218],[85.01785,27.82227],[85.01805,27.82236],[85.01805,27.82254],[85.01815,27.82263],[85.01815,27.82316],[85.01805,27.82325],[85.01805,27.82343],[85.01785,27.82361],[85.01785,27.82388],[85.01765,27.82397],[85.01765,27.82415],[85.01749,27.82429],[85.01739,27.82429],[85.01734,27.82424],[85.01734,27.82361],[85.01724,27.82352],[85.01724,27.82307],[85.01714,27.82298],[85.01734,27.82289],[85.01734,27.82227],[85.01724,27.82218],[85.01724,27.82164],[85.01749,27.82132],[85.01765,27.82137]]]}},{"type":"Feature","properties":{"name":"Ground stripped or buried (Sentinel-2 change)","area_m2":47590,"aoi":"galchhi","fill":"#f97316","fill-opacity":0.5,"stroke":"#c2410c","stroke-width":1.1},"geometry":{"type":"Polygon","coordinates":[[[85.01572,27.82128],[85.01587,27.82132],[85.01617,27.82159],[85.01628,27.82159],[85.01673,27.82191],[85.01663,27.822],[85.01663,27.82218],[85.01668,27.82222],[85.01678,27.82213],[85.01683,27.82218],[85.01683,27.82245],[85.01694,27.82254],[85.01683,27.82263],[85.01683,27.82307],[85.01694,27.82316],[85.01683,27.82325],[85.01683,27.82352],[85.01699,27.82357],[85.01709,27.82348],[85.01714,27.82352],[85.01714,27.82388],[85.01694,27.82406],[85.01694,27.82424],[85.01704,27.82433],[85.01704,27.82442],[85.01673,27.8246],[85.01673,27.82469],[85.01663,27.82478],[85.01663,27.82505],[85.01617,27.82545],[85.01597,27.82545],[85.01592,27.82532],[85.01577,27.82519],[85.01567,27.82528],[85.01551,27.82523],[85.01551,27.82496],[85.01582,27.82469],[85.01582,27.82451],[85.01556,27.82438],[85.01506,27.82438],[85.01501,27.82433],[85.01501,27.82424],[85.01536,27.82393],[85.01546,27.82393],[85.01567,27.82411],[85.01597,27.82411],[85.01612,27.82397],[85.01612,27.82379],[85.01582,27.82334],[85.01582,27.82307],[85.01562,27.82289],[85.01562,27.82281],[85.01572,27.82272],[85.01551,27.82254],[85.01551,27.82236],[85.01562,27.82227],[85.01562,27.82173],[85.01572,27.82164],[85.01562,27.82155],[85.01562,27.82128],[85.01567,27.82123],[85.01572,27.82128]],[[85.01617,27.82429],[85.01612,27.82433],[85.01617,27.82438],[85.01622,27.82433],[85.01617,27.82429]],[[85.01648,27.82348],[85.01633,27.82352],[85.01648,27.82366],[85.01653,27.82361],[85.01648,27.82348]],[[85.01638,27.82312],[85.01633,27.82316],[85.01638,27.82321],[85.01643,27.82316],[85.01638,27.82312]]]}},{"type":"Feature","properties":{"name":"Ground stripped or buried (Sentinel-2 change)","area_m2":1222,"aoi":"galchhi","fill":"#f97316","fill-opacity":0.5,"stroke":"#c2410c","stroke-width":1.1},"geometry":{"type":"Polygon","coordinates":[[[85.01785,27.81948],[85.01795,27.81957],[85.01795,27.81984],[85.0179,27.81989],[85.0178,27.8198],[85.01754,27.81975],[85.0177,27.81944],[85.01785,27.81948]]]}},{"type":"Feature","properties":{"name":"Ground stripped or buried (Sentinel-2 change)","area_m2":1322,"aoi":"galchhi","fill":"#f97316","fill-opacity":0.5,"stroke":"#c2410c","stroke-width":1.1},"geometry":{"type":"Polygon","coordinates":[[[84.96503,27.81867],[84.96513,27.81876],[84.96513,27.81903],[84.96508,27.81908],[84.96498,27.81908],[84.96473,27.81885],[84.96478,27.81872],[84.96488,27.81872],[84.96498,27.81863],[84.96503,27.81867]]]}},{"type":"Feature","properties":{"name":"Ground stripped or buried (Sentinel-2 change)","area_m2":9554,"aoi":"galchhi","fill":"#f97316","fill-opacity":0.5,"stroke":"#c2410c","stroke-width":1.1},"geometry":{"type":"Polygon","coordinates":[[[85.0148,27.81822],[85.0148,27.81858],[85.0149,27.81867],[85.0149,27.81876],[85.01501,27.81885],[85.01501,27.81894],[85.01531,27.81912],[85.01531,27.82002],[85.01541,27.82011],[85.01541,27.82029],[85.01551,27.82038],[85.01546,27.82042],[85.01526,27.82042],[85.01501,27.8202],[85.01501,27.81975],[85.0147,27.8193],[85.0147,27.81903],[85.0145,27.81876],[85.0145,27.81831],[85.01465,27.81818],[85.0148,27.81822]]]}},{"type":"Feature","properties":{"name":"Ground stripped or buried (Sentinel-2 change)","area_m2":4515,"aoi":"galchhi","fill":"#f97316","fill-opacity":0.5,"stroke":"#c2410c","stroke-width":1.1},"geometry":{"type":"Polygon","coordinates":[[[84.95559,27.81786],[84.95574,27.81791],[84.95589,27.81804],[84.95589,27.81813],[84.95604,27.81827],[84.95615,27.81827],[84.9562,27.8184],[84.95635,27.81854],[84.9565,27.81858],[84.95635,27.81881],[84.95625,27.81872],[84.95604,27.81872],[84.95548,27.81822],[84.95548,27.81804],[84.95538,27.81795],[84.95538,27.81786],[84.95543,27.81782],[84.95559,27.81786]]]}},{"type":"Feature","properties":{"name":"Ground stripped or buried (Sentinel-2 change)","area_m2":1971,"aoi":"galchhi","fill":"#f97316","fill-opacity":0.5,"stroke":"#c2410c","stroke-width":1.1},"geometry":{"type":"Polygon","coordinates":[[[84.95508,27.81733],[84.95528,27.8175],[84.95528,27.81768],[84.95538,27.81777],[84.95533,27.81782],[84.95513,27.81782],[84.95488,27.81759],[84.95488,27.8175],[84.95477,27.81742],[84.95482,27.81728],[84.95508,27.81733]]]}},{"type":"Feature","properties":{"name":"Ground stripped or buried (Sentinel-2 change)","area_m2":26641,"aoi":"galchhi","fill":"#f97316","fill-opacity":0.5,"stroke":"#c2410c","stroke-width":1.1},"geometry":{"type":"Polygon","coordinates":[[[84.96077,27.81733],[84.96077,27.8175],[84.96051,27.81773],[84.96031,27.81773],[84.9599,27.818],[84.9598,27.818],[84.9596,27.81818],[84.9595,27.81818],[84.95899,27.81845],[84.95879,27.81845],[84.95868,27.81854],[84.95838,27.81854],[84.95828,27.81863],[84.95767,27.81863],[84.95757,27.81854],[84.95747,27.81854],[84.95736,27.81863],[84.95726,27.81863],[84.95716,27.81854],[84.95655,27.81854],[84.9563,27.81831],[84.95645,27.81818],[84.95696,27.81818],[84.95706,27.81791],[84.95747,27.81791],[84.95757,27.81782],[84.95899,27.81782],[84.95909,27.81791],[84.9594,27.81764],[84.9596,27.81764],[84.9597,27.81773],[84.95975,27.81768],[84.95965,27.81759],[84.9597,27.81755],[84.96021,27.81746],[84.96031,27.81737],[84.96061,27.81737],[84.96072,27.81728],[84.96077,27.81733]]]}},{"type":"Feature","properties":{"name":"Ground stripped or buried (Sentinel-2 change)","area_m2":873,"aoi":"galchhi","fill":"#f97316","fill-opacity":0.5,"stroke":"#c2410c","stroke-width":1.1},"geometry":{"type":"Polygon","coordinates":[[[84.95813,27.81715],[84.95807,27.81737],[84.95772,27.81733],[84.95772,27.81724],[84.95787,27.8171],[84.95813,27.81715]]]}},{"type":"Feature","properties":{"name":"Ground stripped or buried (Sentinel-2 change)","area_m2":1646,"aoi":"galchhi","fill":"#f97316","fill-opacity":0.5,"stroke":"#c2410c","stroke-width":1.1},"geometry":{"type":"Polygon","coordinates":[[[84.96209,27.81715],[84.96193,27.81755],[84.96173,27.81755],[84.96158,27.81742],[84.96163,27.81719],[84.96183,27.81719],[84.96193,27.8171],[84.96209,27.81715]]]}},{"type":"Feature","properties":{"name":"Ground stripped or buried (Sentinel-2 change)","area_m2":1422,"aoi":"galchhi","fill":"#f97316","fill-opacity":0.5,"stroke":"#c2410c","stroke-width":1.1},"geometry":{"type":"Polygon","coordinates":[[[85.01501,27.81697],[85.01511,27.81706],[85.01511,27.81733],[85.01506,27.81737],[85.01495,27.81737],[85.0147,27.81715],[85.0147,27.81706],[85.01485,27.81692],[85.01501,27.81697]]]}},{"type":"Feature","properties":{"name":"Ground stripped or buried (Sentinel-2 change)","area_m2":1896,"aoi":"galchhi","fill":"#f97316","fill-opacity":0.5,"stroke":"#c2410c","stroke-width":1.1},"geometry":{"type":"Polygon","coordinates":[[[84.95955,27.81688],[84.9597,27.81692],[84.95975,27.81706],[84.9594,27.81728],[84.95914,27.81724],[84.95929,27.81683],[84.95955,27.81688]]]}},{"type":"Feature","properties":{"name":"Ground stripped or buried (Sentinel-2 change)","area_m2":12473,"aoi":"galchhi","fill":"#f97316","fill-opacity":0.5,"stroke":"#c2410c","stroke-width":1.1},"geometry":{"type":"Polygon","coordinates":[[[84.95335,27.81634],[84.95361,27.81647],[84.95391,27.81647],[84.95427,27.81688],[84.95427,27.81697],[84.95391,27.81701],[84.95361,27.81683],[84.9534,27.81683],[84.9533,27.81674],[84.95249,27.81674],[84.95239,27.81683],[84.95218,27.81683],[84.95188,27.81701],[84.95142,27.81697],[84.95152,27.81688],[84.95152,27.81661],[84.95168,27.81647],[84.95218,27.81647],[84.95229,27.81638],[84.95289,27.81638],[84.953,27.81629],[84.95335,27.81634]]]}},{"type":"Feature","properties":{"name":"Ground stripped or buried (Sentinel-2 change)","area_m2":5688,"aoi":"galchhi","fill":"#f97316","fill-opacity":0.5,"stroke":"#c2410c","stroke-width":1.1},"geometry":{"type":"Polygon","coordinates":[[[84.95295,27.81571],[84.9534,27.81575],[84.9535,27.81584],[84.95361,27.81584],[84.95381,27.81602],[84.95391,27.81602],[84.95406,27.81625],[84.95391,27.81638],[84.95371,27.81638],[84.9534,27.8162],[84.9531,27.8162],[84.95264,27.81589],[84.95289,27.81566],[84.95295,27.81571]]]}},{"type":"Feature","properties":{"name":"Ground stripped or buried (Sentinel-2 change)","area_m2":4615,"aoi":"galchhi","fill":"#f97316","fill-opacity":0.5,"stroke":"#c2410c","stroke-width":1.1},"geometry":{"type":"Polygon","coordinates":[[[85.01419,27.81562],[85.0144,27.81571],[85.0144,27.81589],[85.0146,27.81598],[85.0146,27.81616],[85.0148,27.81634],[85.0148,27.81679],[85.01475,27.81683],[85.01465,27.81683],[85.0145,27.8167],[85.0145,27.81652],[85.01429,27.81625],[85.01429,27.81616],[85.01409,27.81598],[85.01409,27.8158],[85.01399,27.81571],[85.01399,27.81562],[85.01404,27.81557],[85.01419,27.81562]]]}},{"type":"Feature","properties":{"name":"Ground stripped or buried (Sentinel-2 change)","area_m2":9829,"aoi":"galchhi","fill":"#f97316","fill-opacity":0.5,"stroke":"#c2410c","stroke-width":1.1},"geometry":{"type":"Polygon","coordinates":[[[85.01358,27.81526],[85.01369,27.81535],[85.01369,27.81544],[85.01379,27.81553],[85.01379,27.81562],[85.01389,27.81571],[85.01389,27.8158],[85.01399,27.81589],[85.01399,27.81598],[85.01409,27.81607],[85.0144,27.8167],[85.0145,27.81679],[85.0145,27.81697],[85.0146,27.81706],[85.0145,27.81715],[85.0146,27.81724],[85.0146,27.81768],[85.0147,27.81777],[85.01465,27.81782],[85.01445,27.81782],[85.01435,27.81773],[85.01424,27.81782],[85.01419,27.81777],[85.01419,27.81768],[85.01429,27.81759],[85.01429,27.81733],[85.01419,27.81724],[85.01419,27.81688],[85.01379,27.81625],[85.01348,27.81562],[85.01328,27.81544],[85.01343,27.81521],[85.01358,27.81526]]]}},{"type":"Feature","properties":{"name":"Ground stripped or buried (Sentinel-2 change)","area_m2":2869,"aoi":"galchhi","fill":"#f97316","fill-opacity":0.5,"stroke":"#c2410c","stroke-width":1.1},"geometry":{"type":"Polygon","coordinates":[[[85.01369,27.81463],[85.01399,27.81499],[85.01399,27.81535],[85.01394,27.81539],[85.01384,27.81539],[85.01358,27.81517],[85.01358,27.81499],[85.01348,27.8149],[85.01348,27.81463],[85.01353,27.81459],[85.01369,27.81463]]]}},{"type":"Feature","properties":{"name":"Ground stripped or buried (Sentinel-2 change)","area_m2":16564,"aoi":"galchhi","fill":"#f97316","fill-opacity":0.5,"stroke":"#c2410c","stroke-width":1.1},"geometry":{"type":"Polygon","coordinates":[[[84.9631,27.81391],[84.9631,27.81409],[84.9628,27.81436],[84.9627,27.81481],[84.96249,27.81499],[84.96229,27.81544],[84.96178,27.81598],[84.96178,27.81607],[84.96163,27.8162],[84.96143,27.8162],[84.96112,27.81665],[84.96092,27.81665],[84.96061,27.81683],[84.96041,27.81683],[84.96011,27.81701],[84.95995,27.81697],[84.95995,27.81679],[84.96031,27.81647],[84.96061,27.81638],[84.96072,27.81629],[84.96092,27.81629],[84.96133,27.81593],[84.96143,27.81593],[84.96153,27.81575],[84.96168,27.81571],[84.96158,27.81544],[84.96173,27.81539],[84.96183,27.81548],[84.96199,27.81535],[84.96199,27.81526],[84.96229,27.81481],[84.96229,27.81463],[84.96239,27.81454],[84.96239,27.81445],[84.96259,27.81427],[84.96259,27.814],[84.96285,27.81396],[84.96295,27.81387],[84.9631,27.81391]]]}},{"type":"Feature","properties":{"name":"Ground stripped or buried (Sentinel-2 change)","area_m2":10827,"aoi":"galchhi","fill":"#f97316","fill-opacity":0.5,"stroke":"#c2410c","stroke-width":1.1},"geometry":{"type":"Polygon","coordinates":[[[84.95183,27.81382],[84.95198,27.81387],[84.95223,27.81409],[84.95223,27.81436],[84.95229,27.81441],[84.95249,27.81441],[84.95259,27.8145],[84.95269,27.81441],[84.95289,27.81441],[84.9532,27.81459],[84.9534,27.81459],[84.95366,27.81481],[84.95366,27.81499],[84.9535,27.81512],[84.9531,27.81512],[84.95305,27.81508],[84.95325,27.81499],[84.9532,27.81494],[84.9531,27.81494],[84.953,27.81503],[84.95279,27.81503],[84.95269,27.81485],[84.95239,27.81477],[84.95229,27.81459],[84.95218,27.81459],[84.95208,27.81468],[84.95173,27.81427],[84.95173,27.81418],[84.95163,27.81409],[84.95163,27.81391],[84.95152,27.81382],[84.95157,27.81378],[84.95183,27.81382]]]}},{"type":"Feature","properties":{"name":"Ground stripped or buried (Sentinel-2 change)","area_m2":18086,"aoi":"galchhi","fill":"#f97316","fill-opacity":0.5,"stroke":"#c2410c","stroke-width":1.1},"geometry":{"type":"Polygon","coordinates":[[[84.95112,27.81373],[84.95137,27.81378],[84.95163,27.81418],[84.95163,27.81454],[84.95152,27.81463],[84.95152,27.81481],[84.95142,27.8149],[84.95142,27.81499],[84.95107,27.8153],[84.95096,27.8153],[84.95076,27.81548],[84.95056,27.81548],[84.95046,27.81557],[84.95036,27.81557],[84.9503,27.81544],[84.95041,27.81535],[84.95041,27.81517],[84.9503,27.81508],[84.9503,27.81499],[84.95041,27.8149],[84.95041,27.81481],[84.95056,27.81468],[84.95066,27.81468],[84.95076,27.81477],[84.95102,27.81454],[84.95076,27.8145],[84.95066,27.81459],[84.95056,27.81459],[84.95036,27.81441],[84.95015,27.81459],[84.95005,27.81459],[84.95,27.81454],[84.95,27.81418],[84.9501,27.81409],[84.95,27.814],[84.95,27.81391],[84.95025,27.81387],[84.95046,27.81405],[84.95066,27.81405],[84.95071,27.81409],[84.95061,27.81418],[84.95066,27.81423],[84.95076,27.81423],[84.95086,27.81414],[84.95112,27.81436],[84.95127,27.81468],[84.95132,27.81445],[84.95122,27.81436],[84.95122,27.81427],[84.95091,27.814],[84.95102,27.81373],[84.95107,27.81369],[84.95112,27.81373]]]}},{"type":"Feature","properties":{"name":"Ground stripped or buried (Sentinel-2 change)","area_m2":1746,"aoi":"galchhi","fill":"#f97316","fill-opacity":0.5,"stroke":"#c2410c","stroke-width":1.1},"geometry":{"type":"Polygon","coordinates":[[[85.01277,27.81337],[85.01297,27.81346],[85.01297,27.81373],[85.01308,27.81382],[85.01303,27.81387],[85.01282,27.81387],[85.01257,27.81355],[85.01262,27.81333],[85.01277,27.81337]]]}},{"type":"Feature","properties":{"name":"Ground stripped or buried (Sentinel-2 change)","area_m2":6162,"aoi":"galchhi","fill":"#f97316","fill-opacity":0.5,"stroke":"#c2410c","stroke-width":1.1},"geometry":{"type":"Polygon","coordinates":[[[84.96351,27.81274],[84.96351,27.81319],[84.96341,27.81328],[84.96341,27.81346],[84.96326,27.81369],[84.96295,27.81378],[84.9628,27.81364],[84.9628,27.81355],[84.9629,27.81346],[84.9629,27.81328],[84.9628,27.81319],[84.9628,27.8131],[84.963,27.81292],[84.9629,27.81283],[84.96305,27.8127],[84.96351,27.81274]]]}},{"type":"Feature","properties":{"name":"Ground stripped or buried (Sentinel-2 change)","area_m2":5364,"aoi":"galchhi","fill":"#f97316","fill-opacity":0.5,"stroke":"#c2410c","stroke-width":1.1},"geometry":{"type":"Polygon","coordinates":[[[84.96503,27.8122],[84.96503,27.81238],[84.96513,27.81247],[84.96524,27.81274],[84.96503,27.81301],[84.96478,27.81324],[84.96468,27.81324],[84.96463,27.81301],[84.96452,27.81292],[84.96452,27.81247],[84.96473,27.81238],[84.96473,27.81229],[84.96488,27.81216],[84.96503,27.8122]]]}},{"type":"Feature","properties":{"name":"Ground stripped or buried (Sentinel-2 change)","area_m2":1148,"aoi":"galchhi","fill":"#f97316","fill-opacity":0.5,"stroke":"#c2410c","stroke-width":1.1},"geometry":{"type":"Polygon","coordinates":[[[84.96737,27.81202],[84.96757,27.8122],[84.96757,27.81229],[84.96722,27.81234],[84.96717,27.81229],[84.96717,27.81202],[84.96722,27.81198],[84.96737,27.81202]]]}},{"type":"Feature","properties":{"name":"Ground stripped or buried (Sentinel-2 change)","area_m2":9381,"aoi":"galchhi","fill":"#f97316","fill-opacity":0.5,"stroke":"#c2410c","stroke-width":1.1},"geometry":{"type":"Polygon","coordinates":[[[84.96656,27.81059],[84.96671,27.81072],[84.96706,27.81086],[84.96706,27.81095],[84.96717,27.81104],[84.96717,27.81122],[84.96727,27.81131],[84.96722,27.81153],[84.96711,27.81144],[84.96671,27.81144],[84.96661,27.81135],[84.9664,27.81135],[84.966,27.81099],[84.96564,27.81095],[84.96564,27.81086],[84.9661,27.81054],[84.96656,27.81059]]]}},{"type":"Feature","properties":{"name":"Ground stripped or buried (Sentinel-2 change)","area_m2":13123,"aoi":"galchhi","fill":"#f97316","fill-opacity":0.5,"stroke":"#c2410c","stroke-width":1.1},"geometry":{"type":"Polygon","coordinates":[[[84.97113,27.81059],[84.97128,27.81063],[84.97163,27.81095],[84.97163,27.81113],[84.97103,27.81149],[84.97103,27.8122],[84.97077,27.81243],[84.97067,27.81243],[84.97042,27.8122],[84.97052,27.81211],[84.97052,27.81194],[84.97042,27.81185],[84.97042,27.81176],[84.97072,27.81149],[84.97072,27.81122],[84.97031,27.81113],[84.97042,27.81104],[84.97042,27.81095],[84.97077,27.81063],[84.97087,27.81063],[84.97097,27.81054],[84.97113,27.81059]]]}},{"type":"Feature","properties":{"name":"Ground stripped or buried (Sentinel-2 change)","area_m2":1222,"aoi":"galchhi","fill":"#f97316","fill-opacity":0.5,"stroke":"#c2410c","stroke-width":1.1},"geometry":{"type":"Polygon","coordinates":[[[85.01216,27.81032],[85.01216,27.81059],[85.01201,27.81072],[85.01191,27.81072],[85.01186,27.81068],[85.01186,27.81041],[85.01201,27.81027],[85.01216,27.81032]]]}},{"type":"Feature","properties":{"name":"Ground stripped or buried (Sentinel-2 change)","area_m2":1272,"aoi":"galchhi","fill":"#f97316","fill-opacity":0.5,"stroke":"#c2410c","stroke-width":1.1},"geometry":{"type":"Polygon","coordinates":[[[84.97042,27.81014],[84.97042,27.8105],[84.97016,27.81054],[84.97011,27.8105],[84.97011,27.81023],[84.97026,27.81009],[84.97042,27.81014]]]}},{"type":"Feature","properties":{"name":"Ground stripped or buried (Sentinel-2 change)","area_m2":11027,"aoi":"galchhi","fill":"#f97316","fill-opacity":0.5,"stroke":"#c2410c","stroke-width":1.1},"geometry":{"type":"Polygon","coordinates":[[[85.01348,27.81005],[85.01338,27.81032],[85.01328,27.81041],[85.01328,27.81068],[85.01318,27.81077],[85.01318,27.81113],[85.01328,27.81122],[85.01328,27.81131],[85.01318,27.8114],[85.01338,27.81149],[85.01338,27.81158],[85.01328,27.81167],[85.01328,27.81185],[85.01318,27.81194],[85.01318,27.81202],[85.01328,27.81211],[85.01328,27.81229],[85.01338,27.81238],[85.01338,27.81283],[85.01323,27.81288],[85.01308,27.81274],[85.01308,27.81256],[85.01297,27.81247],[85.01297,27.8122],[85.01277,27.81194],[85.01287,27.81185],[85.01287,27.81104],[85.01277,27.81095],[85.01287,27.81086],[85.01287,27.81068],[85.01297,27.81059],[85.01297,27.81014],[85.01333,27.81009],[85.01343,27.81],[85.01348,27.81005]]]}},{"type":"Feature","properties":{"name":"Ground stripped or buried (Sentinel-2 change)","area_m2":3443,"aoi":"galchhi","fill":"#f97316","fill-opacity":0.5,"stroke":"#c2410c","stroke-width":1.1},"geometry":{"type":"Polygon","coordinates":[[[84.96869,27.80933],[84.96869,27.80987],[84.96859,27.80996],[84.96859,27.81014],[84.96823,27.81018],[84.96818,27.81014],[84.96828,27.81005],[84.96828,27.80987],[84.96818,27.80978],[84.96818,27.80969],[84.96844,27.80937],[84.96854,27.80937],[84.96864,27.80928],[84.96869,27.80933]]]}},{"type":"Feature","properties":{"name":"Ground stripped or buried (Sentinel-2 change)","area_m2":2420,"aoi":"galchhi","fill":"#f97316","fill-opacity":0.5,"stroke":"#c2410c","stroke-width":1.1},"geometry":{"type":"Polygon","coordinates":[[[85.01358,27.80906],[85.01358,27.80915],[85.01369,27.80924],[85.01369,27.8096],[85.01333,27.80964],[85.01318,27.80942],[85.01328,27.80933],[85.01328,27.80915],[85.01353,27.80902],[85.01358,27.80906]]]}},{"type":"Feature","properties":{"name":"Ground stripped or buried (Sentinel-2 change)","area_m2":1871,"aoi":"galchhi","fill":"#f97316","fill-opacity":0.5,"stroke":"#c2410c","stroke-width":1.1},"geometry":{"type":"Polygon","coordinates":[[[84.96899,27.80771],[84.96899,27.80798],[84.96889,27.80807],[84.96889,27.80825],[84.96874,27.8083],[84.96859,27.80816],[84.96859,27.80798],[84.96884,27.80767],[84.96899,27.80771]]]}},{"type":"Feature","properties":{"name":"Ground stripped or buried (Sentinel-2 change)","area_m2":14595,"aoi":"galchhi","fill":"#f97316","fill-opacity":0.5,"stroke":"#c2410c","stroke-width":1.1},"geometry":{"type":"Polygon","coordinates":[[[84.9694,27.80753],[84.9696,27.80762],[84.9696,27.80825],[84.9697,27.80834],[84.9697,27.80888],[84.9696,27.80897],[84.9697,27.80906],[84.9697,27.80942],[84.9696,27.80951],[84.9697,27.8096],[84.96965,27.80973],[84.96935,27.80973],[84.96889,27.80915],[84.96889,27.8087],[84.9691,27.80843],[84.9691,27.80771],[84.9692,27.80762],[84.9691,27.80753],[84.96915,27.80749],[84.9694,27.80753]]]}},{"type":"Feature","properties":{"name":"Ground stripped or buried (Sentinel-2 change)","area_m2":2794,"aoi":"galchhi","fill":"#f97316","fill-opacity":0.5,"stroke":"#c2410c","stroke-width":1.1},"geometry":{"type":"Polygon","coordinates":[[[85.01257,27.80753],[85.01277,27.80762],[85.01277,27.80771],[85.01287,27.8078],[85.01282,27.80794],[85.01272,27.80785],[85.01221,27.80785],[85.01196,27.80762],[85.01201,27.80749],[85.01252,27.80749],[85.01257,27.80753]]]}},{"type":"Feature","properties":{"name":"Ground stripped or buried (Sentinel-2 change)","area_m2":2171,"aoi":"galchhi","fill":"#f97316","fill-opacity":0.5,"stroke":"#c2410c","stroke-width":1.1},"geometry":{"type":"Polygon","coordinates":[[[85.01267,27.80672],[85.01257,27.80681],[85.01252,27.80704],[85.01242,27.80704],[85.01231,27.80695],[85.01201,27.80695],[85.01186,27.80681],[85.01191,27.80668],[85.01262,27.80668],[85.01267,27.80672]]]}},{"type":"Feature","properties":{"name":"Ground stripped or buried (Sentinel-2 change)","area_m2":7161,"aoi":"galchhi","fill":"#f97316","fill-opacity":0.5,"stroke":"#c2410c","stroke-width":1.1},"geometry":{"type":"Polygon","coordinates":[[[84.97042,27.80654],[84.97042,27.80663],[84.97031,27.80672],[84.97031,27.80681],[84.97042,27.8069],[84.97042,27.80708],[84.97031,27.80717],[84.97031,27.80744],[84.97021,27.80753],[84.97021,27.8078],[84.97031,27.80789],[84.97016,27.80803],[84.97006,27.80803],[84.96981,27.80789],[84.96981,27.8078],[84.9697,27.80771],[84.96981,27.80762],[84.96981,27.80717],[84.96991,27.80708],[84.96991,27.80672],[84.97006,27.80659],[84.97026,27.80659],[84.97037,27.8065],[84.97042,27.80654]]]}},{"type":"Feature","properties":{"name":"Ground stripped or buried (Sentinel-2 change)","area_m2":1572,"aoi":"galchhi","fill":"#f97316","fill-opacity":0.5,"stroke":"#c2410c","stroke-width":1.1},"geometry":{"type":"Polygon","coordinates":[[[85.01236,27.80592],[85.01247,27.80601],[85.01247,27.8061],[85.01221,27.80623],[85.01186,27.8061],[85.01201,27.80587],[85.01236,27.80592]]]}},{"type":"Feature","properties":{"name":"Ground stripped or buried (Sentinel-2 change)","area_m2":1322,"aoi":"galchhi","fill":"#f97316","fill-opacity":0.5,"stroke":"#c2410c","stroke-width":1.1},"geometry":{"type":"Polygon","coordinates":[[[85.00678,27.80556],[85.00703,27.8056],[85.00718,27.80574],[85.00718,27.80583],[85.00683,27.80587],[85.00668,27.80574],[85.00668,27.80556],[85.00673,27.80551],[85.00678,27.80556]]]}},{"type":"Feature","properties":{"name":"Ground stripped or buried (Sentinel-2 change)","area_m2":4142,"aoi":"galchhi","fill":"#f97316","fill-opacity":0.5,"stroke":"#c2410c","stroke-width":1.1},"geometry":{"type":"Polygon","coordinates":[[[84.97153,27.80538],[84.97143,27.80565],[84.97128,27.80569],[84.97108,27.80587],[84.97087,27.80587],[84.97037,27.80614],[84.97021,27.8061],[84.97031,27.80583],[84.97047,27.80578],[84.97067,27.8056],[84.97108,27.8056],[84.97118,27.80542],[84.97128,27.80542],[84.97138,27.80533],[84.97153,27.80538]]]}},{"type":"Feature","properties":{"name":"Ground stripped or buried (Sentinel-2 change)","area_m2":2271,"aoi":"galchhi","fill":"#f97316","fill-opacity":0.5,"stroke":"#c2410c","stroke-width":1.1},"geometry":{"type":"Polygon","coordinates":[[[85.00708,27.8052],[85.00734,27.80524],[85.00749,27.80538],[85.00749,27.80556],[85.00744,27.8056],[85.00734,27.80551],[85.00703,27.80551],[85.00668,27.80529],[85.00673,27.80515],[85.00708,27.8052]]]}},{"type":"Feature","properties":{"name":"Ground stripped or buried (Sentinel-2 change)","area_m2":4915,"aoi":"galchhi","fill":"#f97316","fill-opacity":0.5,"stroke":"#c2410c","stroke-width":1.1},"geometry":{"type":"Polygon","coordinates":[[[84.98525,27.80484],[84.98591,27.80506],[84.98611,27.80524],[84.98631,27.80524],[84.98646,27.80538],[84.98646,27.80556],[84.98641,27.8056],[84.98631,27.80551],[84.98611,27.80551],[84.98601,27.80542],[84.9858,27.80542],[84.9857,27.80533],[84.9855,27.80533],[84.9853,27.80515],[84.98519,27.80515],[84.98504,27.80502],[84.98504,27.80484],[84.98509,27.80479],[84.98525,27.80484]]]}},{"type":"Feature","properties":{"name":"Ground stripped or buried (Sentinel-2 change)","area_m2":2545,"aoi":"galchhi","fill":"#f97316","fill-opacity":0.5,"stroke":"#c2410c","stroke-width":1.1},"geometry":{"type":"Polygon","coordinates":[[[84.98362,27.80448],[84.98382,27.80457],[84.98382,27.80466],[84.98372,27.80475],[84.98372,27.80502],[84.98337,27.80515],[84.98332,27.80511],[84.98342,27.80502],[84.98342,27.80493],[84.98332,27.80484],[84.98332,27.80475],[84.98342,27.80466],[84.98342,27.80457],[84.98332,27.80448],[84.98337,27.80443],[84.98362,27.80448]]]}},{"type":"Feature","properties":{"name":"Ground stripped or buried (Sentinel-2 change)","area_m2":4591,"aoi":"galchhi","fill":"#f97316","fill-opacity":0.5,"stroke":"#c2410c","stroke-width":1.1},"geometry":{"type":"Polygon","coordinates":[[[84.98677,27.80448],[84.98702,27.80461],[84.98712,27.80452],[84.98723,27.80461],[84.98733,27.80461],[84.98758,27.80484],[84.98758,27.80493],[84.98733,27.80506],[84.98712,27.80506],[84.98702,27.80497],[84.98682,27.80497],[84.98672,27.80488],[84.98662,27.80488],[84.98646,27.80475],[84.98657,27.80466],[84.98657,27.80457],[84.98646,27.80448],[84.98651,27.80443],[84.98677,27.80448]]]}},{"type":"Feature","properties":{"name":"Ground stripped or buried (Sentinel-2 change)","area_m2":5065,"aoi":"galchhi","fill":"#f97316","fill-opacity":0.5,"stroke":"#c2410c","stroke-width":1.1},"geometry":{"type":"Polygon","coordinates":[[[84.99662,27.80358],[84.99662,27.80367],[84.99652,27.80376],[84.99662,27.80385],[84.99657,27.80389],[84.99637,27.80389],[84.99627,27.80398],[84.99596,27.80398],[84.99586,27.80407],[84.99525,27.80407],[84.9952,27.80403],[84.9953,27.80394],[84.9952,27.80385],[84.99545,27.80362],[84.99566,27.80362],[84.99576,27.80371],[84.99616,27.80371],[84.99647,27.80353],[84.99662,27.80358]],[[84.99616,27.8038],[84.99611,27.80385],[84.99616,27.80389],[84.99621,27.80385],[84.99616,27.8038]]]}},{"type":"Feature","properties":{"name":"Ground stripped or buried (Sentinel-2 change)","area_m2":7710,"aoi":"galchhi","fill":"#f97316","fill-opacity":0.5,"stroke":"#c2410c","stroke-width":1.1},"geometry":{"type":"Polygon","coordinates":[[[84.98139,27.80286],[84.98174,27.80291],[84.98205,27.80309],[84.98235,27.80309],[84.9825,27.80322],[84.9824,27.80331],[84.9825,27.8034],[84.9825,27.80349],[84.98225,27.80353],[84.98205,27.80336],[84.98194,27.80336],[84.98184,27.80327],[84.98164,27.80327],[84.98133,27.80309],[84.98113,27.80309],[84.98103,27.80318],[84.98062,27.80318],[84.98027,27.80295],[84.98032,27.80282],[84.98133,27.80282],[84.98139,27.80286]]]}},{"type":"Feature","properties":{"name":"Ground stripped or buried (Sentinel-2 change)","area_m2":3119,"aoi":"galchhi","fill":"#f97316","fill-opacity":0.5,"stroke":"#c2410c","stroke-width":1.1},"geometry":{"type":"Polygon","coordinates":[[[84.97285,27.80277],[84.97285,27.80349],[84.9727,27.80362],[84.9726,27.80362],[84.97245,27.80349],[84.97245,27.80322],[84.97255,27.80313],[84.97255,27.80286],[84.9727,27.80273],[84.97285,27.80277]]]}},{"type":"Feature","properties":{"name":"Ground stripped or buried (Sentinel-2 change)","area_m2":2969,"aoi":"galchhi","fill":"#f97316","fill-opacity":0.5,"stroke":"#c2410c","stroke-width":1.1},"geometry":{"type":"Polygon","coordinates":[[[85.00404,27.80241],[85.00434,27.8025],[85.00434,27.80259],[85.00454,27.80277],[85.00454,27.80295],[85.00465,27.80304],[85.00439,27.80309],[85.00393,27.80268],[85.00383,27.80241],[85.00388,27.80237],[85.00404,27.80241]]]}},{"type":"Feature","properties":{"name":"Ground stripped or buried (Sentinel-2 change)","area_m2":5315,"aoi":"galchhi","fill":"#f97316","fill-opacity":0.5,"stroke":"#c2410c","stroke-width":1.1},"geometry":{"type":"Polygon","coordinates":[[[84.97905,27.80187],[84.9793,27.80201],[84.9794,27.80192],[84.97951,27.80192],[84.97961,27.8021],[84.97991,27.8021],[84.98007,27.80223],[84.98007,27.80241],[84.98001,27.80246],[84.9794,27.80246],[84.9791,27.80228],[84.979,27.8021],[84.9788,27.8021],[84.97864,27.80196],[84.97869,27.80183],[84.97905,27.80187]]]}},{"type":"Feature","properties":{"name":"Ground stripped or buried (Sentinel-2 change)","area_m2":6937,"aoi":"galchhi","fill":"#f97316","fill-opacity":0.5,"stroke":"#c2410c","stroke-width":1.1},"geometry":{"type":"Polygon","coordinates":[[[85.00211,27.80178],[85.00272,27.80214],[85.00282,27.80241],[85.00266,27.80255],[85.00246,27.80255],[85.00216,27.80237],[85.00206,27.80237],[85.00185,27.80219],[85.00165,27.80219],[85.0014,27.80196],[85.0014,27.80187],[85.00155,27.80174],[85.00185,27.80174],[85.00195,27.80183],[85.00206,27.80174],[85.00211,27.80178]]]}},{"type":"Feature","properties":{"name":"Ground stripped or buried (Sentinel-2 change)","area_m2":2870,"aoi":"galchhi","fill":"#f97316","fill-opacity":0.5,"stroke":"#c2410c","stroke-width":1.1},"geometry":{"type":"Polygon","coordinates":[[[84.97824,27.8016],[84.97844,27.80178],[84.97839,27.80201],[84.97829,27.80192],[84.97798,27.80201],[84.97793,27.80196],[84.97803,27.80187],[84.97798,27.80183],[84.97768,27.80183],[84.97753,27.80169],[84.97758,27.80156],[84.97819,27.80156],[84.97824,27.8016]]]}},{"type":"Feature","properties":{"name":"Ground stripped or buried (Sentinel-2 change)","area_m2":11054,"aoi":"galchhi","fill":"#f97316","fill-opacity":0.5,"stroke":"#c2410c","stroke-width":1.1},"geometry":{"type":"Polygon","coordinates":[[[84.97499,27.80151],[84.97509,27.8016],[84.97509,27.80169],[84.97483,27.80183],[84.97463,27.80183],[84.97453,27.80192],[84.97422,27.80192],[84.97412,27.80201],[84.97382,27.80201],[84.97372,27.8021],[84.97321,27.80219],[84.97311,27.80228],[84.97301,27.80228],[84.9729,27.80237],[84.9727,27.80237],[84.9726,27.80246],[84.97245,27.80232],[84.97255,27.80223],[84.97255,27.80214],[84.97275,27.80205],[84.97275,27.80196],[84.9729,27.80183],[84.97321,27.80183],[84.97351,27.80165],[84.97402,27.80165],[84.97433,27.80147],[84.97494,27.80147],[84.97499,27.80151]]]}},{"type":"Feature","properties":{"name":"Ground stripped or buried (Sentinel-2 change)","area_m2":2021,"aoi":"galchhi","fill":"#f97316","fill-opacity":0.5,"stroke":"#c2410c","stroke-width":1.1},"geometry":{"type":"Polygon","coordinates":[[[84.97732,27.80142],[84.97732,27.80151],[84.97742,27.8016],[84.97737,27.80174],[84.97727,27.80165],[84.97676,27.80174],[84.97661,27.8016],[84.97697,27.80138],[84.97732,27.80142]]]}},{"type":"Feature","properties":{"name":"Ground stripped or buried (Sentinel-2 change)","area_m2":1622,"aoi":"galchhi","fill":"#f97316","fill-opacity":0.5,"stroke":"#c2410c","stroke-width":1.1},"geometry":{"type":"Polygon","coordinates":[[[84.98514,27.80115],[84.98525,27.80142],[84.98499,27.80147],[84.98489,27.80156],[84.98474,27.80151],[84.98474,27.80142],[84.98484,27.80133],[84.98474,27.80124],[84.98479,27.80111],[84.98489,27.8012],[84.98499,27.80111],[84.98514,27.80115]]]}},{"type":"Feature","properties":{"name":"Ground stripped or buried (Sentinel-2 change)","area_m2":6014,"aoi":"galchhi","fill":"#f97316","fill-opacity":0.5,"stroke":"#c2410c","stroke-width":1.1},"geometry":{"type":"Polygon","coordinates":[[[85.00221,27.80106],[85.00231,27.80115],[85.00211,27.80133],[85.00226,27.80138],[85.00236,27.80156],[85.00246,27.80147],[85.00266,27.80147],[85.00277,27.80138],[85.00287,27.80138],[85.00297,27.80156],[85.00332,27.8016],[85.00332,27.80196],[85.00317,27.80201],[85.00297,27.80183],[85.00256,27.80183],[85.00226,27.80165],[85.00206,27.80165],[85.0019,27.80151],[85.0019,27.80142],[85.002,27.80133],[85.0019,27.80124],[85.0019,27.80106],[85.00195,27.80102],[85.00221,27.80106]]]}},{"type":"Feature","properties":{"name":"Ground stripped or buried (Sentinel-2 change)","area_m2":9532,"aoi":"galchhi","fill":"#f97316","fill-opacity":0.5,"stroke":"#c2410c","stroke-width":1.1},"geometry":{"type":"Polygon","coordinates":[[[84.98169,27.80097],[84.98174,27.80111],[84.98184,27.80111],[84.98199,27.80124],[84.98194,27.80147],[84.98164,27.80147],[84.98154,27.80156],[84.98144,27.80147],[84.98133,27.80147],[84.98123,27.80156],[84.98073,27.80156],[84.98062,27.80138],[84.98052,27.80147],[84.98042,27.80147],[84.98022,27.80129],[84.97986,27.80124],[84.97986,27.80115],[84.98001,27.80102],[84.98032,27.80102],[84.98042,27.80093],[84.98062,27.80111],[84.98103,27.80111],[84.98123,27.80093],[84.98169,27.80097]]]}},{"type":"Feature","properties":{"name":"Ground stripped or buried (Sentinel-2 change)","area_m2":6088,"aoi":"galchhi","fill":"#f97316","fill-opacity":0.5,"stroke":"#c2410c","stroke-width":1.1},"geometry":{"type":"Polygon","coordinates":[[[84.98413,27.80097],[84.98443,27.80133],[84.98438,27.80156],[84.98428,27.80147],[84.98418,27.80156],[84.98387,27.80156],[84.98377,27.80147],[84.98306,27.80147],[84.98301,27.80142],[84.98316,27.80111],[84.98337,27.80111],[84.98347,27.80102],[84.98357,27.80102],[84.98362,27.80106],[84.98352,27.80115],[84.98357,27.8012],[84.98408,27.80093],[84.98413,27.80097]]]}},{"type":"Feature","properties":{"name":"Ground stripped or buried (Sentinel-2 change)","area_m2":1572,"aoi":"galchhi","fill":"#f97316","fill-opacity":0.5,"stroke":"#c2410c","stroke-width":1.1},"geometry":{"type":"Polygon","coordinates":[[[84.97854,27.80088],[84.97854,27.80097],[84.97864,27.80106],[84.97859,27.8012],[84.97849,27.8012],[84.97839,27.80129],[84.97814,27.80115],[84.97819,27.80093],[84.97829,27.80093],[84.97839,27.80084],[84.97854,27.80088]]]}},{"type":"Feature","properties":{"name":"Ground stripped or buried (Sentinel-2 change)","area_m2":7311,"aoi":"galchhi","fill":"#f97316","fill-opacity":0.5,"stroke":"#c2410c","stroke-width":1.1},"geometry":{"type":"Polygon","coordinates":[[[84.98697,27.80088],[84.98687,27.80097],[84.98687,27.80106],[84.98707,27.80124],[84.98707,27.80133],[84.98692,27.80147],[84.98611,27.80147],[84.98601,27.80156],[84.98591,27.80156],[84.9858,27.80147],[84.9856,27.80147],[84.9855,27.80156],[84.98545,27.80151],[84.98545,27.80133],[84.9856,27.8012],[84.9858,27.8012],[84.98591,27.80102],[84.98621,27.80102],[84.98631,27.80111],[84.98682,27.80084],[84.98697,27.80088]]]}},{"type":"Feature","properties":{"name":"Ground stripped or buried (Sentinel-2 change)","area_m2":2470,"aoi":"galchhi","fill":"#f97316","fill-opacity":0.5,"stroke":"#c2410c","stroke-width":1.1},"geometry":{"type":"Polygon","coordinates":[[[85.00129,27.80079],[85.00155,27.80084],[85.0017,27.80097],[85.0017,27.80115],[85.00145,27.80138],[85.00129,27.80133],[85.00129,27.80124],[85.00119,27.80115],[85.00119,27.80079],[85.00124,27.80075],[85.00129,27.80079]]]}},{"type":"Feature","properties":{"name":"Ground stripped or buried (Sentinel-2 change)","area_m2":3768,"aoi":"galchhi","fill":"#f97316","fill-opacity":0.5,"stroke":"#c2410c","stroke-width":1.1},"geometry":{"type":"Polygon","coordinates":[[[84.98819,27.8007],[84.98819,27.80088],[84.98804,27.80102],[84.98773,27.80102],[84.98763,27.80111],[84.98733,27.80102],[84.98718,27.80079],[84.98733,27.80066],[84.98814,27.80066],[84.98819,27.8007]]]}},{"type":"Feature","properties":{"name":"Ground stripped or buried (Sentinel-2 change)","area_m2":1522,"aoi":"galchhi","fill":"#f97316","fill-opacity":0.5,"stroke":"#c2410c","stroke-width":1.1},"geometry":{"type":"Polygon","coordinates":[[[84.99083,27.8007],[84.99083,27.80097],[84.99078,27.80102],[84.99032,27.80097],[84.99048,27.80066],[84.99083,27.8007]]]}},{"type":"Feature","properties":{"name":"Ground stripped or buried (Sentinel-2 change)","area_m2":2021,"aoi":"galchhi","fill":"#f97316","fill-opacity":0.5,"stroke":"#c2410c","stroke-width":1.1},"geometry":{"type":"Polygon","coordinates":[[[84.97671,27.80053],[84.97671,27.80079],[84.97666,27.80084],[84.97646,27.80084],[84.97636,27.80075],[84.97626,27.80084],[84.9761,27.80079],[84.9761,27.80061],[84.97626,27.80048],[84.97671,27.80053]]]}},{"type":"Feature","properties":{"name":"Ground stripped or buried (Sentinel-2 change)","area_m2":4417,"aoi":"galchhi","fill":"#f97316","fill-opacity":0.5,"stroke":"#c2410c","stroke-width":1.1},"geometry":{"type":"Polygon","coordinates":[[[84.9888,27.80053],[84.98885,27.80075],[84.98916,27.80075],[84.98926,27.80066],[84.98941,27.80079],[84.98941,27.80097],[84.98926,27.80111],[84.98885,27.80111],[84.98865,27.80093],[84.98844,27.80093],[84.98829,27.80079],[84.98829,27.8007],[84.9885,27.80061],[84.98855,27.80048],[84.9888,27.80053]]]}},{"type":"Feature","properties":{"name":"Ground stripped or buried (Sentinel-2 change)","area_m2":64078,"aoi":"galchhi","fill":"#f97316","fill-opacity":0.5,"stroke":"#c2410c","stroke-width":1.1},"geometry":{"type":"Polygon","coordinates":[[[85.00068,27.80053],[85.00068,27.80079],[85.00089,27.80088],[85.00089,27.80133],[85.00079,27.80142],[85.00073,27.80165],[85.00043,27.80165],[85.00033,27.80174],[84.99992,27.80174],[84.99982,27.80183],[84.99931,27.80201],[84.99906,27.80223],[84.99916,27.80232],[84.99911,27.80237],[84.9986,27.80237],[84.9985,27.80255],[84.9982,27.80246],[84.99809,27.80264],[84.99799,27.80255],[84.99769,27.80255],[84.99764,27.80259],[84.99764,27.80286],[84.99738,27.803],[84.99586,27.803],[84.99576,27.80309],[84.99545,27.80309],[84.9953,27.80295],[84.9953,27.80286],[84.99545,27.80273],[84.99555,27.80282],[84.99566,27.80282],[84.99616,27.80237],[84.99647,27.80228],[84.99677,27.80201],[84.99688,27.8021],[84.99693,27.80196],[84.99708,27.80192],[84.99733,27.80169],[84.99738,27.80156],[84.99789,27.80138],[84.9985,27.80093],[84.9987,27.80093],[84.99881,27.80084],[84.99911,27.80084],[84.99921,27.80075],[84.99962,27.80075],[84.99982,27.80057],[85.00053,27.80057],[85.00063,27.80048],[85.00068,27.80053]],[[85.00043,27.80102],[85.00038,27.80106],[85.00043,27.80111],[85.00048,27.80106],[85.00043,27.80102]]]}},{"type":"Feature","properties":{"name":"Ground stripped or buried (Sentinel-2 change)","area_m2":9707,"aoi":"galchhi","fill":"#f97316","fill-opacity":0.5,"stroke":"#c2410c","stroke-width":1.1},"geometry":{"type":"Polygon","coordinates":[[[84.98189,27.79846],[84.9821,27.79864],[84.9821,27.799],[84.98225,27.79904],[84.9825,27.79927],[84.9823,27.79945],[84.98225,27.79958],[84.98215,27.79949],[84.98174,27.79949],[84.98164,27.7994],[84.98154,27.7994],[84.98149,27.79936],[84.98159,27.79927],[84.98144,27.79913],[84.98133,27.79922],[84.98123,27.79922],[84.98118,27.79918],[84.98128,27.79909],[84.98123,27.79904],[84.98098,27.799],[84.98123,27.79859],[84.98144,27.79859],[84.98154,27.79868],[84.98164,27.79868],[84.98174,27.79841],[84.98189,27.79846]]]}},{"type":"Feature","properties":{"name":"Ground stripped or buried (Sentinel-2 change)","area_m2":1072,"aoi":"benighat","fill":"#f97316","fill-opacity":0.5,"stroke":"#c2410c","stroke-width":1.1},"geometry":{"type":"Polygon","coordinates":[[[84.76443,27.81918],[84.76453,27.81927],[84.76448,27.8194],[84.76402,27.81936],[84.76402,27.81927],[84.76418,27.81913],[84.76443,27.81918]]]}},{"type":"Feature","properties":{"name":"Ground stripped or buried (Sentinel-2 change)","area_m2":5163,"aoi":"benighat","fill":"#f97316","fill-opacity":0.5,"stroke":"#c2410c","stroke-width":1.1},"geometry":{"type":"Polygon","coordinates":[[[84.76321,27.81909],[84.76367,27.81913],[84.76382,27.81927],[84.76382,27.81936],[84.76367,27.81949],[84.76357,27.81949],[84.76336,27.81931],[84.76296,27.81931],[84.76286,27.8194],[84.76255,27.8194],[84.76245,27.81949],[84.76225,27.81949],[84.76209,27.81936],[84.76209,27.81927],[84.76225,27.81922],[84.76245,27.81904],[84.76255,27.81913],[84.76286,27.81913],[84.76296,27.81904],[84.76321,27.81909]]]}},{"type":"Feature","properties":{"name":"Ground stripped or buried (Sentinel-2 change)","area_m2":3517,"aoi":"benighat","fill":"#f97316","fill-opacity":0.5,"stroke":"#c2410c","stroke-width":1.1},"geometry":{"type":"Polygon","coordinates":[[[84.82781,27.819],[84.82801,27.81909],[84.82801,27.81918],[84.82786,27.81931],[84.82725,27.81931],[84.82715,27.8194],[84.82669,27.81936],[84.82669,27.81927],[84.82684,27.81913],[84.82735,27.81913],[84.82765,27.81895],[84.82781,27.819]]]}},{"type":"Feature","properties":{"name":"Ground stripped or buried (Sentinel-2 change)","area_m2":1272,"aoi":"benighat","fill":"#f97316","fill-opacity":0.5,"stroke":"#c2410c","stroke-width":1.1},"geometry":{"type":"Polygon","coordinates":[[[84.76626,27.81891],[84.76626,27.81909],[84.76611,27.81922],[84.76575,27.81918],[84.76575,27.81909],[84.7659,27.81895],[84.76611,27.81895],[84.76621,27.81886],[84.76626,27.81891]]]}},{"type":"Feature","properties":{"name":"Ground stripped or buried (Sentinel-2 change)","area_m2":1521,"aoi":"benighat","fill":"#f97316","fill-opacity":0.5,"stroke":"#c2410c","stroke-width":1.1},"geometry":{"type":"Polygon","coordinates":[[[84.76707,27.81864],[84.76697,27.81891],[84.76682,27.81904],[84.76672,27.81904],[84.76656,27.81891],[84.76656,27.81882],[84.76672,27.81868],[84.76682,27.81868],[84.76692,27.81859],[84.76707,27.81864]]]}},{"type":"Feature","properties":{"name":"Ground stripped or buried (Sentinel-2 change)","area_m2":6759,"aoi":"benighat","fill":"#f97316","fill-opacity":0.5,"stroke":"#c2410c","stroke-width":1.1},"geometry":{"type":"Polygon","coordinates":[[[84.76057,27.81819],[84.76082,27.81823],[84.76133,27.81859],[84.76143,27.81859],[84.76154,27.8185],[84.76179,27.81873],[84.76169,27.81882],[84.76169,27.81891],[84.76199,27.81918],[84.76199,27.81936],[84.76184,27.8194],[84.76174,27.81931],[84.76154,27.81931],[84.76138,27.81918],[84.76148,27.81909],[84.76103,27.81868],[84.76072,27.81859],[84.76047,27.81837],[84.76047,27.81819],[84.76052,27.81815],[84.76057,27.81819]]]}},{"type":"Feature","properties":{"name":"Ground stripped or buried (Sentinel-2 change)","area_m2":1521,"aoi":"benighat","fill":"#f97316","fill-opacity":0.5,"stroke":"#c2410c","stroke-width":1.1},"geometry":{"type":"Polygon","coordinates":[[[84.8082,27.81801],[84.8082,27.8181],[84.80805,27.81823],[84.80775,27.81823],[84.8076,27.8181],[84.80765,27.81797],[84.80815,27.81797],[84.8082,27.81801]]]}},{"type":"Feature","properties":{"name":"Ground stripped or buried (Sentinel-2 change)","area_m2":1496,"aoi":"benighat","fill":"#f97316","fill-opacity":0.5,"stroke":"#c2410c","stroke-width":1.1},"geometry":{"type":"Polygon","coordinates":[[[84.80709,27.81792],[84.80744,27.81797],[84.80749,27.8181],[84.80714,27.81832],[84.80699,27.8181],[84.80699,27.81792],[84.80704,27.81788],[84.80709,27.81792]]]}},{"type":"Feature","properties":{"name":"Ground stripped or buried (Sentinel-2 change)","area_m2":5587,"aoi":"benighat","fill":"#f97316","fill-opacity":0.5,"stroke":"#c2410c","stroke-width":1.1},"geometry":{"type":"Polygon","coordinates":[[[84.80932,27.8172],[84.80942,27.81729],[84.80942,27.81738],[84.80907,27.8177],[84.80886,27.8177],[84.80876,27.81779],[84.80856,27.81779],[84.80846,27.81788],[84.80785,27.81788],[84.8078,27.81783],[84.8078,27.81774],[84.80795,27.81761],[84.80805,27.81761],[84.80815,27.81752],[84.80856,27.81752],[84.80866,27.81743],[84.80886,27.81743],[84.80927,27.81716],[84.80932,27.8172]]]}},{"type":"Feature","properties":{"name":"Ground stripped or buried (Sentinel-2 change)","area_m2":3292,"aoi":"benighat","fill":"#f97316","fill-opacity":0.5,"stroke":"#c2410c","stroke-width":1.1},"geometry":{"type":"Polygon","coordinates":[[[84.80607,27.81711],[84.80622,27.81725],[84.80633,27.81725],[84.80643,27.81743],[84.80673,27.81743],[84.80688,27.81756],[84.80688,27.81765],[84.80653,27.8177],[84.80643,27.81761],[84.80622,27.81761],[84.80577,27.81738],[84.80602,27.81707],[84.80607,27.81711]]]}},{"type":"Feature","properties":{"name":"Ground stripped or buried (Sentinel-2 change)","area_m2":8755,"aoi":"benighat","fill":"#f97316","fill-opacity":0.5,"stroke":"#c2410c","stroke-width":1.1},"geometry":{"type":"Polygon","coordinates":[[[84.80435,27.81702],[84.80511,27.81743],[84.80541,27.81743],[84.80551,27.81752],[84.80572,27.81752],[84.80587,27.81765],[84.80587,27.81774],[84.80541,27.81779],[84.80531,27.8177],[84.80521,27.8177],[84.80511,27.81779],[84.80501,27.81779],[84.8049,27.8177],[84.8046,27.8177],[84.8045,27.81761],[84.80429,27.81761],[84.80419,27.81752],[84.80389,27.81752],[84.80363,27.8172],[84.80368,27.81707],[84.80379,27.81716],[84.80419,27.81716],[84.80429,27.81698],[84.80435,27.81702]]]}},{"type":"Feature","properties":{"name":"Ground stripped or buried (Sentinel-2 change)","area_m2":6061,"aoi":"benighat","fill":"#f97316","fill-opacity":0.5,"stroke":"#c2410c","stroke-width":1.1},"geometry":{"type":"Polygon","coordinates":[[[84.76829,27.81657],[84.76829,27.81666],[84.76839,27.81675],[84.76799,27.8172],[84.76799,27.81738],[84.76773,27.81761],[84.76738,27.81747],[84.76738,27.81711],[84.76783,27.81671],[84.76793,27.81671],[84.76814,27.81653],[84.76829,27.81657]]]}},{"type":"Feature","properties":{"name":"Ground stripped or buried (Sentinel-2 change)","area_m2":4465,"aoi":"benighat","fill":"#f97316","fill-opacity":0.5,"stroke":"#c2410c","stroke-width":1.1},"geometry":{"type":"Polygon","coordinates":[[[84.80627,27.8163],[84.80673,27.81644],[84.80688,27.81657],[84.80699,27.81684],[84.80683,27.81698],[84.80663,27.81698],[84.80643,27.8168],[84.80633,27.8168],[84.80617,27.81666],[84.80612,27.81653],[84.80597,27.81648],[84.80602,27.81626],[84.80627,27.8163]]]}},{"type":"Feature","properties":{"name":"Ground stripped or buried (Sentinel-2 change)","area_m2":4939,"aoi":"benighat","fill":"#f97316","fill-opacity":0.5,"stroke":"#c2410c","stroke-width":1.1},"geometry":{"type":"Polygon","coordinates":[[[84.83349,27.81594],[84.83349,27.81612],[84.83283,27.81671],[84.83273,27.81671],[84.83263,27.8168],[84.83248,27.81675],[84.83248,27.81666],[84.83238,27.81657],[84.83243,27.81635],[84.83253,27.81644],[84.83263,27.81644],[84.83283,27.81608],[84.83294,27.81608],[84.83304,27.81599],[84.83324,27.81599],[84.83334,27.8159],[84.83349,27.81594]]]}},{"type":"Feature","properties":{"name":"Ground stripped or buried (Sentinel-2 change)","area_m2":5038,"aoi":"benighat","fill":"#f97316","fill-opacity":0.5,"stroke":"#c2410c","stroke-width":1.1},"geometry":{"type":"Polygon","coordinates":[[[84.81135,27.81558],[84.81125,27.81585],[84.81074,27.8163],[84.81074,27.81639],[84.81039,27.81662],[84.81024,27.81657],[84.81024,27.8163],[84.8111,27.81554],[84.81135,27.81558]]]}},{"type":"Feature","properties":{"name":"Ground stripped or buried (Sentinel-2 change)","area_m2":2819,"aoi":"benighat","fill":"#f97316","fill-opacity":0.5,"stroke":"#c2410c","stroke-width":1.1},"geometry":{"type":"Polygon","coordinates":[[[84.83806,27.81487],[84.83812,27.815],[84.83837,27.81505],[84.83837,27.81514],[84.83822,27.81527],[84.83751,27.81527],[84.83746,27.81523],[84.83746,27.81514],[84.83761,27.815],[84.83791,27.81491],[84.83801,27.81482],[84.83806,27.81487]]]}},{"type":"Feature","properties":{"name":"Ground stripped or buried (Sentinel-2 change)","area_m2":19455,"aoi":"benighat","fill":"#f97316","fill-opacity":0.5,"stroke":"#c2410c","stroke-width":1.1},"geometry":{"type":"Polygon","coordinates":[[[84.80292,27.81478],[84.80328,27.81491],[84.80379,27.81545],[84.80399,27.81545],[84.80424,27.81558],[84.80424,27.81585],[84.80404,27.81603],[84.80414,27.81612],[84.80399,27.81626],[84.80368,27.81617],[84.80358,27.81608],[84.80338,27.81608],[84.80318,27.8159],[84.80287,27.81581],[84.80236,27.81536],[84.80226,27.81545],[84.80216,27.81545],[84.80211,27.81541],[84.80221,27.81532],[84.80191,27.81496],[84.80191,27.81487],[84.80216,27.81473],[84.80226,27.81482],[84.80277,27.81482],[84.80287,27.81473],[84.80292,27.81478]]]}},{"type":"Feature","properties":{"name":"Ground stripped or buried (Sentinel-2 change)","area_m2":1821,"aoi":"benighat","fill":"#f97316","fill-opacity":0.5,"stroke":"#c2410c","stroke-width":1.1},"geometry":{"type":"Polygon","coordinates":[[[84.83908,27.81478],[84.83918,27.81487],[84.83918,27.81496],[84.83903,27.81509],[84.83872,27.81509],[84.83862,27.81518],[84.83857,27.81514],[84.83872,27.81473],[84.83883,27.81473],[84.83893,27.81482],[84.83903,27.81473],[84.83908,27.81478]]]}},{"type":"Feature","properties":{"name":"Ground stripped or buried (Sentinel-2 change)","area_m2":6211,"aoi":"benighat","fill":"#f97316","fill-opacity":0.5,"stroke":"#c2410c","stroke-width":1.1},"geometry":{"type":"Polygon","coordinates":[[[84.78251,27.81469],[84.78281,27.81505],[84.78271,27.81514],[84.78271,27.81541],[84.78266,27.81545],[84.78256,27.81536],[84.78236,27.81554],[84.7822,27.81558],[84.78215,27.81572],[84.78185,27.81581],[84.7818,27.81567],[84.7821,27.81523],[84.7821,27.81496],[84.7822,27.81487],[84.7822,27.81469],[84.78225,27.81464],[84.78251,27.81469]]]}},{"type":"Feature","properties":{"name":"Ground stripped or buried (Sentinel-2 change)","area_m2":4614,"aoi":"benighat","fill":"#f97316","fill-opacity":0.5,"stroke":"#c2410c","stroke-width":1.1},"geometry":{"type":"Polygon","coordinates":[[[84.81359,27.81451],[84.81349,27.81478],[84.81333,27.81491],[84.81293,27.81491],[84.81283,27.815],[84.81262,27.815],[84.81232,27.81518],[84.81196,27.81514],[84.81196,27.81505],[84.81232,27.81482],[84.81242,27.81491],[84.81252,27.81491],[84.81262,27.81473],[84.81293,27.81473],[84.81313,27.81455],[84.81333,27.81455],[84.81344,27.81446],[84.81359,27.81451]]]}},{"type":"Feature","properties":{"name":"Ground stripped or buried (Sentinel-2 change)","area_m2":3991,"aoi":"benighat","fill":"#f97316","fill-opacity":0.5,"stroke":"#c2410c","stroke-width":1.1},"geometry":{"type":"Polygon","coordinates":[[[84.78708,27.81442],[84.78749,27.81469],[84.78749,27.81478],[84.78743,27.81482],[84.78683,27.81482],[84.78672,27.81473],[84.78642,27.81473],[84.78627,27.8146],[84.78632,27.81446],[84.78662,27.81446],[84.78672,27.81437],[84.78683,27.81446],[84.78693,27.81437],[84.78708,27.81442]]]}},{"type":"Feature","properties":{"name":"Ground stripped or buried (Sentinel-2 change)","area_m2":41604,"aoi":"benighat","fill":"#f97316","fill-opacity":0.5,"stroke":"#c2410c","stroke-width":1.1},"geometry":{"type":"Polygon","coordinates":[[[84.7562,27.81424],[84.75631,27.81433],[84.75641,27.8146],[84.75691,27.81514],[84.75697,27.81527],[84.75757,27.81545],[84.75763,27.81558],[84.75778,27.81572],[84.75788,27.81563],[84.75818,27.81572],[84.75823,27.81576],[84.75813,27.81585],[84.75818,27.8159],[84.75829,27.81581],[84.75864,27.81612],[84.75874,27.81657],[84.75869,27.81662],[84.75859,27.81653],[84.75854,27.81657],[84.75864,27.81666],[84.75864,27.81675],[84.7589,27.8168],[84.75895,27.81693],[84.7591,27.81707],[84.7593,27.81707],[84.7594,27.81716],[84.7595,27.81707],[84.75976,27.81729],[84.75976,27.81747],[84.75961,27.81752],[84.7595,27.81743],[84.75935,27.81747],[84.75956,27.81765],[84.75961,27.81779],[84.75971,27.81779],[84.75981,27.81788],[84.76001,27.81788],[84.76016,27.81801],[84.76016,27.8181],[84.75971,27.81815],[84.7594,27.81788],[84.7589,27.8177],[84.75839,27.81716],[84.75818,27.81716],[84.75808,27.81698],[84.75793,27.81693],[84.75783,27.81666],[84.75757,27.81644],[84.75737,27.81644],[84.75676,27.81599],[84.75656,27.81599],[84.75646,27.81572],[84.7562,27.81567],[84.7562,27.81558],[84.75631,27.8155],[84.75631,27.81532],[84.7561,27.81523],[84.7561,27.81514],[84.756,27.81505],[84.7562,27.81487],[84.756,27.81478],[84.756,27.81451],[84.7559,27.81442],[84.75595,27.81428],[84.75605,27.81428],[84.75615,27.81419],[84.7562,27.81424]]]}},{"type":"Feature","properties":{"name":"Ground stripped or buried (Sentinel-2 change)","area_m2":5512,"aoi":"benighat","fill":"#f97316","fill-opacity":0.5,"stroke":"#c2410c","stroke-width":1.1},"geometry":{"type":"Polygon","coordinates":[[[84.78505,27.81415],[84.7851,27.81428],[84.78601,27.81437],[84.78617,27.81451],[84.78617,27.8146],[84.78611,27.81464],[84.78561,27.81464],[84.7855,27.81455],[84.78469,27.81455],[84.78444,27.81442],[84.78444,27.81433],[84.78479,27.8141],[84.78505,27.81415]]]}},{"type":"Feature","properties":{"name":"Ground stripped or buried (Sentinel-2 change)","area_m2":6735,"aoi":"benighat","fill":"#f97316","fill-opacity":0.5,"stroke":"#c2410c","stroke-width":1.1},"geometry":{"type":"Polygon","coordinates":[[[84.83431,27.81406],[84.83431,27.8146],[84.8341,27.81469],[84.8341,27.81478],[84.8339,27.81496],[84.83385,27.81509],[84.83375,27.81509],[84.83365,27.81518],[84.83344,27.81518],[84.83339,27.81505],[84.83349,27.81496],[84.83349,27.8146],[84.8336,27.81451],[84.8336,27.81442],[84.83405,27.81401],[84.83431,27.81406]]]}},{"type":"Feature","properties":{"name":"Ground stripped or buried (Sentinel-2 change)","area_m2":5512,"aoi":"benighat","fill":"#f97316","fill-opacity":0.5,"stroke":"#c2410c","stroke-width":1.1},"geometry":{"type":"Polygon","coordinates":[[[84.78068,27.81397],[84.78109,27.81424],[84.78119,27.81451],[84.78129,27.8146],[84.78119,27.81469],[84.78119,27.81496],[84.78093,27.81527],[84.78078,27.81514],[84.78078,27.81487],[84.78088,27.81478],[84.78088,27.81451],[84.78027,27.81406],[84.78033,27.81392],[84.78068,27.81397]]]}},{"type":"Feature","properties":{"name":"Ground stripped or buried (Sentinel-2 change)","area_m2":1122,"aoi":"benighat","fill":"#f97316","fill-opacity":0.5,"stroke":"#c2410c","stroke-width":1.1},"geometry":{"type":"Polygon","coordinates":[[[84.78688,27.81397],[84.78708,27.81415],[84.78703,27.81428],[84.78667,27.81424],[84.78667,27.81397],[84.78672,27.81392],[84.78688,27.81397]]]}},{"type":"Feature","properties":{"name":"Ground stripped or buried (Sentinel-2 change)","area_m2":3567,"aoi":"benighat","fill":"#f97316","fill-opacity":0.5,"stroke":"#c2410c","stroke-width":1.1},"geometry":{"type":"Polygon","coordinates":[[[84.78952,27.81397],[84.78962,27.81406],[84.78962,27.81415],[84.78952,27.81424],[84.78952,27.81442],[84.78916,27.81464],[84.78891,27.8146],[84.78901,27.81451],[84.78901,27.81433],[84.78891,27.81424],[84.78891,27.81415],[84.78906,27.81401],[84.78936,27.81401],[84.78947,27.81392],[84.78952,27.81397]]]}},{"type":"Feature","properties":{"name":"Ground stripped or buried (Sentinel-2 change)","area_m2":1846,"aoi":"benighat","fill":"#f97316","fill-opacity":0.5,"stroke":"#c2410c","stroke-width":1.1},"geometry":{"type":"Polygon","coordinates":[[[84.81481,27.81388],[84.81481,27.81397],[84.81465,27.8141],[84.81415,27.8141],[84.8141,27.81406],[84.8141,27.81397],[84.81425,27.81383],[84.81476,27.81383],[84.81481,27.81388]]]}},{"type":"Feature","properties":{"name":"Ground stripped or buried (Sentinel-2 change)","area_m2":4689,"aoi":"benighat","fill":"#f97316","fill-opacity":0.5,"stroke":"#c2410c","stroke-width":1.1},"geometry":{"type":"Polygon","coordinates":[[[84.7886,27.81334],[84.78881,27.81361],[84.7885,27.8137],[84.7885,27.81379],[84.7886,27.81388],[84.78835,27.81401],[84.78815,27.81401],[84.78804,27.8141],[84.78784,27.8141],[84.78774,27.81419],[84.78769,27.81415],[84.78769,27.81406],[84.78779,27.81397],[84.78779,27.81388],[84.78769,27.81379],[84.78794,27.81374],[84.78825,27.81347],[84.78835,27.81356],[84.78845,27.81329],[84.7886,27.81334]]]}},{"type":"Feature","properties":{"name":"Ground stripped or buried (Sentinel-2 change)","area_m2":1372,"aoi":"benighat","fill":"#f97316","fill-opacity":0.5,"stroke":"#c2410c","stroke-width":1.1},"geometry":{"type":"Polygon","coordinates":[[[84.81582,27.81334],[84.81582,27.81352],[84.81567,27.81365],[84.81547,27.81365],[84.81536,27.81374],[84.81531,27.8137],[84.81547,27.81338],[84.81557,27.81338],[84.81567,27.81329],[84.81582,27.81334]]]}},{"type":"Feature","properties":{"name":"Ground stripped or buried (Sentinel-2 change)","area_m2":1621,"aoi":"benighat","fill":"#f97316","fill-opacity":0.5,"stroke":"#c2410c","stroke-width":1.1},"geometry":{"type":"Polygon","coordinates":[[[84.79124,27.81316],[84.79124,27.81325],[84.79114,27.81334],[84.79124,27.81343],[84.79109,27.81356],[84.79089,27.81356],[84.79079,27.81365],[84.79074,27.81361],[84.79089,27.8132],[84.79109,27.8132],[84.79119,27.81311],[84.79124,27.81316]]]}},{"type":"Feature","properties":{"name":"Ground stripped or buried (Sentinel-2 change)","area_m2":10551,"aoi":"benighat","fill":"#f97316","fill-opacity":0.5,"stroke":"#c2410c","stroke-width":1.1},"geometry":{"type":"Polygon","coordinates":[[[84.7689,27.81298],[84.76951,27.81388],[84.76951,27.81415],[84.76961,27.81424],[84.76961,27.81442],[84.76981,27.81451],[84.76981,27.81478],[84.76966,27.81482],[84.76961,27.81496],[84.76936,27.81509],[84.7692,27.81505],[84.7692,27.81478],[84.7691,27.81469],[84.7691,27.8146],[84.76936,27.81446],[84.76941,27.81433],[84.7691,27.81415],[84.7691,27.81406],[84.7689,27.81388],[84.7689,27.81379],[84.76859,27.81343],[84.7687,27.81334],[84.7687,27.81298],[84.76875,27.81294],[84.7689,27.81298]]]}},{"type":"Feature","properties":{"name":"Ground stripped or buried (Sentinel-2 change)","area_m2":1073,"aoi":"benighat","fill":"#f97316","fill-opacity":0.5,"stroke":"#c2410c","stroke-width":1.1},"geometry":{"type":"Polygon","coordinates":[[[84.79226,27.81298],[84.79236,27.81307],[84.79231,27.8132],[84.79185,27.81316],[84.79185,27.81307],[84.79201,27.81294],[84.79226,27.81298]]]}},{"type":"Feature","properties":{"name":"Ground stripped or buried (Sentinel-2 change)","area_m2":2869,"aoi":"benighat","fill":"#f97316","fill-opacity":0.5,"stroke":"#c2410c","stroke-width":1.1},"geometry":{"type":"Polygon","coordinates":[[[84.82131,27.81289],[84.82131,27.81307],[84.8212,27.81316],[84.8212,27.81343],[84.82105,27.81356],[84.82095,27.81356],[84.8209,27.81334],[84.8208,27.81325],[84.8208,27.81289],[84.82085,27.81285],[84.82095,27.81285],[84.82105,27.81294],[84.82115,27.81285],[84.82131,27.81289]]]}},{"type":"Feature","properties":{"name":"Ground stripped or buried (Sentinel-2 change)","area_m2":11823,"aoi":"benighat","fill":"#f97316","fill-opacity":0.5,"stroke":"#c2410c","stroke-width":1.1},"geometry":{"type":"Polygon","coordinates":[[[84.77926,27.81235],[84.77926,27.81244],[84.77916,27.81253],[84.77921,27.81267],[84.77931,27.81267],[84.77941,27.81276],[84.77972,27.81276],[84.77982,27.81267],[84.77992,27.81267],[84.78043,27.81311],[84.78093,27.81329],[84.78109,27.81343],[84.78109,27.81352],[84.78073,27.81356],[84.78063,27.81347],[84.78043,27.81347],[84.78033,27.81338],[84.77982,27.81338],[84.77941,27.81311],[84.77921,27.81311],[84.77865,27.81262],[84.77865,27.81253],[84.77855,27.81244],[84.7786,27.8124],[84.77911,27.8124],[84.77921,27.81231],[84.77926,27.81235]]]}},{"type":"Feature","properties":{"name":"Ground stripped or buried (Sentinel-2 change)","area_m2":15789,"aoi":"benighat","fill":"#f97316","fill-opacity":0.5,"stroke":"#c2410c","stroke-width":1.1},"geometry":{"type":"Polygon","coordinates":[[[84.83613,27.8119],[84.83613,27.81271],[84.83624,27.8128],[84.83624,27.81307],[84.83634,27.81316],[84.83634,27.81352],[84.83624,27.81361],[84.83624,27.8137],[84.83634,27.81379],[84.83634,27.81415],[84.83624,27.81424],[84.83624,27.81442],[84.83598,27.81446],[84.83588,27.81455],[84.83583,27.81451],[84.83583,27.81415],[84.83542,27.81388],[84.83558,27.81365],[84.83573,27.81361],[84.83573,27.8128],[84.83542,27.81244],[84.83542,27.81235],[84.83558,27.81222],[84.83583,27.81217],[84.83583,27.81199],[84.83598,27.81186],[84.83613,27.8119]]]}},{"type":"Feature","properties":{"name":"Ground stripped or buried (Sentinel-2 change)","area_m2":1996,"aoi":"benighat","fill":"#f97316","fill-opacity":0.5,"stroke":"#c2410c","stroke-width":1.1},"geometry":{"type":"Polygon","coordinates":[[[84.83177,27.81154],[84.83187,27.81163],[84.83187,27.81181],[84.83162,27.81204],[84.83141,27.81204],[84.83136,27.8119],[84.83146,27.81181],[84.83146,27.81163],[84.83162,27.8115],[84.83177,27.81154]]]}},{"type":"Feature","properties":{"name":"Ground stripped or buried (Sentinel-2 change)","area_m2":2569,"aoi":"benighat","fill":"#f97316","fill-opacity":0.5,"stroke":"#c2410c","stroke-width":1.1},"geometry":{"type":"Polygon","coordinates":[[[84.75671,27.81136],[84.75691,27.81145],[84.75691,27.81199],[84.75666,27.81213],[84.75651,27.81199],[84.75661,27.8119],[84.75651,27.81181],[84.75651,27.81172],[84.75661,27.81163],[84.75661,27.81136],[84.75666,27.81132],[84.75671,27.81136]]]}},{"type":"Feature","properties":{"name":"Ground stripped or buried (Sentinel-2 change)","area_m2":2594,"aoi":"benighat","fill":"#f97316","fill-opacity":0.5,"stroke":"#c2410c","stroke-width":1.1},"geometry":{"type":"Polygon","coordinates":[[[84.83593,27.81073],[84.83603,27.81082],[84.83603,27.81109],[84.83613,27.81118],[84.83613,27.81136],[84.83598,27.8115],[84.83583,27.81145],[84.83583,27.81136],[84.83573,27.81127],[84.83573,27.81073],[84.83578,27.81069],[84.83593,27.81073]]]}},{"type":"Feature","properties":{"name":"Ground stripped or buried (Sentinel-2 change)","area_m2":3043,"aoi":"benighat","fill":"#f97316","fill-opacity":0.5,"stroke":"#c2410c","stroke-width":1.1},"geometry":{"type":"Polygon","coordinates":[[[84.82334,27.81055],[84.82334,27.81073],[84.82293,27.811],[84.82293,27.81127],[84.82278,27.81141],[84.82253,27.81136],[84.82263,27.81127],[84.82263,27.81109],[84.82283,27.81091],[84.82283,27.81073],[84.82308,27.81051],[84.82334,27.81055]]]}},{"type":"Feature","properties":{"name":"Ground stripped or buried (Sentinel-2 change)","area_m2":4939,"aoi":"benighat","fill":"#f97316","fill-opacity":0.5,"stroke":"#c2410c","stroke-width":1.1},"geometry":{"type":"Polygon","coordinates":[[[84.77845,27.81046],[84.77875,27.81082],[84.77911,27.81114],[84.77926,27.81118],[84.77926,27.81127],[84.77936,27.81136],[84.77931,27.8115],[84.779,27.81159],[84.77895,27.81145],[84.77875,27.81127],[84.77875,27.81118],[84.77845,27.811],[84.77845,27.81082],[84.77824,27.81073],[84.77824,27.81064],[84.77814,27.81055],[84.77819,27.81042],[84.77829,27.81051],[84.7784,27.81042],[84.77845,27.81046]]]}},{"type":"Feature","properties":{"name":"Ground stripped or buried (Sentinel-2 change)","area_m2":1172,"aoi":"benighat","fill":"#f97316","fill-opacity":0.5,"stroke":"#c2410c","stroke-width":1.1},"geometry":{"type":"Polygon","coordinates":[[[84.77184,27.81011],[84.77205,27.8102],[84.7719,27.81042],[84.77169,27.81042],[84.77154,27.81028],[84.77179,27.81006],[84.77184,27.81011]]]}},{"type":"Feature","properties":{"name":"Ground stripped or buried (Sentinel-2 change)","area_m2":19008,"aoi":"benighat","fill":"#f97316","fill-opacity":0.5,"stroke":"#c2410c","stroke-width":1.1},"geometry":{"type":"Polygon","coordinates":[[[84.756,27.81002],[84.756,27.81037],[84.7561,27.81046],[84.7561,27.81064],[84.756,27.81073],[84.756,27.81109],[84.7561,27.81118],[84.7561,27.81136],[84.7562,27.81145],[84.7562,27.81154],[84.75605,27.81168],[84.75595,27.81159],[84.7559,27.81163],[84.7559,27.81244],[84.7558,27.81253],[84.7558,27.81316],[84.75585,27.8132],[84.75595,27.81311],[84.756,27.81316],[84.756,27.81388],[84.7558,27.81397],[84.7558,27.81415],[84.7559,27.81424],[84.75564,27.81428],[84.75549,27.81415],[84.75549,27.81352],[84.75539,27.81343],[84.75539,27.81289],[84.75549,27.8128],[84.75549,27.81217],[84.75559,27.81208],[84.75539,27.81181],[84.75559,27.81163],[84.75559,27.81145],[84.7558,27.81118],[84.7558,27.811],[84.75549,27.81073],[84.7557,27.81055],[84.75559,27.81028],[84.75585,27.80997],[84.756,27.81002]]]}},{"type":"Feature","properties":{"name":"Ground stripped or buried (Sentinel-2 change)","area_m2":12971,"aoi":"benighat","fill":"#f97316","fill-opacity":0.5,"stroke":"#c2410c","stroke-width":1.1},"geometry":{"type":"Polygon","coordinates":[[[84.82263,27.80993],[84.82283,27.8102],[84.82283,27.81037],[84.82273,27.81046],[84.82273,27.81064],[84.82242,27.81109],[84.82232,27.81154],[84.82207,27.81177],[84.82197,27.81177],[84.82171,27.81163],[84.82171,27.81127],[84.82192,27.81109],[84.82192,27.811],[84.82181,27.81091],[84.82192,27.81082],[84.82192,27.8102],[84.82207,27.81015],[84.82227,27.80997],[84.82247,27.80997],[84.82258,27.80988],[84.82263,27.80993]],[[84.82258,27.81042],[84.82242,27.81046],[84.82247,27.8106],[84.82263,27.81055],[84.82258,27.81042]]]}},{"type":"Feature","properties":{"name":"Ground stripped or buried (Sentinel-2 change)","area_m2":14718,"aoi":"benighat","fill":"#f97316","fill-opacity":0.5,"stroke":"#c2410c","stroke-width":1.1},"geometry":{"type":"Polygon","coordinates":[[[84.77184,27.80957],[84.77184,27.80975],[84.77174,27.80984],[84.77174,27.80993],[84.77139,27.81024],[84.77129,27.81024],[84.77098,27.81051],[84.77088,27.81051],[84.77037,27.81096],[84.77022,27.81091],[84.77022,27.81082],[84.77007,27.81069],[84.76981,27.81064],[84.76971,27.8102],[84.76986,27.81006],[84.77007,27.81006],[84.77017,27.80997],[84.77027,27.81006],[84.77037,27.81006],[84.77088,27.80979],[84.77118,27.80979],[84.77169,27.80952],[84.77184,27.80957]]]}},{"type":"Feature","properties":{"name":"Ground stripped or buried (Sentinel-2 change)","area_m2":9429,"aoi":"benighat","fill":"#f97316","fill-opacity":0.5,"stroke":"#c2410c","stroke-width":1.1},"geometry":{"type":"Polygon","coordinates":[[[84.77601,27.80939],[84.77606,27.80943],[84.77657,27.80943],[84.77662,27.80957],[84.77677,27.80961],[84.77682,27.80975],[84.77702,27.80993],[84.77713,27.8102],[84.77697,27.81024],[84.77692,27.81037],[84.77677,27.81051],[84.77647,27.81042],[84.77611,27.81011],[84.77591,27.80966],[84.77581,27.80957],[84.77586,27.80934],[84.77601,27.80939]]]}},{"type":"Feature","properties":{"name":"Ground stripped or buried (Sentinel-2 change)","area_m2":11550,"aoi":"benighat","fill":"#f97316","fill-opacity":0.5,"stroke":"#c2410c","stroke-width":1.1},"geometry":{"type":"Polygon","coordinates":[[[84.81704,27.80939],[84.81714,27.80948],[84.81714,27.80975],[84.81724,27.80984],[84.81724,27.81037],[84.81704,27.81055],[84.81704,27.81064],[84.81684,27.81073],[84.81684,27.81082],[84.81674,27.81091],[84.81674,27.81127],[84.81658,27.8115],[84.81633,27.81136],[84.81633,27.81109],[84.81643,27.811],[84.81643,27.81082],[84.81653,27.81073],[84.81653,27.81055],[84.81643,27.81046],[84.81643,27.8102],[84.81653,27.81011],[84.81653,27.80993],[84.81663,27.80984],[84.81663,27.80966],[84.81684,27.80948],[84.81684,27.80939],[84.81689,27.80934],[84.81704,27.80939]]]}},{"type":"Feature","properties":{"name":"Ground stripped or buried (Sentinel-2 change)","area_m2":1821,"aoi":"benighat","fill":"#f97316","fill-opacity":0.5,"stroke":"#c2410c","stroke-width":1.1},"geometry":{"type":"Polygon","coordinates":[[[84.82222,27.80912],[84.82232,27.80921],[84.82232,27.80957],[84.82217,27.8097],[84.82207,27.8097],[84.82202,27.80966],[84.82202,27.80912],[84.82207,27.80907],[84.82222,27.80912]]]}},{"type":"Feature","properties":{"name":"Ground stripped or buried (Sentinel-2 change)","area_m2":1971,"aoi":"benighat","fill":"#f97316","fill-opacity":0.5,"stroke":"#c2410c","stroke-width":1.1},"geometry":{"type":"Polygon","coordinates":[[[84.85228,27.80885],[84.85228,27.80912],[84.85223,27.80916],[84.85172,27.80916],[84.85167,27.80912],[84.85167,27.80903],[84.85193,27.8088],[84.85228,27.80885]]]}},{"type":"Feature","properties":{"name":"Ground stripped or buried (Sentinel-2 change)","area_m2":3966,"aoi":"benighat","fill":"#f97316","fill-opacity":0.5,"stroke":"#c2410c","stroke-width":1.1},"geometry":{"type":"Polygon","coordinates":[[[84.77377,27.80867],[84.77377,27.80885],[84.77362,27.80898],[84.77311,27.80898],[84.77261,27.80925],[84.77245,27.80921],[84.77245,27.80903],[84.77281,27.8088],[84.77352,27.80871],[84.77362,27.80862],[84.77377,27.80867]]]}},{"type":"Feature","properties":{"name":"Ground stripped or buried (Sentinel-2 change)","area_m2":1522,"aoi":"benighat","fill":"#f97316","fill-opacity":0.5,"stroke":"#c2410c","stroke-width":1.1},"geometry":{"type":"Polygon","coordinates":[[[84.81887,27.80849],[84.81887,27.80867],[84.81872,27.8088],[84.81861,27.8088],[84.81851,27.80889],[84.81836,27.80885],[84.81836,27.80867],[84.81851,27.80853],[84.81872,27.80853],[84.81882,27.80844],[84.81887,27.80849]]]}},{"type":"Feature","properties":{"name":"Ground stripped or buried (Sentinel-2 change)","area_m2":2544,"aoi":"benighat","fill":"#f97316","fill-opacity":0.5,"stroke":"#c2410c","stroke-width":1.1},"geometry":{"type":"Polygon","coordinates":[[[84.84954,27.8084],[84.84969,27.80844],[84.84995,27.80867],[84.84995,27.80876],[84.8499,27.8088],[84.84939,27.8088],[84.84924,27.80867],[84.84924,27.80849],[84.84939,27.80835],[84.84954,27.8084]]]}},{"type":"Feature","properties":{"name":"Ground stripped or buried (Sentinel-2 change)","area_m2":3517,"aoi":"benighat","fill":"#f97316","fill-opacity":0.5,"stroke":"#c2410c","stroke-width":1.1},"geometry":{"type":"Polygon","coordinates":[[[84.821,27.80831],[84.82146,27.80844],[84.82161,27.80858],[84.82161,27.80876],[84.82146,27.8088],[84.82136,27.80871],[84.82126,27.8088],[84.82115,27.8088],[84.8206,27.8084],[84.82065,27.80826],[84.821,27.80831]]]}},{"type":"Feature","properties":{"name":"Ground stripped or buried (Sentinel-2 change)","area_m2":2071,"aoi":"benighat","fill":"#f97316","fill-opacity":0.5,"stroke":"#c2410c","stroke-width":1.1},"geometry":{"type":"Polygon","coordinates":[[[84.83644,27.80831],[84.83634,27.80858],[84.83619,27.80871],[84.83608,27.80871],[84.83598,27.8088],[84.83583,27.80876],[84.83583,27.80858],[84.83619,27.80826],[84.83644,27.80831]]]}},{"type":"Feature","properties":{"name":"Ground stripped or buried (Sentinel-2 change)","area_m2":2345,"aoi":"benighat","fill":"#f97316","fill-opacity":0.5,"stroke":"#c2410c","stroke-width":1.1},"geometry":{"type":"Polygon","coordinates":[[[84.85523,27.80822],[84.85523,27.8084],[84.85508,27.80853],[84.85487,27.80853],[84.85477,27.80862],[84.85442,27.80858],[84.85442,27.80849],[84.85457,27.80835],[84.85467,27.80835],[84.85477,27.80826],[84.85497,27.80826],[84.85508,27.80817],[84.85523,27.80822]]]}},{"type":"Feature","properties":{"name":"Ground stripped or buried (Sentinel-2 change)","area_m2":1846,"aoi":"benighat","fill":"#f97316","fill-opacity":0.5,"stroke":"#c2410c","stroke-width":1.1},"geometry":{"type":"Polygon","coordinates":[[[84.85807,27.80786],[84.85807,27.80795],[84.85792,27.80808],[84.85741,27.80808],[84.85736,27.80804],[84.85736,27.80795],[84.85751,27.80781],[84.85802,27.80781],[84.85807,27.80786]]]}},{"type":"Feature","properties":{"name":"Ground stripped or buried (Sentinel-2 change)","area_m2":1946,"aoi":"benighat","fill":"#f97316","fill-opacity":0.5,"stroke":"#c2410c","stroke-width":1.1},"geometry":{"type":"Polygon","coordinates":[[[84.83705,27.80777],[84.83695,27.80786],[84.83705,27.80795],[84.83669,27.80826],[84.83644,27.80822],[84.83654,27.80813],[84.83654,27.80795],[84.83679,27.80772],[84.83705,27.80777]]]}},{"type":"Feature","properties":{"name":"Ground stripped or buried (Sentinel-2 change)","area_m2":3318,"aoi":"benighat","fill":"#f97316","fill-opacity":0.5,"stroke":"#c2410c","stroke-width":1.1},"geometry":{"type":"Polygon","coordinates":[[[84.81836,27.80768],[84.81836,27.80804],[84.81831,27.80808],[84.81801,27.80817],[84.8178,27.80835],[84.81755,27.80831],[84.81765,27.80804],[84.81785,27.80795],[84.8179,27.80781],[84.81801,27.80781],[84.81811,27.80763],[84.81836,27.80768]]]}},{"type":"Feature","properties":{"name":"Ground stripped or buried (Sentinel-2 change)","area_m2":1397,"aoi":"benighat","fill":"#f97316","fill-opacity":0.5,"stroke":"#c2410c","stroke-width":1.1},"geometry":{"type":"Polygon","coordinates":[[[84.77022,27.80759],[84.77022,27.80768],[84.77032,27.80777],[84.77027,27.80799],[84.77017,27.8079],[84.76981,27.80786],[84.76991,27.80777],[84.76981,27.80768],[84.76986,27.80763],[84.76997,27.80763],[84.77007,27.80755],[84.77022,27.80759]]]}},{"type":"Feature","properties":{"name":"Ground stripped or buried (Sentinel-2 change)","area_m2":6536,"aoi":"benighat","fill":"#f97316","fill-opacity":0.5,"stroke":"#c2410c","stroke-width":1.1},"geometry":{"type":"Polygon","coordinates":[[[84.85716,27.80759],[84.85711,27.80772],[84.8568,27.8079],[84.8565,27.8079],[84.8564,27.80799],[84.85599,27.80799],[84.85589,27.80808],[84.85553,27.80804],[84.85564,27.80795],[84.85564,27.80768],[84.85579,27.80755],[84.85711,27.80755],[84.85716,27.80759]]]}},{"type":"Feature","properties":{"name":"Ground stripped or buried (Sentinel-2 change)","area_m2":5837,"aoi":"benighat","fill":"#f97316","fill-opacity":0.5,"stroke":"#c2410c","stroke-width":1.1},"geometry":{"type":"Polygon","coordinates":[[[84.83553,27.8075],[84.83573,27.80759],[84.83573,27.80777],[84.83583,27.80786],[84.83583,27.80804],[84.83573,27.80813],[84.83573,27.8084],[84.83527,27.8088],[84.83507,27.8088],[84.83502,27.80876],[84.83512,27.80867],[84.83512,27.80831],[84.83527,27.80808],[84.83537,27.80817],[84.83542,27.80813],[84.83532,27.80804],[84.83553,27.80795],[84.83532,27.8075],[84.83537,27.80746],[84.83553,27.8075]]]}},{"type":"Feature","properties":{"name":"Ground stripped or buried (Sentinel-2 change)","area_m2":1073,"aoi":"benighat","fill":"#f97316","fill-opacity":0.5,"stroke":"#c2410c","stroke-width":1.1},"geometry":{"type":"Polygon","coordinates":[[[84.81907,27.80741],[84.81928,27.8075],[84.81922,27.80772],[84.81902,27.80772],[84.81887,27.8075],[84.81892,27.80737],[84.81907,27.80741]]]}},{"type":"Feature","properties":{"name":"Ground stripped or buried (Sentinel-2 change)","area_m2":2270,"aoi":"benighat","fill":"#f97316","fill-opacity":0.5,"stroke":"#c2410c","stroke-width":1.1},"geometry":{"type":"Polygon","coordinates":[[[84.8207,27.80723],[84.82075,27.80737],[84.82085,27.80728],[84.82105,27.80728],[84.8211,27.80732],[84.821,27.80741],[84.8211,27.8075],[84.82095,27.80763],[84.82075,27.80763],[84.82065,27.80746],[84.82044,27.80746],[84.82029,27.80732],[84.82034,27.80719],[84.8207,27.80723]]]}},{"type":"Feature","properties":{"name":"Ground stripped or buried (Sentinel-2 change)","area_m2":4341,"aoi":"benighat","fill":"#f97316","fill-opacity":0.5,"stroke":"#c2410c","stroke-width":1.1},"geometry":{"type":"Polygon","coordinates":[[[84.86071,27.8066],[84.86081,27.80669],[84.86081,27.80687],[84.86066,27.80701],[84.86056,27.80701],[84.86026,27.80719],[84.85995,27.80719],[84.85985,27.80728],[84.8598,27.80723],[84.8598,27.80705],[84.8599,27.80696],[84.8598,27.80687],[84.85985,27.80683],[84.86015,27.80683],[84.86026,27.80665],[84.86056,27.80665],[84.86066,27.80656],[84.86071,27.8066]]]}},{"type":"Feature","properties":{"name":"Ground stripped or buried (Sentinel-2 change)","area_m2":1347,"aoi":"benighat","fill":"#f97316","fill-opacity":0.5,"stroke":"#c2410c","stroke-width":1.1},"geometry":{"type":"Polygon","coordinates":[[[84.75173,27.80597],[84.75194,27.80606],[84.75194,27.80615],[84.75204,27.80624],[84.75199,27.80638],[84.75189,27.80629],[84.75168,27.80629],[84.75153,27.80615],[84.75158,27.80593],[84.75173,27.80597]]]}},{"type":"Feature","properties":{"name":"Ground stripped or buried (Sentinel-2 change)","area_m2":18286,"aoi":"benighat","fill":"#f97316","fill-opacity":0.5,"stroke":"#c2410c","stroke-width":1.1},"geometry":{"type":"Polygon","coordinates":[[[84.75265,27.80597],[84.75311,27.80611],[84.75331,27.80629],[84.75341,27.80629],[84.75372,27.80647],[84.75382,27.80638],[84.75392,27.80638],[84.75417,27.8066],[84.75427,27.80687],[84.75448,27.80705],[84.75448,27.80714],[84.75509,27.80768],[84.75519,27.80795],[84.75493,27.80799],[84.75463,27.80781],[84.75453,27.80781],[84.75392,27.80728],[84.75382,27.80728],[84.75351,27.80701],[84.75341,27.80701],[84.75311,27.80674],[84.7528,27.80665],[84.75255,27.80642],[84.75255,27.80633],[84.75265,27.80624],[84.75255,27.80615],[84.75255,27.80597],[84.7526,27.80593],[84.75265,27.80597]]]}},{"type":"Feature","properties":{"name":"Ground stripped or buried (Sentinel-2 change)","area_m2":12249,"aoi":"benighat","fill":"#f97316","fill-opacity":0.5,"stroke":"#c2410c","stroke-width":1.1},"geometry":{"type":"Polygon","coordinates":[[[84.84802,27.80588],[84.84817,27.80602],[84.84827,27.80602],[84.84837,27.80593],[84.84853,27.80597],[84.84853,27.8066],[84.84863,27.80669],[84.84863,27.80696],[84.84873,27.80705],[84.84873,27.80723],[84.84883,27.80732],[84.84883,27.80759],[84.84893,27.80768],[84.84893,27.80795],[84.84903,27.80804],[84.84898,27.80817],[84.84878,27.80817],[84.84853,27.80795],[84.84853,27.80786],[84.84842,27.80777],[84.84842,27.80732],[84.84812,27.80687],[84.84812,27.80678],[84.84802,27.80669],[84.84802,27.80651],[84.84781,27.80624],[84.84781,27.80588],[84.84787,27.80584],[84.84802,27.80588]]]}},{"type":"Feature","properties":{"name":"Ground stripped or buried (Sentinel-2 change)","area_m2":1522,"aoi":"benighat","fill":"#f97316","fill-opacity":0.5,"stroke":"#c2410c","stroke-width":1.1},"geometry":{"type":"Polygon","coordinates":[[[84.85076,27.80579],[84.85096,27.80597],[84.85081,27.80611],[84.85035,27.80606],[84.85035,27.80597],[84.85061,27.80575],[84.85076,27.80579]]]}},{"type":"Feature","properties":{"name":"Ground stripped or buried (Sentinel-2 change)","area_m2":948,"aoi":"benighat","fill":"#f97316","fill-opacity":0.5,"stroke":"#c2410c","stroke-width":1.1},"geometry":{"type":"Polygon","coordinates":[[[84.85949,27.80579],[84.8596,27.80588],[84.85949,27.80597],[84.85949,27.80606],[84.85944,27.80611],[84.85919,27.80606],[84.85924,27.80584],[84.85934,27.80584],[84.85944,27.80575],[84.85949,27.80579]]]}},{"type":"Feature","properties":{"name":"Ground stripped or buried (Sentinel-2 change)","area_m2":6711,"aoi":"benighat","fill":"#f97316","fill-opacity":0.5,"stroke":"#c2410c","stroke-width":1.1},"geometry":{"type":"Polygon","coordinates":[[[84.86102,27.8057],[84.86092,27.80597],[84.86076,27.80602],[84.86046,27.80629],[84.86026,27.80629],[84.85995,27.80647],[84.85975,27.80647],[84.85955,27.80665],[84.85934,27.80665],[84.85924,27.80674],[84.85919,27.80669],[84.85919,27.80651],[84.85934,27.80629],[84.85965,27.8062],[84.85975,27.80611],[84.85985,27.8062],[84.86005,27.80602],[84.86015,27.80611],[84.86056,27.80575],[84.86076,27.80575],[84.86087,27.80566],[84.86102,27.8057]]]}},{"type":"Feature","properties":{"name":"Ground stripped or buried (Sentinel-2 change)","area_m2":1746,"aoi":"benighat","fill":"#f97316","fill-opacity":0.5,"stroke":"#c2410c","stroke-width":1.1},"geometry":{"type":"Polygon","coordinates":[[[84.83756,27.80561],[84.83756,27.8057],[84.83766,27.80579],[84.83756,27.80588],[84.83766,27.80597],[84.83766,27.80606],[84.83761,27.80611],[84.83751,27.80602],[84.83715,27.80597],[84.83725,27.8057],[84.8374,27.80557],[84.83756,27.80561]]]}},{"type":"Feature","properties":{"name":"Ground stripped or buried (Sentinel-2 change)","area_m2":1547,"aoi":"benighat","fill":"#f97316","fill-opacity":0.5,"stroke":"#c2410c","stroke-width":1.1},"geometry":{"type":"Polygon","coordinates":[[[84.86041,27.80525],[84.86061,27.80534],[84.86061,27.80543],[84.86046,27.80557],[84.86,27.80552],[84.86,27.80543],[84.86015,27.8053],[84.86026,27.8053],[84.86036,27.80521],[84.86041,27.80525]]]}},{"type":"Feature","properties":{"name":"Ground stripped or buried (Sentinel-2 change)","area_m2":6910,"aoi":"benighat","fill":"#f97316","fill-opacity":0.5,"stroke":"#c2410c","stroke-width":1.1},"geometry":{"type":"Polygon","coordinates":[[[84.83705,27.80507],[84.83705,27.80516],[84.83715,27.80525],[84.83715,27.80561],[84.83705,27.8057],[84.83695,27.80597],[84.8369,27.80602],[84.83679,27.80593],[84.83674,27.80597],[84.83685,27.80606],[84.83674,27.80615],[84.83674,27.80651],[84.83659,27.80665],[84.83644,27.80651],[84.83644,27.80606],[84.83654,27.80597],[84.83654,27.80543],[84.83664,27.80534],[84.83664,27.80525],[84.8369,27.80503],[84.83705,27.80507]]]}},{"type":"Feature","properties":{"name":"Ground stripped or buried (Sentinel-2 change)","area_m2":4540,"aoi":"benighat","fill":"#f97316","fill-opacity":0.5,"stroke":"#c2410c","stroke-width":1.1},"geometry":{"type":"Polygon","coordinates":[[[84.7427,27.80498],[84.74259,27.80507],[84.74264,27.80512],[84.74346,27.80512],[84.74351,27.80525],[84.74336,27.80539],[84.74315,27.80539],[84.74305,27.8053],[84.74295,27.8053],[84.74285,27.80539],[84.74214,27.80539],[84.74198,27.80525],[84.74204,27.80512],[84.74224,27.80512],[84.74244,27.80494],[84.7427,27.80498]]]}},{"type":"Feature","properties":{"name":"Ground stripped or buried (Sentinel-2 change)","area_m2":11601,"aoi":"benighat","fill":"#f97316","fill-opacity":0.5,"stroke":"#c2410c","stroke-width":1.1},"geometry":{"type":"Polygon","coordinates":[[[84.74574,27.80498],[84.746,27.80503],[84.74661,27.80548],[84.74701,27.80548],[84.74711,27.80557],[84.74732,27.80557],[84.74742,27.80548],[84.74782,27.80548],[84.74793,27.80539],[84.74833,27.80539],[84.74838,27.80552],[84.74803,27.80575],[84.74762,27.80575],[84.74752,27.80584],[84.74722,27.80584],[84.74711,27.80593],[84.74661,27.80593],[84.7462,27.80566],[84.74584,27.80552],[84.74584,27.80543],[84.74554,27.80516],[84.74559,27.80494],[84.74574,27.80498]]]}},{"type":"Feature","properties":{"name":"Ground stripped or buried (Sentinel-2 change)","area_m2":6187,"aoi":"benighat","fill":"#f97316","fill-opacity":0.5,"stroke":"#c2410c","stroke-width":1.1},"geometry":{"type":"Polygon","coordinates":[[[84.73955,27.8048],[84.7396,27.80485],[84.74031,27.80485],[84.74041,27.80503],[84.74051,27.80494],[84.74072,27.80494],[84.74087,27.80525],[84.74082,27.8053],[84.74,27.8053],[84.7397,27.80512],[84.73939,27.80512],[84.73914,27.80489],[84.73919,27.80476],[84.73955,27.8048]]]}},{"type":"Feature","properties":{"name":"Ground stripped or buried (Sentinel-2 change)","area_m2":1372,"aoi":"benighat","fill":"#f97316","fill-opacity":0.5,"stroke":"#c2410c","stroke-width":1.1},"geometry":{"type":"Polygon","coordinates":[[[84.86183,27.80463],[84.86173,27.80489],[84.86158,27.80503],[84.86142,27.80498],[84.86142,27.80472],[84.86158,27.80458],[84.86183,27.80463]]]}},{"type":"Feature","properties":{"name":"Ground stripped or buried (Sentinel-2 change)","area_m2":3218,"aoi":"benighat","fill":"#f97316","fill-opacity":0.5,"stroke":"#c2410c","stroke-width":1.1},"geometry":{"type":"Polygon","coordinates":[[[84.83827,27.80436],[84.83817,27.80445],[84.83817,27.80472],[84.83786,27.80507],[84.83786,27.80525],[84.83771,27.8053],[84.83756,27.80516],[84.83756,27.80498],[84.83786,27.80472],[84.83786,27.80445],[84.83801,27.80431],[84.83827,27.80436]]]}},{"type":"Feature","properties":{"name":"Ground stripped or buried (Sentinel-2 change)","area_m2":1672,"aoi":"benighat","fill":"#f97316","fill-opacity":0.5,"stroke":"#c2410c","stroke-width":1.1},"geometry":{"type":"Polygon","coordinates":[[[84.73884,27.80427],[84.73899,27.80431],[84.73914,27.80445],[84.73914,27.80454],[84.73909,27.80458],[84.73858,27.80458],[84.73853,27.80454],[84.73853,27.80445],[84.73879,27.80422],[84.73884,27.80427]]]}},{"type":"Feature","properties":{"name":"Ground stripped or buried (Sentinel-2 change)","area_m2":4116,"aoi":"benighat","fill":"#f97316","fill-opacity":0.5,"stroke":"#c2410c","stroke-width":1.1},"geometry":{"type":"Polygon","coordinates":[[[84.8468,27.80409],[84.8469,27.80418],[84.8468,27.80427],[84.84695,27.80431],[84.84721,27.80454],[84.84721,27.80463],[84.84731,27.80472],[84.84721,27.8048],[84.84721,27.80489],[84.84731,27.80498],[84.84726,27.80503],[84.84705,27.80503],[84.8469,27.80489],[84.8469,27.8048],[84.8468,27.80472],[84.8468,27.80454],[84.84639,27.80427],[84.84644,27.80404],[84.84655,27.80413],[84.84665,27.80413],[84.84675,27.80404],[84.8468,27.80409]]]}},{"type":"Feature","properties":{"name":"Ground stripped or buried (Sentinel-2 change)","area_m2":15168,"aoi":"benighat","fill":"#f97316","fill-opacity":0.5,"stroke":"#c2410c","stroke-width":1.1},"geometry":{"type":"Polygon","coordinates":[[[84.74452,27.804],[84.74442,27.80409],[84.74442,27.80427],[84.74468,27.80431],[84.74478,27.80422],[84.74498,27.8044],[84.74508,27.8044],[84.74523,27.80454],[84.74513,27.80463],[84.74523,27.80472],[84.74518,27.80485],[84.74508,27.80476],[84.74498,27.80476],[84.74488,27.80485],[84.74437,27.80485],[84.74427,27.80494],[84.74356,27.80494],[84.74351,27.80472],[84.74381,27.80463],[84.74366,27.80449],[84.74315,27.8044],[84.743,27.80427],[84.743,27.80418],[84.74315,27.80404],[84.74336,27.80404],[84.74346,27.80395],[84.74397,27.80395],[84.74407,27.80404],[84.74427,27.80404],[84.74437,27.80395],[84.74452,27.804]]]}},{"type":"Feature","properties":{"name":"Ground stripped or buried (Sentinel-2 change)","area_m2":1796,"aoi":"benighat","fill":"#f97316","fill-opacity":0.5,"stroke":"#c2410c","stroke-width":1.1},"geometry":{"type":"Polygon","coordinates":[[[84.75113,27.804],[84.75138,27.80404],[84.75153,27.80436],[84.75148,27.8044],[84.75138,27.80431],[84.75092,27.80427],[84.75092,27.80409],[84.75082,27.804],[84.75087,27.80395],[84.75113,27.804]]]}},{"type":"Feature","properties":{"name":"Ground stripped or buried (Sentinel-2 change)","area_m2":1347,"aoi":"benighat","fill":"#f97316","fill-opacity":0.5,"stroke":"#c2410c","stroke-width":1.1},"geometry":{"type":"Polygon","coordinates":[[[84.83827,27.80382],[84.83827,27.80409],[84.83812,27.80422],[84.83801,27.80422],[84.83786,27.804],[84.83812,27.80377],[84.83827,27.80382]]]}},{"type":"Feature","properties":{"name":"Ground stripped or buried (Sentinel-2 change)","area_m2":2719,"aoi":"benighat","fill":"#f97316","fill-opacity":0.5,"stroke":"#c2410c","stroke-width":1.1},"geometry":{"type":"Polygon","coordinates":[[[84.73995,27.80355],[84.74026,27.80373],[84.74026,27.80391],[84.74021,27.80395],[84.7396,27.80395],[84.73955,27.80391],[84.73965,27.80382],[84.73955,27.80373],[84.7396,27.8035],[84.7397,27.80359],[84.7398,27.8035],[84.73995,27.80355]]]}},{"type":"Feature","properties":{"name":"Ground stripped or buried (Sentinel-2 change)","area_m2":47900,"aoi":"benighat","fill":"#f97316","fill-opacity":0.5,"stroke":"#c2410c","stroke-width":1.1},"geometry":{"type":"Polygon","coordinates":[[[84.74473,27.80319],[84.74498,27.80323],[84.74508,27.80332],[84.74539,27.80332],[84.74549,27.80341],[84.74569,27.80341],[84.74579,27.80332],[84.7462,27.80332],[84.7463,27.80341],[84.74691,27.80341],[84.74701,27.80332],[84.74732,27.80332],[84.74742,27.80341],[84.74813,27.80341],[84.74823,27.8035],[84.74854,27.8035],[84.74864,27.80368],[84.74894,27.80368],[84.74899,27.80373],[84.74889,27.80382],[84.74914,27.80386],[84.74925,27.80395],[84.7494,27.80382],[84.74945,27.80368],[84.74955,27.80368],[84.7497,27.80382],[84.7497,27.80391],[84.74991,27.804],[84.74991,27.80409],[84.7497,27.80427],[84.74965,27.8044],[84.74914,27.8044],[84.74904,27.80449],[84.74884,27.80449],[84.74874,27.80458],[84.74864,27.80458],[84.74854,27.80449],[84.74813,27.80449],[84.74808,27.80454],[84.74828,27.80463],[84.74818,27.80472],[84.74828,27.8048],[84.74813,27.80485],[84.74793,27.80503],[84.74772,27.80503],[84.74767,27.80489],[84.74777,27.8048],[84.74752,27.80476],[84.74737,27.80463],[84.74752,27.80449],[84.74803,27.8044],[84.74808,27.80436],[84.74803,27.80431],[84.74589,27.80431],[84.74569,27.80413],[84.74554,27.80409],[84.74554,27.804],[84.74534,27.80391],[84.74529,27.80377],[84.74498,27.80368],[84.74488,27.8035],[84.74452,27.80346],[84.74452,27.80337],[84.74463,27.80328],[84.74452,27.80319],[84.74457,27.80314],[84.74473,27.80319]]]}},{"type":"Feature","properties":{"name":"Ground stripped or buried (Sentinel-2 change)","area_m2":4391,"aoi":"benighat","fill":"#f97316","fill-opacity":0.5,"stroke":"#c2410c","stroke-width":1.1},"geometry":{"type":"Polygon","coordinates":[[[84.86376,27.80283],[84.86376,27.80292],[84.86366,27.80301],[84.86366,27.80346],[84.86356,27.80355],[84.86356,27.80364],[84.8634,27.80377],[84.8631,27.80386],[84.86305,27.80382],[84.86315,27.80373],[84.86315,27.80355],[84.86325,27.80346],[84.86315,27.80337],[84.86315,27.80328],[84.86325,27.80319],[84.86335,27.80292],[84.86351,27.80278],[84.86376,27.80283]]]}},{"type":"Feature","properties":{"name":"Ground stripped or buried (Sentinel-2 change)","area_m2":9680,"aoi":"benighat","fill":"#f97316","fill-opacity":0.5,"stroke":"#c2410c","stroke-width":1.1},"geometry":{"type":"Polygon","coordinates":[[[84.84497,27.80274],[84.84502,27.80278],[84.84553,27.80278],[84.84614,27.80323],[84.84629,27.80328],[84.84639,27.80355],[84.84614,27.80359],[84.84604,27.8035],[84.84594,27.8035],[84.84583,27.80359],[84.84573,27.8035],[84.84553,27.8035],[84.84543,27.80341],[84.84533,27.80341],[84.84512,27.80323],[84.84482,27.80332],[84.84477,27.80328],[84.84487,27.80319],[84.84446,27.80292],[84.84446,27.80274],[84.84451,27.80269],[84.84462,27.80278],[84.84472,27.80278],[84.84482,27.80269],[84.84497,27.80274]]]}},{"type":"Feature","properties":{"name":"Ground stripped or buried (Sentinel-2 change)","area_m2":16441,"aoi":"benighat","fill":"#f97316","fill-opacity":0.5,"stroke":"#c2410c","stroke-width":1.1},"geometry":{"type":"Polygon","coordinates":[[[84.86589,27.80238],[84.8661,27.80256],[84.8661,27.80265],[84.86594,27.80278],[84.86574,27.80278],[84.86564,27.80287],[84.86554,27.80287],[84.86518,27.80319],[84.86518,27.80337],[84.86508,27.80346],[84.86498,27.80373],[84.86452,27.80404],[84.86442,27.80404],[84.86412,27.80422],[84.86386,27.80418],[84.86406,27.80373],[84.86432,27.8035],[84.86442,27.8035],[84.86508,27.80292],[84.86483,27.80287],[84.86473,27.80296],[84.86462,27.80296],[84.86447,27.80283],[84.86457,27.80274],[84.86457,27.80247],[84.86462,27.80242],[84.86523,27.80242],[84.86533,27.80233],[84.86584,27.80233],[84.86589,27.80238]]]}},{"type":"Feature","properties":{"name":"Ground stripped or buried (Sentinel-2 change)","area_m2":2570,"aoi":"benighat","fill":"#f97316","fill-opacity":0.5,"stroke":"#c2410c","stroke-width":1.1},"geometry":{"type":"Polygon","coordinates":[[[84.74981,27.80202],[84.74996,27.80206],[84.75001,27.8022],[84.74986,27.80242],[84.74965,27.8026],[84.74955,27.8026],[84.7494,27.80247],[84.7494,27.80229],[84.74975,27.80198],[84.74981,27.80202]]]}},{"type":"Feature","properties":{"name":"Ground stripped or buried (Sentinel-2 change)","area_m2":13248,"aoi":"benighat","fill":"#f97316","fill-opacity":0.5,"stroke":"#c2410c","stroke-width":1.1},"geometry":{"type":"Polygon","coordinates":[[[84.84071,27.80166],[84.84076,27.80171],[84.84208,27.80171],[84.84218,27.8018],[84.84248,27.8018],[84.84258,27.80189],[84.84309,27.80198],[84.84324,27.80211],[84.84324,27.8022],[84.84279,27.80224],[84.84269,27.80215],[84.84248,27.80215],[84.84238,27.80206],[84.84197,27.80206],[84.84187,27.80198],[84.84177,27.80198],[84.84167,27.80206],[84.84076,27.80206],[84.84065,27.80215],[84.84035,27.80215],[84.84025,27.80224],[84.83994,27.80224],[84.83984,27.80233],[84.83979,27.80229],[84.83979,27.80211],[84.83989,27.80202],[84.83994,27.8018],[84.84004,27.8018],[84.84015,27.80171],[84.84045,27.80171],[84.84055,27.80162],[84.84071,27.80166]]]}},{"type":"Feature","properties":{"name":"Ground stripped or buried (Sentinel-2 change)","area_m2":4241,"aoi":"benighat","fill":"#f97316","fill-opacity":0.5,"stroke":"#c2410c","stroke-width":1.1},"geometry":{"type":"Polygon","coordinates":[[[84.83492,27.8013],[84.83512,27.80139],[84.83512,27.80184],[84.83522,27.80193],[84.83507,27.80206],[84.83497,27.80206],[84.83476,27.80189],[84.83441,27.80184],[84.83461,27.80139],[84.83476,27.80126],[84.83492,27.8013]]]}},{"type":"Feature","properties":{"name":"Ground stripped or buried (Sentinel-2 change)","area_m2":1098,"aoi":"benighat","fill":"#f97316","fill-opacity":0.5,"stroke":"#c2410c","stroke-width":1.1},"geometry":{"type":"Polygon","coordinates":[[[84.73691,27.80058],[84.73701,27.80067],[84.73701,27.80085],[84.73675,27.8009],[84.7366,27.80058],[84.73665,27.80054],[84.73691,27.80058]]]}},{"type":"Feature","properties":{"name":"Ground stripped or buried (Sentinel-2 change)","area_m2":33132,"aoi":"benighat","fill":"#f97316","fill-opacity":0.5,"stroke":"#c2410c","stroke-width":1.1},"geometry":{"type":"Polygon","coordinates":[[[84.73609,27.79923],[84.7362,27.79932],[84.7362,27.79968],[84.7363,27.79977],[84.7363,27.79995],[84.73645,27.8],[84.73655,27.79991],[84.7366,27.79995],[84.7366,27.80004],[84.7365,27.80013],[84.7365,27.80148],[84.7366,27.80157],[84.7366,27.80193],[84.7367,27.80202],[84.7367,27.80256],[84.7368,27.80265],[84.73691,27.8031],[84.73711,27.80337],[84.73701,27.80346],[84.73706,27.8035],[84.73716,27.80341],[84.73721,27.80346],[84.73721,27.80364],[84.73762,27.80418],[84.73762,27.80436],[84.73787,27.8044],[84.73797,27.80431],[84.73802,27.80436],[84.73802,27.80445],[84.73813,27.80454],[84.73807,27.80476],[84.73797,27.80476],[84.73787,27.80467],[84.73767,27.80467],[84.73726,27.8044],[84.73716,27.8044],[84.73706,27.80449],[84.73701,27.80445],[84.73701,27.80436],[84.73711,27.80427],[84.73691,27.80409],[84.7368,27.80364],[84.73655,27.80341],[84.7364,27.80337],[84.7364,27.8031],[84.7362,27.80283],[84.73599,27.80238],[84.73579,27.8022],[84.73579,27.80211],[84.73594,27.80198],[84.73604,27.80206],[84.7362,27.80193],[84.7362,27.80184],[84.73599,27.80166],[84.7362,27.80148],[84.7362,27.8013],[84.73614,27.80126],[84.73604,27.80135],[84.73589,27.80121],[84.73599,27.80112],[84.73599,27.80049],[84.73579,27.80031],[84.73579,27.80013],[84.73589,27.80004],[84.73589,27.79932],[84.73579,27.79923],[84.73584,27.79919],[84.73609,27.79923]],[[84.73645,27.8018],[84.7364,27.80184],[84.73645,27.80189],[84.7365,27.80184],[84.73645,27.8018]]]}},{"type":"Feature","properties":{"name":"Ground stripped or buried (Sentinel-2 change)","area_m2":2370,"aoi":"benighat","fill":"#f97316","fill-opacity":0.5,"stroke":"#c2410c","stroke-width":1.1},"geometry":{"type":"Polygon","coordinates":[[[84.7367,27.79888],[84.73701,27.79915],[84.73701,27.79941],[84.73696,27.79946],[84.73686,27.79946],[84.7366,27.79923],[84.7364,27.79897],[84.73645,27.79883],[84.7367,27.79888]]]}},{"type":"Feature","properties":{"name":"Ground stripped or buried (Sentinel-2 change)","area_m2":3069,"aoi":"benighat","fill":"#f97316","fill-opacity":0.5,"stroke":"#c2410c","stroke-width":1.1},"geometry":{"type":"Polygon","coordinates":[[[84.73234,27.7969],[84.73284,27.79735],[84.73279,27.79748],[84.73229,27.79748],[84.73223,27.79744],[84.73234,27.79735],[84.73213,27.79717],[84.73203,27.7969],[84.73208,27.79685],[84.73234,27.7969]]]}},{"type":"Feature","properties":{"name":"Ground stripped or buried (Sentinel-2 change)","area_m2":1247,"aoi":"mugling","fill":"#f97316","fill-opacity":0.5,"stroke":"#c2410c","stroke-width":1.1},"geometry":{"type":"Polygon","coordinates":[[[84.62196,27.88103],[84.62196,27.8813],[84.62191,27.88135],[84.6217,27.88135],[84.62155,27.88121],[84.62155,27.88112],[84.62181,27.88099],[84.62196,27.88103]]]}},{"type":"Feature","properties":{"name":"Ground stripped or buried (Sentinel-2 change)","area_m2":3616,"aoi":"mugling","fill":"#f97316","fill-opacity":0.5,"stroke":"#c2410c","stroke-width":1.1},"geometry":{"type":"Polygon","coordinates":[[[84.62287,27.88085],[84.62308,27.88094],[84.62297,27.88103],[84.62297,27.88112],[84.62272,27.88135],[84.62221,27.88117],[84.62206,27.88094],[84.62231,27.8809],[84.62242,27.88081],[84.62287,27.88085]]]}},{"type":"Feature","properties":{"name":"Ground stripped or buried (Sentinel-2 change)","area_m2":11969,"aoi":"mugling","fill":"#f97316","fill-opacity":0.5,"stroke":"#c2410c","stroke-width":1.1},"geometry":{"type":"Polygon","coordinates":[[[84.61566,27.87951],[84.61601,27.87955],[84.61642,27.87982],[84.61652,27.87982],[84.61662,27.87973],[84.61673,27.87982],[84.61683,27.87982],[84.61708,27.88014],[84.61759,27.8805],[84.61759,27.88068],[84.61744,27.88072],[84.61683,27.88036],[84.61632,27.88027],[84.61601,27.88009],[84.61571,27.88009],[84.61561,27.88],[84.61551,27.88],[84.61515,27.87969],[84.6152,27.87946],[84.6153,27.87955],[84.6154,27.87955],[84.61551,27.87946],[84.61566,27.87951]]]}},{"type":"Feature","properties":{"name":"Ground stripped or buried (Sentinel-2 change)","area_m2":22866,"aoi":"mugling","fill":"#f97316","fill-opacity":0.5,"stroke":"#c2410c","stroke-width":1.1},"geometry":{"type":"Polygon","coordinates":[[[84.62643,27.87924],[84.62643,27.87933],[84.62653,27.87942],[84.62653,27.8796],[84.62628,27.87973],[84.62607,27.87973],[84.62592,27.87987],[84.62587,27.88],[84.62577,27.87991],[84.62567,27.87991],[84.62551,27.88005],[84.62551,27.88041],[84.62536,27.88054],[84.62516,27.88054],[84.62506,27.88045],[84.6249,27.88059],[84.6249,27.88077],[84.62424,27.88144],[84.62414,27.88144],[84.62384,27.88117],[84.62374,27.88117],[84.62338,27.88077],[84.62338,27.88068],[84.62353,27.88054],[84.62384,27.88054],[84.62414,27.88036],[84.62424,27.88036],[84.62465,27.88],[84.62516,27.87991],[84.62587,27.87937],[84.62617,27.87928],[84.62628,27.87919],[84.62643,27.87924]]]}},{"type":"Feature","properties":{"name":"Ground stripped or buried (Sentinel-2 change)","area_m2":4289,"aoi":"mugling","fill":"#f97316","fill-opacity":0.5,"stroke":"#c2410c","stroke-width":1.1},"geometry":{"type":"Polygon","coordinates":[[[84.58751,27.87897],[84.58777,27.87901],[84.58817,27.87937],[84.58827,27.87937],[84.58838,27.87928],[84.58853,27.87942],[84.58863,27.87969],[84.58838,27.87973],[84.58797,27.87946],[84.58746,27.87928],[84.58731,27.87915],[84.58731,27.87906],[84.58746,27.87892],[84.58751,27.87897]]]}},{"type":"Feature","properties":{"name":"Ground stripped or buried (Sentinel-2 change)","area_m2":1496,"aoi":"mugling","fill":"#f97316","fill-opacity":0.5,"stroke":"#c2410c","stroke-width":1.1},"geometry":{"type":"Polygon","coordinates":[[[84.61505,27.87897],[84.61525,27.87915],[84.6152,27.87937],[84.6149,27.87928],[84.61474,27.87915],[84.6149,27.87892],[84.61505,27.87897]]]}},{"type":"Feature","properties":{"name":"Ground stripped or buried (Sentinel-2 change)","area_m2":4464,"aoi":"mugling","fill":"#f97316","fill-opacity":0.5,"stroke":"#c2410c","stroke-width":1.1},"geometry":{"type":"Polygon","coordinates":[[[84.59036,27.87879],[84.59041,27.87892],[84.59051,27.87892],[84.59066,27.87906],[84.59061,27.87919],[84.5901,27.87919],[84.59,27.87928],[84.5899,27.87928],[84.5898,27.87919],[84.5897,27.87919],[84.58944,27.87897],[84.58949,27.87874],[84.58959,27.87883],[84.5901,27.87883],[84.5902,27.87874],[84.59036,27.87879]]]}},{"type":"Feature","properties":{"name":"Ground stripped or buried (Sentinel-2 change)","area_m2":5287,"aoi":"mugling","fill":"#f97316","fill-opacity":0.5,"stroke":"#c2410c","stroke-width":1.1},"geometry":{"type":"Polygon","coordinates":[[[84.62064,27.87879],[84.62089,27.87883],[84.62094,27.87897],[84.62109,27.8791],[84.6212,27.87901],[84.6216,27.87901],[84.62165,27.87915],[84.6214,27.87937],[84.62109,27.87919],[84.62099,27.87928],[84.62089,27.87919],[84.62079,27.87928],[84.62059,27.87928],[84.62043,27.87915],[84.62038,27.87901],[84.62003,27.87897],[84.62003,27.87888],[84.62018,27.87874],[84.62064,27.87879]]]}},{"type":"Feature","properties":{"name":"Ground stripped or buried (Sentinel-2 change)","area_m2":2494,"aoi":"mugling","fill":"#f97316","fill-opacity":0.5,"stroke":"#c2410c","stroke-width":1.1},"geometry":{"type":"Polygon","coordinates":[[[84.59635,27.87852],[84.59635,27.8787],[84.596,27.87901],[84.59574,27.87897],[84.59574,27.8787],[84.596,27.87847],[84.5961,27.87847],[84.5962,27.87856],[84.5963,27.87847],[84.59635,27.87852]]]}},{"type":"Feature","properties":{"name":"Ground stripped or buried (Sentinel-2 change)","area_m2":8902,"aoi":"mugling","fill":"#f97316","fill-opacity":0.5,"stroke":"#c2410c","stroke-width":1.1},"geometry":{"type":"Polygon","coordinates":[[[84.61383,27.87753],[84.61403,27.87771],[84.61403,27.87798],[84.61434,27.87816],[84.61434,27.87852],[84.61464,27.87897],[84.61464,27.87906],[84.61449,27.87919],[84.61439,27.87919],[84.61383,27.8787],[84.61383,27.87852],[84.61363,27.87825],[84.61373,27.87816],[84.61363,27.87807],[84.61363,27.87753],[84.61368,27.87749],[84.61383,27.87753]],[[84.61429,27.87865],[84.61424,27.8787],[84.61429,27.87874],[84.61434,27.8787],[84.61429,27.87865]]]}},{"type":"Feature","properties":{"name":"Ground stripped or buried (Sentinel-2 change)","area_m2":22618,"aoi":"mugling","fill":"#f97316","fill-opacity":0.5,"stroke":"#c2410c","stroke-width":1.1},"geometry":{"type":"Polygon","coordinates":[[[84.62511,27.87726],[84.62511,27.87735],[84.6246,27.87771],[84.6246,27.8778],[84.62475,27.87785],[84.62485,27.87776],[84.62506,27.87776],[84.62516,27.87785],[84.62526,27.87785],[84.62536,27.87767],[84.62557,27.87767],[84.62582,27.87789],[84.62526,27.8783],[84.62516,27.8783],[84.62485,27.87847],[84.6247,27.87843],[84.62465,27.87821],[84.6246,27.87825],[84.6246,27.87852],[84.62424,27.87865],[84.62414,27.87883],[84.62404,27.87883],[84.62384,27.87901],[84.62363,27.87901],[84.62353,27.87928],[84.62333,27.87928],[84.62308,27.87915],[84.62318,27.87906],[84.62318,27.87897],[84.62358,27.87861],[84.62348,27.87852],[84.62369,27.87843],[84.62358,27.87834],[84.62369,27.87825],[84.62369,27.87816],[84.62399,27.87798],[84.62379,27.8778],[84.62389,27.87771],[84.62389,27.87762],[84.62414,27.8774],[84.62445,27.87749],[84.62475,27.87722],[84.62511,27.87726]]]}},{"type":"Feature","properties":{"name":"Ground stripped or buried (Sentinel-2 change)","area_m2":1122,"aoi":"mugling","fill":"#f97316","fill-opacity":0.5,"stroke":"#c2410c","stroke-width":1.1},"geometry":{"type":"Polygon","coordinates":[[[84.59899,27.87672],[84.5991,27.87681],[84.59904,27.87695],[84.59874,27.87695],[84.59859,27.87681],[84.59864,27.87668],[84.59899,27.87672]]]}},{"type":"Feature","properties":{"name":"Ground stripped or buried (Sentinel-2 change)","area_m2":4987,"aoi":"mugling","fill":"#f97316","fill-opacity":0.5,"stroke":"#c2410c","stroke-width":1.1},"geometry":{"type":"Polygon","coordinates":[[[84.60042,27.87672],[84.60062,27.8769],[84.60062,27.87699],[84.60047,27.87713],[84.60026,27.87713],[84.60016,27.87722],[84.60006,27.87722],[84.59996,27.87713],[84.59955,27.87713],[84.5992,27.8769],[84.59925,27.87677],[84.59976,27.87677],[84.59986,27.87686],[84.59996,27.87677],[84.60006,27.87677],[84.60016,27.87686],[84.60037,27.87668],[84.60042,27.87672]]]}},{"type":"Feature","properties":{"name":"Ground stripped or buried (Sentinel-2 change)","area_m2":6135,"aoi":"mugling","fill":"#f97316","fill-opacity":0.5,"stroke":"#c2410c","stroke-width":1.1},"geometry":{"type":"Polygon","coordinates":[[[84.59747,27.87636],[84.59747,27.87654],[84.59772,27.87668],[84.59793,27.87668],[84.59803,27.8765],[84.59823,27.8765],[84.59838,27.87663],[84.59838,27.87672],[84.59813,27.87677],[84.59783,27.87704],[84.59742,27.87677],[84.59681,27.87677],[84.59656,27.87654],[84.59671,27.87641],[84.59691,27.87641],[84.59701,27.8765],[84.59711,27.87632],[84.59747,27.87636]]]}},{"type":"Feature","properties":{"name":"Ground stripped or buried (Sentinel-2 change)","area_m2":848,"aoi":"mugling","fill":"#f97316","fill-opacity":0.5,"stroke":"#c2410c","stroke-width":1.1},"geometry":{"type":"Polygon","coordinates":[[[84.62125,27.87636],[84.62125,27.87654],[84.62109,27.87668],[84.62094,27.87654],[84.62099,27.87632],[84.62125,27.87636]]]}},{"type":"Feature","properties":{"name":"Ground stripped or buried (Sentinel-2 change)","area_m2":5062,"aoi":"mugling","fill":"#f97316","fill-opacity":0.5,"stroke":"#c2410c","stroke-width":1.1},"geometry":{"type":"Polygon","coordinates":[[[84.61485,27.87574],[84.61495,27.87583],[84.61485,27.87591],[84.61485,27.876],[84.61495,27.87609],[84.61495,27.87618],[84.61485,27.87627],[84.61485,27.87654],[84.61495,27.87663],[84.6149,27.87686],[84.61479,27.87677],[84.61454,27.87672],[84.61449,27.8765],[84.61439,27.87659],[84.61424,27.87654],[84.61424,27.87645],[84.61434,27.87636],[84.61434,27.87618],[84.61464,27.876],[84.61454,27.87591],[84.61454,27.87574],[84.61459,27.87569],[84.61485,27.87574]]]}},{"type":"Feature","properties":{"name":"Ground stripped or buried (Sentinel-2 change)","area_m2":2269,"aoi":"mugling","fill":"#f97316","fill-opacity":0.5,"stroke":"#c2410c","stroke-width":1.1},"geometry":{"type":"Polygon","coordinates":[[[84.60296,27.87565],[84.60296,27.87591],[84.60291,27.87596],[84.6028,27.87596],[84.6027,27.87605],[84.6024,27.87605],[84.6023,27.87614],[84.60225,27.87609],[84.6024,27.87578],[84.6027,27.87569],[84.6028,27.8756],[84.60296,27.87565]]]}},{"type":"Feature","properties":{"name":"Ground stripped or buried (Sentinel-2 change)","area_m2":6509,"aoi":"mugling","fill":"#f97316","fill-opacity":0.5,"stroke":"#c2410c","stroke-width":1.1},"geometry":{"type":"Polygon","coordinates":[[[84.61566,27.87412],[84.61576,27.87457],[84.61545,27.87466],[84.61556,27.87475],[84.61556,27.87502],[84.61566,27.87511],[84.61551,27.87515],[84.6154,27.87506],[84.61535,27.87529],[84.6152,27.87533],[84.61505,27.8752],[84.61505,27.87484],[84.61495,27.87475],[84.61515,27.87466],[84.61515,27.87457],[84.61495,27.87439],[84.6151,27.87425],[84.6153,27.87425],[84.61551,27.87407],[84.61566,27.87412]]]}},{"type":"Feature","properties":{"name":"Ground stripped or buried (Sentinel-2 change)","area_m2":6983,"aoi":"mugling","fill":"#f97316","fill-opacity":0.5,"stroke":"#c2410c","stroke-width":1.1},"geometry":{"type":"Polygon","coordinates":[[[84.61342,27.87268],[84.61383,27.87304],[84.61383,27.87313],[84.61403,27.8734],[84.61403,27.87358],[84.61388,27.87371],[84.61378,27.87371],[84.61337,27.87335],[84.61302,27.87322],[84.61302,27.87277],[84.61291,27.87268],[84.61297,27.87264],[84.61342,27.87268]]]}},{"type":"Feature","properties":{"name":"Ground stripped or buried (Sentinel-2 change)","area_m2":16585,"aoi":"mugling","fill":"#f97316","fill-opacity":0.5,"stroke":"#c2410c","stroke-width":1.1},"geometry":{"type":"Polygon","coordinates":[[[84.62755,27.87232],[84.62755,27.87241],[84.62745,27.8725],[84.62745,27.87268],[84.62734,27.87277],[84.62734,27.87295],[84.62724,27.87304],[84.62724,27.87358],[84.62714,27.87367],[84.62714,27.87394],[84.62709,27.87398],[84.62699,27.87389],[84.62668,27.87389],[84.62653,27.87403],[84.62653,27.87439],[84.62638,27.87443],[84.62633,27.87457],[84.62617,27.8747],[84.62597,27.8747],[84.62592,27.87457],[84.62612,27.8743],[84.62612,27.87403],[84.62602,27.87394],[84.62623,27.87385],[84.62623,27.87349],[84.62643,27.87322],[84.62643,27.87304],[84.62678,27.87273],[84.62704,27.87268],[84.62704,27.8725],[84.62729,27.87228],[84.62755,27.87232]]]}},{"type":"Feature","properties":{"name":"Ground stripped or buried (Sentinel-2 change)","area_m2":23867,"aoi":"mugling","fill":"#f97316","fill-opacity":0.5,"stroke":"#c2410c","stroke-width":1.1},"geometry":{"type":"Polygon","coordinates":[[[84.60783,27.87142],[84.60809,27.87147],[84.60819,27.87156],[84.60829,27.87147],[84.60839,27.87156],[84.609,27.87156],[84.6091,27.87165],[84.60941,27.87165],[84.60951,27.87174],[84.61022,27.87174],[84.61032,27.87183],[84.61043,27.87183],[84.61053,27.87201],[84.61124,27.87201],[84.61129,27.87214],[84.61149,27.87223],[84.61159,27.8725],[84.61154,27.87255],[84.61103,27.87255],[84.61093,27.87246],[84.61053,27.87246],[84.61043,27.87255],[84.61032,27.87255],[84.61027,27.8725],[84.61037,27.87241],[84.61032,27.87237],[84.61012,27.87237],[84.61002,27.87246],[84.60992,27.87246],[84.60987,27.87241],[84.60997,27.87232],[84.60992,27.87228],[84.60982,27.87228],[84.60971,27.87219],[84.60951,27.87219],[84.60921,27.87201],[84.6089,27.87201],[84.6088,27.87192],[84.6086,27.87192],[84.60849,27.87183],[84.60839,27.87183],[84.60829,27.87192],[84.60819,27.87183],[84.60778,27.87183],[84.60768,27.87192],[84.60667,27.87192],[84.60661,27.87187],[84.60661,27.87178],[84.60697,27.87147],[84.60748,27.87147],[84.60758,27.87138],[84.60783,27.87142]]]}},{"type":"Feature","properties":{"name":"Ground stripped or buried (Sentinel-2 change)","area_m2":1122,"aoi":"mugling","fill":"#f97316","fill-opacity":0.5,"stroke":"#c2410c","stroke-width":1.1},"geometry":{"type":"Polygon","coordinates":[[[84.60926,27.87097],[84.60936,27.87106],[84.60931,27.8712],[84.609,27.8712],[84.60885,27.87106],[84.6089,27.87093],[84.60926,27.87097]]]}},{"type":"Feature","properties":{"name":"Ground stripped or buried (Sentinel-2 change)","area_m2":17283,"aoi":"mugling","fill":"#f97316","fill-opacity":0.5,"stroke":"#c2410c","stroke-width":1.1},"geometry":{"type":"Polygon","coordinates":[[[84.63029,27.87097],[84.63029,27.87115],[84.62958,27.87178],[84.62943,27.8721],[84.62932,27.8721],[84.62892,27.87246],[84.62882,27.87237],[84.62861,27.87255],[84.62851,27.87255],[84.62795,27.87304],[84.62795,27.87313],[84.6278,27.87327],[84.62755,27.87322],[84.62755,27.87313],[84.62765,27.87304],[84.62765,27.87259],[84.628,27.87228],[84.62811,27.87228],[84.62861,27.87183],[84.62872,27.87183],[84.62882,27.87174],[84.62902,27.87174],[84.62943,27.87138],[84.62953,27.87138],[84.62963,27.8712],[84.62973,27.8712],[84.62993,27.87102],[84.63004,27.87102],[84.63014,27.87093],[84.63029,27.87097]]]}},{"type":"Feature","properties":{"name":"Ground stripped or buried (Sentinel-2 change)","area_m2":1422,"aoi":"mugling","fill":"#f97316","fill-opacity":0.5,"stroke":"#c2410c","stroke-width":1.1},"geometry":{"type":"Polygon","coordinates":[[[84.60814,27.87079],[84.60834,27.87088],[84.60834,27.87097],[84.60819,27.87111],[84.60799,27.87111],[84.60783,27.87097],[84.60783,27.87088],[84.60799,27.87075],[84.60814,27.87079]]]}},{"type":"Feature","properties":{"name":"Ground stripped or buried (Sentinel-2 change)","area_m2":1197,"aoi":"mugling","fill":"#f97316","fill-opacity":0.5,"stroke":"#c2410c","stroke-width":1.1},"geometry":{"type":"Polygon","coordinates":[[[84.57654,27.87026],[84.57664,27.87035],[84.57664,27.87062],[84.57649,27.87066],[84.57633,27.87053],[84.57633,27.87026],[84.57639,27.87021],[84.57654,27.87026]]]}},{"type":"Feature","properties":{"name":"Ground stripped or buried (Sentinel-2 change)","area_m2":6285,"aoi":"mugling","fill":"#f97316","fill-opacity":0.5,"stroke":"#c2410c","stroke-width":1.1},"geometry":{"type":"Polygon","coordinates":[[[84.63151,27.87026],[84.63166,27.8703],[84.63171,27.87044],[84.63141,27.87062],[84.63166,27.87066],[84.63171,27.87079],[84.63161,27.87088],[84.63161,27.87106],[84.63146,27.8712],[84.63136,27.8712],[84.631,27.87088],[84.63095,27.87075],[84.63075,27.87075],[84.6307,27.87062],[84.63105,27.87039],[84.63115,27.87048],[84.6312,27.87044],[84.6311,27.87035],[84.63115,27.87021],[84.63151,27.87026]]]}},{"type":"Feature","properties":{"name":"Ground stripped or buried (Sentinel-2 change)","area_m2":16960,"aoi":"mugling","fill":"#f97316","fill-opacity":0.5,"stroke":"#c2410c","stroke-width":1.1},"geometry":{"type":"Polygon","coordinates":[[[84.63273,27.86936],[84.63273,27.86954],[84.63283,27.86963],[84.63268,27.86976],[84.63227,27.86976],[84.63187,27.87003],[84.63166,27.87003],[84.63156,27.87012],[84.63115,27.87012],[84.63095,27.8703],[84.63065,27.8703],[84.63054,27.87039],[84.63004,27.87039],[84.62993,27.87048],[84.62963,27.87048],[84.62953,27.87057],[84.62948,27.87053],[84.62948,27.87035],[84.62993,27.87003],[84.63014,27.87003],[84.63024,27.86985],[84.63075,27.86985],[84.63085,27.86967],[84.63115,27.86967],[84.63126,27.86949],[84.63176,27.86949],[84.63187,27.8694],[84.63197,27.8694],[84.63207,27.86949],[84.63217,27.8694],[84.63247,27.8694],[84.63258,27.86931],[84.63273,27.86936]]]}},{"type":"Feature","properties":{"name":"Ground stripped or buried (Sentinel-2 change)","area_m2":1596,"aoi":"mugling","fill":"#f97316","fill-opacity":0.5,"stroke":"#c2410c","stroke-width":1.1},"geometry":{"type":"Polygon","coordinates":[[[84.63486,27.86936],[84.63486,27.86954],[84.63471,27.86967],[84.63461,27.86967],[84.63451,27.86976],[84.63435,27.86972],[84.63435,27.86954],[84.63451,27.8694],[84.63461,27.8694],[84.63471,27.86931],[84.63486,27.86936]]]}},{"type":"Feature","properties":{"name":"Ground stripped or buried (Sentinel-2 change)","area_m2":1372,"aoi":"mugling","fill":"#f97316","fill-opacity":0.5,"stroke":"#c2410c","stroke-width":1.1},"geometry":{"type":"Polygon","coordinates":[[[84.62551,27.86855],[84.62572,27.86873],[84.62567,27.86895],[84.62557,27.86886],[84.62536,27.86886],[84.62521,27.86873],[84.62526,27.86859],[84.62536,27.86859],[84.62546,27.8685],[84.62551,27.86855]]]}},{"type":"Feature","properties":{"name":"Ground stripped or buried (Sentinel-2 change)","area_m2":2544,"aoi":"mugling","fill":"#f97316","fill-opacity":0.5,"stroke":"#c2410c","stroke-width":1.1},"geometry":{"type":"Polygon","coordinates":[[[84.63527,27.86837],[84.63547,27.86846],[84.63547,27.86855],[84.63537,27.86864],[84.63537,27.86882],[84.63512,27.86904],[84.63491,27.86904],[84.63486,27.869],[84.63496,27.86891],[84.63496,27.86873],[84.63507,27.86864],[84.63507,27.86846],[84.63522,27.86832],[84.63527,27.86837]]]}},{"type":"Feature","properties":{"name":"Ground stripped or buried (Sentinel-2 change)","area_m2":5213,"aoi":"mugling","fill":"#f97316","fill-opacity":0.5,"stroke":"#c2410c","stroke-width":1.1},"geometry":{"type":"Polygon","coordinates":[[[84.63283,27.86756],[84.63283,27.86765],[84.63303,27.86783],[84.63293,27.86792],[84.63293,27.86855],[84.63268,27.86886],[84.63247,27.86886],[84.63242,27.86864],[84.63253,27.86855],[84.63253,27.86819],[84.63263,27.8681],[84.63263,27.86783],[84.63253,27.86774],[84.63253,27.86756],[84.63258,27.86752],[84.63283,27.86756]]]}},{"type":"Feature","properties":{"name":"Ground stripped or buried (Sentinel-2 change)","area_m2":11150,"aoi":"mugling","fill":"#f97316","fill-opacity":0.5,"stroke":"#c2410c","stroke-width":1.1},"geometry":{"type":"Polygon","coordinates":[[[84.63446,27.86154],[84.63435,27.86163],[84.63456,27.86172],[84.63446,27.86181],[84.63446,27.86226],[84.63435,27.86235],[84.63435,27.86262],[84.63425,27.86271],[84.63405,27.86316],[84.6339,27.8632],[84.63364,27.86289],[84.63364,27.86253],[84.63354,27.86244],[84.63354,27.86208],[84.63369,27.86195],[84.6338,27.86195],[84.6339,27.86177],[84.634,27.86177],[84.6341,27.86159],[84.6342,27.86159],[84.6343,27.8615],[84.63446,27.86154]]]}},{"type":"Feature","properties":{"name":"Ground stripped or buried (Sentinel-2 change)","area_m2":1073,"aoi":"mugling","fill":"#f97316","fill-opacity":0.5,"stroke":"#c2410c","stroke-width":1.1},"geometry":{"type":"Polygon","coordinates":[[[84.63639,27.86064],[84.63649,27.86073],[84.63644,27.86087],[84.63598,27.86082],[84.63598,27.86073],[84.63613,27.8606],[84.63639,27.86064]]]}},{"type":"Feature","properties":{"name":"Ground stripped or buried (Sentinel-2 change)","area_m2":1921,"aoi":"mugling","fill":"#f97316","fill-opacity":0.5,"stroke":"#c2410c","stroke-width":1.1},"geometry":{"type":"Polygon","coordinates":[[[84.63761,27.86046],[84.63781,27.86055],[84.63781,27.86064],[84.63766,27.86078],[84.63725,27.86078],[84.6371,27.86064],[84.63715,27.86051],[84.63745,27.86051],[84.63756,27.86042],[84.63761,27.86046]]]}},{"type":"Feature","properties":{"name":"Ground stripped or buried (Sentinel-2 change)","area_m2":4515,"aoi":"mugling","fill":"#f97316","fill-opacity":0.5,"stroke":"#c2410c","stroke-width":1.1},"geometry":{"type":"Polygon","coordinates":[[[84.63588,27.8602],[84.63608,27.86028],[84.63608,27.86037],[84.63593,27.86051],[84.63583,27.86051],[84.63512,27.86087],[84.63496,27.86082],[84.63496,27.86073],[84.63507,27.86064],[84.63507,27.86037],[84.63512,27.86033],[84.63522,27.86033],[84.63532,27.86024],[84.63573,27.86024],[84.63583,27.86015],[84.63588,27.8602]]]}},{"type":"Feature","properties":{"name":"Ground stripped or buried (Sentinel-2 change)","area_m2":2195,"aoi":"mugling","fill":"#f97316","fill-opacity":0.5,"stroke":"#c2410c","stroke-width":1.1},"geometry":{"type":"Polygon","coordinates":[[[84.6496,27.85975],[84.6496,27.85993],[84.64949,27.86002],[84.6496,27.86011],[84.64934,27.86033],[84.64924,27.86033],[84.64919,27.86011],[84.64909,27.86002],[84.64919,27.85993],[84.64919,27.85984],[84.64944,27.8597],[84.6496,27.85975]]]}},{"type":"Feature","properties":{"name":"Ground stripped or buried (Sentinel-2 change)","area_m2":6137,"aoi":"mugling","fill":"#f97316","fill-opacity":0.5,"stroke":"#c2410c","stroke-width":1.1},"geometry":{"type":"Polygon","coordinates":[[[84.55794,27.85903],[84.55804,27.85912],[84.55789,27.85925],[84.55769,27.85925],[84.55759,27.85943],[84.55749,27.85943],[84.55738,27.85934],[84.55708,27.85934],[84.55677,27.85952],[84.55667,27.85943],[84.55637,27.85943],[84.55622,27.85921],[84.55627,27.85907],[84.55637,27.85916],[84.55667,27.85916],[84.55677,27.85907],[84.55708,27.85907],[84.55718,27.85898],[84.55789,27.85898],[84.55794,27.85903]]]}},{"type":"Feature","properties":{"name":"Ground stripped or buried (Sentinel-2 change)","area_m2":2744,"aoi":"mugling","fill":"#f97316","fill-opacity":0.5,"stroke":"#c2410c","stroke-width":1.1},"geometry":{"type":"Polygon","coordinates":[[[84.64807,27.8584],[84.64817,27.85849],[84.64817,27.85867],[84.64782,27.85889],[84.64756,27.85885],[84.64756,27.85858],[84.64767,27.85849],[84.64756,27.8584],[84.64761,27.85835],[84.64772,27.85835],[84.64782,27.85844],[84.64792,27.85835],[84.64807,27.8584]]]}},{"type":"Feature","properties":{"name":"Ground stripped or buried (Sentinel-2 change)","area_m2":10852,"aoi":"mugling","fill":"#f97316","fill-opacity":0.5,"stroke":"#c2410c","stroke-width":1.1},"geometry":{"type":"Polygon","coordinates":[[[84.55865,27.85696],[84.55886,27.85714],[84.55896,27.85741],[84.55906,27.8575],[84.55906,27.85759],[84.55896,27.85768],[84.55901,27.85772],[84.55911,27.85763],[84.55916,27.85786],[84.55947,27.85804],[84.55947,27.85813],[84.55937,27.85822],[84.55937,27.8584],[84.55911,27.85853],[84.55886,27.85849],[84.55896,27.8584],[84.55896,27.85831],[84.55881,27.85808],[84.55871,27.85808],[84.5584,27.85781],[84.5581,27.85772],[84.55794,27.85759],[84.55799,27.85737],[84.5581,27.85737],[84.5582,27.85746],[84.55845,27.85741],[84.55845,27.85696],[84.5585,27.85692],[84.55865,27.85696]]]}},{"type":"Feature","properties":{"name":"Ground stripped or buried (Sentinel-2 change)","area_m2":16141,"aoi":"mugling","fill":"#f97316","fill-opacity":0.5,"stroke":"#c2410c","stroke-width":1.1},"geometry":{"type":"Polygon","coordinates":[[[84.64685,27.85382],[84.64706,27.85391],[84.64706,27.854],[84.64695,27.85409],[84.64695,27.85427],[84.64706,27.85436],[84.64685,27.85454],[84.64685,27.85472],[84.64695,27.8548],[84.64695,27.85489],[84.64716,27.85498],[84.64721,27.85512],[84.64756,27.85516],[84.64756,27.85525],[84.64746,27.85534],[84.64777,27.85561],[84.64777,27.85615],[84.64787,27.85624],[84.64782,27.85638],[84.64761,27.85638],[84.64726,27.85615],[84.64726,27.85597],[84.64706,27.85579],[84.64706,27.8557],[84.64675,27.85552],[84.64675,27.85516],[84.64645,27.85498],[84.64645,27.85409],[84.6466,27.85386],[84.6467,27.85386],[84.6468,27.85377],[84.64685,27.85382]]]}},{"type":"Feature","properties":{"name":"Ground stripped or buried (Sentinel-2 change)","area_m2":1347,"aoi":"mugling","fill":"#f97316","fill-opacity":0.5,"stroke":"#c2410c","stroke-width":1.1},"geometry":{"type":"Polygon","coordinates":[[[84.55683,27.85319],[84.55713,27.85337],[84.55708,27.85359],[84.55698,27.85359],[84.55688,27.8535],[84.55677,27.85359],[84.55672,27.85355],[84.55672,27.85319],[84.55677,27.85314],[84.55683,27.85319]]]}},{"type":"Feature","properties":{"name":"Ground stripped or buried (Sentinel-2 change)","area_m2":1023,"aoi":"mugling","fill":"#f97316","fill-opacity":0.5,"stroke":"#c2410c","stroke-width":1.1},"geometry":{"type":"Polygon","coordinates":[[[84.64868,27.85301],[84.64868,27.8531],[84.64853,27.85323],[84.64817,27.85319],[84.64833,27.85296],[84.64868,27.85301]]]}},{"type":"Feature","properties":{"name":"Ground stripped or buried (Sentinel-2 change)","area_m2":4765,"aoi":"mugling","fill":"#f97316","fill-opacity":0.5,"stroke":"#c2410c","stroke-width":1.1},"geometry":{"type":"Polygon","coordinates":[[[84.65397,27.85265],[84.65442,27.85269],[84.65458,27.85283],[84.65458,27.85292],[84.65432,27.85305],[84.65381,27.85305],[84.65371,27.85296],[84.65341,27.85296],[84.65325,27.85283],[84.65325,27.85274],[84.65341,27.8526],[84.65361,27.8526],[84.65371,27.85269],[84.65381,27.85269],[84.65391,27.8526],[84.65397,27.85265]]]}},{"type":"Feature","properties":{"name":"Ground stripped or buried (Sentinel-2 change)","area_m2":1771,"aoi":"mugling","fill":"#f97316","fill-opacity":0.5,"stroke":"#c2410c","stroke-width":1.1},"geometry":{"type":"Polygon","coordinates":[[[84.65559,27.85256],[84.65559,27.85274],[84.65534,27.85296],[84.65498,27.85292],[84.65498,27.85283],[84.65524,27.8526],[84.65544,27.8526],[84.65554,27.85251],[84.65559,27.85256]]]}},{"type":"Feature","properties":{"name":"Ground stripped or buried (Sentinel-2 change)","area_m2":5240,"aoi":"mugling","fill":"#f97316","fill-opacity":0.5,"stroke":"#c2410c","stroke-width":1.1},"geometry":{"type":"Polygon","coordinates":[[[84.55845,27.84807],[84.55845,27.84843],[84.55825,27.8487],[84.55825,27.84888],[84.5581,27.84901],[84.55799,27.84901],[84.55774,27.8487],[84.55784,27.84825],[84.5581,27.84802],[84.55845,27.84807]]]}},{"type":"Feature","properties":{"name":"Ground stripped or buried (Sentinel-2 change)","area_m2":20487,"aoi":"mugling","fill":"#f97316","fill-opacity":0.5,"stroke":"#c2410c","stroke-width":1.1},"geometry":{"type":"Polygon","coordinates":[[[84.55693,27.84016],[84.55713,27.84025],[84.55713,27.8407],[84.55728,27.84074],[84.55733,27.84088],[84.55764,27.84115],[84.55764,27.84232],[84.55774,27.84241],[84.55774,27.84295],[84.55794,27.84304],[84.55794,27.84375],[84.55789,27.8438],[84.55779,27.8438],[84.55764,27.84366],[84.55764,27.84348],[84.55749,27.84326],[84.55738,27.84335],[84.55733,27.84331],[84.55733,27.84322],[84.55744,27.84313],[84.55733,27.84304],[84.55733,27.84277],[84.55744,27.84268],[84.55744,27.84259],[84.55723,27.84241],[84.55718,27.84227],[84.55708,27.84236],[84.55703,27.84232],[84.55713,27.84205],[84.55708,27.842],[84.55698,27.84209],[84.55693,27.84205],[84.55693,27.84196],[84.55703,27.84187],[84.55703,27.8416],[84.55693,27.84151],[84.55683,27.84106],[84.55672,27.84097],[84.55672,27.84016],[84.55677,27.84012],[84.55693,27.84016]]]}},{"type":"Feature","properties":{"name":"Ground stripped or buried (Sentinel-2 change)","area_m2":22061,"aoi":"mugling","fill":"#f97316","fill-opacity":0.5,"stroke":"#c2410c","stroke-width":1.1},"geometry":{"type":"Polygon","coordinates":[[[84.5554,27.83612],[84.55606,27.83661],[84.55616,27.83661],[84.55632,27.83693],[84.55672,27.83729],[84.55662,27.83738],[84.55662,27.838],[84.55683,27.83809],[84.55683,27.83836],[84.55703,27.83854],[84.55703,27.83863],[84.55713,27.83872],[84.55713,27.8389],[84.55723,27.83899],[84.55723,27.83908],[84.55713,27.83917],[84.55713,27.83926],[84.55723,27.83935],[84.55723,27.83962],[84.55708,27.83967],[84.55688,27.83985],[84.55672,27.8398],[84.55672,27.83917],[84.55652,27.8389],[84.55652,27.83818],[84.55622,27.838],[84.55622,27.83791],[84.55591,27.83746],[84.55601,27.8372],[84.55596,27.83715],[84.55586,27.83715],[84.55576,27.83724],[84.55571,27.8372],[84.55571,27.83711],[84.55561,27.83702],[84.55561,27.83684],[84.5553,27.83657],[84.5553,27.83648],[84.5551,27.83621],[84.55515,27.83607],[84.5554,27.83612]]]}},{"type":"Feature","properties":{"name":"Ground stripped or buried (Sentinel-2 change)","area_m2":874,"aoi":"mugling","fill":"#f97316","fill-opacity":0.5,"stroke":"#c2410c","stroke-width":1.1},"geometry":{"type":"Polygon","coordinates":[[[84.54087,27.83396],[84.54087,27.83405],[84.54072,27.83419],[84.54047,27.83414],[84.54052,27.83392],[84.54087,27.83396]]]}},{"type":"Feature","properties":{"name":"Ground stripped or buried (Sentinel-2 change)","area_m2":5765,"aoi":"mugling","fill":"#f97316","fill-opacity":0.5,"stroke":"#c2410c","stroke-width":1.1},"geometry":{"type":"Polygon","coordinates":[[[84.53965,27.8336],[84.54001,27.83365],[84.54016,27.83378],[84.54016,27.83387],[84.53991,27.83401],[84.5395,27.83401],[84.5394,27.83392],[84.53909,27.83392],[84.53899,27.83401],[84.53864,27.83396],[84.53874,27.83387],[84.53874,27.83369],[84.53889,27.83356],[84.5396,27.83356],[84.53965,27.8336]]]}},{"type":"Feature","properties":{"name":"Ground stripped or buried (Sentinel-2 change)","area_m2":6214,"aoi":"mugling","fill":"#f97316","fill-opacity":0.5,"stroke":"#c2410c","stroke-width":1.1},"geometry":{"type":"Polygon","coordinates":[[[84.53518,27.83324],[84.53523,27.83329],[84.53635,27.83329],[84.5364,27.83342],[84.53625,27.83356],[84.53493,27.83356],[84.53483,27.83347],[84.53432,27.83347],[84.53427,27.83342],[84.53427,27.83333],[84.53442,27.8332],[84.53493,27.8332],[84.53503,27.83329],[84.53513,27.8332],[84.53518,27.83324]]]}},{"type":"Feature","properties":{"name":"Ground stripped or buried (Sentinel-2 change)","area_m2":5041,"aoi":"mugling","fill":"#f97316","fill-opacity":0.5,"stroke":"#c2410c","stroke-width":1.1},"geometry":{"type":"Polygon","coordinates":[[[84.53396,27.83315],[84.53396,27.83324],[84.53406,27.83333],[84.53401,27.83347],[84.53371,27.83347],[84.53361,27.83338],[84.533,27.83338],[84.5329,27.83347],[84.53279,27.83347],[84.53269,27.83338],[84.53259,27.83347],[84.53244,27.83342],[84.53259,27.83311],[84.53391,27.83311],[84.53396,27.83315]]]}},{"type":"Feature","properties":{"name":"Ground stripped or buried (Sentinel-2 change)","area_m2":13951,"aoi":"mugling","fill":"#f97316","fill-opacity":0.5,"stroke":"#c2410c","stroke-width":1.1},"geometry":{"type":"Polygon","coordinates":[[[84.54341,27.83243],[84.54341,27.83252],[84.54296,27.83293],[84.54265,27.83302],[84.54174,27.83374],[84.54163,27.83374],[84.54153,27.83365],[84.54143,27.83374],[84.54113,27.83374],[84.54102,27.83383],[84.54082,27.83383],[84.54057,27.83369],[84.54072,27.83347],[84.54123,27.83347],[84.54133,27.83329],[84.54148,27.83324],[84.54153,27.83311],[84.54184,27.83311],[84.54194,27.83293],[84.54209,27.83288],[84.54214,27.83275],[84.54224,27.83275],[84.54265,27.83248],[84.54296,27.83248],[84.54306,27.83239],[84.54341,27.83243]]]}},{"type":"Feature","properties":{"name":"Ground stripped or buried (Sentinel-2 change)","area_m2":28751,"aoi":"mugling","fill":"#f97316","fill-opacity":0.5,"stroke":"#c2410c","stroke-width":1.1},"geometry":{"type":"Polygon","coordinates":[[[84.5491,27.83234],[84.54986,27.83248],[84.55047,27.83293],[84.55053,27.8327],[84.55068,27.83266],[84.55093,27.83288],[84.55093,27.83297],[84.55073,27.83306],[84.55078,27.83311],[84.55108,27.83302],[84.55114,27.83306],[84.55103,27.83315],[84.55103,27.83324],[84.55149,27.83365],[84.55159,27.83365],[84.55169,27.83356],[84.5519,27.83374],[84.552,27.83374],[84.55205,27.83387],[84.55195,27.83396],[84.5522,27.83419],[84.5523,27.83419],[84.55251,27.83436],[84.55261,27.83436],[84.55266,27.8345],[84.55281,27.83454],[84.55291,27.83472],[84.55312,27.83472],[84.55332,27.8349],[84.55342,27.8349],[84.55357,27.83522],[84.55322,27.83526],[84.55281,27.8349],[84.55271,27.8349],[84.55251,27.83472],[84.5523,27.83472],[84.5519,27.83445],[84.5518,27.83445],[84.55129,27.83401],[84.55119,27.83401],[84.55078,27.83365],[84.55068,27.83365],[84.55047,27.83347],[84.55027,27.83347],[84.54997,27.8332],[84.54966,27.83311],[84.54946,27.83293],[84.54926,27.83293],[84.549,27.8327],[84.549,27.83261],[84.5489,27.83252],[84.54895,27.8323],[84.5491,27.83234]]]}},{"type":"Feature","properties":{"name":"Ground stripped or buried (Sentinel-2 change)","area_m2":4892,"aoi":"mugling","fill":"#f97316","fill-opacity":0.5,"stroke":"#c2410c","stroke-width":1.1},"geometry":{"type":"Polygon","coordinates":[[[84.54738,27.83189],[84.54763,27.83203],[84.54804,27.83203],[84.54819,27.83216],[84.54819,27.83234],[84.54814,27.83239],[84.54804,27.8323],[84.54743,27.8323],[84.54732,27.83221],[84.54682,27.83221],[84.54666,27.83207],[84.54672,27.83194],[84.54682,27.83194],[84.54692,27.83185],[84.54738,27.83189]]]}},{"type":"Feature","properties":{"name":"Ground stripped or buried (Sentinel-2 change)","area_m2":2792,"aoi":"devghat","fill":"#f97316","fill-opacity":0.5,"stroke":"#c2410c","stroke-width":1.1},"geometry":{"type":"Polygon","coordinates":[[[84.45881,27.77271],[84.45912,27.7728],[84.45897,27.77302],[84.45876,27.77302],[84.45866,27.7732],[84.45846,27.7732],[84.4582,27.77289],[84.45846,27.77284],[84.45876,27.77267],[84.45881,27.77271]]]}},{"type":"Feature","properties":{"name":"Ground stripped or buried (Sentinel-2 change)","area_m2":3490,"aoi":"devghat","fill":"#f97316","fill-opacity":0.5,"stroke":"#c2410c","stroke-width":1.1},"geometry":{"type":"Polygon","coordinates":[[[84.46074,27.77064],[84.46105,27.77091],[84.46094,27.771],[84.46094,27.77109],[84.46079,27.77123],[84.46059,27.77123],[84.46049,27.77114],[84.46039,27.77114],[84.46034,27.77109],[84.46034,27.77073],[84.46049,27.7706],[84.46074,27.77064]]]}},{"type":"Feature","properties":{"name":"Ground stripped or buried (Sentinel-2 change)","area_m2":6458,"aoi":"devghat","fill":"#f97316","fill-opacity":0.5,"stroke":"#c2410c","stroke-width":1.1},"geometry":{"type":"Polygon","coordinates":[[[84.45871,27.76139],[84.45876,27.76144],[84.45947,27.76144],[84.45952,27.76148],[84.45952,27.76184],[84.45907,27.76189],[84.45902,27.76211],[84.45886,27.76225],[84.45876,27.76216],[84.45846,27.76216],[84.45841,27.76202],[84.45851,27.76193],[84.45851,27.76175],[84.45861,27.76166],[84.45861,27.76139],[84.45866,27.76135],[84.45871,27.76139]]]}},{"type":"Feature","properties":{"name":"Ground stripped or buried (Sentinel-2 change)","area_m2":1346,"aoi":"devghat","fill":"#f97316","fill-opacity":0.5,"stroke":"#c2410c","stroke-width":1.1},"geometry":{"type":"Polygon","coordinates":[[[84.45567,27.75753],[84.45577,27.75762],[84.45572,27.75776],[84.45531,27.75776],[84.45516,27.75753],[84.45521,27.75749],[84.45567,27.75753]]]}},{"type":"Feature","properties":{"name":"Ground stripped or buried (Sentinel-2 change)","area_m2":3341,"aoi":"devghat","fill":"#f97316","fill-opacity":0.5,"stroke":"#c2410c","stroke-width":1.1},"geometry":{"type":"Polygon","coordinates":[[[84.46744,27.7543],[84.46744,27.75448],[84.46729,27.7547],[84.46719,27.7547],[84.46678,27.75497],[84.46663,27.75493],[84.46663,27.75475],[84.46688,27.75443],[84.46719,27.75434],[84.46729,27.75425],[84.46744,27.7543]]]}},{"type":"Feature","properties":{"name":"Ground stripped or buried (Sentinel-2 change)","area_m2":2768,"aoi":"devghat","fill":"#f97316","fill-opacity":0.5,"stroke":"#c2410c","stroke-width":1.1},"geometry":{"type":"Polygon","coordinates":[[[84.44978,27.75313],[84.45034,27.75327],[84.45039,27.75349],[84.45014,27.75363],[84.44983,27.75345],[84.44963,27.75345],[84.44958,27.75322],[84.44973,27.75309],[84.44978,27.75313]]]}},{"type":"Feature","properties":{"name":"Ground stripped or buried (Sentinel-2 change)","area_m2":1696,"aoi":"devghat","fill":"#f97316","fill-opacity":0.5,"stroke":"#c2410c","stroke-width":1.1},"geometry":{"type":"Polygon","coordinates":[[[84.4373,27.74496],[84.4376,27.74523],[84.43745,27.74536],[84.43725,27.74536],[84.43699,27.74505],[84.43714,27.74491],[84.4373,27.74496]]]}},{"type":"Feature","properties":{"name":"Ground stripped or buried (Sentinel-2 change)","area_m2":2270,"aoi":"devghat","fill":"#f97316","fill-opacity":0.5,"stroke":"#c2410c","stroke-width":1.1},"geometry":{"type":"Polygon","coordinates":[[[84.43557,27.74065],[84.43588,27.74092],[84.43588,27.74101],[84.43542,27.74114],[84.43527,27.74101],[84.43537,27.74092],[84.43527,27.74065],[84.43532,27.7406],[84.43557,27.74065]]]}},{"type":"Feature","properties":{"name":"Ground stripped or buried (Sentinel-2 change)","area_m2":1147,"aoi":"devghat","fill":"#f97316","fill-opacity":0.5,"stroke":"#c2410c","stroke-width":1.1},"geometry":{"type":"Polygon","coordinates":[[[84.44065,27.73939],[84.44065,27.73966],[84.44059,27.7397],[84.44049,27.7397],[84.44024,27.73948],[84.44029,27.73934],[84.44065,27.73939]]]}},{"type":"Feature","properties":{"name":"Ground stripped or buried (Sentinel-2 change)","area_m2":2870,"aoi":"devghat","fill":"#f97316","fill-opacity":0.5,"stroke":"#c2410c","stroke-width":1.1},"geometry":{"type":"Polygon","coordinates":[[[84.42857,27.70911],[84.42867,27.7092],[84.42872,27.70943],[84.42892,27.70943],[84.42902,27.70934],[84.42908,27.70938],[84.42908,27.70947],[84.42897,27.70956],[84.42897,27.70983],[84.42892,27.70988],[84.42882,27.70988],[84.42867,27.70974],[84.42857,27.70947],[84.42836,27.70938],[84.42836,27.70911],[84.42842,27.70907],[84.42857,27.70911]]]}}]}