{"type":"FeatureCollection","features":[{"type":"Feature","properties":{"name":"Observed landslide extent (Syapru Besi)","area_ha":111,"type":"Landslide","fill":"#78350f","fill-opacity":0.35,"stroke":"#451a03","stroke-width":1.4},"geometry":{"type":"Polygon","coordinates":[[[85.32695,28.15586],[85.32706,28.15583],[85.32723,28.15587],[85.32766,28.1555],[85.3278,28.15546],[85.32806,28.15562],[85.32807,28.15583],[85.32813,28.15585],[85.32826,28.15557],[85.3282,28.15554],[85.32826,28.15526],[85.32838,28.15513],[85.32841,28.15521],[85.32834,28.15523],[85.32855,28.15542],[85.32851,28.15551],[85.32856,28.15559],[85.32886,28.15585],[85.32893,28.15598],[85.32898,28.15598],[85.32905,28.15611],[85.32913,28.15617],[85.32917,28.15633],[85.32961,28.15625],[85.32992,28.15631],[85.32997,28.15641],[85.33029,28.15639],[85.3304,28.15643],[85.3306,28.1567],[85.33066,28.15718],[85.33071,28.15724],[85.3307,28.15735],[85.33118,28.15736],[85.33163,28.15758],[85.33163,28.15768],[85.33156,28.15769],[85.3315,28.15763],[85.33143,28.15766],[85.33154,28.15774],[85.33147,28.15789],[85.33155,28.15776],[85.33151,28.15791],[85.33154,28.15792],[85.33163,28.15782],[85.3316,28.15779],[85.33172,28.15779],[85.33168,28.15787],[85.33178,28.15816],[85.33175,28.15825],[85.33166,28.15818],[85.33169,28.15829],[85.3319,28.15835],[85.3319,28.15855],[85.33213,28.15853],[85.33216,28.1586],[85.3323,28.15861],[85.33249,28.15879],[85.33261,28.15872],[85.33291,28.15887],[85.33285,28.1591],[85.33301,28.15922],[85.33314,28.15918],[85.33332,28.15925],[85.33349,28.15921],[85.33353,28.15927],[85.33373,28.15929],[85.33383,28.15936],[85.33433,28.15938],[85.33469,28.15972],[85.33473,28.15984],[85.33488,28.15997],[85.33485,28.16011],[85.3349,28.16017],[85.33498,28.16016],[85.33506,28.1604],[85.33506,28.16073],[85.33517,28.16093],[85.3352,28.1609],[85.33527,28.16095],[85.33522,28.16105],[85.33531,28.16108],[85.33528,28.16113],[85.33538,28.16126],[85.33539,28.16144],[85.33578,28.16187],[85.33588,28.16188],[85.3361,28.16203],[85.33602,28.16212],[85.33612,28.16213],[85.33618,28.16224],[85.33616,28.16229],[85.3362,28.16231],[85.33625,28.16223],[85.33635,28.1622],[85.33651,28.1624],[85.33637,28.16253],[85.33627,28.16243],[85.33626,28.16235],[85.33616,28.16236],[85.33624,28.16239],[85.33629,28.16251],[85.33621,28.16261],[85.33634,28.16258],[85.33631,28.16264],[85.33636,28.16274],[85.33657,28.16276],[85.33647,28.16282],[85.33649,28.16292],[85.33661,28.16299],[85.33655,28.16307],[85.33669,28.16357],[85.33663,28.16384],[85.3367,28.1639],[85.33678,28.16385],[85.33689,28.16399],[85.33696,28.16396],[85.33713,28.16434],[85.33723,28.16449],[85.33731,28.16449],[85.33745,28.16462],[85.33739,28.16464],[85.33785,28.16465],[85.33782,28.16459],[85.33803,28.16464],[85.3383,28.16482],[85.33842,28.16497],[85.33849,28.16499],[85.33848,28.16494],[85.33871,28.16504],[85.33888,28.16501],[85.33895,28.16507],[85.33912,28.16502],[85.33972,28.16509],[85.34002,28.16502],[85.34023,28.16509],[85.34037,28.165],[85.3405,28.1651],[85.34057,28.16531],[85.34067,28.16532],[85.34071,28.16541],[85.34084,28.16551],[85.34129,28.16573],[85.34134,28.16581],[85.34111,28.16572],[85.34104,28.16582],[85.34089,28.16577],[85.34088,28.16586],[85.34097,28.16598],[85.3409,28.16613],[85.34093,28.16625],[85.34072,28.1663],[85.34068,28.16638],[85.34089,28.16666],[85.34084,28.16676],[85.34095,28.16684],[85.341,28.16686],[85.34094,28.1668],[85.34097,28.16677],[85.34111,28.16683],[85.34111,28.16692],[85.34117,28.16702],[85.34131,28.16705],[85.34139,28.16717],[85.3414,28.16744],[85.34152,28.16747],[85.34144,28.16755],[85.3415,28.16782],[85.34142,28.16801],[85.3415,28.16807],[85.34141,28.16814],[85.34146,28.16833],[85.3414,28.16836],[85.34148,28.16837],[85.34157,28.16849],[85.34152,28.16875],[85.34158,28.16891],[85.34152,28.16903],[85.34156,28.16911],[85.34151,28.16924],[85.34166,28.16933],[85.34162,28.16944],[85.34146,28.16956],[85.34165,28.16974],[85.34169,28.16988],[85.34166,28.16999],[85.34176,28.17031],[85.34172,28.17036],[85.34182,28.17059],[85.3418,28.17082],[85.3419,28.17095],[85.34187,28.1711],[85.34177,28.17115],[85.34185,28.1712],[85.34183,28.17151],[85.34189,28.17162],[85.34183,28.17177],[85.34178,28.17179],[85.34187,28.17198],[85.34185,28.17222],[85.34197,28.1723],[85.34195,28.17243],[85.34183,28.17254],[85.34187,28.17277],[85.3418,28.17284],[85.34184,28.17297],[85.34198,28.17304],[85.34194,28.17309],[85.342,28.17317],[85.34194,28.17333],[85.34198,28.17335],[85.34191,28.17342],[85.342,28.17374],[85.34192,28.17409],[85.34185,28.17414],[85.34191,28.17423],[85.34186,28.17449],[85.34192,28.17459],[85.34188,28.17468],[85.34198,28.17484],[85.3419,28.17489],[85.3418,28.17521],[85.34188,28.17542],[85.34182,28.17552],[85.34175,28.17553],[85.34174,28.1756],[85.3417,28.17551],[85.34165,28.17554],[85.34169,28.17584],[85.34187,28.17588],[85.34169,28.17616],[85.34163,28.17619],[85.34193,28.17638],[85.34198,28.17701],[85.34205,28.17706],[85.34204,28.17714],[85.34199,28.17717],[85.34206,28.17727],[85.342,28.17729],[85.342,28.17735],[85.34203,28.17742],[85.34215,28.17739],[85.34222,28.17748],[85.34204,28.17755],[85.34208,28.17773],[85.34201,28.17795],[85.34213,28.17799],[85.34217,28.17806],[85.34207,28.17805],[85.34209,28.1781],[85.34204,28.17817],[85.34214,28.17825],[85.34211,28.17831],[85.34201,28.17831],[85.34198,28.17845],[85.3421,28.17852],[85.34197,28.17859],[85.3421,28.17869],[85.34207,28.17874],[85.34183,28.17872],[85.34181,28.17879],[85.34187,28.17889],[85.34168,28.17879],[85.34157,28.1788],[85.34159,28.17887],[85.34169,28.17889],[85.3417,28.17899],[85.34181,28.17898],[85.3418,28.17903],[85.34172,28.1791],[85.34176,28.1792],[85.3417,28.1793],[85.34164,28.17929],[85.34168,28.17934],[85.34161,28.17946],[85.3415,28.17949],[85.34148,28.17943],[85.34147,28.17952],[85.3414,28.17954],[85.34148,28.17965],[85.34141,28.17969],[85.34145,28.17978],[85.34135,28.17987],[85.34141,28.17991],[85.3413,28.17998],[85.34131,28.18007],[85.34122,28.18012],[85.34131,28.18019],[85.34132,28.18037],[85.34118,28.18035],[85.3411,28.1804],[85.34116,28.18044],[85.34112,28.1805],[85.34107,28.18045],[85.34104,28.18047],[85.34102,28.18057],[85.34097,28.18061],[85.34099,28.18072],[85.34085,28.18072],[85.34088,28.18079],[85.34072,28.18092],[85.34062,28.18082],[85.34049,28.18084],[85.34112,28.18267],[85.34118,28.18263],[85.34133,28.18268],[85.34133,28.18251],[85.34142,28.18252],[85.34138,28.18263],[85.34145,28.18264],[85.3417,28.18251],[85.3419,28.18254],[85.3421,28.18248],[85.3422,28.18262],[85.34216,28.18267],[85.34209,28.18265],[85.34207,28.18271],[85.3422,28.18274],[85.34222,28.1829],[85.34236,28.18304],[85.34244,28.18318],[85.34236,28.18335],[85.34243,28.18339],[85.34253,28.18338],[85.3425,28.18346],[85.34257,28.18345],[85.34268,28.18363],[85.34273,28.1836],[85.34286,28.18365],[85.34311,28.18392],[85.34302,28.18397],[85.34305,28.18403],[85.34331,28.18416],[85.34331,28.18429],[85.34341,28.18434],[85.34334,28.18437],[85.34335,28.18447],[85.34323,28.18454],[85.34329,28.18457],[85.34331,28.18465],[85.34338,28.18462],[85.34337,28.18474],[85.34326,28.18473],[85.34326,28.18485],[85.3434,28.18485],[85.34348,28.1849],[85.34349,28.18497],[85.34362,28.18503],[85.34378,28.18503],[85.34381,28.18513],[85.34394,28.18518],[85.34398,28.18526],[85.3438,28.18545],[85.34401,28.18559],[85.34402,28.18568],[85.34412,28.18567],[85.34419,28.18577],[85.34414,28.18582],[85.34402,28.1858],[85.34394,28.18587],[85.34397,28.18592],[85.34405,28.18592],[85.34408,28.18603],[85.34426,28.18612],[85.34432,28.18624],[85.3443,28.18639],[85.34437,28.18641],[85.34443,28.18632],[85.34464,28.18637],[85.34468,28.1865],[85.34483,28.1866],[85.34474,28.18665],[85.34479,28.1869],[85.34487,28.18685],[85.34492,28.18693],[85.34503,28.18692],[85.34501,28.18709],[85.34508,28.18721],[85.34503,28.18734],[85.34513,28.18739],[85.34508,28.18757],[85.34519,28.18778],[85.34516,28.18792],[85.34525,28.18801],[85.34522,28.18806],[85.34538,28.18813],[85.34752,28.18779],[85.34748,28.18763],[85.34739,28.1876],[85.34742,28.18754],[85.34739,28.18749],[85.34734,28.18754],[85.34722,28.18752],[85.34721,28.18746],[85.34714,28.1875],[85.3471,28.18748],[85.34715,28.18737],[85.34704,28.18737],[85.34713,28.18731],[85.34706,28.18723],[85.34705,28.18701],[85.34702,28.18694],[85.34688,28.18687],[85.34695,28.18682],[85.34704,28.18683],[85.34696,28.18672],[85.34688,28.18676],[85.34683,28.18671],[85.34685,28.18665],[85.34693,28.18664],[85.34696,28.18651],[85.34687,28.18656],[85.34681,28.18638],[85.34673,28.18641],[85.34672,28.18651],[85.34663,28.18646],[85.34672,28.18639],[85.34665,28.18625],[85.34671,28.18624],[85.34679,28.18631],[85.34682,28.18625],[85.34681,28.18618],[85.34669,28.18613],[85.34673,28.18607],[85.34669,28.18599],[85.34652,28.18601],[85.34648,28.18595],[85.3467,28.18589],[85.34665,28.18583],[85.3467,28.18577],[85.34668,28.18567],[85.34654,28.18561],[85.34652,28.18555],[85.34642,28.18562],[85.3462,28.1856],[85.34604,28.18546],[85.34588,28.18545],[85.3458,28.1853],[85.34567,28.18526],[85.34566,28.1852],[85.34573,28.18514],[85.34552,28.18486],[85.34555,28.18481],[85.34545,28.18471],[85.34548,28.1845],[85.34535,28.18439],[85.34536,28.18426],[85.34524,28.18406],[85.34526,28.184],[85.34514,28.18394],[85.34514,28.18382],[85.34519,28.18377],[85.34511,28.18362],[85.34501,28.18359],[85.34507,28.18349],[85.34499,28.18348],[85.3449,28.18339],[85.3449,28.18351],[85.34478,28.18341],[85.34487,28.18333],[85.34486,28.18327],[85.34491,28.18318],[85.34478,28.18312],[85.34471,28.1829],[85.34462,28.18285],[85.34462,28.18275],[85.34456,28.18273],[85.34463,28.18266],[85.34456,28.18259],[85.34456,28.18249],[85.34447,28.18244],[85.34446,28.18235],[85.34437,28.18229],[85.34445,28.18226],[85.3443,28.18217],[85.34436,28.18206],[85.34426,28.18195],[85.34389,28.1818],[85.34379,28.18172],[85.34368,28.1815],[85.34357,28.18149],[85.34359,28.1814],[85.34351,28.1813],[85.34341,28.18127],[85.3435,28.18123],[85.34359,28.18133],[85.34364,28.18129],[85.34339,28.18113],[85.3434,28.18106],[85.34348,28.18109],[85.34326,28.18087],[85.34335,28.18085],[85.34337,28.18075],[85.34347,28.18073],[85.34346,28.18059],[85.34338,28.1805],[85.34341,28.18049],[85.34338,28.1803],[85.34349,28.1802],[85.34369,28.18014],[85.34367,28.18001],[85.34373,28.17992],[85.34367,28.17981],[85.34378,28.17981],[85.34386,28.17976],[85.34371,28.17964],[85.34375,28.17957],[85.34382,28.17959],[85.34378,28.17952],[85.34384,28.17952],[85.34388,28.17919],[85.34384,28.17914],[85.34381,28.1792],[85.34375,28.17918],[85.3438,28.17904],[85.34388,28.179],[85.34376,28.17885],[85.34378,28.17881],[85.34373,28.17877],[85.34376,28.17869],[85.34364,28.17852],[85.34372,28.1784],[85.34367,28.17828],[85.34373,28.1782],[85.34383,28.17817],[85.34366,28.17813],[85.34373,28.17796],[85.34372,28.17785],[85.3438,28.17769],[85.34388,28.17773],[85.34399,28.17766],[85.34399,28.17754],[85.34392,28.17747],[85.344,28.17741],[85.34395,28.17731],[85.34408,28.17729],[85.34406,28.17719],[85.34429,28.17712],[85.34429,28.17719],[85.34434,28.17719],[85.34442,28.17702],[85.34469,28.17713],[85.34465,28.17691],[85.34452,28.1768],[85.34443,28.17697],[85.34431,28.17703],[85.34422,28.17706],[85.34414,28.17701],[85.34392,28.17712],[85.34385,28.1771],[85.34389,28.17703],[85.3438,28.17696],[85.34375,28.1767],[85.34384,28.17663],[85.34372,28.1764],[85.34361,28.17633],[85.3437,28.17621],[85.34363,28.17617],[85.34366,28.17603],[85.34377,28.17597],[85.3437,28.17595],[85.34371,28.17584],[85.34375,28.17578],[85.34385,28.17578],[85.34393,28.17568],[85.34408,28.17588],[85.34417,28.17591],[85.34427,28.17581],[85.34419,28.17569],[85.34411,28.17571],[85.34406,28.17563],[85.34393,28.17561],[85.34379,28.17548],[85.34346,28.17547],[85.34348,28.17537],[85.34341,28.1753],[85.34352,28.17527],[85.34353,28.17519],[85.34361,28.17516],[85.34342,28.17501],[85.34349,28.17491],[85.34349,28.1748],[85.34365,28.17465],[85.34359,28.17463],[85.34356,28.17451],[85.34356,28.17416],[85.34362,28.17409],[85.34359,28.174],[85.34367,28.17396],[85.34382,28.17401],[85.34379,28.17393],[85.34367,28.17388],[85.34366,28.17375],[85.34382,28.17364],[85.34365,28.17349],[85.34365,28.17339],[85.34375,28.17322],[85.34364,28.17315],[85.34367,28.17304],[85.34362,28.17299],[85.3437,28.17279],[85.34361,28.17272],[85.34361,28.17262],[85.34351,28.17245],[85.34364,28.17238],[85.34363,28.17246],[85.34367,28.1725],[85.34376,28.17235],[85.34369,28.1723],[85.34368,28.1722],[85.34354,28.17219],[85.34362,28.17206],[85.34354,28.17201],[85.34347,28.17205],[85.34344,28.17198],[85.3435,28.17197],[85.34349,28.17194],[85.34338,28.17187],[85.34345,28.1719],[85.34343,28.1718],[85.34354,28.1718],[85.34353,28.1717],[85.34348,28.17171],[85.3435,28.17163],[85.34362,28.17162],[85.34363,28.17153],[85.34348,28.17142],[85.34359,28.17137],[85.34363,28.1713],[85.34357,28.17112],[85.3436,28.17102],[85.34354,28.17093],[85.34364,28.17083],[85.3436,28.17077],[85.34371,28.17072],[85.34368,28.17055],[85.34379,28.17043],[85.34372,28.17043],[85.34374,28.17035],[85.34361,28.17024],[85.34367,28.1702],[85.34375,28.17031],[85.34378,28.17027],[85.34373,28.17015],[85.34378,28.17009],[85.3438,28.16992],[85.34371,28.16965],[85.34364,28.16966],[85.34344,28.16956],[85.34356,28.16935],[85.34363,28.16929],[85.3437,28.16932],[85.34366,28.16923],[85.34374,28.16906],[85.34366,28.16895],[85.34346,28.16888],[85.34356,28.16874],[85.3434,28.1687],[85.34344,28.16853],[85.34341,28.16811],[85.34352,28.168],[85.34353,28.16791],[85.34349,28.16784],[85.34342,28.16785],[85.34341,28.16782],[85.34359,28.16765],[85.34356,28.16745],[85.34367,28.16734],[85.34364,28.16727],[85.34389,28.16689],[85.34384,28.16654],[85.34393,28.1665],[85.34395,28.16636],[85.34387,28.16622],[85.34391,28.16613],[85.3438,28.166],[85.34381,28.16592],[85.34356,28.16584],[85.34357,28.16544],[85.34346,28.16532],[85.34347,28.16516],[85.34357,28.16504],[85.34358,28.16487],[85.34372,28.16453],[85.34409,28.16433],[85.34417,28.16435],[85.34431,28.16419],[85.34448,28.16412],[85.34459,28.16398],[85.34456,28.16394],[85.34458,28.16389],[85.34465,28.16388],[85.34469,28.16379],[85.34478,28.16375],[85.34481,28.16355],[85.34388,28.16277],[85.34369,28.16279],[85.34345,28.16297],[85.3434,28.16295],[85.34344,28.16289],[85.34332,28.16286],[85.34313,28.1629],[85.34301,28.16286],[85.34293,28.1629],[85.34284,28.16287],[85.34266,28.16289],[85.34269,28.16285],[85.34265,28.16279],[85.34244,28.16278],[85.34237,28.16269],[85.34222,28.16279],[85.34204,28.16279],[85.34196,28.16271],[85.34186,28.16273],[85.34165,28.16265],[85.34165,28.16274],[85.34162,28.16268],[85.34147,28.16269],[85.34139,28.16283],[85.3413,28.16277],[85.34112,28.16275],[85.34115,28.16281],[85.341,28.16295],[85.34076,28.16304],[85.34053,28.16299],[85.34025,28.16284],[85.34006,28.16263],[85.33993,28.16257],[85.33993,28.16246],[85.33968,28.16224],[85.33898,28.16187],[85.3389,28.16159],[85.33864,28.16144],[85.33863,28.16127],[85.3385,28.16118],[85.33832,28.16094],[85.33814,28.16059],[85.33811,28.16022],[85.33801,28.16017],[85.33805,28.16012],[85.33802,28.15998],[85.33791,28.15999],[85.3378,28.1599],[85.33755,28.15982],[85.33735,28.15951],[85.33729,28.15953],[85.3371,28.15941],[85.33698,28.15926],[85.33686,28.15935],[85.3369,28.15929],[85.33681,28.1593],[85.33663,28.1592],[85.33658,28.15903],[85.33645,28.15902],[85.33652,28.15881],[85.33679,28.15851],[85.33685,28.15829],[85.33695,28.15824],[85.33694,28.15816],[85.33708,28.15795],[85.33741,28.15779],[85.33757,28.15755],[85.33728,28.15729],[85.33685,28.15761],[85.33676,28.15788],[85.33651,28.15782],[85.33593,28.15814],[85.33582,28.15812],[85.33583,28.1582],[85.33577,28.15822],[85.33568,28.158],[85.33531,28.158],[85.33527,28.15787],[85.33511,28.15774],[85.33478,28.15783],[85.33454,28.15769],[85.33443,28.15771],[85.33433,28.15765],[85.33422,28.15772],[85.33411,28.15758],[85.33399,28.15751],[85.33391,28.15748],[85.33382,28.15751],[85.33375,28.15729],[85.33362,28.15711],[85.33327,28.15703],[85.33312,28.15686],[85.33271,28.15659],[85.33245,28.1563],[85.33233,28.15599],[85.33179,28.15588],[85.33166,28.15579],[85.33157,28.15564],[85.33122,28.15547],[85.33116,28.15555],[85.33103,28.15557],[85.3309,28.15537],[85.33086,28.15539],[85.3308,28.15532],[85.33062,28.15525],[85.33067,28.15519],[85.33064,28.15518],[85.33052,28.15525],[85.33043,28.15524],[85.33025,28.15497],[85.33011,28.15486],[85.33004,28.15486],[85.33001,28.15474],[85.32988,28.15467],[85.32981,28.15456],[85.32977,28.15456],[85.32979,28.15464],[85.32971,28.1546],[85.32942,28.15405],[85.32902,28.15363],[85.32864,28.15331],[85.32833,28.15314],[85.32808,28.15278],[85.32789,28.15265],[85.32782,28.15244],[85.32761,28.15245],[85.32739,28.15233],[85.32731,28.15215],[85.32718,28.15207],[85.32727,28.15197],[85.32741,28.15196],[85.32733,28.1518],[85.32717,28.1518],[85.32707,28.15165],[85.32686,28.15158],[85.32677,28.1514],[85.32683,28.15135],[85.32661,28.15127],[85.32657,28.15115],[85.32622,28.15106],[85.32632,28.15096],[85.32631,28.15092],[85.32618,28.15086],[85.3261,28.15071],[85.32591,28.15065],[85.32586,28.15056],[85.32592,28.15049],[85.32586,28.15037],[85.32549,28.15013],[85.32541,28.15016],[85.32542,28.15009],[85.32515,28.14997],[85.32508,28.14999],[85.32493,28.15004],[85.32404,28.15109],[85.32426,28.1511],[85.32439,28.15119],[85.32442,28.1513],[85.32436,28.15143],[85.32441,28.15158],[85.3245,28.1516],[85.32449,28.15165],[85.32464,28.15173],[85.32465,28.15183],[85.32462,28.15185],[85.32452,28.15173],[85.32449,28.15176],[85.32455,28.15196],[85.32474,28.15194],[85.32475,28.15197],[85.32472,28.15209],[85.32463,28.15204],[85.32456,28.15217],[85.3247,28.15224],[85.32488,28.15242],[85.32496,28.15243],[85.32501,28.15254],[85.32512,28.15248],[85.3251,28.15241],[85.32518,28.1524],[85.32516,28.15259],[85.32525,28.15252],[85.32525,28.15258],[85.32531,28.15261],[85.32528,28.15267],[85.32538,28.15276],[85.32592,28.15299],[85.32595,28.15307],[85.32617,28.15327],[85.32625,28.15326],[85.32631,28.15331],[85.32632,28.15326],[85.32642,28.15326],[85.32644,28.15334],[85.3264,28.15335],[85.32639,28.15346],[85.32648,28.1535],[85.32655,28.15344],[85.32658,28.15353],[85.32666,28.15353],[85.32667,28.15374],[85.32684,28.15398],[85.3272,28.154],[85.32724,28.15404],[85.32714,28.15407],[85.32721,28.1541],[85.32735,28.15408],[85.32729,28.15417],[85.32733,28.15426],[85.3274,28.15429],[85.32745,28.15426],[85.32753,28.15439],[85.32762,28.15435],[85.32761,28.15444],[85.32775,28.15457],[85.32774,28.15465],[85.32782,28.15467],[85.32793,28.15491],[85.32801,28.15484],[85.32802,28.15496],[85.32809,28.15506],[85.32812,28.15528],[85.32801,28.15541],[85.32754,28.15538],[85.32756,28.15542],[85.32733,28.1557],[85.32727,28.15555],[85.32727,28.15567],[85.32716,28.1557],[85.32711,28.15566],[85.32701,28.15568],[85.32684,28.15577],[85.32695,28.15586]],[[85.32482,28.15228],[85.32476,28.15223],[85.32483,28.15216],[85.32489,28.1523],[85.32482,28.15228]]]}},{"type":"Feature","properties":{"name":"Observed landslide extent (Timure)","area_ha":129,"type":"Landslide","fill":"#78350f","fill-opacity":0.35,"stroke":"#451a03","stroke-width":1.4},"geometry":{"type":"Polygon","coordinates":[[[85.3794,28.27846],[85.37914,28.27821],[85.37893,28.27818],[85.37886,28.27799],[85.37871,28.27787],[85.37852,28.27781],[85.37839,28.27754],[85.37837,28.27742],[85.3785,28.27705],[85.37857,28.27657],[85.37854,28.27641],[85.37842,28.27627],[85.37841,28.27618],[85.37845,28.27612],[85.37859,28.27608],[85.37862,28.27579],[85.37872,28.27559],[85.37847,28.27541],[85.37843,28.27522],[85.37845,28.27514],[85.37876,28.27483],[85.3788,28.27468],[85.37889,28.2746],[85.37885,28.27438],[85.37893,28.27409],[85.37883,28.27397],[85.3789,28.27379],[85.37884,28.27358],[85.37894,28.27341],[85.37894,28.27328],[85.37906,28.27326],[85.37911,28.2732],[85.37914,28.27302],[85.3791,28.27288],[85.37917,28.27272],[85.37935,28.27264],[85.37934,28.27234],[85.37957,28.27185],[85.37942,28.27169],[85.37942,28.27162],[85.37949,28.27142],[85.37961,28.2713],[85.37969,28.27133],[85.37972,28.27087],[85.37957,28.27038],[85.37929,28.27025],[85.37915,28.27008],[85.37908,28.26989],[85.3789,28.2697],[85.37881,28.2695],[85.37827,28.26907],[85.37817,28.26886],[85.3781,28.26845],[85.37817,28.26821],[85.37815,28.26811],[85.37796,28.26808],[85.37795,28.26798],[85.37769,28.26766],[85.37762,28.26768],[85.37757,28.26757],[85.37724,28.26735],[85.3772,28.26706],[85.377,28.26685],[85.37687,28.26661],[85.37688,28.26647],[85.37694,28.26642],[85.37703,28.26613],[85.37711,28.26602],[85.37709,28.26577],[85.37735,28.26574],[85.3778,28.26581],[85.37797,28.26571],[85.37693,28.26436],[85.37682,28.26433],[85.37645,28.26435],[85.37637,28.26417],[85.37627,28.26412],[85.37594,28.26411],[85.37567,28.26389],[85.37556,28.26397],[85.37519,28.26391],[85.37461,28.26357],[85.37457,28.26338],[85.37412,28.26282],[85.37392,28.26244],[85.3736,28.26211],[85.3735,28.26189],[85.37353,28.26178],[85.37344,28.26155],[85.37325,28.26136],[85.3731,28.26135],[85.37303,28.26122],[85.3728,28.26118],[85.37275,28.26107],[85.37259,28.26102],[85.37244,28.26076],[85.37245,28.26066],[85.3722,28.26049],[85.37221,28.26037],[85.37194,28.26018],[85.37189,28.26002],[85.3717,28.25995],[85.37167,28.25985],[85.37144,28.25972],[85.37122,28.25945],[85.3708,28.25926],[85.37066,28.25913],[85.37051,28.25915],[85.36981,28.25862],[85.36974,28.2586],[85.36967,28.25869],[85.36932,28.25856],[85.36911,28.25845],[85.36903,28.25834],[85.36872,28.25827],[85.3686,28.25829],[85.36762,28.25745],[85.36762,28.25738],[85.3675,28.25724],[85.36742,28.25722],[85.36734,28.25705],[85.36724,28.25697],[85.36724,28.25676],[85.36712,28.2566],[85.36702,28.25625],[85.36706,28.25611],[85.36701,28.25572],[85.36707,28.25552],[85.36722,28.25535],[85.36733,28.25498],[85.36716,28.25467],[85.36713,28.25368],[85.36706,28.2536],[85.36697,28.25324],[85.36701,28.25297],[85.36699,28.25268],[85.36718,28.25233],[85.36703,28.25226],[85.36703,28.25212],[85.36711,28.25203],[85.3671,28.25179],[85.36704,28.25164],[85.36707,28.25159],[85.36698,28.25151],[85.36698,28.25134],[85.36689,28.25122],[85.36698,28.25117],[85.36693,28.25097],[85.36699,28.25073],[85.3671,28.25065],[85.36727,28.25063],[85.36732,28.2505],[85.36723,28.25046],[85.36697,28.25049],[85.36683,28.25041],[85.36675,28.25022],[85.36682,28.25008],[85.36674,28.25001],[85.36659,28.24997],[85.3666,28.24986],[85.36649,28.24979],[85.36641,28.24952],[85.36632,28.2494],[85.36635,28.24932],[85.36613,28.24898],[85.36612,28.24876],[85.36593,28.24838],[85.36552,28.24782],[85.36533,28.24768],[85.36522,28.24752],[85.36461,28.24714],[85.36451,28.24678],[85.36422,28.24657],[85.36407,28.24634],[85.36385,28.24617],[85.36378,28.24586],[85.36363,28.24578],[85.36356,28.24559],[85.36337,28.24535],[85.36331,28.24509],[85.36303,28.24503],[85.36295,28.24493],[85.36262,28.24487],[85.36255,28.24475],[85.36231,28.24467],[85.3622,28.24455],[85.36208,28.24451],[85.36203,28.24438],[85.36174,28.24434],[85.36158,28.24424],[85.36146,28.24424],[85.36126,28.24415],[85.36104,28.24417],[85.36092,28.24403],[85.36056,28.24385],[85.36034,28.2435],[85.36004,28.24334],[85.35964,28.2428],[85.35973,28.24249],[85.35939,28.24237],[85.35747,28.24327],[85.35763,28.24336],[85.35794,28.24385],[85.35824,28.24397],[85.35821,28.24411],[85.35829,28.2441],[85.35842,28.24424],[85.35839,28.24436],[85.35858,28.24435],[85.35851,28.24452],[85.35838,28.24466],[85.35828,28.2447],[85.35821,28.24482],[85.35849,28.24485],[85.35852,28.24473],[85.35863,28.24469],[85.35866,28.24462],[85.35874,28.24458],[85.35885,28.24461],[85.35888,28.24452],[85.35911,28.24493],[85.35927,28.24496],[85.35941,28.24491],[85.35941,28.24499],[85.35951,28.24507],[85.35956,28.24522],[85.35973,28.2452],[85.3599,28.24538],[85.36011,28.2454],[85.36034,28.24569],[85.3605,28.24578],[85.36069,28.24607],[85.36088,28.24603],[85.36104,28.24634],[85.36113,28.24635],[85.36126,28.24629],[85.36136,28.24634],[85.36148,28.24664],[85.36158,28.24665],[85.36162,28.2468],[85.3617,28.2469],[85.36189,28.24686],[85.36201,28.24693],[85.36218,28.24693],[85.36253,28.24738],[85.36274,28.24785],[85.3628,28.24827],[85.36304,28.24863],[85.36311,28.24872],[85.36344,28.24888],[85.36353,28.24918],[85.36382,28.24924],[85.36383,28.24995],[85.3638,28.25001],[85.36366,28.25006],[85.36367,28.25012],[85.36378,28.25015],[85.36382,28.25021],[85.36377,28.25056],[85.36383,28.25064],[85.3638,28.2509],[85.36386,28.25101],[85.36385,28.25114],[85.36368,28.25149],[85.36335,28.25198],[85.36322,28.25207],[85.36288,28.25211],[85.36244,28.25227],[85.36242,28.25234],[85.36246,28.25245],[85.36232,28.25245],[85.36229,28.25262],[85.36233,28.25269],[85.36245,28.25263],[85.36253,28.25271],[85.36289,28.25268],[85.36298,28.25258],[85.36312,28.25263],[85.3636,28.2526],[85.36361,28.25276],[85.36371,28.25285],[85.3638,28.25281],[85.36383,28.25286],[85.36378,28.253],[85.36379,28.25381],[85.36387,28.25401],[85.36387,28.25423],[85.36394,28.25434],[85.36384,28.25445],[85.36389,28.25466],[85.36372,28.25501],[85.36364,28.25532],[85.36365,28.25548],[85.36374,28.25578],[85.36385,28.25592],[85.36391,28.25636],[85.36409,28.25644],[85.36414,28.25668],[85.36404,28.25684],[85.36402,28.25698],[85.3641,28.25711],[85.3641,28.25722],[85.36435,28.25754],[85.3645,28.25756],[85.36472,28.25777],[85.36453,28.25786],[85.3645,28.25796],[85.36504,28.25822],[85.36507,28.25835],[85.36512,28.25841],[85.36551,28.25858],[85.36568,28.25858],[85.36579,28.25878],[85.36594,28.25874],[85.36607,28.25886],[85.3663,28.25894],[85.3663,28.25908],[85.36644,28.25907],[85.3666,28.25939],[85.36723,28.25966],[85.36734,28.26003],[85.3676,28.26024],[85.36799,28.26035],[85.36841,28.26024],[85.36864,28.26023],[85.36901,28.2603],[85.36927,28.26042],[85.36931,28.2607],[85.3695,28.26088],[85.37006,28.26086],[85.37012,28.26099],[85.37024,28.261],[85.3703,28.2613],[85.37048,28.26131],[85.37055,28.26137],[85.37056,28.26148],[85.37063,28.2616],[85.37061,28.26176],[85.37072,28.26177],[85.37084,28.26194],[85.37099,28.26195],[85.37098,28.26213],[85.37106,28.26235],[85.37103,28.26253],[85.37112,28.26254],[85.37113,28.26268],[85.37125,28.26283],[85.37137,28.26289],[85.37135,28.26306],[85.3714,28.26315],[85.37139,28.26328],[85.37153,28.26359],[85.37144,28.26371],[85.37134,28.26416],[85.37104,28.26437],[85.37094,28.2646],[85.3711,28.2646],[85.37146,28.26437],[85.37157,28.26436],[85.3717,28.26442],[85.37179,28.26448],[85.37181,28.26463],[85.37193,28.26472],[85.37192,28.26503],[85.372,28.26531],[85.37228,28.26531],[85.37277,28.26562],[85.3727,28.26587],[85.37278,28.26596],[85.37309,28.26612],[85.37328,28.2663],[85.37348,28.26631],[85.37374,28.26667],[85.37422,28.26668],[85.37457,28.26685],[85.37461,28.267],[85.37491,28.26718],[85.37502,28.26731],[85.37501,28.26749],[85.37513,28.26761],[85.37515,28.26776],[85.37503,28.26803],[85.3751,28.26839],[85.37527,28.26872],[85.37547,28.26895],[85.37551,28.26898],[85.37564,28.26896],[85.37564,28.26915],[85.37579,28.26959],[85.3757,28.2698],[85.37571,28.27005],[85.37554,28.27012],[85.37551,28.27018],[85.37576,28.27059],[85.37576,28.27064],[85.37564,28.27075],[85.37574,28.27089],[85.37587,28.27092],[85.37596,28.27104],[85.37593,28.27114],[85.37576,28.27116],[85.37573,28.27124],[85.37597,28.2715],[85.37616,28.27158],[85.3762,28.27167],[85.37616,28.27261],[85.37612,28.27282],[85.37601,28.27294],[85.37606,28.27322],[85.37593,28.27355],[85.37587,28.27387],[85.37571,28.27419],[85.37571,28.27443],[85.3754,28.27472],[85.37522,28.27475],[85.37516,28.27488],[85.37534,28.27497],[85.37544,28.27511],[85.37557,28.27565],[85.37552,28.27583],[85.37554,28.27604],[85.37546,28.27617],[85.37547,28.27627],[85.37537,28.27638],[85.37525,28.27643],[85.37522,28.27651],[85.37565,28.27695],[85.37579,28.27702],[85.37586,28.27717],[85.37584,28.27739],[85.37594,28.27766],[85.37583,28.27805],[85.37568,28.27818],[85.37574,28.27835],[85.37567,28.27853],[85.37559,28.27861],[85.37563,28.27892],[85.37578,28.27904],[85.37577,28.27916],[85.37588,28.27923],[85.37581,28.27939],[85.37648,28.27994],[85.37699,28.27885],[85.37687,28.27835],[85.37696,28.27793],[85.37797,28.27841],[85.37902,28.27911],[85.37951,28.27852],[85.3794,28.27846]]]}},{"type":"Feature","properties":{"name":"Observed landslide extent (Bidur)","area_ha":560,"type":"Landslide","fill":"#78350f","fill-opacity":0.35,"stroke":"#451a03","stroke-width":1.4},"geometry":{"type":"Polygon","coordinates":[[[85.19263,27.9755],[85.19253,27.97543],[85.19229,27.97545],[85.19204,27.9753],[85.19123,27.97519],[85.19141,27.97516],[85.19197,27.97525],[85.19196,27.97519],[85.19182,27.97512],[85.19186,27.97498],[85.19173,27.97493],[85.19172,27.97482],[85.19167,27.9748],[85.19152,27.97485],[85.19139,27.97481],[85.19087,27.97486],[85.19084,27.97493],[85.19086,27.975],[85.1908,27.97507],[85.19083,27.97519],[85.19115,27.97512],[85.19122,27.97515],[85.19117,27.9752],[85.19071,27.97528],[85.1905,27.97536],[85.19048,27.97545],[85.19033,27.97557],[85.19021,27.97528],[85.19025,27.97492],[85.19023,27.97469],[85.18999,27.9744],[85.18986,27.97413],[85.18969,27.97396],[85.18935,27.9738],[85.18907,27.97342],[85.18871,27.97328],[85.18824,27.9733],[85.18785,27.97309],[85.18723,27.97312],[85.18632,27.97293],[85.18626,27.97316],[85.18615,27.9733],[85.18605,27.97335],[85.18581,27.97333],[85.18576,27.97326],[85.18578,27.97303],[85.1857,27.97292],[85.18555,27.9729],[85.18552,27.97285],[85.18553,27.97268],[85.18559,27.9726],[85.18574,27.97267],[85.18582,27.97252],[85.18571,27.97195],[85.18572,27.97179],[85.18565,27.97172],[85.18567,27.97166],[85.18628,27.97109],[85.18622,27.97097],[85.18629,27.97075],[85.18604,27.97038],[85.18591,27.97027],[85.18568,27.97018],[85.18545,27.97002],[85.18523,27.97004],[85.18508,27.96994],[85.18493,27.96993],[85.18483,27.96984],[85.18478,27.96931],[85.18474,27.96916],[85.18462,27.96902],[85.18408,27.96885],[85.18334,27.96874],[85.18317,27.96856],[85.18228,27.9685],[85.18186,27.96834],[85.18137,27.96843],[85.18123,27.96844],[85.18114,27.96839],[85.18096,27.96843],[85.18101,27.96814],[85.18097,27.9681],[85.18075,27.96808],[85.18059,27.9679],[85.18039,27.96787],[85.18026,27.9677],[85.1799,27.96743],[85.17949,27.96749],[85.17919,27.96732],[85.17905,27.96706],[85.17892,27.96704],[85.1789,27.96686],[85.17862,27.9668],[85.17829,27.96655],[85.17797,27.96661],[85.17762,27.96625],[85.1773,27.9663],[85.1769,27.96658],[85.17675,27.96658],[85.1767,27.96644],[85.17656,27.96634],[85.17611,27.96643],[85.17585,27.96643],[85.17576,27.96626],[85.17532,27.96629],[85.17523,27.96613],[85.17518,27.96612],[85.17463,27.96632],[85.17439,27.96628],[85.17433,27.96615],[85.17412,27.96622],[85.17405,27.96611],[85.17416,27.96581],[85.17393,27.96546],[85.17391,27.96476],[85.17377,27.96464],[85.1734,27.96458],[85.17341,27.96468],[85.17329,27.96482],[85.17309,27.9648],[85.17294,27.96471],[85.17282,27.96459],[85.17279,27.96421],[85.1726,27.96384],[85.17261,27.96369],[85.1727,27.9635],[85.17264,27.96338],[85.17268,27.96331],[85.17296,27.96298],[85.17319,27.96303],[85.1732,27.96294],[85.17307,27.96287],[85.17293,27.96288],[85.17303,27.96277],[85.173,27.96272],[85.17288,27.96261],[85.17272,27.9626],[85.17276,27.9625],[85.17273,27.96244],[85.17249,27.96224],[85.17228,27.96196],[85.17191,27.96182],[85.17192,27.96176],[85.17203,27.96174],[85.17203,27.96162],[85.17184,27.9615],[85.17187,27.96133],[85.17167,27.96117],[85.17162,27.96101],[85.17136,27.96082],[85.17054,27.95965],[85.1703,27.95945],[85.17025,27.95935],[85.17025,27.95886],[85.17018,27.95878],[85.16996,27.9587],[85.16964,27.95874],[85.16946,27.95867],[85.16918,27.95876],[85.16902,27.95849],[85.16887,27.9585],[85.16888,27.95839],[85.16903,27.95833],[85.16907,27.95826],[85.16897,27.95822],[85.16903,27.95788],[85.16889,27.95754],[85.16883,27.95748],[85.16859,27.95738],[85.16791,27.95725],[85.16807,27.95709],[85.16809,27.95702],[85.16799,27.95702],[85.16802,27.9569],[85.1678,27.95687],[85.16757,27.95695],[85.16761,27.95685],[85.16744,27.9568],[85.1674,27.95672],[85.16745,27.95658],[85.16706,27.95653],[85.16695,27.95642],[85.16681,27.9564],[85.16666,27.95629],[85.16665,27.95636],[85.16684,27.95655],[85.16682,27.9566],[85.16673,27.95658],[85.16638,27.95634],[85.16575,27.95606],[85.16561,27.95601],[85.1654,27.95605],[85.16542,27.95594],[85.16532,27.95586],[85.16508,27.9559],[85.16484,27.95582],[85.16484,27.95577],[85.16463,27.95583],[85.16459,27.95579],[85.16458,27.95555],[85.16463,27.95546],[85.16438,27.955],[85.16445,27.95502],[85.16479,27.95543],[85.16481,27.95534],[85.16455,27.955],[85.16452,27.95485],[85.16462,27.95468],[85.16449,27.95454],[85.16445,27.95435],[85.1643,27.95425],[85.16431,27.95417],[85.16405,27.95376],[85.164,27.95335],[85.16385,27.953],[85.16376,27.9526],[85.16383,27.95211],[85.16382,27.95184],[85.16373,27.9514],[85.16377,27.95103],[85.16374,27.95082],[85.16393,27.95012],[85.16385,27.94965],[85.16391,27.94935],[85.16411,27.94892],[85.16415,27.94857],[85.16403,27.9483],[85.16388,27.94813],[85.16384,27.9478],[85.16366,27.94752],[85.16361,27.94731],[85.16346,27.94725],[85.1633,27.94712],[85.16325,27.94675],[85.16304,27.94665],[85.16296,27.94652],[85.16281,27.94642],[85.1627,27.946],[85.16245,27.94572],[85.16256,27.94541],[85.16245,27.94517],[85.16233,27.94504],[85.16228,27.94483],[85.16219,27.94474],[85.16217,27.94468],[85.16224,27.94462],[85.16204,27.9443],[85.16201,27.94395],[85.16186,27.94386],[85.16187,27.94374],[85.16177,27.94351],[85.16182,27.94336],[85.1617,27.94309],[85.16157,27.94291],[85.16149,27.94265],[85.16115,27.94212],[85.16118,27.94199],[85.16104,27.94188],[85.16088,27.94156],[85.16076,27.94146],[85.16071,27.94117],[85.16056,27.94088],[85.16062,27.94063],[85.16058,27.94025],[85.16039,27.94003],[85.16031,27.93959],[85.16009,27.93956],[85.16003,27.9395],[85.16006,27.93934],[85.15987,27.93934],[85.15958,27.93906],[85.15955,27.93896],[85.15949,27.93896],[85.15951,27.93885],[85.15937,27.93881],[85.15909,27.93853],[85.15882,27.93841],[85.15793,27.93769],[85.1577,27.93715],[85.15762,27.93636],[85.15756,27.9364],[85.15751,27.93637],[85.15743,27.93615],[85.15743,27.93601],[85.15751,27.93589],[85.15741,27.93536],[85.15732,27.93511],[85.15724,27.93504],[85.15727,27.93492],[85.15711,27.93459],[85.15697,27.93451],[85.15694,27.93433],[85.15673,27.93402],[85.1562,27.93362],[85.15619,27.93345],[85.15603,27.93315],[85.15585,27.93305],[85.15555,27.93274],[85.15509,27.932],[85.15474,27.93169],[85.15421,27.93143],[85.15424,27.93136],[85.15439,27.93125],[85.15441,27.93106],[85.15458,27.93085],[85.1545,27.93067],[85.15442,27.93059],[85.15337,27.9303],[85.15319,27.93028],[85.15313,27.93031],[85.15316,27.93044],[85.15313,27.93049],[85.1526,27.93027],[85.15238,27.93026],[85.15221,27.93034],[85.15193,27.93029],[85.1517,27.93018],[85.1515,27.93025],[85.15131,27.93057],[85.15107,27.93079],[85.15097,27.93072],[85.15079,27.93039],[85.15071,27.93009],[85.1508,27.92994],[85.15078,27.92981],[85.15084,27.92957],[85.15065,27.92937],[85.15064,27.92929],[85.15086,27.92903],[85.15102,27.92857],[85.15096,27.92822],[85.15108,27.92796],[85.15111,27.92792],[85.15127,27.92797],[85.15126,27.9278],[85.15138,27.92765],[85.15133,27.92752],[85.1514,27.92748],[85.15141,27.9273],[85.15149,27.92726],[85.15169,27.92728],[85.15156,27.92712],[85.1516,27.92692],[85.15165,27.92685],[85.15184,27.92683],[85.15188,27.92677],[85.15179,27.92662],[85.1518,27.92653],[85.15195,27.92637],[85.15203,27.92619],[85.15202,27.92601],[85.15183,27.92558],[85.1518,27.92539],[85.15176,27.92445],[85.15181,27.92425],[85.1517,27.9235],[85.15171,27.92316],[85.15155,27.92265],[85.15147,27.92256],[85.15151,27.92242],[85.15128,27.92225],[85.15127,27.92214],[85.15081,27.92174],[85.14992,27.92151],[85.14978,27.92131],[85.14904,27.92085],[85.14884,27.92062],[85.14865,27.92061],[85.14841,27.92073],[85.14799,27.92069],[85.1478,27.92058],[85.14745,27.92019],[85.1469,27.91982],[85.14625,27.91958],[85.14584,27.91955],[85.14577,27.91944],[85.14545,27.9193],[85.1453,27.91911],[85.14494,27.91891],[85.14445,27.91847],[85.14428,27.91848],[85.14426,27.91858],[85.14432,27.91865],[85.14426,27.9187],[85.14414,27.91856],[85.14397,27.91855],[85.14367,27.91844],[85.14333,27.91817],[85.14317,27.91786],[85.14283,27.91789],[85.14205,27.91742],[85.14188,27.91736],[85.14176,27.91737],[85.14159,27.91729],[85.14157,27.91709],[85.1413,27.91707],[85.1406,27.91667],[85.14036,27.91659],[85.14018,27.91635],[85.13997,27.91634],[85.13949,27.91602],[85.13937,27.91579],[85.13924,27.91571],[85.1391,27.91571],[85.13904,27.91566],[85.13902,27.91546],[85.13876,27.91529],[85.13864,27.91527],[85.1386,27.91532],[85.13869,27.91548],[85.13857,27.91548],[85.13835,27.91537],[85.13826,27.91526],[85.1383,27.9152],[85.138,27.91495],[85.13794,27.91479],[85.13786,27.91471],[85.13764,27.91453],[85.13711,27.91442],[85.13652,27.91378],[85.13653,27.91348],[85.13663,27.9132],[85.13684,27.91301],[85.13696,27.91284],[85.13707,27.91252],[85.13719,27.91232],[85.13763,27.91208],[85.13767,27.91186],[85.1379,27.91142],[85.13806,27.91135],[85.13819,27.91138],[85.13859,27.91107],[85.1387,27.91085],[85.13884,27.9108],[85.13895,27.91068],[85.13899,27.91053],[85.13921,27.91025],[85.13919,27.90997],[85.13931,27.90985],[85.13956,27.90973],[85.13956,27.90965],[85.13973,27.90947],[85.13988,27.90947],[85.13996,27.90941],[85.13998,27.90918],[85.14022,27.90862],[85.14119,27.90775],[85.14157,27.90716],[85.14177,27.90703],[85.14187,27.90712],[85.14191,27.90707],[85.14182,27.90693],[85.14188,27.9068],[85.14183,27.9067],[85.1416,27.90669],[85.14158,27.90666],[85.14164,27.90657],[85.14162,27.90634],[85.14131,27.90491],[85.14155,27.90408],[85.14144,27.9035],[85.14161,27.90342],[85.14179,27.90347],[85.14182,27.90344],[85.14163,27.90319],[85.14144,27.90308],[85.14142,27.9029],[85.14147,27.90277],[85.1413,27.90253],[85.14148,27.90208],[85.14115,27.90198],[85.14098,27.90184],[85.14081,27.90177],[85.14062,27.90152],[85.14024,27.90129],[85.1401,27.90109],[85.13929,27.90062],[85.13922,27.90053],[85.13923,27.90034],[85.13918,27.90032],[85.1391,27.90056],[85.13889,27.90041],[85.13876,27.90019],[85.13881,27.90002],[85.13854,27.89933],[85.13853,27.89889],[85.13846,27.89876],[85.13847,27.89867],[85.13832,27.8985],[85.13826,27.89819],[85.13808,27.898],[85.13803,27.89786],[85.13804,27.89777],[85.13812,27.89773],[85.13814,27.89763],[85.13796,27.89742],[85.13795,27.89731],[85.138,27.89723],[85.13778,27.89691],[85.13777,27.89681],[85.13788,27.89678],[85.13787,27.8966],[85.13808,27.89647],[85.13812,27.89637],[85.13806,27.89625],[85.13806,27.8961],[85.13794,27.89595],[85.13791,27.89552],[85.13781,27.89546],[85.13791,27.89538],[85.13782,27.89519],[85.13812,27.89515],[85.13855,27.89523],[85.13906,27.89497],[85.13917,27.89456],[85.13933,27.89431],[85.13953,27.89318],[85.13945,27.89292],[85.13909,27.89271],[85.13865,27.89255],[85.13845,27.89231],[85.13852,27.89172],[85.13848,27.89132],[85.13837,27.89087],[85.13844,27.89083],[85.13836,27.8906],[85.13846,27.8899],[85.13838,27.88973],[85.13822,27.88967],[85.13824,27.88956],[85.13834,27.88948],[85.13841,27.88931],[85.13832,27.88903],[85.138,27.88864],[85.13786,27.88857],[85.13714,27.88841],[85.13675,27.88799],[85.13596,27.88747],[85.1357,27.88722],[85.13549,27.88711],[85.13517,27.88669],[85.13483,27.88647],[85.13473,27.88629],[85.13464,27.88622],[85.13422,27.88605],[85.13413,27.88594],[85.1335,27.88565],[85.13296,27.88531],[85.13291,27.88526],[85.13289,27.88503],[85.1327,27.88472],[85.13249,27.8846],[85.13245,27.88442],[85.1316,27.88345],[85.13119,27.88318],[85.13115,27.88295],[85.13107,27.88291],[85.13097,27.88297],[85.13084,27.88288],[85.13036,27.88224],[85.13032,27.88204],[85.13006,27.88168],[85.1299,27.88166],[85.12981,27.88159],[85.12902,27.8819],[85.12859,27.88112],[85.12873,27.88097],[85.12874,27.88089],[85.12847,27.88089],[85.1286,27.88064],[85.12858,27.88042],[85.12847,27.88016],[85.12825,27.87983],[85.12805,27.87969],[85.12796,27.87955],[85.12786,27.87851],[85.12756,27.87778],[85.12749,27.87734],[85.12765,27.87703],[85.12781,27.87641],[85.12804,27.87587],[85.12802,27.87564],[85.12786,27.87535],[85.12768,27.87529],[85.12759,27.8752],[85.12766,27.87505],[85.12763,27.87501],[85.12745,27.87499],[85.12721,27.87475],[85.12675,27.87451],[85.12612,27.87433],[85.12548,27.8739],[85.1253,27.8739],[85.1251,27.87405],[85.12496,27.87407],[85.1247,27.8738],[85.12447,27.87379],[85.12429,27.8737],[85.12399,27.87372],[85.12358,27.87348],[85.12318,27.87333],[85.1231,27.87323],[85.12313,27.87314],[85.12336,27.87288],[85.12332,27.87267],[85.12325,27.87261],[85.12287,27.87295],[85.12274,27.87297],[85.12249,27.87273],[85.12227,27.87269],[85.12166,27.87228],[85.12154,27.87227],[85.12159,27.87209],[85.1215,27.87198],[85.12117,27.87202],[85.12095,27.87191],[85.12077,27.8717],[85.12061,27.87164],[85.11989,27.87156],[85.11975,27.8714],[85.11955,27.8713],[85.11946,27.87115],[85.11921,27.87097],[85.11899,27.87054],[85.11825,27.86993],[85.11712,27.86951],[85.1167,27.86919],[85.11665,27.86904],[85.11583,27.86845],[85.1158,27.86832],[85.11564,27.86833],[85.11559,27.8684],[85.11543,27.86845],[85.1153,27.86824],[85.11504,27.86813],[85.11475,27.86809],[85.11484,27.86785],[85.11474,27.86729],[85.11463,27.86706],[85.11455,27.86699],[85.11456,27.86684],[85.11442,27.8667],[85.11421,27.86667],[85.11431,27.86647],[85.11424,27.86639],[85.11402,27.86638],[85.11406,27.8662],[85.11397,27.86615],[85.11394,27.86591],[85.11386,27.86591],[85.11375,27.86584],[85.11373,27.86569],[85.11359,27.86571],[85.11356,27.86558],[85.11341,27.86552],[85.11357,27.86531],[85.11355,27.86518],[85.11342,27.86514],[85.11341,27.86505],[85.1133,27.86496],[85.11329,27.86481],[85.11303,27.86478],[85.11301,27.86475],[85.1131,27.86469],[85.11309,27.86461],[85.11282,27.86418],[85.11288,27.8641],[85.11266,27.86389],[85.11256,27.86397],[85.11251,27.86394],[85.11249,27.8637],[85.11243,27.86368],[85.11237,27.86357],[85.11246,27.8635],[85.11245,27.86342],[85.11216,27.8631],[85.11233,27.8629],[85.11231,27.86284],[85.11245,27.86258],[85.11239,27.8622],[85.11208,27.86173],[85.11194,27.86165],[85.11187,27.86154],[85.11169,27.86146],[85.11177,27.86137],[85.11164,27.86125],[85.1117,27.86105],[85.11152,27.86091],[85.11159,27.86072],[85.11152,27.86068],[85.11148,27.86044],[85.1114,27.86045],[85.11122,27.86011],[85.11123,27.86004],[85.11093,27.8598],[85.11072,27.85948],[85.11063,27.85944],[85.11063,27.85932],[85.11045,27.85924],[85.11038,27.85905],[85.11015,27.8588],[85.11033,27.85867],[85.11088,27.85876],[85.11142,27.85867],[85.11158,27.85869],[85.11172,27.85858],[85.11176,27.85861],[85.11192,27.85857],[85.11062,27.85775],[85.11049,27.85778],[85.11006,27.85765],[85.10983,27.85767],[85.10898,27.85797],[85.10845,27.85802],[85.10792,27.85816],[85.1077,27.85814],[85.10753,27.85804],[85.1071,27.85806],[85.10691,27.85813],[85.10656,27.85813],[85.10499,27.85774],[85.10445,27.85771],[85.10386,27.85778],[85.10338,27.85758],[85.10296,27.85752],[85.10295,27.85739],[85.1029,27.85734],[85.10249,27.85725],[85.10218,27.85725],[85.10184,27.85703],[85.10177,27.8571],[85.1018,27.85717],[85.10174,27.85731],[85.1016,27.85744],[85.1013,27.85752],[85.09925,27.85939],[85.0995,27.85974],[85.09986,27.8596],[85.1003,27.85963],[85.10115,27.85939],[85.10218,27.85924],[85.10254,27.85908],[85.10277,27.85905],[85.10294,27.85906],[85.10317,27.85918],[85.10365,27.8591],[85.10398,27.85916],[85.10541,27.8592],[85.10578,27.85947],[85.10575,27.8596],[85.10606,27.85993],[85.10611,27.85994],[85.10628,27.85981],[85.10639,27.85988],[85.10648,27.85989],[85.10666,27.8598],[85.10682,27.8598],[85.10666,27.85992],[85.10673,27.85999],[85.10689,27.86],[85.10672,27.8602],[85.10683,27.86023],[85.10701,27.86012],[85.10726,27.86026],[85.10726,27.86034],[85.10698,27.86049],[85.10696,27.86055],[85.10735,27.86059],[85.10778,27.86123],[85.10782,27.86131],[85.10775,27.86179],[85.10783,27.86193],[85.10785,27.86207],[85.10809,27.86223],[85.10808,27.8624],[85.10825,27.86242],[85.10827,27.86249],[85.10815,27.8626],[85.10827,27.86267],[85.10827,27.86279],[85.10836,27.86294],[85.10853,27.86291],[85.10866,27.86306],[85.10867,27.86315],[85.10858,27.86325],[85.10884,27.86351],[85.10903,27.86386],[85.10933,27.86402],[85.10954,27.86401],[85.10968,27.86392],[85.10986,27.86392],[85.10992,27.86399],[85.10993,27.86411],[85.10986,27.8642],[85.10995,27.86427],[85.10995,27.86444],[85.11012,27.86451],[85.11007,27.86458],[85.11025,27.86455],[85.11012,27.86463],[85.11014,27.86471],[85.1104,27.8647],[85.11059,27.86491],[85.11063,27.86504],[85.11074,27.86509],[85.1109,27.86509],[85.11084,27.8652],[85.11093,27.8654],[85.11093,27.86554],[85.1111,27.86561],[85.11103,27.86571],[85.11113,27.86571],[85.11122,27.86593],[85.11131,27.86596],[85.11138,27.8661],[85.11126,27.86618],[85.11147,27.86627],[85.11142,27.86634],[85.11132,27.86633],[85.1113,27.86641],[85.11152,27.86644],[85.11154,27.86649],[85.11143,27.8666],[85.11169,27.86664],[85.11171,27.86667],[85.11157,27.86675],[85.11154,27.86688],[85.11174,27.86693],[85.11176,27.86713],[85.11196,27.86724],[85.11222,27.86755],[85.11236,27.8676],[85.11237,27.86786],[85.11233,27.86799],[85.11239,27.86818],[85.11252,27.86825],[85.11271,27.8682],[85.11265,27.86833],[85.11287,27.8685],[85.11288,27.86856],[85.11255,27.86866],[85.11253,27.86871],[85.11258,27.86874],[85.11269,27.86872],[85.11273,27.86879],[85.11257,27.8689],[85.11259,27.86902],[85.11284,27.86903],[85.113,27.86943],[85.11351,27.86978],[85.11352,27.8699],[85.11359,27.86998],[85.11361,27.87016],[85.11347,27.87024],[85.11352,27.87031],[85.11346,27.87066],[85.11338,27.87078],[85.11341,27.87083],[85.11331,27.87138],[85.11342,27.87157],[85.11359,27.87159],[85.11361,27.87168],[85.1135,27.87177],[85.11351,27.87194],[85.11387,27.87221],[85.11414,27.87214],[85.11419,27.87228],[85.11414,27.87242],[85.11429,27.87255],[85.11449,27.87283],[85.11453,27.87301],[85.11464,27.87309],[85.11463,27.87319],[85.11483,27.87331],[85.11483,27.8736],[85.11488,27.87367],[85.11505,27.87371],[85.11489,27.87389],[85.11504,27.87394],[85.11532,27.87392],[85.11558,27.8738],[85.1156,27.87372],[85.1155,27.87356],[85.11521,27.8734],[85.11523,27.8733],[85.11513,27.87298],[85.11493,27.8727],[85.11493,27.87258],[85.115,27.87251],[85.11512,27.87247],[85.11562,27.87255],[85.11615,27.87285],[85.11695,27.87319],[85.11731,27.87321],[85.11737,27.87327],[85.11757,27.8733],[85.11762,27.87339],[85.11743,27.87363],[85.11758,27.87381],[85.11778,27.87387],[85.11811,27.87413],[85.11824,27.87413],[85.11833,27.87424],[85.11847,27.87422],[85.11836,27.87431],[85.11853,27.87443],[85.11857,27.87459],[85.11871,27.87457],[85.11899,27.87474],[85.11931,27.87482],[85.11937,27.87485],[85.11934,27.87498],[85.11965,27.87506],[85.12005,27.87539],[85.12029,27.87552],[85.1206,27.87548],[85.12106,27.8756],[85.12109,27.8757],[85.12098,27.87582],[85.12105,27.87595],[85.12104,27.87606],[85.12116,27.87616],[85.12138,27.87625],[85.12157,27.87626],[85.12183,27.87611],[85.12201,27.87615],[85.12214,27.8758],[85.12234,27.87572],[85.12239,27.87575],[85.12231,27.87584],[85.12234,27.87592],[85.12253,27.87592],[85.12276,27.87577],[85.1229,27.8758],[85.12293,27.87595],[85.12343,27.87621],[85.12363,27.87639],[85.12369,27.87658],[85.12396,27.8769],[85.12408,27.87722],[85.12409,27.87749],[85.12433,27.87776],[85.12439,27.8779],[85.12455,27.87802],[85.1248,27.8781],[85.12506,27.87811],[85.12511,27.87819],[85.12505,27.87849],[85.12531,27.87971],[85.1255,27.88016],[85.12559,27.88078],[85.12578,27.88093],[85.12583,27.88142],[85.12598,27.88152],[85.12607,27.8818],[85.12636,27.88214],[85.12652,27.88242],[85.12664,27.8825],[85.12654,27.88272],[85.12669,27.88272],[85.1268,27.88262],[85.12679,27.88282],[85.12686,27.88291],[85.12697,27.88295],[85.12706,27.88288],[85.12704,27.88308],[85.12733,27.88332],[85.12737,27.88348],[85.12762,27.88374],[85.12774,27.88368],[85.12772,27.88384],[85.12792,27.88405],[85.12822,27.88419],[85.12868,27.88466],[85.12878,27.88471],[85.12877,27.88483],[85.12885,27.88495],[85.12886,27.88511],[85.12914,27.88532],[85.12924,27.88528],[85.12916,27.8854],[85.12925,27.88552],[85.12936,27.88557],[85.12948,27.88543],[85.12954,27.88553],[85.12974,27.8856],[85.12984,27.88559],[85.12991,27.88548],[85.12997,27.88548],[85.12998,27.88566],[85.13014,27.88564],[85.13004,27.88574],[85.12993,27.88596],[85.12995,27.886],[85.13003,27.88602],[85.13015,27.8859],[85.13029,27.88591],[85.13042,27.8861],[85.13125,27.88668],[85.132,27.88698],[85.13219,27.88712],[85.13233,27.88736],[85.13276,27.88771],[85.13283,27.88782],[85.13313,27.88793],[85.13337,27.88822],[85.13356,27.88817],[85.13366,27.88819],[85.13375,27.88836],[85.13367,27.88858],[85.13372,27.88867],[85.13377,27.88868],[85.13401,27.88853],[85.13435,27.88872],[85.1345,27.88899],[85.1348,27.88917],[85.13493,27.88917],[85.13523,27.88943],[85.13513,27.88947],[85.13456,27.88933],[85.13449,27.88936],[85.13472,27.88956],[85.13462,27.8898],[85.1349,27.89],[85.13501,27.89016],[85.13507,27.89042],[85.13525,27.89048],[85.13531,27.89059],[85.13534,27.89101],[85.1353,27.89104],[85.13526,27.89102],[85.13522,27.89088],[85.13512,27.89084],[85.13496,27.89103],[85.13519,27.89136],[85.13526,27.89166],[85.13523,27.89187],[85.13528,27.89198],[85.13556,27.89208],[85.1357,27.89204],[85.13574,27.8921],[85.13557,27.89226],[85.13569,27.89235],[85.13569,27.89252],[85.13564,27.8926],[85.1355,27.89266],[85.13546,27.89276],[85.13537,27.8933],[85.13542,27.89341],[85.13537,27.89346],[85.1353,27.89377],[85.13543,27.89384],[85.13535,27.89393],[85.13538,27.89406],[85.13526,27.89414],[85.13525,27.89425],[85.13529,27.89429],[85.13518,27.89446],[85.13515,27.89458],[85.13519,27.8947],[85.13514,27.89484],[85.13494,27.89502],[85.13497,27.89511],[85.13507,27.89509],[85.13515,27.8952],[85.13534,27.8953],[85.13539,27.89541],[85.13536,27.89553],[85.13541,27.8957],[85.13535,27.89587],[85.13521,27.89604],[85.13513,27.89636],[85.13525,27.89665],[85.13503,27.89679],[85.13498,27.89675],[85.13501,27.89664],[85.13493,27.89661],[85.13471,27.89694],[85.13471,27.89758],[85.13492,27.89775],[85.13492,27.89791],[85.13503,27.89805],[85.13527,27.89789],[85.13531,27.89776],[85.13505,27.89761],[85.13496,27.89741],[85.13485,27.89738],[85.13485,27.89728],[85.13492,27.89708],[85.13504,27.89697],[85.13552,27.89663],[85.13558,27.89664],[85.13558,27.89677],[85.1355,27.89688],[85.13551,27.89694],[85.13558,27.89708],[85.13577,27.89721],[85.13571,27.89744],[85.1358,27.89781],[85.13591,27.89798],[85.13595,27.89822],[85.13603,27.89828],[85.13602,27.89846],[85.13614,27.89851],[85.13618,27.89859],[85.13618,27.89868],[85.13609,27.89873],[85.13612,27.89886],[85.13595,27.89923],[85.13602,27.89932],[85.13612,27.89932],[85.13616,27.89944],[85.13614,27.89957],[85.13606,27.89966],[85.13612,27.89993],[85.13617,27.90001],[85.13628,27.90004],[85.1362,27.90028],[85.1364,27.90022],[85.13648,27.90047],[85.13661,27.90059],[85.13658,27.90075],[85.13647,27.90086],[85.13647,27.90094],[85.1367,27.90113],[85.13662,27.90139],[85.13641,27.90142],[85.13639,27.90149],[85.13646,27.90158],[85.13673,27.90155],[85.1368,27.90166],[85.13687,27.90167],[85.13696,27.90176],[85.137,27.90175],[85.13708,27.90152],[85.13724,27.90156],[85.13728,27.90165],[85.13723,27.90177],[85.13732,27.90181],[85.13734,27.90187],[85.13729,27.90203],[85.13738,27.90205],[85.13748,27.90194],[85.13756,27.90195],[85.13752,27.90227],[85.13756,27.90232],[85.13774,27.90234],[85.13777,27.90243],[85.13787,27.90241],[85.13788,27.90245],[85.13783,27.90263],[85.13786,27.90284],[85.13779,27.90305],[85.13787,27.90316],[85.13785,27.9034],[85.13768,27.90335],[85.13768,27.90307],[85.13757,27.90287],[85.13746,27.9028],[85.13741,27.90291],[85.13748,27.90308],[85.13746,27.90333],[85.13764,27.90352],[85.1377,27.90379],[85.13768,27.90406],[85.13752,27.90415],[85.13745,27.90433],[85.13784,27.9052],[85.13787,27.90548],[85.13759,27.90697],[85.13752,27.9071],[85.13698,27.90774],[85.1368,27.90784],[85.13654,27.90786],[85.13648,27.90793],[85.13649,27.90803],[85.13699,27.90835],[85.13705,27.90872],[85.13677,27.90893],[85.13667,27.90929],[85.13655,27.90939],[85.13652,27.9093],[85.13667,27.90882],[85.13657,27.90851],[85.1366,27.90835],[85.1365,27.90828],[85.13634,27.9084],[85.13645,27.9088],[85.13645,27.90898],[85.13597,27.91049],[85.13572,27.91052],[85.1356,27.9107],[85.13578,27.911],[85.13563,27.91113],[85.13564,27.91133],[85.13551,27.91164],[85.13524,27.91213],[85.135,27.91239],[85.13485,27.91271],[85.13469,27.91283],[85.13454,27.91284],[85.13432,27.91306],[85.13431,27.91318],[85.1344,27.91328],[85.13434,27.91364],[85.13418,27.91366],[85.13408,27.91381],[85.13378,27.91382],[85.13363,27.9139],[85.13357,27.91398],[85.13358,27.91402],[85.1337,27.91401],[85.13365,27.91419],[85.13353,27.91429],[85.13329,27.91434],[85.13317,27.91453],[85.13318,27.91477],[85.1335,27.91485],[85.13342,27.91499],[85.13354,27.91504],[85.13343,27.91516],[85.13356,27.9152],[85.13367,27.91531],[85.13373,27.91555],[85.13382,27.91556],[85.13389,27.91577],[85.13399,27.91584],[85.13417,27.91586],[85.13431,27.91597],[85.13425,27.91607],[85.13427,27.91611],[85.13436,27.91609],[85.13438,27.91618],[85.13423,27.91623],[85.13421,27.91631],[85.1343,27.91649],[85.13463,27.91659],[85.13465,27.91672],[85.13472,27.9168],[85.13493,27.91678],[85.13504,27.91692],[85.13504,27.91699],[85.13529,27.9172],[85.13538,27.91711],[85.13539,27.9172],[85.13548,27.91726],[85.13568,27.91711],[85.13589,27.91725],[85.136,27.91724],[85.13613,27.91732],[85.13622,27.91756],[85.13612,27.9176],[85.13613,27.91765],[85.1362,27.91778],[85.1363,27.91785],[85.13634,27.91804],[85.13646,27.91805],[85.13649,27.91794],[85.13658,27.91788],[85.13668,27.91792],[85.13656,27.91813],[85.13657,27.9182],[85.13666,27.91832],[85.13688,27.91846],[85.13688,27.91862],[85.13695,27.91874],[85.13686,27.91886],[85.13688,27.91897],[85.13666,27.919],[85.13648,27.91911],[85.13645,27.91924],[85.13634,27.91934],[85.13632,27.91963],[85.13615,27.91989],[85.13596,27.92006],[85.13598,27.92009],[85.13608,27.92007],[85.13609,27.92016],[85.13588,27.92039],[85.13583,27.92076],[85.13575,27.92088],[85.13575,27.92099],[85.13517,27.92123],[85.13524,27.92132],[85.13521,27.92139],[85.13499,27.92154],[85.13488,27.92174],[85.13469,27.9219],[85.13455,27.9221],[85.13457,27.92224],[85.1345,27.92231],[85.13456,27.92235],[85.13465,27.92233],[85.13468,27.92222],[85.13488,27.92204],[85.13489,27.92218],[85.13531,27.9223],[85.13532,27.92233],[85.13513,27.92242],[85.13515,27.92246],[85.13538,27.92253],[85.13558,27.92231],[85.13569,27.92236],[85.13585,27.9226],[85.13601,27.92269],[85.13642,27.92259],[85.13658,27.92217],[85.13649,27.92199],[85.13651,27.92179],[85.13643,27.92149],[85.13651,27.92079],[85.13666,27.92062],[85.13667,27.9205],[85.13698,27.92038],[85.13702,27.92017],[85.13715,27.92019],[85.13804,27.92004],[85.1381,27.92021],[85.13821,27.92027],[85.13824,27.92025],[85.1382,27.92017],[85.13832,27.92008],[85.13829,27.91999],[85.1384,27.91981],[85.13853,27.91973],[85.13901,27.91977],[85.13914,27.91968],[85.13936,27.91929],[85.13986,27.91925],[85.14027,27.91928],[85.14037,27.91941],[85.14051,27.91942],[85.14079,27.91961],[85.14119,27.91977],[85.14172,27.92007],[85.14194,27.92028],[85.14219,27.92037],[85.14223,27.92047],[85.14214,27.92059],[85.14219,27.92068],[85.14263,27.92087],[85.14283,27.92105],[85.14294,27.92107],[85.14303,27.92116],[85.14326,27.92118],[85.14334,27.92129],[85.14343,27.9213],[85.1437,27.92119],[85.14378,27.92123],[85.14386,27.92138],[85.14401,27.92138],[85.14414,27.92123],[85.1442,27.92123],[85.14427,27.92135],[85.14437,27.92137],[85.1447,27.92121],[85.14478,27.92125],[85.14473,27.92143],[85.14497,27.92136],[85.14508,27.92143],[85.1452,27.92139],[85.14538,27.92141],[85.14551,27.92147],[85.14546,27.92157],[85.14549,27.92158],[85.14572,27.92159],[85.14611,27.92176],[85.14704,27.92195],[85.14775,27.92247],[85.148,27.9231],[85.14797,27.92352],[85.148,27.92363],[85.14794,27.9239],[85.14796,27.92409],[85.14787,27.92418],[85.14786,27.92429],[85.14793,27.9248],[85.14816,27.92497],[85.14823,27.9251],[85.14814,27.92544],[85.14826,27.92553],[85.14852,27.9256],[85.14872,27.92576],[85.14877,27.92594],[85.14873,27.92608],[85.14885,27.92617],[85.14879,27.92624],[85.14888,27.92637],[85.14873,27.92641],[85.14881,27.92665],[85.14877,27.92685],[85.14889,27.92715],[85.14874,27.92759],[85.14832,27.92802],[85.14815,27.92811],[85.14778,27.92812],[85.14761,27.92825],[85.14718,27.92891],[85.14722,27.92911],[85.14706,27.92956],[85.14674,27.92989],[85.14674,27.92997],[85.14723,27.93066],[85.14731,27.9311],[85.14745,27.93144],[85.1474,27.93173],[85.14756,27.93195],[85.14755,27.9323],[85.14796,27.93306],[85.148,27.93354],[85.14816,27.93369],[85.1482,27.93388],[85.14841,27.93414],[85.14841,27.9345],[85.1486,27.93483],[85.14867,27.93513],[85.14875,27.93525],[85.14894,27.93524],[85.14902,27.93481],[85.14946,27.93503],[85.14959,27.93517],[85.14979,27.93523],[85.14991,27.93512],[85.1501,27.93509],[85.15018,27.935],[85.15036,27.93503],[85.15054,27.9352],[85.15053,27.93535],[85.15061,27.93544],[85.15085,27.93553],[85.15095,27.93567],[85.15109,27.93567],[85.15113,27.93576],[85.15118,27.93578],[85.15155,27.93574],[85.15182,27.93558],[85.15203,27.93563],[85.15213,27.93577],[85.15201,27.93583],[85.15171,27.93589],[85.15168,27.93607],[85.15272,27.93657],[85.15308,27.93688],[85.1556,27.93875],[85.15577,27.93899],[85.15677,27.9399],[85.15705,27.94024],[85.15707,27.94037],[85.1569,27.94089],[85.1571,27.94123],[85.15715,27.94152],[85.15711,27.94161],[85.15689,27.94176],[85.15675,27.94178],[85.15671,27.94183],[85.15678,27.94195],[85.15715,27.94183],[85.15721,27.94188],[85.15742,27.94184],[85.15747,27.94207],[85.15778,27.94169],[85.15804,27.94158],[85.15815,27.94159],[85.15814,27.94172],[85.15777,27.94201],[85.15782,27.94235],[85.15797,27.9424],[85.15801,27.94234],[85.1584,27.94215],[85.15863,27.94211],[85.15864,27.9422],[85.15852,27.94226],[85.15847,27.94244],[85.15837,27.94246],[85.15825,27.94237],[85.15823,27.9424],[85.15823,27.9426],[85.15817,27.94276],[85.15835,27.94278],[85.15841,27.94282],[85.15833,27.94293],[85.15836,27.94312],[85.15856,27.94321],[85.15844,27.94337],[85.15843,27.94348],[85.15851,27.94373],[85.15867,27.94402],[85.15881,27.94413],[85.15876,27.94431],[85.15901,27.94433],[85.15899,27.94456],[85.15913,27.94465],[85.15906,27.945],[85.15924,27.94516],[85.15911,27.94518],[85.1591,27.94524],[85.15961,27.94592],[85.15977,27.94629],[85.15977,27.94634],[85.15963,27.94646],[85.15944,27.94646],[85.1593,27.94638],[85.15906,27.94635],[85.15894,27.94653],[85.15897,27.94666],[85.15925,27.94684],[85.15972,27.94689],[85.15983,27.94695],[85.16002,27.94728],[85.16029,27.94742],[85.16064,27.94772],[85.16077,27.94789],[85.16077,27.94805],[85.16088,27.94829],[85.16106,27.94855],[85.16107,27.94871],[85.16128,27.94879],[85.16128,27.94897],[85.16111,27.94904],[85.16129,27.94913],[85.1613,27.94924],[85.16115,27.94937],[85.16142,27.94934],[85.16144,27.94938],[85.16131,27.94948],[85.16147,27.94968],[85.1614,27.94994],[85.16154,27.95022],[85.16155,27.95041],[85.16144,27.95051],[85.1614,27.95062],[85.16159,27.95107],[85.16145,27.95132],[85.16144,27.95152],[85.1616,27.95185],[85.16153,27.95227],[85.16168,27.95265],[85.16149,27.95311],[85.16145,27.9538],[85.16123,27.95431],[85.1612,27.95469],[85.1613,27.95478],[85.16122,27.95497],[85.16146,27.95505],[85.16138,27.95516],[85.16139,27.95527],[85.16144,27.95534],[85.16145,27.95547],[85.16158,27.95551],[85.1615,27.95556],[85.1616,27.95561],[85.16148,27.9558],[85.16149,27.95588],[85.16122,27.95617],[85.16112,27.95638],[85.16126,27.95634],[85.16097,27.95659],[85.16096,27.95668],[85.161,27.95669],[85.16088,27.95684],[85.16099,27.95697],[85.16084,27.95706],[85.16067,27.95694],[85.1606,27.95704],[85.16063,27.95718],[85.16076,27.95718],[85.1609,27.9571],[85.16106,27.95716],[85.16125,27.95701],[85.16131,27.95685],[85.16158,27.95686],[85.16176,27.95626],[85.16186,27.95619],[85.16178,27.95616],[85.16176,27.95609],[85.16188,27.95604],[85.16185,27.9559],[85.16203,27.95553],[85.16216,27.95564],[85.16227,27.95559],[85.16251,27.95563],[85.1626,27.95578],[85.16267,27.95581],[85.1627,27.95596],[85.16294,27.95612],[85.16297,27.95622],[85.16305,27.95626],[85.16298,27.95648],[85.163,27.95656],[85.16283,27.95673],[85.16285,27.9569],[85.16297,27.95691],[85.163,27.95718],[85.16326,27.95748],[85.16357,27.95764],[85.16366,27.95764],[85.16366,27.95771],[85.16378,27.9577],[85.16391,27.95781],[85.16435,27.95787],[85.16434,27.95796],[85.16446,27.95807],[85.16478,27.95814],[85.16528,27.95854],[85.16598,27.95873],[85.16618,27.95887],[85.16666,27.95904],[85.16691,27.95924],[85.16696,27.95939],[85.16715,27.95959],[85.16711,27.95962],[85.16719,27.95971],[85.16721,27.95989],[85.1674,27.96004],[85.1674,27.96014],[85.16748,27.96016],[85.1675,27.96033],[85.16761,27.96048],[85.16784,27.96059],[85.16781,27.9607],[85.16803,27.96098],[85.1681,27.96118],[85.16809,27.96141],[85.1682,27.96156],[85.16818,27.96169],[85.1681,27.96191],[85.16794,27.96196],[85.16789,27.96203],[85.1681,27.96211],[85.16816,27.9622],[85.16813,27.96226],[85.16817,27.96236],[85.16832,27.9624],[85.16836,27.96247],[85.16834,27.96266],[85.16812,27.96273],[85.16825,27.96278],[85.1682,27.96283],[85.16819,27.96305],[85.16828,27.9631],[85.16818,27.96319],[85.16832,27.96326],[85.1683,27.96331],[85.16814,27.96339],[85.16815,27.9635],[85.16828,27.96361],[85.16821,27.96391],[85.16844,27.96406],[85.16863,27.96407],[85.16907,27.96423],[85.16913,27.96436],[85.16945,27.96456],[85.17012,27.96473],[85.17007,27.96491],[85.16995,27.96501],[85.16994,27.96508],[85.17001,27.96512],[85.17021,27.96509],[85.17024,27.96506],[85.17019,27.96502],[85.17022,27.96498],[85.17044,27.96485],[85.1708,27.96495],[85.17082,27.96503],[85.17122,27.96516],[85.17131,27.96534],[85.1712,27.96541],[85.1712,27.96557],[85.17134,27.96569],[85.17135,27.96581],[85.17128,27.96594],[85.17138,27.96612],[85.17136,27.9662],[85.17121,27.96633],[85.17127,27.96635],[85.17148,27.96621],[85.17157,27.96621],[85.17134,27.96639],[85.17135,27.96656],[85.17124,27.96669],[85.17152,27.96671],[85.17166,27.9669],[85.172,27.96696],[85.17205,27.96704],[85.17221,27.96712],[85.17231,27.96729],[85.17263,27.96743],[85.17275,27.96769],[85.1731,27.96768],[85.17345,27.96776],[85.17384,27.96766],[85.17474,27.96787],[85.17488,27.968],[85.175,27.96803],[85.17517,27.96801],[85.17521,27.96813],[85.17542,27.96828],[85.1755,27.96858],[85.17572,27.96885],[85.17578,27.96903],[85.17576,27.96917],[85.17587,27.96912],[85.17598,27.96924],[85.17609,27.96924],[85.17616,27.96932],[85.17632,27.96928],[85.17626,27.96936],[85.17631,27.9694],[85.1765,27.9694],[85.17659,27.96932],[85.1767,27.96929],[85.17714,27.96963],[85.17754,27.96971],[85.17765,27.96981],[85.17793,27.96988],[85.17802,27.96999],[85.17845,27.97001],[85.17862,27.96986],[85.17879,27.96997],[85.17919,27.96993],[85.17947,27.96997],[85.17974,27.97007],[85.18014,27.97006],[85.18024,27.97013],[85.18022,27.97021],[85.18002,27.9703],[85.18043,27.97104],[85.18048,27.97124],[85.18072,27.97128],[85.18087,27.97119],[85.18098,27.97085],[85.18112,27.97066],[85.18133,27.97061],[85.18143,27.97069],[85.18173,27.97115],[85.18163,27.97142],[85.1817,27.97147],[85.18195,27.97149],[85.18205,27.97174],[85.18204,27.97237],[85.18185,27.97298],[85.18221,27.9736],[85.18218,27.97379],[85.18193,27.97408],[85.1819,27.97418],[85.18192,27.97452],[85.18202,27.97467],[85.18244,27.97471],[85.18284,27.97467],[85.18297,27.97477],[85.18306,27.97498],[85.18323,27.97499],[85.18387,27.97479],[85.1846,27.97482],[85.18489,27.97487],[85.18502,27.97496],[85.18507,27.97506],[85.18507,27.97516],[85.18533,27.97524],[85.18598,27.9752],[85.18614,27.97525],[85.18629,27.97523],[85.18632,27.97534],[85.18645,27.97539],[85.1864,27.97553],[85.18669,27.97572],[85.18683,27.97598],[85.18695,27.97598],[85.18713,27.97607],[85.18728,27.97625],[85.18776,27.97635],[85.18808,27.97647],[85.18853,27.9768],[85.18863,27.97696],[85.18902,27.97699],[85.18921,27.97714],[85.18951,27.97691],[85.18984,27.97687],[85.19021,27.9766],[85.19045,27.97657],[85.19079,27.97635],[85.19146,27.97614],[85.1916,27.97595],[85.19181,27.97587],[85.19156,27.97586],[85.19147,27.97595],[85.1914,27.97595],[85.19122,27.97578],[85.19083,27.97591],[85.19031,27.97623],[85.19021,27.97624],[85.19016,27.9762],[85.18988,27.97629],[85.1901,27.97603],[85.19057,27.9757],[85.19103,27.97561],[85.19126,27.97549],[85.19178,27.97552],[85.19266,27.97584],[85.19282,27.97557],[85.19263,27.9755]]]}},{"type":"Feature","properties":{"name":"Observed landslide extent (Bidur)","area_ha":0,"type":"Landslide","fill":"#78350f","fill-opacity":0.35,"stroke":"#451a03","stroke-width":1.4},"geometry":{"type":"MultiPolygon","coordinates":[[[[85.17841,27.96651]]],[[[85.17841,27.96651],[85.1784,27.96651],[85.17841,27.96651]]],[[[85.1784,27.96651],[85.17839,27.96652],[85.1784,27.96651]]],[[[85.17841,27.96651],[85.17857,27.96655],[85.17868,27.9667],[85.17886,27.96677],[85.17855,27.96648],[85.17841,27.96651]]]]}},{"type":"Feature","properties":{"name":"Observed landslide extent (Bidur)","area_ha":88,"type":"Landslide","fill":"#78350f","fill-opacity":0.35,"stroke":"#451a03","stroke-width":1.4},"geometry":{"type":"MultiPolygon","coordinates":[[[[85.17842,27.96651],[85.17854,27.96649],[85.17795,27.96584],[85.1779,27.96564],[85.17754,27.96551],[85.17737,27.96532],[85.17711,27.9652],[85.17709,27.96498],[85.17666,27.96471],[85.17653,27.96445],[85.17631,27.96428],[85.17618,27.96426],[85.17605,27.96435],[85.17595,27.96434],[85.1757,27.96422],[85.17539,27.96393],[85.1751,27.96394],[85.17427,27.96367],[85.17397,27.96345],[85.17401,27.96322],[85.17362,27.96327],[85.17349,27.96316],[85.17352,27.96309],[85.17296,27.96298],[85.17264,27.96338],[85.1727,27.9635],[85.17261,27.96369],[85.1726,27.96384],[85.17277,27.96413],[85.17279,27.96446],[85.17286,27.96465],[85.17309,27.9648],[85.17329,27.96482],[85.17341,27.96468],[85.1734,27.96458],[85.17361,27.9646],[85.17377,27.96464],[85.17391,27.96476],[85.17393,27.96546],[85.17416,27.96581],[85.17405,27.96611],[85.17412,27.96622],[85.17433,27.96615],[85.17439,27.96628],[85.17463,27.96632],[85.17518,27.96612],[85.17523,27.96613],[85.17532,27.96629],[85.17576,27.96626],[85.17585,27.96643],[85.17611,27.96643],[85.17656,27.96634],[85.1767,27.96644],[85.17675,27.96658],[85.1769,27.96658],[85.1773,27.9663],[85.17762,27.96625],[85.17797,27.96661],[85.17842,27.96651]]],[[[85.18011,27.96741],[85.18002,27.96731],[85.17989,27.96726],[85.17983,27.96714],[85.17925,27.96706],[85.17914,27.9669],[85.17907,27.96689],[85.1791,27.96719],[85.17919,27.96732],[85.17949,27.96749],[85.1799,27.96743],[85.18026,27.9677],[85.18034,27.96783],[85.18049,27.96789],[85.18051,27.96779],[85.18045,27.96771],[85.18011,27.96741]]],[[[85.1807,27.96803],[85.18075,27.96808],[85.1809,27.96808],[85.18073,27.96793],[85.18061,27.96791],[85.1807,27.96803]]],[[[85.18117,27.96837],[85.18111,27.96814],[85.18096,27.96822],[85.18096,27.96843],[85.18118,27.96841],[85.18117,27.96837]]],[[[85.18481,27.96944],[85.18483,27.96984],[85.18493,27.96993],[85.18508,27.96994],[85.18523,27.97004],[85.18545,27.97002],[85.18512,27.96992],[85.18504,27.96979],[85.18498,27.96938],[85.18488,27.96918],[85.18467,27.96904],[85.18464,27.96905],[85.18474,27.96916],[85.18481,27.96944]]],[[[85.18615,27.97261],[85.18613,27.97227],[85.18598,27.97219],[85.18601,27.97207],[85.18595,27.97196],[85.18604,27.97192],[85.18595,27.9717],[85.18595,27.97162],[85.18618,27.97157],[85.18643,27.97121],[85.18649,27.97118],[85.18651,27.97084],[85.1866,27.97071],[85.18705,27.97059],[85.187,27.97036],[85.18696,27.97033],[85.18668,27.97033],[85.18664,27.97052],[85.18632,27.97069],[85.18622,27.97093],[85.18628,27.97109],[85.18567,27.97166],[85.18565,27.97172],[85.18572,27.97187],[85.18582,27.97252],[85.18574,27.97267],[85.18559,27.9726],[85.18553,27.97268],[85.18552,27.97285],[85.18555,27.9729],[85.1857,27.97292],[85.18578,27.97303],[85.18576,27.97326],[85.18581,27.97333],[85.18605,27.97335],[85.18622,27.97323],[85.18612,27.97313],[85.18608,27.973],[85.18607,27.97277],[85.18615,27.97261]]],[[[85.18601,27.97522],[85.1857,27.97521],[85.18578,27.97528],[85.18609,27.97526],[85.18615,27.97535],[85.18632,27.97546],[85.18645,27.97539],[85.18631,27.97531],[85.18629,27.97523],[85.18601,27.97522]]],[[[85.19043,27.97711],[85.19104,27.97672],[85.19162,27.97657],[85.19193,27.9763],[85.1921,27.976],[85.1921,27.9759],[85.19193,27.97585],[85.19164,27.97593],[85.19146,27.97614],[85.19079,27.97635],[85.19045,27.97657],[85.19021,27.9766],[85.18991,27.97684],[85.18951,27.97691],[85.18923,27.97712],[85.18949,27.97702],[85.18983,27.97724],[85.19012,27.97724],[85.19043,27.97711]]],[[[85.1843,27.97483],[85.18465,27.97491],[85.18484,27.97489],[85.18502,27.97498],[85.18489,27.97487],[85.1846,27.97482],[85.18387,27.97479],[85.18323,27.97499],[85.18306,27.97498],[85.18297,27.97477],[85.18284,27.97467],[85.18244,27.97471],[85.18202,27.97467],[85.18192,27.97452],[85.1819,27.97418],[85.18193,27.97408],[85.18218,27.97379],[85.18221,27.9736],[85.18185,27.97298],[85.18204,27.97237],[85.18205,27.97174],[85.18195,27.97149],[85.1817,27.97147],[85.18163,27.97142],[85.18173,27.97115],[85.18143,27.97069],[85.18133,27.97061],[85.18112,27.97066],[85.18098,27.97085],[85.18082,27.97143],[85.18096,27.97169],[85.18117,27.97182],[85.18122,27.97215],[85.18074,27.97254],[85.18066,27.97266],[85.18063,27.97284],[85.18075,27.97368],[85.18106,27.97436],[85.1813,27.97511],[85.18114,27.97582],[85.18077,27.97645],[85.18056,27.97666],[85.18047,27.97696],[85.1805,27.97727],[85.18031,27.97742],[85.18019,27.9778],[85.17994,27.97806],[85.17985,27.9784],[85.17937,27.97904],[85.17936,27.97937],[85.17912,27.97946],[85.1788,27.97979],[85.17843,27.98029],[85.17826,27.98066],[85.17823,27.98109],[85.17809,27.98142],[85.17797,27.9815],[85.17793,27.98164],[85.17786,27.98166],[85.17754,27.98206],[85.17707,27.98208],[85.17688,27.98216],[85.17607,27.98227],[85.1755,27.98218],[85.17525,27.98237],[85.17514,27.98238],[85.17472,27.98232],[85.17409,27.98208],[85.17395,27.98194],[85.17367,27.98191],[85.17363,27.98194],[85.17365,27.98211],[85.17382,27.9822],[85.17387,27.98231],[85.17364,27.98236],[85.1735,27.9823],[85.17337,27.98231],[85.1735,27.98239],[85.17361,27.98259],[85.17356,27.98256],[85.1737,27.98269],[85.17431,27.98312],[85.17495,27.98333],[85.17513,27.98357],[85.1755,27.98365],[85.17554,27.98375],[85.1757,27.98382],[85.17624,27.98388],[85.17656,27.98372],[85.17683,27.98372],[85.17756,27.98391],[85.17778,27.98405],[85.17845,27.98402],[85.17881,27.98393],[85.17886,27.98396],[85.17889,27.9842],[85.17919,27.98508],[85.17918,27.98531],[85.17929,27.98546],[85.17925,27.98565],[85.1794,27.98582],[85.17937,27.98622],[85.17942,27.98648],[85.17938,27.98666],[85.17947,27.98676],[85.17952,27.98702],[85.17967,27.98713],[85.17969,27.98735],[85.17978,27.98749],[85.17975,27.98764],[85.17979,27.98789],[85.17969,27.98813],[85.17986,27.98835],[85.17999,27.98867],[85.18008,27.98872],[85.18021,27.98873],[85.18033,27.98888],[85.18035,27.98899],[85.18053,27.98908],[85.18077,27.98957],[85.18113,27.98977],[85.18099,27.98984],[85.18097,27.99032],[85.18099,27.9905],[85.18107,27.99066],[85.18111,27.99119],[85.18118,27.99133],[85.18115,27.99142],[85.18127,27.99157],[85.18144,27.99216],[85.18142,27.99226],[85.18164,27.99271],[85.18164,27.99297],[85.18175,27.99306],[85.18182,27.99323],[85.18432,27.9928],[85.1843,27.99263],[85.1844,27.99258],[85.18438,27.99243],[85.18447,27.99239],[85.18443,27.99233],[85.18448,27.99226],[85.18437,27.99215],[85.18441,27.99208],[85.18426,27.99192],[85.18414,27.99167],[85.18415,27.99161],[85.18428,27.99157],[85.18408,27.99145],[85.18412,27.9914],[85.18421,27.99141],[85.18422,27.99134],[85.18412,27.99126],[85.18418,27.9912],[85.18398,27.99099],[85.18367,27.9908],[85.18361,27.99053],[85.18348,27.99035],[85.18348,27.99017],[85.18335,27.98994],[85.18337,27.98988],[85.18349,27.98982],[85.18337,27.9897],[85.18341,27.98946],[85.18332,27.98935],[85.18351,27.98916],[85.18341,27.98914],[85.18341,27.98906],[85.18332,27.98894],[85.18341,27.98885],[85.18323,27.98855],[85.18322,27.98837],[85.18312,27.98828],[85.18315,27.98808],[85.18294,27.98798],[85.18286,27.98787],[85.18299,27.98739],[85.18291,27.98722],[85.18289,27.98685],[85.18281,27.98673],[85.18286,27.98657],[85.18276,27.98639],[85.1828,27.98615],[85.18276,27.98599],[85.18284,27.98591],[85.18286,27.98581],[85.18298,27.9857],[85.18288,27.98567],[85.18281,27.98526],[85.18268,27.9852],[85.18265,27.985],[85.18275,27.98488],[85.18263,27.98477],[85.18263,27.98468],[85.18269,27.98465],[85.18265,27.98452],[85.18278,27.98449],[85.18288,27.98439],[85.18287,27.98426],[85.18278,27.98421],[85.18274,27.98412],[85.18245,27.98404],[85.18229,27.98409],[85.18209,27.98406],[85.18194,27.98393],[85.18193,27.98383],[85.1818,27.98374],[85.1818,27.98359],[85.18149,27.98323],[85.1815,27.98317],[85.18159,27.9831],[85.18152,27.983],[85.18137,27.9829],[85.18136,27.98284],[85.18143,27.98283],[85.18147,27.98277],[85.18133,27.98265],[85.18135,27.98247],[85.18128,27.98247],[85.18116,27.98223],[85.18121,27.98207],[85.18138,27.98183],[85.18136,27.98174],[85.18145,27.98167],[85.18143,27.98161],[85.18152,27.98156],[85.18161,27.98158],[85.18173,27.98135],[85.18166,27.98121],[85.18173,27.98119],[85.1817,27.98107],[85.18162,27.98096],[85.18164,27.98087],[85.18172,27.9808],[85.18171,27.98071],[85.18187,27.98064],[85.18193,27.98048],[85.18209,27.98037],[85.1821,27.98009],[85.18224,27.97993],[85.18242,27.9799],[85.18261,27.97977],[85.18251,27.97957],[85.18257,27.97944],[85.18253,27.97934],[85.18255,27.97913],[85.18238,27.97894],[85.18241,27.97887],[85.18251,27.97886],[85.18249,27.97877],[85.18258,27.9787],[85.18257,27.97861],[85.18246,27.97849],[85.18252,27.97841],[85.18252,27.97832],[85.18261,27.97815],[85.18267,27.97813],[85.18267,27.97804],[85.18284,27.97797],[85.18284,27.97787],[85.18277,27.97777],[85.18289,27.97759],[85.18288,27.97753],[85.18297,27.97745],[85.18292,27.9774],[85.18289,27.97718],[85.18335,27.97696],[85.18325,27.97666],[85.1834,27.97653],[85.18341,27.97645],[85.18366,27.97639],[85.18374,27.97624],[85.18388,27.97625],[85.18397,27.97615],[85.18391,27.97604],[85.18377,27.97595],[85.18389,27.97588],[85.18381,27.97549],[85.18389,27.97544],[85.1839,27.97513],[85.184,27.97507],[85.18408,27.97491],[85.1843,27.97483]],[[85.18423,27.97483]]]]}},{"type":"Feature","properties":{"name":"Observed landslide extent (Bidur)","area_ha":25,"type":"Landslide","fill":"#78350f","fill-opacity":0.35,"stroke":"#451a03","stroke-width":1.4},"geometry":{"type":"Polygon","coordinates":[[[85.18181,27.99342],[85.18189,27.99371],[85.18218,27.99412],[85.1825,27.99478],[85.1825,27.99497],[85.18277,27.9953],[85.18283,27.99599],[85.18324,27.99657],[85.18324,27.99681],[85.18344,27.99715],[85.18339,27.99745],[85.18327,27.99761],[85.18326,27.99771],[85.18333,27.99782],[85.18348,27.99791],[85.18362,27.99815],[85.1837,27.9984],[85.18375,27.99863],[85.18371,27.99896],[85.1835,27.99922],[85.18337,27.99926],[85.1833,27.99952],[85.18311,27.99981],[85.18314,28.00003],[85.18321,28.00005],[85.18349,27.99996],[85.18359,28.00011],[85.18397,27.99996],[85.18445,27.99998],[85.18457,27.99993],[85.18481,28],[85.18522,27.99992],[85.18556,28.00013],[85.18572,28.00029],[85.1863,28.00038],[85.18643,28.0006],[85.18667,28.00064],[85.18657,28.00023],[85.1866,27.99998],[85.18667,27.99957],[85.18684,27.99955],[85.18694,27.99897],[85.18688,27.99768],[85.18681,27.99739],[85.1869,27.99695],[85.18688,27.99641],[85.18682,27.99606],[85.18672,27.99586],[85.18659,27.99576],[85.18612,27.99566],[85.18576,27.99549],[85.18547,27.99517],[85.1853,27.99466],[85.18498,27.99438],[85.18457,27.99373],[85.18449,27.99356],[85.18432,27.9928],[85.18183,27.99323],[85.18181,27.99342]]]}},{"type":"Feature","properties":{"name":"Observed landslide extent (Bidur)","area_ha":29,"type":"Landslide","fill":"#78350f","fill-opacity":0.35,"stroke":"#451a03","stroke-width":1.4},"geometry":{"type":"Polygon","coordinates":[[[85.18485,28.00894],[85.18498,28.00865],[85.18499,28.00817],[85.18507,28.00766],[85.18522,28.00735],[85.18525,28.007],[85.18568,28.00663],[85.18574,28.00648],[85.18595,28.00631],[85.18599,28.00597],[85.18573,28.00565],[85.18571,28.00553],[85.18546,28.00535],[85.18539,28.00525],[85.1854,28.00481],[85.1857,28.00449],[85.18589,28.00445],[85.18617,28.00447],[85.18618,28.00442],[85.18606,28.00436],[85.18609,28.00427],[85.18583,28.00409],[85.18576,28.00394],[85.18576,28.00379],[85.18598,28.00347],[85.18597,28.00338],[85.1859,28.0033],[85.18596,28.00321],[85.18594,28.00308],[85.18587,28.00304],[85.18588,28.00294],[85.18596,28.00285],[85.18597,28.00272],[85.18604,28.00265],[85.18601,28.00253],[85.18607,28.00242],[85.18619,28.00246],[85.18632,28.00237],[85.18633,28.00218],[85.18644,28.00198],[85.18642,28.00194],[85.18623,28.00191],[85.18646,28.00184],[85.18653,28.00149],[85.18675,28.00112],[85.1868,28.00089],[85.1866,28.00084],[85.18659,28.00075],[85.1867,28.00066],[85.18643,28.0006],[85.1863,28.00038],[85.18572,28.00029],[85.18556,28.00013],[85.18522,27.99992],[85.18481,28],[85.18457,27.99993],[85.18445,27.99998],[85.18397,27.99996],[85.18359,28.00011],[85.18349,27.99996],[85.18342,27.99996],[85.18321,28.00005],[85.18314,28.00003],[85.18311,28.00014],[85.18315,28.00022],[85.18306,28.00031],[85.18311,28.00042],[85.18295,28.00058],[85.18289,28.00071],[85.18298,28.00087],[85.18314,28.001],[85.18306,28.00113],[85.1831,28.00118],[85.18298,28.00126],[85.18295,28.00137],[85.18311,28.0015],[85.18305,28.00161],[85.18324,28.00191],[85.18318,28.00207],[85.18309,28.00213],[85.18306,28.00238],[85.18282,28.00254],[85.18298,28.00265],[85.18304,28.00286],[85.18303,28.003],[85.18292,28.00315],[85.18297,28.00322],[85.18296,28.00334],[85.18307,28.00348],[85.1829,28.00348],[85.18286,28.00355],[85.18303,28.00363],[85.18297,28.00372],[85.18302,28.00376],[85.18299,28.00383],[85.18307,28.00404],[85.18302,28.00413],[85.18302,28.00443],[85.18295,28.00459],[85.18304,28.00468],[85.18296,28.00497],[85.18288,28.00509],[85.1828,28.0055],[85.18282,28.00556],[85.18287,28.00556],[85.18293,28.00548],[85.18296,28.00569],[85.18285,28.006],[85.18276,28.00605],[85.1828,28.00613],[85.18271,28.00618],[85.18264,28.0065],[85.18255,28.00666],[85.18254,28.00703],[85.18243,28.00736],[85.18247,28.00757],[85.18245,28.00783],[85.18229,28.00843],[85.18231,28.00859],[85.18209,28.00882],[85.18191,28.00909],[85.18483,28.00904],[85.18485,28.00894]]]}},{"type":"Feature","properties":{"name":"Observed landslide extent (Phosretar)","area_ha":0,"type":"Landslide","fill":"#78350f","fill-opacity":0.35,"stroke":"#451a03","stroke-width":1.4},"geometry":{"type":"Polygon","coordinates":[[[84.94289,27.8105],[84.94338,27.80935],[84.94269,27.81099],[84.94289,27.8105]]]}},{"type":"Feature","properties":{"name":"Observed landslide extent (Phosretar)","area_ha":0,"type":"Landslide","fill":"#78350f","fill-opacity":0.35,"stroke":"#451a03","stroke-width":1.4},"geometry":{"type":"Polygon","coordinates":[[[84.95103,27.81144],[84.95055,27.81131],[84.95103,27.81144]]]}},{"type":"Feature","properties":{"name":"Observed landslide extent (Phosretar)","area_ha":0,"type":"Landslide","fill":"#78350f","fill-opacity":0.35,"stroke":"#451a03","stroke-width":1.4},"geometry":{"type":"Polygon","coordinates":[[[84.9432,27.81175],[84.94326,27.81175],[84.94323,27.81156],[84.94311,27.81146],[84.94291,27.81117],[84.94283,27.81129],[84.94291,27.8114],[84.94291,27.81147],[84.94265,27.81157],[84.94264,27.81177],[84.94291,27.81192],[84.94297,27.8119],[84.94306,27.81175],[84.9432,27.81175]]]}},{"type":"Feature","properties":{"name":"Observed landslide extent (Phosretar)","area_ha":0,"type":"Landslide","fill":"#78350f","fill-opacity":0.35,"stroke":"#451a03","stroke-width":1.4},"geometry":{"type":"Polygon","coordinates":[[[84.94785,27.81228],[84.94786,27.81231],[84.94797,27.8122],[84.94801,27.81225],[84.94807,27.81214],[84.94805,27.81206],[84.94798,27.81212],[84.94801,27.81196],[84.94783,27.81212],[84.94793,27.81205],[84.94795,27.81207],[84.94778,27.81232],[84.94785,27.81228]]]}},{"type":"Feature","properties":{"name":"Observed landslide extent (Phosretar)","area_ha":0,"type":"Landslide","fill":"#78350f","fill-opacity":0.35,"stroke":"#451a03","stroke-width":1.4},"geometry":{"type":"Polygon","coordinates":[[[84.95077,27.81241],[84.95077,27.81233],[84.95067,27.81233],[84.95071,27.81244],[84.95077,27.81241]]]}},{"type":"Feature","properties":{"name":"Observed landslide extent (Phosretar)","area_ha":0,"type":"Landslide","fill":"#78350f","fill-opacity":0.35,"stroke":"#451a03","stroke-width":1.4},"geometry":{"type":"Polygon","coordinates":[[[84.95116,27.81306],[84.95116,27.81297],[84.95137,27.81297],[84.95137,27.81288],[84.95143,27.81288],[84.95149,27.81274],[84.95141,27.81255],[84.95136,27.81248],[84.95129,27.81247],[84.95122,27.81229],[84.95128,27.81209],[84.95108,27.81207],[84.95108,27.81225],[84.95097,27.81225],[84.95097,27.81252],[84.95087,27.81252],[84.95087,27.81242],[84.9508,27.81242],[84.95086,27.81281],[84.95086,27.81319],[84.951,27.81318],[84.95106,27.81324],[84.95106,27.81306],[84.95116,27.81306]]]}},{"type":"Feature","properties":{"name":"Observed landslide extent (Phosretar)","area_ha":22,"type":"Landslide","fill":"#78350f","fill-opacity":0.35,"stroke":"#451a03","stroke-width":1.4},"geometry":{"type":"MultiPolygon","coordinates":[[[[84.94365,27.81028],[84.94359,27.81028],[84.94353,27.81015],[84.94346,27.80986],[84.94354,27.80969],[84.94346,27.80966],[84.94347,27.80946],[84.94338,27.80937],[84.94269,27.81099],[84.94291,27.81117],[84.94311,27.81146],[84.94323,27.81156],[84.94326,27.81175],[84.94332,27.81183],[84.94332,27.81204],[84.94337,27.81211],[84.94352,27.81214],[84.94354,27.81227],[84.94347,27.81232],[84.94344,27.8123],[84.94342,27.81237],[84.94353,27.81268],[84.94354,27.81288],[84.94378,27.81324],[84.94394,27.81339],[84.94391,27.81356],[84.94394,27.81356],[84.94394,27.81365],[84.94424,27.81366],[84.94445,27.81377],[84.94455,27.81391],[84.94469,27.81392],[84.94483,27.81402],[84.94493,27.8142],[84.94538,27.81425],[84.94544,27.8144],[84.94545,27.81433],[84.94556,27.81433],[84.94556,27.81424],[84.94596,27.81425],[84.94597,27.81416],[84.94678,27.81417],[84.94678,27.81408],[84.94708,27.81408],[84.94708,27.81399],[84.94719,27.81399],[84.94719,27.8139],[84.94739,27.81391],[84.94739,27.81373],[84.9475,27.81373],[84.9475,27.81364],[84.9477,27.81364],[84.9477,27.81346],[84.94781,27.81346],[84.94781,27.81337],[84.94791,27.81337],[84.94791,27.81328],[84.94801,27.81328],[84.94801,27.81319],[84.94811,27.8132],[84.94812,27.81284],[84.94822,27.81284],[84.94822,27.81275],[84.94833,27.81275],[84.94833,27.81266],[84.94853,27.81266],[84.94853,27.81254],[84.94817,27.81259],[84.94806,27.81257],[84.94799,27.81251],[84.948,27.81245],[84.94794,27.81253],[84.94795,27.81243],[84.94784,27.81254],[84.94801,27.81225],[84.94797,27.8122],[84.94773,27.81238],[84.94755,27.81277],[84.94751,27.81272],[84.9477,27.81227],[84.94805,27.81193],[84.94804,27.81185],[84.94789,27.81175],[84.94748,27.8118],[84.94763,27.81169],[84.94757,27.81169],[84.94696,27.81187],[84.94714,27.81188],[84.94745,27.81176],[84.94733,27.81186],[84.94731,27.81198],[84.94716,27.812],[84.94662,27.81192],[84.94661,27.81187],[84.94672,27.81184],[84.94658,27.81183],[84.94633,27.81208],[84.94637,27.81197],[84.94621,27.81195],[84.94621,27.81191],[84.94626,27.81187],[84.94641,27.81186],[84.94641,27.81182],[84.94601,27.81175],[84.94607,27.81187],[84.94616,27.8119],[84.94608,27.81196],[84.94608,27.81192],[84.94592,27.81186],[84.94593,27.81183],[84.9457,27.8118],[84.94573,27.81168],[84.94565,27.81164],[84.94555,27.81143],[84.94548,27.81146],[84.94542,27.81169],[84.94523,27.81162],[84.94513,27.8117],[84.94507,27.81168],[84.94508,27.81161],[84.94514,27.81161],[84.94511,27.81154],[84.94504,27.81158],[84.945,27.8115],[84.94494,27.81156],[84.94489,27.81153],[84.94489,27.81147],[84.94482,27.81145],[84.94448,27.81147],[84.94416,27.81121],[84.9441,27.8111],[84.94412,27.81105],[84.94396,27.81099],[84.94399,27.81088],[84.94385,27.8108],[84.94379,27.81083],[84.94363,27.81068],[84.94369,27.81047],[84.94365,27.81028]]],[[[84.95055,27.81132],[84.95057,27.81155],[84.95083,27.81196],[84.95075,27.81218],[84.95069,27.8122],[84.95067,27.81212],[84.95064,27.81214],[84.9506,27.81236],[84.95077,27.81233],[84.95077,27.81241],[84.95087,27.81242],[84.95087,27.81252],[84.95097,27.81252],[84.95097,27.81225],[84.95108,27.81225],[84.95108,27.81207],[84.95117,27.81207],[84.95119,27.81191],[84.9511,27.81178],[84.95106,27.81148],[84.95103,27.81144],[84.95055,27.81132]],[[84.95057,27.81133],[84.95056,27.81133],[84.95057,27.81133]]],[[[84.95123,27.81207],[84.95127,27.81207],[84.95126,27.81206],[84.95123,27.81207]]],[[[84.95353,27.8145],[84.95324,27.8146],[84.95349,27.81469],[84.95356,27.81455],[84.95353,27.8145]]],[[[84.95367,27.8147],[84.95377,27.8147],[84.95358,27.81464],[84.95357,27.81469],[84.95367,27.8147]]],[[[84.95278,27.81672],[84.95289,27.8167],[84.95288,27.81673],[84.95303,27.81677],[84.95323,27.81676],[84.95383,27.81689],[84.95385,27.81698],[84.954,27.81698],[84.954,27.81687],[84.95372,27.81661],[84.95367,27.81617],[84.9538,27.81538],[84.9535,27.81532],[84.95334,27.81538],[84.95326,27.81548],[84.95302,27.81551],[84.95265,27.81584],[84.95247,27.81583],[84.9525,27.81559],[84.95277,27.81534],[84.95278,27.81523],[84.95269,27.81509],[84.95248,27.81496],[84.95246,27.81489],[84.95208,27.8147],[84.95207,27.81458],[84.95211,27.81452],[84.95241,27.81457],[84.95242,27.81445],[84.95235,27.81448],[84.95227,27.8144],[84.95215,27.8144],[84.95216,27.8143],[84.95228,27.81409],[84.95217,27.81398],[84.95219,27.81392],[84.95226,27.81394],[84.95247,27.81388],[84.95248,27.81383],[84.95243,27.81382],[84.95248,27.81377],[84.95226,27.81368],[84.95226,27.81359],[84.95216,27.81355],[84.95215,27.8135],[84.9521,27.81354],[84.95211,27.81348],[84.95206,27.81346],[84.95191,27.81352],[84.95179,27.81345],[84.95167,27.81343],[84.95163,27.81348],[84.95162,27.81328],[84.95153,27.81324],[84.95146,27.81292],[84.95137,27.81288],[84.95137,27.81297],[84.95116,27.81297],[84.95116,27.81306],[84.95106,27.81306],[84.95106,27.81324],[84.95095,27.81333],[84.95095,27.81369],[84.95105,27.81369],[84.95105,27.81387],[84.95094,27.81387],[84.95094,27.81414],[84.95084,27.81414],[84.95083,27.81432],[84.95073,27.81432],[84.95073,27.8145],[84.95063,27.8145],[84.95061,27.81549],[84.95051,27.81549],[84.9505,27.81567],[84.9503,27.81567],[84.9503,27.81576],[84.9502,27.81575],[84.9502,27.81584],[84.95009,27.81584],[84.95009,27.81602],[84.94999,27.81602],[84.94999,27.81611],[84.95009,27.81611],[84.95009,27.8162],[84.94999,27.8162],[84.94998,27.81629],[84.95009,27.81629],[84.95008,27.81638],[84.95019,27.81639],[84.95018,27.81657],[84.95049,27.81657],[84.95049,27.81666],[84.95109,27.81667],[84.95109,27.81676],[84.9514,27.81677],[84.9514,27.81686],[84.9515,27.81686],[84.9515,27.81695],[84.95203,27.81696],[84.95211,27.81687],[84.95243,27.81685],[84.95242,27.81681],[84.95236,27.81683],[84.95238,27.81677],[84.95258,27.81672],[84.95261,27.81686],[84.95262,27.81681],[84.95278,27.81672]],[[84.95221,27.81358],[84.95221,27.81357],[84.95221,27.81358]],[[84.95218,27.81359],[84.95218,27.81358],[84.95219,27.81358],[84.95219,27.81359],[84.95218,27.81359]],[[84.95276,27.81673],[84.95277,27.81673],[84.95276,27.81673]],[[84.95147,27.81307]]]]}},{"type":"Feature","properties":{"name":"Observed landslide extent (Phosretar)","area_ha":0,"type":"Landslide","fill":"#78350f","fill-opacity":0.35,"stroke":"#451a03","stroke-width":1.4},"geometry":{"type":"Polygon","coordinates":[[[84.95095,27.81333],[84.95092,27.81342],[84.95095,27.81342],[84.95095,27.81333]]]}},{"type":"Feature","properties":{"name":"Observed landslide extent (Phosretar)","area_ha":0,"type":"Landslide","fill":"#78350f","fill-opacity":0.35,"stroke":"#451a03","stroke-width":1.4},"geometry":{"type":"Polygon","coordinates":[[[84.94416,27.81367],[84.94424,27.81368],[84.94414,27.81366],[84.94416,27.81367]]]}},{"type":"Feature","properties":{"name":"Observed landslide extent (Phosretar)","area_ha":0,"type":"Landslide","fill":"#78350f","fill-opacity":0.35,"stroke":"#451a03","stroke-width":1.4},"geometry":{"type":"Polygon","coordinates":[[[84.94391,27.81358],[84.94387,27.8138],[84.94373,27.81405],[84.94382,27.81402],[84.94403,27.81366],[84.94394,27.81365],[84.94394,27.81356],[84.94391,27.81358]]]}},{"type":"Feature","properties":{"name":"Observed landslide extent (Phosretar)","area_ha":0,"type":"Landslide","fill":"#78350f","fill-opacity":0.35,"stroke":"#451a03","stroke-width":1.4},"geometry":{"type":"Polygon","coordinates":[[[84.94453,27.81386],[84.94455,27.81384],[84.94452,27.81384],[84.94453,27.81386]]]}},{"type":"Feature","properties":{"name":"Observed landslide extent (Phosretar)","area_ha":0,"type":"Landslide","fill":"#78350f","fill-opacity":0.35,"stroke":"#451a03","stroke-width":1.4},"geometry":{"type":"Polygon","coordinates":[[[84.94486,27.81417],[84.94488,27.81422],[84.94494,27.81422],[84.94485,27.8141],[84.94486,27.81417]]]}},{"type":"Feature","properties":{"name":"Observed landslide extent (Phosretar)","area_ha":14,"type":"Landslide","fill":"#78350f","fill-opacity":0.35,"stroke":"#451a03","stroke-width":1.4},"geometry":{"type":"Polygon","coordinates":[[[84.95081,27.81728],[84.95088,27.81721],[84.95103,27.81719],[84.95114,27.81708],[84.95185,27.81706],[84.9519,27.81698],[84.95203,27.81696],[84.9515,27.81695],[84.9515,27.81686],[84.9514,27.81686],[84.9514,27.81677],[84.95109,27.81676],[84.95109,27.81667],[84.95049,27.81666],[84.95049,27.81657],[84.95018,27.81657],[84.95019,27.81639],[84.95008,27.81638],[84.95009,27.81629],[84.94998,27.81629],[84.94999,27.8162],[84.95009,27.8162],[84.95009,27.81611],[84.94999,27.81611],[84.94999,27.81602],[84.95009,27.81602],[84.95009,27.81584],[84.9502,27.81584],[84.9502,27.81575],[84.9503,27.81576],[84.9503,27.81567],[84.9505,27.81567],[84.95051,27.81549],[84.95061,27.81549],[84.95063,27.8145],[84.95073,27.8145],[84.95073,27.81432],[84.95083,27.81432],[84.95084,27.81414],[84.95094,27.81414],[84.95094,27.81387],[84.95105,27.81387],[84.95105,27.81369],[84.95095,27.81369],[84.95095,27.81351],[84.95091,27.81351],[84.95088,27.81361],[84.95074,27.81373],[84.9504,27.81374],[84.95012,27.81346],[84.94986,27.81334],[84.94978,27.81346],[84.9498,27.81356],[84.94962,27.81344],[84.9495,27.81363],[84.94942,27.81361],[84.94923,27.81388],[84.94908,27.8139],[84.94907,27.81387],[84.94916,27.81381],[84.94917,27.81373],[84.94905,27.81366],[84.94901,27.81355],[84.94904,27.81353],[84.94915,27.81362],[84.94925,27.81351],[84.94926,27.81343],[84.94937,27.81348],[84.94941,27.81345],[84.94943,27.81341],[84.94929,27.81333],[84.94938,27.81329],[84.94936,27.81324],[84.94927,27.81318],[84.94944,27.81288],[84.94926,27.81275],[84.94923,27.81295],[84.94905,27.81308],[84.94921,27.8128],[84.94916,27.81277],[84.9492,27.81272],[84.94911,27.81263],[84.94904,27.81268],[84.9492,27.81255],[84.94901,27.81238],[84.94887,27.81231],[84.9488,27.81234],[84.94882,27.81241],[84.94899,27.81256],[84.94885,27.81253],[84.94881,27.81265],[84.94874,27.81264],[84.94871,27.81256],[84.94863,27.81262],[84.94854,27.81254],[84.94853,27.81266],[84.94833,27.81266],[84.94833,27.81275],[84.94822,27.81275],[84.94822,27.81284],[84.94812,27.81284],[84.94811,27.8132],[84.94801,27.81319],[84.94801,27.81328],[84.94791,27.81328],[84.94791,27.81337],[84.94781,27.81337],[84.94781,27.81346],[84.9477,27.81346],[84.9477,27.81364],[84.9475,27.81364],[84.9475,27.81373],[84.94739,27.81373],[84.94739,27.81391],[84.94719,27.8139],[84.94719,27.81399],[84.94708,27.81399],[84.94708,27.81408],[84.94678,27.81408],[84.94678,27.81417],[84.94597,27.81416],[84.94596,27.81425],[84.94556,27.81424],[84.94556,27.81433],[84.94545,27.81433],[84.94531,27.81481],[84.94607,27.81561],[84.94671,27.81547],[84.94729,27.81549],[84.9476,27.81531],[84.948,27.81549],[84.94795,27.81582],[84.94819,27.81595],[84.94837,27.81585],[84.94873,27.81582],[84.94881,27.81595],[84.94873,27.81619],[84.94886,27.81634],[84.94895,27.81653],[84.94916,27.81653],[84.94916,27.81662],[84.94947,27.81662],[84.94946,27.8169],[84.94956,27.8169],[84.94956,27.81699],[84.94977,27.81699],[84.94976,27.81726],[84.94986,27.81726],[84.94986,27.81735],[84.95067,27.81737],[84.95079,27.8173],[84.95078,27.81735],[84.95083,27.81735],[84.95081,27.81728]]]}},{"type":"Feature","properties":{"name":"Observed landslide extent (Phosretar)","area_ha":5,"type":"Landslide","fill":"#78350f","fill-opacity":0.35,"stroke":"#451a03","stroke-width":1.4},"geometry":{"type":"Polygon","coordinates":[[[84.94932,27.81736],[84.95027,27.81736],[84.94986,27.81735],[84.94986,27.81726],[84.94976,27.81726],[84.94977,27.81699],[84.94956,27.81699],[84.94956,27.8169],[84.94946,27.8169],[84.94947,27.81662],[84.94916,27.81662],[84.94916,27.81653],[84.94895,27.81653],[84.94886,27.81634],[84.94873,27.81619],[84.94881,27.81595],[84.94873,27.81582],[84.94837,27.81585],[84.94819,27.81595],[84.94795,27.81582],[84.948,27.81549],[84.9476,27.81531],[84.94729,27.81549],[84.94671,27.81547],[84.94607,27.81561],[84.94531,27.81481],[84.94543,27.81442],[84.94538,27.81425],[84.94488,27.81422],[84.94499,27.81448],[84.94513,27.81462],[84.94514,27.81493],[84.94541,27.81538],[84.94568,27.81564],[84.94574,27.81579],[84.94597,27.81608],[84.94614,27.81615],[84.94666,27.81651],[84.94699,27.81662],[84.94713,27.81673],[84.94732,27.81669],[84.9473,27.8168],[84.94742,27.81671],[84.94759,27.81686],[84.94767,27.81684],[84.94858,27.81723],[84.94871,27.81722],[84.94911,27.81737],[84.94932,27.81736]]]}},{"type":"Feature","properties":{"name":"Observed landslide extent (Phosretar)","area_ha":0,"type":"Landslide","fill":"#78350f","fill-opacity":0.35,"stroke":"#451a03","stroke-width":1.4},"geometry":{"type":"Polygon","coordinates":[[[84.95211,27.81687],[84.95217,27.8169],[84.95223,27.81687],[84.95211,27.81687]]]}},{"type":"Feature","properties":{"name":"Observed landslide extent (Phosretar)","area_ha":0,"type":"Landslide","fill":"#78350f","fill-opacity":0.35,"stroke":"#451a03","stroke-width":1.4},"geometry":{"type":"Polygon","coordinates":[[[84.95218,27.81701],[84.95214,27.817],[84.95211,27.81712],[84.95221,27.81722],[84.95224,27.81706],[84.95218,27.81701]]]}},{"type":"Feature","properties":{"name":"Observed landslide extent (Phosretar)","area_ha":0,"type":"Landslide","fill":"#78350f","fill-opacity":0.35,"stroke":"#451a03","stroke-width":1.4},"geometry":{"type":"Polygon","coordinates":[[[84.95256,27.81448],[84.95265,27.81447],[84.95258,27.81445],[84.95253,27.81449],[84.95256,27.81448]]]}},{"type":"Feature","properties":{"name":"Observed landslide extent (Phosretar)","area_ha":0,"type":"Landslide","fill":"#78350f","fill-opacity":0.35,"stroke":"#451a03","stroke-width":1.4},"geometry":{"type":"Polygon","coordinates":[[[84.953,27.81453],[84.95294,27.81446],[84.95287,27.81448],[84.95301,27.81458],[84.953,27.81453]]]}},{"type":"Feature","properties":{"name":"Observed landslide extent (Phosretar)","area_ha":0,"type":"Landslide","fill":"#78350f","fill-opacity":0.35,"stroke":"#451a03","stroke-width":1.4},"geometry":{"type":"Polygon","coordinates":[[[84.95341,27.81468],[84.95317,27.81457],[84.95319,27.81453],[84.95312,27.8145],[84.95317,27.81443],[84.95307,27.8144],[84.95302,27.81449],[84.95297,27.81448],[84.95301,27.81458],[84.95287,27.81448],[84.9529,27.8144],[84.95286,27.8144],[84.95278,27.81451],[84.95256,27.81448],[84.95253,27.81458],[84.95231,27.81457],[84.95223,27.81452],[84.95211,27.81452],[84.95207,27.81458],[84.9521,27.81472],[84.95246,27.81489],[84.95251,27.81499],[84.95267,27.81507],[84.95277,27.81523],[84.95289,27.81459],[84.95341,27.81468]]]}},{"type":"Feature","properties":{"name":"Observed landslide extent (Phosretar)","area_ha":0,"type":"Landslide","fill":"#78350f","fill-opacity":0.35,"stroke":"#451a03","stroke-width":1.4},"geometry":{"type":"Polygon","coordinates":[[[84.95312,27.81547],[84.95326,27.81548],[84.95334,27.81538],[84.95312,27.81547]]]}},{"type":"Feature","properties":{"name":"Observed landslide extent (Phosretar)","area_ha":0,"type":"Landslide","fill":"#78350f","fill-opacity":0.35,"stroke":"#451a03","stroke-width":1.4},"geometry":{"type":"Polygon","coordinates":[[[84.95381,27.81693],[84.95383,27.81689],[84.95372,27.81689],[84.95381,27.81693]],[[84.95381,27.81692],[84.95382,27.81693],[84.95381,27.81693],[84.95381,27.81692]]]}},{"type":"Feature","properties":{"name":"Observed landslide extent (Phosretar)","area_ha":0,"type":"Landslide","fill":"#78350f","fill-opacity":0.35,"stroke":"#451a03","stroke-width":1.4},"geometry":{"type":"Polygon","coordinates":[[[84.95243,27.81696],[84.95241,27.81706],[84.95251,27.817],[84.95243,27.81696]]]}},{"type":"Feature","properties":{"name":"Observed landslide extent (Phosretar)","area_ha":0,"type":"Landslide","fill":"#78350f","fill-opacity":0.35,"stroke":"#451a03","stroke-width":1.4},"geometry":{"type":"Polygon","coordinates":[[[84.95385,27.81698],[84.95399,27.81704],[84.954,27.81698],[84.95385,27.81698]]]}},{"type":"Feature","properties":{"name":"Observed landslide extent (Phosretar)","area_ha":0,"type":"Landslide","fill":"#78350f","fill-opacity":0.35,"stroke":"#451a03","stroke-width":1.4},"geometry":{"type":"Polygon","coordinates":[[[84.95836,27.81708],[84.95839,27.81702],[84.95823,27.81701],[84.9582,27.81694],[84.95812,27.81707],[84.95804,27.81709],[84.95848,27.81719],[84.95835,27.81712],[84.95823,27.81712],[84.95836,27.81708]],[[84.95834,27.81708],[84.95834,27.81707],[84.95834,27.81708]],[[84.95834,27.81707],[84.95835,27.81707],[84.95834,27.81707]],[[84.95835,27.81707]]]}},{"type":"Feature","properties":{"name":"Observed landslide extent (Phosretar)","area_ha":1,"type":"Landslide","fill":"#78350f","fill-opacity":0.35,"stroke":"#451a03","stroke-width":1.4},"geometry":{"type":"Polygon","coordinates":[[[84.95633,27.81766],[84.95605,27.81779],[84.95577,27.8175],[84.95561,27.81769],[84.95535,27.81782],[84.9553,27.81793],[84.95542,27.81798],[84.95546,27.81808],[84.95545,27.818],[84.95548,27.818],[84.95555,27.81807],[84.95549,27.81818],[84.95537,27.81828],[84.95539,27.81837],[84.95547,27.81832],[84.95554,27.81834],[84.9557,27.81847],[84.95574,27.81855],[84.95599,27.81869],[84.95599,27.8185],[84.9562,27.81834],[84.95633,27.81766]]]}},{"type":"Feature","properties":{"name":"Observed landslide extent (Phosretar)","area_ha":520,"type":"Landslide","fill":"#78350f","fill-opacity":0.35,"stroke":"#451a03","stroke-width":1.4},"geometry":{"type":"MultiPolygon","coordinates":[[[[85.01941,27.83528],[85.01953,27.83524],[85.0196,27.83527],[85.01961,27.83533],[85.01976,27.83536],[85.01985,27.83531],[85.01994,27.83534],[85.01993,27.8354],[85.02001,27.83537],[85.02006,27.8354],[85.02015,27.83549],[85.02016,27.83544],[85.02023,27.83544],[85.02022,27.83548],[85.02031,27.83553],[85.02046,27.83557],[85.02089,27.83582],[85.02092,27.83593],[85.02156,27.83616],[85.02154,27.83632],[85.02139,27.83639],[85.02152,27.83649],[85.0213,27.83668],[85.02126,27.83685],[85.02021,27.83877],[85.02006,27.83889],[85.01975,27.8394],[85.01972,27.83953],[85.01957,27.83958],[85.01956,27.84006],[85.01921,27.84023],[85.01913,27.84032],[85.01911,27.84076],[85.01914,27.84078],[85.01907,27.84141],[85.01897,27.84148],[85.01885,27.84177],[85.0186,27.84215],[85.01855,27.84239],[85.01852,27.84272],[85.01863,27.84363],[85.01877,27.84369],[85.01883,27.84397],[85.01913,27.84456],[85.01925,27.84497],[85.01947,27.84533],[85.0197,27.84552],[85.01997,27.84587],[85.01999,27.84622],[85.01991,27.84632],[85.01971,27.84634],[85.02015,27.84648],[85.02022,27.84641],[85.0204,27.84636],[85.02056,27.84639],[85.02089,27.84656],[85.02109,27.84678],[85.02202,27.84701],[85.02246,27.84721],[85.023,27.84754],[85.02358,27.84776],[85.0238,27.84791],[85.02437,27.848],[85.02516,27.8483],[85.02525,27.84859],[85.02526,27.84869],[85.02515,27.8489],[85.02523,27.84906],[85.02588,27.84942],[85.02604,27.84959],[85.0262,27.84945],[85.02639,27.84942],[85.02646,27.84934],[85.02644,27.84922],[85.02624,27.84904],[85.02626,27.8489],[85.02635,27.84877],[85.02642,27.84874],[85.02649,27.84876],[85.02663,27.84893],[85.02695,27.84882],[85.02726,27.84891],[85.02735,27.849],[85.02779,27.8492],[85.02813,27.84929],[85.02837,27.84946],[85.02852,27.84977],[85.02858,27.85022],[85.02854,27.85063],[85.02863,27.85099],[85.02857,27.85111],[85.02857,27.85126],[85.02878,27.85211],[85.02881,27.85263],[85.02896,27.85295],[85.02921,27.85316],[85.02958,27.85325],[85.03049,27.85375],[85.03066,27.85389],[85.03082,27.8542],[85.03092,27.8543],[85.03131,27.85462],[85.03174,27.8548],[85.0323,27.85498],[85.03294,27.85509],[85.03354,27.85526],[85.03378,27.8553],[85.03403,27.85528],[85.03444,27.85557],[85.03468,27.85561],[85.03499,27.85575],[85.03554,27.85575],[85.03584,27.85584],[85.03628,27.85575],[85.03649,27.85588],[85.03656,27.85604],[85.03667,27.85598],[85.03689,27.85603],[85.03727,27.85625],[85.03775,27.85613],[85.03805,27.85626],[85.03825,27.85624],[85.03875,27.85641],[85.0393,27.85646],[85.03972,27.85637],[85.0403,27.85634],[85.04054,27.85642],[85.04093,27.85666],[85.04146,27.85676],[85.0417,27.85686],[85.04193,27.85681],[85.04222,27.85703],[85.04264,27.85718],[85.04275,27.85712],[85.04296,27.85711],[85.04346,27.85731],[85.0438,27.85718],[85.04396,27.85725],[85.0445,27.85734],[85.04494,27.85721],[85.04529,27.8572],[85.0454,27.85722],[85.04576,27.85748],[85.04592,27.85752],[85.04604,27.85745],[85.0462,27.85695],[85.04621,27.85687],[85.04608,27.85681],[85.04609,27.8567],[85.04633,27.85647],[85.04642,27.8563],[85.04639,27.85598],[85.04652,27.8558],[85.04665,27.8557],[85.04681,27.85565],[85.0469,27.85566],[85.04714,27.85585],[85.04731,27.85582],[85.04737,27.85576],[85.04737,27.85566],[85.04717,27.85555],[85.04717,27.85544],[85.04749,27.8552],[85.04759,27.85519],[85.04798,27.85499],[85.04812,27.85502],[85.04846,27.85526],[85.04856,27.85525],[85.04879,27.85536],[85.04925,27.85544],[85.04961,27.85564],[85.04988,27.85572],[85.05075,27.85565],[85.05098,27.85569],[85.05167,27.85599],[85.05306,27.85681],[85.05356,27.85721],[85.05377,27.85727],[85.05399,27.85753],[85.05423,27.85761],[85.05432,27.85778],[85.05502,27.85788],[85.0553,27.85802],[85.05561,27.85799],[85.05579,27.85822],[85.05614,27.85884],[85.05635,27.8591],[85.05648,27.8594],[85.05713,27.8598],[85.0576,27.86022],[85.05815,27.86047],[85.05864,27.86088],[85.05886,27.86093],[85.05894,27.86083],[85.05888,27.86076],[85.05873,27.86079],[85.05856,27.8607],[85.05857,27.86064],[85.05879,27.86064],[85.0588,27.86055],[85.05896,27.86057],[85.05901,27.86049],[85.05907,27.86047],[85.0593,27.86049],[85.05942,27.86039],[85.05984,27.86039],[85.06018,27.86033],[85.06059,27.86039],[85.06135,27.86035],[85.06176,27.86049],[85.0617,27.86062],[85.06184,27.86072],[85.06216,27.86072],[85.06231,27.86063],[85.06312,27.86063],[85.06323,27.86068],[85.06349,27.8607],[85.06389,27.86069],[85.06406,27.86063],[85.06505,27.86074],[85.06552,27.86073],[85.06563,27.86078],[85.06691,27.86097],[85.06704,27.86108],[85.06701,27.86121],[85.06691,27.86135],[85.06699,27.8614],[85.06796,27.8613],[85.06775,27.86122],[85.06785,27.86109],[85.06816,27.86115],[85.06825,27.86089],[85.06826,27.86067],[85.06819,27.86067],[85.06819,27.86076],[85.06808,27.86076],[85.06809,27.86067],[85.06798,27.86067],[85.06799,27.86058],[85.06778,27.86058],[85.06778,27.86049],[85.06768,27.86048],[85.06769,27.8603],[85.06758,27.8603],[85.06759,27.86012],[85.06769,27.86012],[85.06769,27.85994],[85.06779,27.85994],[85.0678,27.85985],[85.06851,27.85986],[85.0685,27.85995],[85.06871,27.85996],[85.0687,27.86032],[85.0688,27.86032],[85.0688,27.86041],[85.0686,27.86041],[85.0686,27.8605],[85.06854,27.8605],[85.06865,27.86061],[85.06884,27.8606],[85.06913,27.86078],[85.0693,27.86081],[85.06961,27.86076],[85.06975,27.86069],[85.06985,27.86058],[85.06986,27.8604],[85.0697,27.86015],[85.06968,27.85986],[85.0698,27.85956],[85.07012,27.85942],[85.07033,27.85919],[85.07048,27.8591],[85.07091,27.85913],[85.07126,27.85898],[85.07131,27.85891],[85.07132,27.85855],[85.07154,27.85844],[85.07174,27.85806],[85.07195,27.85807],[85.07232,27.85759],[85.07271,27.85729],[85.07279,27.8571],[85.07319,27.85699],[85.07292,27.85622],[85.07283,27.85617],[85.07259,27.85578],[85.07229,27.8556],[85.07226,27.85537],[85.07219,27.8553],[85.07241,27.85506],[85.07245,27.85491],[85.07292,27.85459],[85.07349,27.85448],[85.07388,27.85451],[85.07416,27.85461],[85.07441,27.85453],[85.07446,27.85467],[85.07457,27.85469],[85.07465,27.85458],[85.0748,27.85453],[85.07496,27.85463],[85.0749,27.85468],[85.07512,27.85465],[85.07519,27.85472],[85.0756,27.85481],[85.076,27.85499],[85.07625,27.85501],[85.07638,27.85516],[85.07663,27.85531],[85.07696,27.8553],[85.07693,27.85543],[85.07701,27.85548],[85.07712,27.8555],[85.07729,27.85543],[85.07751,27.85551],[85.07761,27.85568],[85.07758,27.85583],[85.07762,27.85588],[85.07784,27.85605],[85.07835,27.85624],[85.07861,27.85647],[85.07872,27.85649],[85.07872,27.8564],[85.07893,27.8564],[85.07893,27.85631],[85.07903,27.85631],[85.07903,27.85622],[85.07913,27.85622],[85.07914,27.85613],[85.07934,27.85613],[85.07934,27.85604],[85.07944,27.85605],[85.07944,27.85614],[85.07954,27.85614],[85.07954,27.85623],[85.07974,27.85623],[85.07974,27.85632],[85.07984,27.85632],[85.07984,27.85623],[85.08005,27.85623],[85.08005,27.85614],[85.08035,27.85615],[85.08036,27.85606],[85.08056,27.85606],[85.08056,27.85597],[85.08076,27.85597],[85.08076,27.85588],[85.08097,27.85589],[85.08097,27.8558],[85.08107,27.8558],[85.08107,27.85571],[85.08117,27.85571],[85.08118,27.85553],[85.08128,27.85553],[85.08122,27.85538],[85.08138,27.85523],[85.08135,27.85495],[85.08142,27.85492],[85.08153,27.85471],[85.08135,27.85444],[85.08134,27.85431],[85.08145,27.85418],[85.08147,27.85404],[85.08134,27.85373],[85.08144,27.85358],[85.08167,27.85354],[85.08165,27.85342],[85.08179,27.85317],[85.08172,27.85298],[85.08166,27.85319],[85.08136,27.85312],[85.0813,27.85314],[85.08108,27.85353],[85.08093,27.85367],[85.08095,27.8538],[85.08077,27.85398],[85.08076,27.8541],[85.08083,27.85419],[85.08079,27.85434],[85.08062,27.85442],[85.08061,27.85459],[85.08024,27.85471],[85.08004,27.85464],[85.07966,27.85428],[85.07899,27.85376],[85.07889,27.8536],[85.07891,27.85364],[85.07818,27.85288],[85.07731,27.8521],[85.07714,27.85203],[85.07719,27.85217],[85.07702,27.85217],[85.07677,27.85206],[85.07662,27.85207],[85.0765,27.852],[85.07656,27.85192],[85.07652,27.85188],[85.07641,27.85195],[85.07639,27.8518],[85.07616,27.85187],[85.07585,27.85181],[85.07567,27.85172],[85.07551,27.85184],[85.0753,27.85176],[85.07487,27.85194],[85.07455,27.85198],[85.07443,27.8521],[85.07407,27.8521],[85.07402,27.85214],[85.07402,27.85233],[85.07394,27.85238],[85.07351,27.85242],[85.07329,27.85252],[85.07273,27.85261],[85.07225,27.85261],[85.07158,27.85283],[85.0713,27.85303],[85.0713,27.85307],[85.07153,27.85311],[85.07148,27.85315],[85.07119,27.85327],[85.07093,27.8533],[85.07071,27.85349],[85.07053,27.85347],[85.07043,27.85334],[85.06997,27.85346],[85.06988,27.8534],[85.06968,27.8534],[85.06932,27.85349],[85.069,27.85349],[85.06888,27.85355],[85.06878,27.85368],[85.06846,27.85374],[85.06834,27.85372],[85.06823,27.85361],[85.06806,27.85367],[85.06799,27.85359],[85.06785,27.85357],[85.06763,27.85367],[85.06756,27.85376],[85.06746,27.85376],[85.06735,27.8539],[85.06722,27.85379],[85.06709,27.85377],[85.06699,27.85367],[85.06686,27.85364],[85.06688,27.8535],[85.06679,27.85348],[85.06662,27.85353],[85.06658,27.85371],[85.06687,27.85398],[85.06684,27.85403],[85.06656,27.85396],[85.06627,27.85426],[85.06587,27.85424],[85.06556,27.85431],[85.06545,27.85451],[85.0654,27.85482],[85.06521,27.85486],[85.06477,27.85479],[85.06405,27.85514],[85.06397,27.85512],[85.06367,27.85534],[85.06347,27.8557],[85.06327,27.85573],[85.06317,27.85583],[85.063,27.85589],[85.06297,27.85597],[85.06289,27.85587],[85.06289,27.85573],[85.06274,27.85572],[85.06271,27.85543],[85.06268,27.85544],[85.06264,27.85607],[85.0625,27.85636],[85.06238,27.85637],[85.06238,27.85633],[85.06228,27.85631],[85.06217,27.85645],[85.06178,27.85659],[85.06162,27.85673],[85.06129,27.85682],[85.06117,27.85691],[85.06112,27.85718],[85.06056,27.85725],[85.06048,27.85738],[85.06058,27.85743],[85.06059,27.8575],[85.0602,27.85747],[85.06011,27.85751],[85.05995,27.85791],[85.05982,27.85783],[85.05974,27.85786],[85.05972,27.85789],[85.05977,27.85792],[85.05973,27.85792],[85.05964,27.85779],[85.05948,27.85772],[85.05944,27.85748],[85.05916,27.85713],[85.05828,27.85663],[85.05817,27.85648],[85.05775,27.85642],[85.05759,27.85624],[85.05716,27.85548],[85.05693,27.85526],[85.05684,27.85499],[85.05636,27.85452],[85.05611,27.85418],[85.0557,27.85382],[85.05563,27.85365],[85.05534,27.85357],[85.05509,27.85343],[85.05471,27.85342],[85.05445,27.85333],[85.0543,27.8534],[85.05411,27.85325],[85.05404,27.85324],[85.05398,27.85331],[85.05272,27.85269],[85.05246,27.85262],[85.0524,27.85259],[85.05242,27.85251],[85.05222,27.8524],[85.05203,27.85242],[85.05196,27.85234],[85.05174,27.8523],[85.05168,27.85221],[85.05128,27.85221],[85.05092,27.85231],[85.05033,27.85216],[85.05018,27.8523],[85.05007,27.85229],[85.0499,27.85225],[85.04969,27.85194],[85.04934,27.85184],[85.04914,27.85191],[85.04888,27.85189],[85.04854,27.85207],[85.04853,27.85202],[85.04869,27.85173],[85.04878,27.85177],[85.04888,27.85173],[85.04882,27.85163],[85.04876,27.85161],[85.04863,27.8517],[85.04858,27.85162],[85.04829,27.85159],[85.0482,27.85149],[85.04798,27.85155],[85.0479,27.85146],[85.04772,27.8515],[85.04757,27.8513],[85.04732,27.85113],[85.04711,27.85113],[85.0469,27.85107],[85.04678,27.8511],[85.04635,27.85092],[85.04602,27.85091],[85.04569,27.85081],[85.04552,27.85084],[85.04517,27.8508],[85.04444,27.85048],[85.04412,27.85045],[85.04406,27.85048],[85.04391,27.85043],[85.04386,27.85047],[85.04383,27.8506],[85.04388,27.85079],[85.04379,27.85098],[85.04342,27.85117],[85.04336,27.85135],[85.04313,27.85153],[85.04305,27.85183],[85.0428,27.852],[85.04286,27.85227],[85.04275,27.85296],[85.04261,27.85299],[85.0424,27.85281],[85.04229,27.85278],[85.04215,27.85283],[85.04216,27.85288],[85.04234,27.85298],[85.04229,27.85304],[85.04215,27.85304],[85.04208,27.85289],[85.042,27.85291],[85.04203,27.85312],[85.04227,27.85349],[85.04202,27.85345],[85.04188,27.85352],[85.04183,27.85362],[85.04171,27.85363],[85.04161,27.85378],[85.04161,27.85383],[85.04169,27.85387],[85.04202,27.85391],[85.04207,27.85399],[85.04203,27.8542],[85.04178,27.85434],[85.04177,27.85445],[85.04184,27.85462],[85.04195,27.85464],[85.04215,27.8545],[85.04239,27.85446],[85.04242,27.85428],[85.04236,27.85411],[85.04237,27.85391],[85.04245,27.8538],[85.04252,27.85358],[85.04278,27.85346],[85.04292,27.85347],[85.04299,27.85353],[85.04303,27.85368],[85.0429,27.85388],[85.04289,27.854],[85.04271,27.85413],[85.04265,27.85423],[85.04264,27.85447],[85.04228,27.8548],[85.04202,27.85486],[85.04209,27.85503],[85.04198,27.85498],[85.04171,27.85468],[85.04149,27.8541],[85.04148,27.85365],[85.04141,27.8536],[85.04131,27.85341],[85.04108,27.85329],[85.04088,27.85307],[85.0406,27.8531],[85.0404,27.85292],[85.04029,27.85289],[85.04011,27.85293],[85.03974,27.85278],[85.03956,27.85276],[85.03941,27.85265],[85.03924,27.85267],[85.03858,27.85308],[85.03733,27.85342],[85.0371,27.85338],[85.03683,27.85327],[85.03647,27.85322],[85.03622,27.85326],[85.03602,27.85321],[85.03582,27.85333],[85.03529,27.85344],[85.03516,27.85334],[85.03507,27.85332],[85.03454,27.85334],[85.03417,27.85324],[85.03406,27.85327],[85.03362,27.85319],[85.03337,27.85302],[85.03316,27.85306],[85.03308,27.85299],[85.03286,27.85293],[85.03276,27.85269],[85.03272,27.85266],[85.03265,27.8527],[85.03263,27.85266],[85.03257,27.85219],[85.03265,27.8518],[85.03287,27.85163],[85.0329,27.85153],[85.03266,27.85127],[85.03261,27.85081],[85.03237,27.85056],[85.03197,27.8503],[85.03196,27.85013],[85.03182,27.84987],[85.0317,27.84978],[85.03174,27.84958],[85.0317,27.84926],[85.0316,27.84928],[85.0315,27.84944],[85.03145,27.84942],[85.03159,27.84901],[85.03157,27.84898],[85.03142,27.84897],[85.0311,27.84917],[85.03104,27.8491],[85.03114,27.84879],[85.03102,27.84866],[85.03085,27.84868],[85.03068,27.84879],[85.03059,27.84859],[85.03039,27.84858],[85.03012,27.84848],[85.02995,27.84829],[85.02928,27.84815],[85.02851,27.84771],[85.02796,27.84761],[85.02756,27.84701],[85.02737,27.84686],[85.02667,27.84655],[85.0265,27.84653],[85.02635,27.84637],[85.02576,27.84604],[85.02409,27.84533],[85.02388,27.84522],[85.02354,27.84493],[85.02325,27.84483],[85.02299,27.8446],[85.02279,27.8446],[85.02268,27.84449],[85.0225,27.84442],[85.02221,27.84412],[85.02211,27.84409],[85.02194,27.84367],[85.02149,27.8432],[85.02149,27.84306],[85.02125,27.84266],[85.02121,27.84244],[85.02126,27.84221],[85.02122,27.84204],[85.0213,27.84185],[85.02138,27.84208],[85.02143,27.84209],[85.02146,27.84163],[85.02151,27.84155],[85.02162,27.84152],[85.0217,27.84143],[85.02193,27.84137],[85.02215,27.84147],[85.02281,27.84134],[85.02309,27.84102],[85.02343,27.84073],[85.02348,27.84059],[85.02345,27.84031],[85.02354,27.83935],[85.02362,27.83913],[85.02359,27.83898],[85.02371,27.83847],[85.02368,27.838],[85.02372,27.83758],[85.02387,27.83716],[85.02385,27.83689],[85.02389,27.83663],[85.02384,27.83621],[85.024,27.83583],[85.024,27.83571],[85.02409,27.83557],[85.02398,27.83534],[85.02374,27.83526],[85.02363,27.83514],[85.02361,27.83496],[85.02369,27.83469],[85.02385,27.8346],[85.02388,27.83449],[85.0237,27.83422],[85.02379,27.83406],[85.02378,27.83385],[85.0236,27.83332],[85.02339,27.83308],[85.02332,27.83282],[85.02323,27.83283],[85.02327,27.83279],[85.02321,27.83277],[85.02322,27.8327],[85.02311,27.83272],[85.02316,27.83259],[85.02305,27.8325],[85.02303,27.83261],[85.02294,27.83257],[85.02299,27.8325],[85.02292,27.83221],[85.02275,27.83223],[85.0228,27.8321],[85.02273,27.83205],[85.02271,27.83171],[85.02263,27.83167],[85.02259,27.83173],[85.02252,27.83171],[85.02256,27.83162],[85.02248,27.83161],[85.02246,27.83151],[85.02252,27.83146],[85.02251,27.83136],[85.02244,27.83137],[85.02236,27.83131],[85.02245,27.83122],[85.02237,27.83117],[85.02238,27.83107],[85.02243,27.83107],[85.02244,27.83102],[85.02235,27.83102],[85.02235,27.83109],[85.02229,27.83111],[85.02221,27.83106],[85.02227,27.83098],[85.02221,27.83094],[85.0224,27.83096],[85.0223,27.8309],[85.02244,27.83077],[85.02245,27.83066],[85.02237,27.83066],[85.02238,27.83062],[85.02233,27.83064],[85.02225,27.83057],[85.02223,27.83066],[85.02227,27.83078],[85.02222,27.83081],[85.02213,27.83065],[85.02216,27.83054],[85.02211,27.83052],[85.02211,27.83046],[85.02226,27.83036],[85.02222,27.83031],[85.02215,27.83032],[85.02213,27.83038],[85.0221,27.83035],[85.02208,27.83023],[85.02217,27.83024],[85.02207,27.83016],[85.02206,27.83013],[85.02211,27.83017],[85.02206,27.82997],[85.02199,27.82993],[85.02202,27.82994],[85.02198,27.82986],[85.02205,27.8298],[85.02209,27.82981],[85.02214,27.82969],[85.02211,27.82959],[85.02204,27.82963],[85.02201,27.82957],[85.02202,27.82951],[85.02208,27.82948],[85.02199,27.82943],[85.02185,27.82945],[85.02179,27.82932],[85.02188,27.82923],[85.02155,27.82894],[85.02151,27.82869],[85.02142,27.82861],[85.02145,27.82845],[85.02139,27.82842],[85.02144,27.82839],[85.02137,27.82838],[85.02132,27.82817],[85.02121,27.8281],[85.02118,27.82801],[85.02121,27.82802],[85.02112,27.82788],[85.0209,27.8278],[85.02103,27.82767],[85.0209,27.8277],[85.02085,27.82764],[85.0209,27.8276],[85.02083,27.82761],[85.02077,27.82751],[85.02058,27.82749],[85.02064,27.82726],[85.02054,27.82725],[85.02042,27.82716],[85.02035,27.82703],[85.02035,27.82683],[85.02018,27.82675],[85.0202,27.82666],[85.01995,27.82661],[85.02002,27.82655],[85.02001,27.82646],[85.02008,27.8264],[85.01981,27.82639],[85.01974,27.82623],[85.01978,27.82619],[85.01984,27.82621],[85.01974,27.82616],[85.01967,27.82587],[85.01947,27.8257],[85.01943,27.82552],[85.01952,27.8254],[85.01934,27.82518],[85.01915,27.82466],[85.01911,27.82441],[85.0194,27.82458],[85.01944,27.8245],[85.01941,27.82387],[85.01935,27.82378],[85.01913,27.82385],[85.01903,27.82367],[85.01897,27.82348],[85.01906,27.82318],[85.01899,27.82311],[85.01886,27.82272],[85.01867,27.82258],[85.01864,27.82273],[85.0185,27.82266],[85.01852,27.82259],[85.01864,27.82258],[85.0187,27.82246],[85.01861,27.82244],[85.01861,27.82238],[85.01848,27.82229],[85.01857,27.82225],[85.0185,27.82219],[85.01864,27.82196],[85.0185,27.82186],[85.01855,27.82178],[85.01872,27.82178],[85.01879,27.82167],[85.01873,27.8217],[85.01875,27.82164],[85.0187,27.8216],[85.0188,27.82156],[85.01875,27.82136],[85.01864,27.82133],[85.01861,27.82125],[85.01854,27.8213],[85.01851,27.82125],[85.01861,27.82109],[85.01854,27.82109],[85.01854,27.82103],[85.0184,27.82096],[85.01841,27.82087],[85.01834,27.8209],[85.01837,27.82082],[85.01852,27.82077],[85.01856,27.82072],[85.01846,27.82064],[85.01832,27.82068],[85.01824,27.82065],[85.01827,27.82056],[85.01812,27.8205],[85.01814,27.82044],[85.01807,27.82037],[85.018,27.82037],[85.01804,27.82018],[85.01788,27.82004],[85.01789,27.81985],[85.01799,27.81964],[85.01796,27.81953],[85.01773,27.81934],[85.01766,27.8191],[85.01708,27.81869],[85.01684,27.81842],[85.01666,27.81837],[85.01635,27.81814],[85.01615,27.81805],[85.01602,27.8179],[85.01594,27.81762],[85.01577,27.81742],[85.01573,27.81719],[85.0156,27.81689],[85.0156,27.81654],[85.0155,27.8161],[85.01521,27.81569],[85.01514,27.81546],[85.01507,27.8154],[85.01482,27.81533],[85.01462,27.81514],[85.01448,27.81477],[85.01453,27.81468],[85.01446,27.81464],[85.01449,27.81459],[85.01445,27.81448],[85.01435,27.81443],[85.0144,27.81436],[85.01419,27.81434],[85.01409,27.81424],[85.01394,27.8142],[85.01384,27.81425],[85.01376,27.81417],[85.01374,27.81408],[85.01366,27.81406],[85.0136,27.81385],[85.01347,27.81371],[85.01346,27.81359],[85.0134,27.81362],[85.01339,27.81359],[85.01355,27.81333],[85.0135,27.8133],[85.01354,27.81326],[85.01349,27.81325],[85.01348,27.81307],[85.01341,27.8129],[85.01344,27.81281],[85.01336,27.81262],[85.01339,27.81248],[85.01326,27.81217],[85.01318,27.81209],[85.01321,27.8119],[85.01329,27.81182],[85.0133,27.81173],[85.01299,27.81132],[85.01301,27.81125],[85.01313,27.81121],[85.01303,27.81111],[85.01309,27.81102],[85.01304,27.81097],[85.01308,27.8108],[85.01327,27.81066],[85.01317,27.81068],[85.01323,27.81056],[85.01319,27.81043],[85.01331,27.81026],[85.01347,27.81023],[85.01354,27.81012],[85.01361,27.81014],[85.01357,27.81022],[85.0137,27.81024],[85.01388,27.81005],[85.01389,27.81011],[85.01394,27.81004],[85.01408,27.81004],[85.01406,27.80999],[85.01419,27.81],[85.01416,27.81006],[85.01447,27.81021],[85.01456,27.81011],[85.01463,27.8102],[85.01481,27.81018],[85.0148,27.81028],[85.01492,27.81028],[85.01487,27.8102],[85.01494,27.81026],[85.01507,27.81022],[85.01509,27.81028],[85.01533,27.81018],[85.01543,27.8102],[85.01543,27.81013],[85.01547,27.81021],[85.01552,27.81013],[85.01553,27.81016],[85.01561,27.81012],[85.01561,27.81005],[85.01578,27.81013],[85.01585,27.80997],[85.01592,27.81004],[85.01584,27.8101],[85.01598,27.8101],[85.0161,27.81003],[85.01609,27.81007],[85.01616,27.81009],[85.01611,27.81012],[85.01636,27.81012],[85.01644,27.80999],[85.01648,27.81004],[85.01654,27.81002],[85.01661,27.81015],[85.0167,27.81011],[85.01671,27.81015],[85.01677,27.81006],[85.01692,27.81015],[85.01691,27.81007],[85.01694,27.81012],[85.01701,27.81005],[85.01705,27.81008],[85.01712,27.81003],[85.01696,27.81015],[85.01714,27.81016],[85.01709,27.81031],[85.01725,27.81036],[85.01741,27.81027],[85.01717,27.80979],[85.01708,27.80974],[85.01705,27.80982],[85.01698,27.80975],[85.01699,27.80969],[85.0168,27.80965],[85.01673,27.80955],[85.01664,27.80959],[85.01661,27.80963],[85.01666,27.80967],[85.01659,27.80973],[85.01637,27.80962],[85.01617,27.80964],[85.01612,27.80961],[85.01609,27.80969],[85.01607,27.80963],[85.01593,27.80968],[85.01589,27.80961],[85.01581,27.80962],[85.01577,27.80955],[85.01566,27.80962],[85.01564,27.80971],[85.01561,27.80966],[85.0155,27.80971],[85.01544,27.80967],[85.01547,27.80961],[85.01512,27.80958],[85.015,27.80946],[85.01477,27.80934],[85.0147,27.8092],[85.01463,27.80869],[85.01491,27.80848],[85.01488,27.80847],[85.01493,27.8084],[85.0149,27.80842],[85.01488,27.80833],[85.01481,27.80831],[85.01474,27.80816],[85.01486,27.80799],[85.01495,27.80796],[85.01501,27.80788],[85.01495,27.80777],[85.01489,27.80776],[85.01488,27.80767],[85.01495,27.8076],[85.0149,27.80756],[85.01492,27.8075],[85.01487,27.80752],[85.01485,27.80747],[85.01484,27.80725],[85.01477,27.80722],[85.01478,27.80716],[85.01474,27.80728],[85.01459,27.80734],[85.01454,27.8072],[85.01459,27.80714],[85.01439,27.80706],[85.01445,27.80699],[85.01444,27.80687],[85.01435,27.80694],[85.0143,27.80692],[85.01436,27.80675],[85.0143,27.80668],[85.01417,27.80665],[85.01412,27.8067],[85.01402,27.80669],[85.01397,27.80661],[85.01378,27.80658],[85.01363,27.80646],[85.01355,27.8065],[85.01348,27.80643],[85.01346,27.80647],[85.01331,27.80632],[85.01325,27.80634],[85.01329,27.8063],[85.01325,27.80625],[85.01314,27.80628],[85.01296,27.80619],[85.01285,27.80626],[85.01277,27.80624],[85.01285,27.80612],[85.01259,27.80602],[85.01257,27.80589],[85.01251,27.8059],[85.01212,27.8057],[85.01204,27.80575],[85.01206,27.80566],[85.01189,27.80567],[85.01186,27.8056],[85.01165,27.80558],[85.01162,27.80553],[85.01145,27.80547],[85.01112,27.80545],[85.01111,27.8054],[85.01102,27.80542],[85.01107,27.80549],[85.01095,27.80541],[85.01082,27.80547],[85.01074,27.80539],[85.01063,27.80545],[85.01058,27.80538],[85.01059,27.80528],[85.01042,27.80528],[85.01036,27.80521],[85.01035,27.80508],[85.01029,27.80502],[85.01023,27.80508],[85.01001,27.8051],[85.00985,27.80496],[85.0098,27.80481],[85.00973,27.80487],[85.00958,27.80485],[85.00932,27.80478],[85.00921,27.80467],[85.00925,27.80474],[85.00921,27.80475],[85.00911,27.80469],[85.00914,27.80463],[85.00905,27.8047],[85.00905,27.80464],[85.00895,27.80468],[85.00897,27.80461],[85.00892,27.80469],[85.00892,27.80466],[85.00882,27.80466],[85.00883,27.8046],[85.00872,27.80466],[85.00872,27.8046],[85.00866,27.80463],[85.00856,27.80454],[85.00836,27.8045],[85.00836,27.80439],[85.00822,27.80446],[85.00811,27.80441],[85.00789,27.80441],[85.00786,27.80433],[85.00779,27.80433],[85.00771,27.80442],[85.00742,27.80431],[85.00743,27.80426],[85.00729,27.80426],[85.00721,27.80433],[85.00716,27.80428],[85.00711,27.80432],[85.00711,27.80423],[85.00702,27.80427],[85.00667,27.80418],[85.0065,27.80421],[85.00621,27.80399],[85.0062,27.8039],[85.00611,27.80392],[85.00583,27.80383],[85.00576,27.8037],[85.00561,27.8036],[85.00551,27.8036],[85.00544,27.80354],[85.00507,27.80344],[85.00508,27.80339],[85.00497,27.80333],[85.00502,27.80322],[85.00499,27.80317],[85.00493,27.80323],[85.00481,27.80318],[85.00468,27.80321],[85.00469,27.80301],[85.00462,27.80301],[85.00461,27.80294],[85.00451,27.80296],[85.00448,27.8029],[85.00453,27.80277],[85.00466,27.80274],[85.00465,27.80267],[85.0045,27.80263],[85.00436,27.80243],[85.00431,27.80246],[85.00425,27.80239],[85.00425,27.80233],[85.00399,27.80239],[85.00388,27.8023],[85.00387,27.80216],[85.00377,27.80201],[85.00369,27.80201],[85.00371,27.80192],[85.00359,27.80197],[85.00358,27.80191],[85.00364,27.8019],[85.00361,27.80188],[85.00349,27.80201],[85.00346,27.80195],[85.0035,27.80191],[85.00343,27.80183],[85.00337,27.80184],[85.00333,27.80169],[85.00337,27.80161],[85.00343,27.8016],[85.00343,27.80151],[85.00349,27.80144],[85.00341,27.8013],[85.00354,27.80136],[85.00356,27.80134],[85.00333,27.80116],[85.00303,27.80102],[85.00287,27.80104],[85.00269,27.80091],[85.00252,27.80095],[85.00236,27.8009],[85.00222,27.80095],[85.00219,27.8009],[85.00222,27.8009],[85.00212,27.80084],[85.00216,27.80089],[85.00212,27.80094],[85.00202,27.80093],[85.00198,27.80078],[85.00181,27.80071],[85.00168,27.80077],[85.00166,27.80085],[85.00162,27.80079],[85.00146,27.80074],[85.00131,27.80076],[85.00122,27.80064],[85.00122,27.80081],[85.00128,27.80077],[85.00132,27.80081],[85.00129,27.80086],[85.00122,27.80085],[85.00122,27.8009],[85.00119,27.8008],[85.00113,27.80079],[85.00118,27.80072],[85.00118,27.80059],[85.00108,27.80052],[85.00104,27.80038],[85.00076,27.8003],[85.00067,27.80032],[85.00069,27.80038],[85.00035,27.80043],[85.00029,27.8005],[85.00006,27.80057],[84.99996,27.80053],[85.0001,27.80047],[85.00004,27.80042],[84.99976,27.80057],[84.99957,27.80052],[84.99923,27.80063],[84.99898,27.80061],[84.99888,27.80071],[84.9987,27.80072],[84.99862,27.8008],[84.99853,27.80078],[84.99817,27.80099],[84.99811,27.80113],[84.99788,27.80125],[84.99766,27.80127],[84.99757,27.80136],[84.99746,27.80139],[84.9974,27.80164],[84.99731,27.80165],[84.99736,27.80169],[84.99726,27.80172],[84.99726,27.8018],[84.99707,27.8018],[84.99677,27.80197],[84.99672,27.80193],[84.99669,27.80205],[84.99659,27.80209],[84.99654,27.80219],[84.9962,27.80223],[84.99608,27.80235],[84.99613,27.80241],[84.99603,27.80256],[84.99596,27.80251],[84.99596,27.80257],[84.99586,27.80257],[84.99577,27.80266],[84.99569,27.8026],[84.99571,27.80264],[84.99556,27.80268],[84.9955,27.80265],[84.99548,27.80271],[84.9953,27.80276],[84.99529,27.80281],[84.99518,27.80286],[84.99506,27.80283],[84.99499,27.80289],[84.99498,27.80284],[84.99476,27.80292],[84.99441,27.80286],[84.99417,27.80295],[84.99411,27.80285],[84.99405,27.80285],[84.99393,27.80294],[84.99394,27.80281],[84.9938,27.80284],[84.99347,27.80262],[84.99328,27.80264],[84.99318,27.80275],[84.99308,27.80273],[84.99258,27.80245],[84.99235,27.8024],[84.99216,27.80209],[84.99202,27.80214],[84.99192,27.80204],[84.99185,27.80202],[84.99096,27.80223],[84.99085,27.80228],[84.99082,27.80238],[84.99073,27.80232],[84.99062,27.80237],[84.99042,27.80262],[84.99038,27.80258],[84.99032,27.80262],[84.99028,27.80275],[84.99036,27.80284],[84.99019,27.80297],[84.99026,27.80329],[84.98999,27.80365],[84.98992,27.80364],[84.98989,27.80373],[84.98986,27.80367],[84.98988,27.80371],[84.9899,27.80364],[84.98986,27.80362],[84.98974,27.80378],[84.98952,27.80383],[84.98936,27.80393],[84.98926,27.80401],[84.98929,27.80416],[84.9892,27.80426],[84.98914,27.8043],[84.98913,27.80413],[84.98871,27.80455],[84.98843,27.80469],[84.98839,27.80463],[84.98804,27.80467],[84.9879,27.80461],[84.98732,27.80459],[84.98666,27.80429],[84.98548,27.80407],[84.98489,27.80381],[84.98469,27.80378],[84.98418,27.80348],[84.98384,27.80303],[84.98357,27.80299],[84.9835,27.80286],[84.98326,27.80272],[84.98286,27.80238],[84.9827,27.80238],[84.98236,27.80216],[84.98215,27.80214],[84.98207,27.80208],[84.98202,27.8021],[84.98172,27.80189],[84.98157,27.80191],[84.98148,27.80209],[84.98135,27.80211],[84.98126,27.80191],[84.98131,27.80193],[84.98128,27.80187],[84.98131,27.8018],[84.98113,27.80183],[84.98115,27.80197],[84.98111,27.80201],[84.981,27.80195],[84.98074,27.80199],[84.98076,27.80189],[84.98061,27.80181],[84.98063,27.80174],[84.98059,27.8017],[84.98054,27.80182],[84.98035,27.80185],[84.98029,27.80178],[84.98043,27.80168],[84.98036,27.80163],[84.98035,27.8017],[84.98019,27.80174],[84.98015,27.80161],[84.98003,27.80163],[84.97997,27.80154],[84.97987,27.80153],[84.9799,27.8013],[84.97997,27.80123],[84.98008,27.80129],[84.98015,27.80128],[84.98044,27.80145],[84.9806,27.80146],[84.98079,27.80155],[84.98093,27.80152],[84.98124,27.80154],[84.9813,27.80141],[84.98136,27.8014],[84.98148,27.80154],[84.98155,27.80156],[84.98186,27.80154],[84.98201,27.80141],[84.98239,27.80152],[84.98239,27.80161],[84.98195,27.80173],[84.98189,27.80179],[84.98188,27.80189],[84.98262,27.80172],[84.98292,27.80155],[84.98355,27.80143],[84.98384,27.8015],[84.98393,27.80147],[84.98436,27.80148],[84.98478,27.80154],[84.98525,27.80145],[84.98565,27.8015],[84.98612,27.80145],[84.98674,27.80148],[84.98724,27.80144],[84.98795,27.80131],[84.98815,27.80123],[84.98827,27.80102],[84.98835,27.80097],[84.98847,27.801],[84.98868,27.80117],[84.98893,27.80124],[84.98899,27.80124],[84.9892,27.80107],[84.9894,27.80107],[84.98945,27.80089],[84.98971,27.80089],[84.98977,27.80108],[84.98988,27.80111],[84.99045,27.80111],[84.99059,27.80107],[84.99063,27.80099],[84.99089,27.80097],[84.99135,27.80101],[84.99154,27.80091],[84.99159,27.80072],[84.99144,27.80071],[84.99137,27.80087],[84.99121,27.80074],[84.99112,27.80079],[84.99089,27.80059],[84.99067,27.80054],[84.99064,27.80039],[84.99054,27.80028],[84.9893,27.80017],[84.98903,27.80023],[84.98831,27.80029],[84.98732,27.80054],[84.98641,27.80063],[84.98471,27.80069],[84.98471,27.80062],[84.98584,27.8006],[84.98685,27.80052],[84.9891,27.80013],[84.98997,27.80011],[84.99062,27.80014],[84.98935,27.80006],[84.98887,27.8001],[84.98745,27.80037],[84.98725,27.80032],[84.98707,27.80041],[84.98667,27.80045],[84.98661,27.80053],[84.98652,27.80046],[84.98642,27.80045],[84.98637,27.80038],[84.98597,27.80041],[84.98592,27.80037],[84.98531,27.8005],[84.98471,27.80054],[84.98453,27.80066],[84.98429,27.80072],[84.98374,27.80067],[84.98317,27.80081],[84.98285,27.80084],[84.98259,27.80077],[84.98232,27.80063],[84.98192,27.80073],[84.981,27.8006],[84.98046,27.80069],[84.98051,27.80062],[84.98063,27.80057],[84.98059,27.80057],[84.97992,27.80075],[84.97943,27.80054],[84.97934,27.80059],[84.97929,27.80072],[84.97915,27.80066],[84.97896,27.80065],[84.97888,27.80071],[84.97883,27.80057],[84.97836,27.80048],[84.97839,27.80057],[84.97852,27.80065],[84.97797,27.8005],[84.97791,27.80068],[84.97786,27.8006],[84.9779,27.80054],[84.97783,27.80055],[84.97778,27.80072],[84.97793,27.80072],[84.97787,27.80085],[84.9779,27.80076],[84.97795,27.80078],[84.97785,27.80088],[84.97795,27.80101],[84.97792,27.80106],[84.97779,27.80104],[84.97768,27.80097],[84.97773,27.80095],[84.9777,27.80093],[84.97763,27.80094],[84.97765,27.80086],[84.97759,27.80086],[84.97755,27.80091],[84.97739,27.8009],[84.97742,27.80085],[84.97736,27.80089],[84.97737,27.80079],[84.9773,27.80081],[84.97726,27.80076],[84.97695,27.80067],[84.97686,27.80044],[84.97672,27.80038],[84.97647,27.80043],[84.97636,27.80038],[84.97619,27.80048],[84.97602,27.80049],[84.97597,27.80038],[84.97579,27.80039],[84.97552,27.80051],[84.97546,27.80063],[84.97534,27.80059],[84.97539,27.80049],[84.97533,27.80046],[84.97525,27.80054],[84.97529,27.80071],[84.97521,27.80077],[84.9746,27.8007],[84.97457,27.80084],[84.97444,27.80096],[84.97421,27.80093],[84.97405,27.80101],[84.97388,27.80101],[84.97388,27.80105],[84.97372,27.80102],[84.97374,27.8011],[84.9737,27.80098],[84.97363,27.80115],[84.97342,27.80125],[84.97331,27.80123],[84.97332,27.80116],[84.97308,27.80108],[84.97306,27.801],[84.97294,27.80104],[84.97291,27.801],[84.97297,27.80093],[84.97296,27.80072],[84.97289,27.80081],[84.97291,27.80097],[84.97285,27.80101],[84.97289,27.80106],[84.97278,27.80106],[84.97273,27.80116],[84.97253,27.80121],[84.97249,27.80138],[84.9724,27.80138],[84.97233,27.80125],[84.97223,27.80127],[84.97228,27.80133],[84.9722,27.8014],[84.97224,27.80148],[84.9722,27.80152],[84.97211,27.8014],[84.97204,27.80149],[84.97196,27.80152],[84.97199,27.80162],[84.97192,27.80166],[84.97183,27.80156],[84.97181,27.80169],[84.97175,27.80166],[84.97174,27.8017],[84.97179,27.80168],[84.97174,27.80172],[84.97168,27.80171],[84.97178,27.80194],[84.97164,27.80198],[84.9715,27.8022],[84.97153,27.80243],[84.97148,27.80247],[84.97157,27.80268],[84.97154,27.80272],[84.97148,27.80269],[84.97152,27.80281],[84.97141,27.8029],[84.97131,27.80285],[84.97112,27.80288],[84.97117,27.80296],[84.97112,27.80304],[84.97118,27.80305],[84.97125,27.80297],[84.97126,27.80303],[84.97121,27.80304],[84.97128,27.80321],[84.97127,27.80318],[84.97121,27.80321],[84.97121,27.80317],[84.97122,27.80324],[84.97142,27.80324],[84.97146,27.80331],[84.97153,27.80333],[84.97148,27.80348],[84.97158,27.8035],[84.97157,27.80353],[84.97167,27.80353],[84.97158,27.80355],[84.97158,27.80363],[84.97168,27.80376],[84.9716,27.80387],[84.9717,27.80399],[84.9716,27.80423],[84.97162,27.80431],[84.97152,27.80437],[84.97155,27.80454],[84.97145,27.80452],[84.97139,27.80469],[84.97122,27.80492],[84.971,27.80491],[84.97115,27.80499],[84.97117,27.80507],[84.9711,27.80509],[84.97104,27.80502],[84.97092,27.80506],[84.97087,27.80499],[84.97094,27.80497],[84.97096,27.80493],[84.97093,27.80492],[84.97067,27.80503],[84.97071,27.80506],[84.97063,27.8051],[84.9706,27.80502],[84.97053,27.8052],[84.97047,27.80517],[84.97047,27.8052],[84.97038,27.80521],[84.97027,27.80532],[84.97017,27.80525],[84.97016,27.80538],[84.97008,27.80542],[84.97005,27.80555],[84.96985,27.80565],[84.96979,27.80558],[84.96983,27.80553],[84.96976,27.80559],[84.96982,27.80552],[84.96974,27.80561],[84.96979,27.80548],[84.97027,27.80501],[84.97021,27.80503],[84.96939,27.80593],[84.96933,27.80588],[84.96944,27.80577],[84.96918,27.80599],[84.96921,27.80603],[84.9695,27.80586],[84.96952,27.80589],[84.9698,27.80561],[84.96973,27.80574],[84.96977,27.80576],[84.96975,27.80583],[84.96955,27.80591],[84.9695,27.80613],[84.96945,27.80621],[84.96934,27.80627],[84.96925,27.80652],[84.96915,27.80652],[84.96911,27.80644],[84.96922,27.80616],[84.96875,27.80621],[84.96875,27.80614],[84.96895,27.80604],[84.96892,27.80604],[84.96851,27.8061],[84.96837,27.80626],[84.96836,27.80633],[84.96832,27.80633],[84.96816,27.8065],[84.9681,27.80669],[84.96804,27.80672],[84.96803,27.80681],[84.96791,27.8069],[84.96787,27.80708],[84.96778,27.80719],[84.96772,27.80712],[84.96762,27.80714],[84.96749,27.80706],[84.96737,27.80706],[84.96735,27.80697],[84.96726,27.80692],[84.9672,27.80662],[84.96706,27.80665],[84.96721,27.80672],[84.96721,27.80701],[84.96733,27.8071],[84.96738,27.80725],[84.96751,27.80723],[84.96759,27.80729],[84.96779,27.80729],[84.96813,27.80709],[84.96849,27.80722],[84.96846,27.80787],[84.96858,27.80789],[84.96858,27.80794],[84.96864,27.80792],[84.9686,27.80818],[84.96875,27.80826],[84.96878,27.80823],[84.96876,27.80848],[84.9687,27.80855],[84.96873,27.80871],[84.96852,27.80914],[84.96858,27.8092],[84.9686,27.80931],[84.96837,27.80939],[84.96833,27.8095],[84.96824,27.80948],[84.96794,27.80999],[84.9679,27.81004],[84.96785,27.81],[84.96785,27.81006],[84.96793,27.81012],[84.96781,27.81024],[84.96777,27.8102],[84.96779,27.81013],[84.96772,27.8101],[84.96774,27.80994],[84.96759,27.81002],[84.96737,27.81003],[84.96735,27.81009],[84.96732,27.81006],[84.9673,27.81009],[84.9673,27.81015],[84.96721,27.81007],[84.96723,27.81014],[84.96714,27.81017],[84.96719,27.81003],[84.96698,27.80991],[84.96691,27.80994],[84.96664,27.80984],[84.96649,27.81001],[84.96639,27.81004],[84.96625,27.80987],[84.96616,27.80994],[84.96593,27.80982],[84.96565,27.80996],[84.96537,27.80995],[84.96534,27.81005],[84.96524,27.81007],[84.96524,27.81015],[84.96505,27.81017],[84.96495,27.81029],[84.96497,27.81038],[84.96485,27.81048],[84.96473,27.81046],[84.96471,27.81052],[84.96464,27.8105],[84.96453,27.81066],[84.96452,27.81063],[84.96439,27.81073],[84.96436,27.81087],[84.96452,27.81096],[84.96453,27.81113],[84.9648,27.81138],[84.96483,27.81147],[84.96472,27.81152],[84.96474,27.81164],[84.96465,27.81159],[84.96464,27.81176],[84.96441,27.81204],[84.96414,27.81219],[84.96405,27.81235],[84.96382,27.81236],[84.96379,27.81245],[84.96374,27.81243],[84.96373,27.8126],[84.96367,27.81267],[84.96359,27.81265],[84.96351,27.8127],[84.96346,27.81255],[84.96318,27.8127],[84.96309,27.81266],[84.96302,27.8127],[84.96297,27.81261],[84.96269,27.81266],[84.96269,27.81281],[84.96263,27.81286],[84.96289,27.81297],[84.96281,27.81308],[84.96284,27.81316],[84.96289,27.81301],[84.96293,27.81299],[84.96283,27.8132],[84.96292,27.81323],[84.96278,27.81349],[84.96282,27.81358],[84.96272,27.8136],[84.96265,27.8137],[84.96273,27.81381],[84.96268,27.81385],[84.9627,27.81396],[84.96262,27.81386],[84.96265,27.81397],[84.96258,27.81413],[84.96261,27.81422],[84.96255,27.81432],[84.96241,27.8144],[84.96242,27.81447],[84.96231,27.81459],[84.96223,27.81481],[84.9623,27.81495],[84.96223,27.81505],[84.96208,27.81511],[84.96203,27.81533],[84.96197,27.81533],[84.96193,27.81542],[84.96196,27.8155],[84.96185,27.81547],[84.96176,27.81565],[84.96155,27.8158],[84.96158,27.81599],[84.96152,27.81593],[84.96143,27.81596],[84.9614,27.81592],[84.9611,27.81606],[84.9611,27.81612],[84.96098,27.81617],[84.96092,27.81628],[84.96085,27.81627],[84.96081,27.81632],[84.96072,27.81625],[84.96054,27.81637],[84.96034,27.81639],[84.96018,27.81661],[84.95991,27.8167],[84.95992,27.81687],[84.95978,27.81674],[84.95978,27.81686],[84.95963,27.81692],[84.95955,27.81707],[84.95945,27.81707],[84.95942,27.81701],[84.95935,27.817],[84.95936,27.81705],[84.9592,27.81709],[84.95919,27.81702],[84.95913,27.81703],[84.95911,27.81692],[84.95911,27.8171],[84.95907,27.81714],[84.95902,27.81711],[84.95897,27.81722],[84.95883,27.8172],[84.95884,27.81726],[84.95865,27.81725],[84.95864,27.81718],[84.95854,27.81721],[84.95786,27.81706],[84.95761,27.81706],[84.95754,27.81701],[84.95749,27.81705],[84.95723,27.81703],[84.95725,27.81692],[84.95716,27.81693],[84.95698,27.81676],[84.957,27.81668],[84.95675,27.81651],[84.95664,27.81652],[84.95654,27.81664],[84.95645,27.81664],[84.95631,27.81651],[84.95621,27.81648],[84.95616,27.81636],[84.95602,27.81638],[84.95601,27.8163],[84.9557,27.81628],[84.95568,27.81633],[84.95559,27.81633],[84.95543,27.81624],[84.95539,27.81606],[84.95542,27.81599],[84.95513,27.81606],[84.95504,27.81594],[84.95508,27.81587],[84.9549,27.81584],[84.95488,27.81576],[84.95479,27.81575],[84.95479,27.81571],[84.95465,27.81573],[84.95466,27.81569],[84.95453,27.81566],[84.95455,27.81561],[84.95449,27.81559],[84.95455,27.81559],[84.95456,27.81547],[84.95446,27.8154],[84.95408,27.81523],[84.95401,27.81513],[84.95387,27.81514],[84.95369,27.81506],[84.95364,27.81499],[84.95371,27.81489],[84.9538,27.81484],[84.95379,27.81472],[84.95289,27.81459],[84.95277,27.81534],[84.9525,27.81559],[84.95247,27.81583],[84.95265,27.81584],[84.95302,27.81551],[84.9535,27.81532],[84.9538,27.81538],[84.95367,27.81617],[84.95372,27.81661],[84.954,27.81687],[84.954,27.81704],[84.95409,27.81707],[84.95421,27.81697],[84.95437,27.81702],[84.95444,27.81711],[84.9545,27.8171],[84.95458,27.81724],[84.95475,27.81735],[84.95484,27.81755],[84.95503,27.81776],[84.9553,27.81793],[84.95535,27.81782],[84.95561,27.81769],[84.95577,27.8175],[84.95605,27.81779],[84.95633,27.81766],[84.9562,27.81834],[84.95599,27.8185],[84.95599,27.81869],[84.95613,27.81868],[84.95648,27.81883],[84.95662,27.81883],[84.95664,27.81875],[84.95677,27.81868],[84.95688,27.81879],[84.95704,27.81879],[84.95699,27.81876],[84.95702,27.81876],[84.95707,27.81879],[84.95705,27.81883],[84.95732,27.81882],[84.95733,27.81888],[84.95738,27.81888],[84.95736,27.81897],[84.95747,27.81884],[84.9576,27.81882],[84.95772,27.81891],[84.95774,27.81883],[84.9578,27.81882],[84.95784,27.81888],[84.95802,27.81881],[84.95827,27.81886],[84.95834,27.81881],[84.95892,27.81875],[84.95886,27.81868],[84.95892,27.81862],[84.95901,27.81874],[84.95899,27.81865],[84.95908,27.81856],[84.95919,27.81854],[84.95933,27.81863],[84.95957,27.81855],[84.95973,27.81835],[84.96008,27.81817],[84.96016,27.818],[84.96022,27.81806],[84.96028,27.81799],[84.96067,27.81788],[84.96077,27.8178],[84.96097,27.8178],[84.96122,27.81758],[84.96134,27.81759],[84.96148,27.8175],[84.96165,27.81753],[84.96174,27.81744],[84.9619,27.81756],[84.96197,27.81775],[84.96203,27.81767],[84.96194,27.81761],[84.96197,27.81757],[84.96192,27.81752],[84.96195,27.81738],[84.9622,27.81719],[84.96221,27.81713],[84.96229,27.81716],[84.96225,27.8171],[84.96229,27.81705],[84.96256,27.81692],[84.96252,27.81682],[84.96261,27.81678],[84.96261,27.81672],[84.96297,27.81661],[84.96307,27.81653],[84.96299,27.81649],[84.96304,27.81645],[84.96312,27.81653],[84.96311,27.8164],[84.96317,27.81631],[84.96343,27.81616],[84.96354,27.81595],[84.96371,27.81591],[84.96368,27.81585],[84.96375,27.8158],[84.96371,27.81576],[84.9638,27.81571],[84.96376,27.81563],[84.96385,27.81562],[84.96387,27.81569],[84.96394,27.81558],[84.96422,27.81548],[84.96426,27.81523],[84.96443,27.81532],[84.96443,27.81522],[84.96431,27.81513],[84.96427,27.81504],[84.96432,27.81502],[84.96432,27.81492],[84.9644,27.81488],[84.96431,27.81485],[84.96434,27.81475],[84.96443,27.81471],[84.96449,27.81454],[84.96457,27.81455],[84.96457,27.81443],[84.96471,27.81446],[84.96476,27.81438],[84.96471,27.81433],[84.96482,27.81426],[84.96482,27.81418],[84.96497,27.81412],[84.96496,27.81409],[84.96504,27.814],[84.965,27.81387],[84.96509,27.81371],[84.96526,27.81366],[84.96516,27.81355],[84.96523,27.81341],[84.96531,27.81339],[84.96529,27.81328],[84.9654,27.81308],[84.96533,27.81287],[84.96538,27.81279],[84.9657,27.81273],[84.96566,27.81265],[84.9658,27.81259],[84.96571,27.81245],[84.96562,27.8124],[84.96561,27.81229],[84.96574,27.81224],[84.96583,27.8123],[84.96589,27.81228],[84.96589,27.81205],[84.96614,27.81187],[84.96606,27.81185],[84.96619,27.81172],[84.96639,27.81162],[84.96661,27.81173],[84.96705,27.81175],[84.96716,27.81186],[84.96718,27.8119],[84.9671,27.81194],[84.96722,27.81208],[84.96716,27.81212],[84.96703,27.8121],[84.96716,27.81218],[84.96703,27.81225],[84.96716,27.81226],[84.96716,27.81239],[84.96727,27.81232],[84.96749,27.81236],[84.96749,27.81229],[84.96756,27.81242],[84.96775,27.8124],[84.96788,27.81249],[84.9679,27.81243],[84.96801,27.81239],[84.96808,27.81238],[84.96807,27.81245],[84.96813,27.81247],[84.96832,27.81245],[84.96847,27.81244],[84.96848,27.81239],[84.96868,27.81234],[84.9687,27.81221],[84.96866,27.81216],[84.96875,27.81204],[84.96892,27.81203],[84.96913,27.81192],[84.96919,27.81185],[84.96935,27.81182],[84.96944,27.81172],[84.96943,27.81162],[84.96951,27.81155],[84.96953,27.81139],[84.96965,27.81128],[84.96961,27.81116],[84.96952,27.8112],[84.96943,27.81117],[84.96942,27.81112],[84.9695,27.81098],[84.96961,27.8109],[84.96962,27.81075],[84.96974,27.81061],[84.96967,27.81054],[84.96967,27.81048],[84.96982,27.81041],[84.9699,27.81027],[84.96984,27.81025],[84.96983,27.8102],[84.96995,27.81018],[84.96994,27.81011],[84.97009,27.80995],[84.97029,27.80994],[84.97023,27.80987],[84.97027,27.80981],[84.97025,27.80966],[84.97021,27.80966],[84.97025,27.80963],[84.97023,27.80957],[84.97012,27.80961],[84.97014,27.80952],[84.97023,27.80951],[84.97004,27.80942],[84.97009,27.80938],[84.97016,27.8094],[84.97023,27.80925],[84.97013,27.80917],[84.97011,27.8091],[84.97003,27.80909],[84.97015,27.80892],[84.97021,27.8089],[84.97016,27.80886],[84.97023,27.80879],[84.9702,27.80866],[84.97025,27.80842],[84.97021,27.8083],[84.97027,27.80816],[84.9702,27.80806],[84.97017,27.80811],[84.97012,27.80807],[84.97027,27.808],[84.97031,27.8079],[84.97022,27.80778],[84.9703,27.80774],[84.97019,27.8077],[84.97027,27.80752],[84.97022,27.80747],[84.97028,27.8073],[84.97039,27.80718],[84.97041,27.80701],[84.97029,27.8068],[84.97037,27.80666],[84.9706,27.80649],[84.97059,27.80627],[84.97073,27.80608],[84.97068,27.80606],[84.9709,27.8061],[84.97094,27.80605],[84.97086,27.80602],[84.97094,27.80601],[84.97099,27.80609],[84.97115,27.80607],[84.97116,27.806],[84.9713,27.80592],[84.97132,27.80585],[84.97144,27.80582],[84.9717,27.8056],[84.97176,27.80565],[84.97179,27.80565],[84.97175,27.80559],[84.97182,27.80563],[84.97191,27.80555],[84.972,27.80558],[84.97214,27.8055],[84.97212,27.80547],[84.97227,27.80542],[84.97232,27.80534],[84.97234,27.80537],[84.97244,27.80528],[84.97243,27.80522],[84.97261,27.80512],[84.97264,27.80495],[84.97277,27.80493],[84.97283,27.80486],[84.97306,27.8049],[84.97314,27.80486],[84.97314,27.80483],[84.97305,27.80486],[84.97292,27.80483],[84.97277,27.80472],[84.97265,27.80469],[84.97273,27.80433],[84.97267,27.80407],[84.97268,27.80387],[84.97262,27.80384],[84.97265,27.80376],[84.97258,27.8037],[84.97272,27.80366],[84.97263,27.80367],[84.97264,27.80363],[84.97249,27.80352],[84.97258,27.80348],[84.97265,27.8036],[84.97273,27.80357],[84.97281,27.80333],[84.97275,27.80325],[84.97282,27.8032],[84.97278,27.80314],[84.97282,27.80312],[84.97278,27.80301],[84.97281,27.80292],[84.97276,27.80292],[84.9728,27.80287],[84.97276,27.8029],[84.97276,27.8028],[84.97273,27.80281],[84.97271,27.80275],[84.97261,27.80287],[84.9726,27.80284],[84.9727,27.80266],[84.97282,27.80258],[84.97286,27.80262],[84.97286,27.80254],[84.97303,27.80256],[84.9733,27.8024],[84.97334,27.8024],[84.97333,27.80246],[84.97391,27.80231],[84.97431,27.80239],[84.97443,27.80218],[84.97442,27.80213],[84.97453,27.8022],[84.97457,27.8022],[84.97452,27.80215],[84.97456,27.80214],[84.97473,27.80218],[84.97466,27.8021],[84.97476,27.80204],[84.97487,27.80203],[84.97489,27.80195],[84.97495,27.80201],[84.97502,27.80191],[84.97541,27.80203],[84.97576,27.80192],[84.97589,27.80199],[84.976,27.80194],[84.9762,27.80197],[84.97649,27.8019],[84.97724,27.80195],[84.97727,27.802],[84.97753,27.80189],[84.97762,27.80189],[84.97766,27.80194],[84.97783,27.80193],[84.97781,27.80196],[84.97798,27.80199],[84.97809,27.80209],[84.97828,27.80213],[84.97836,27.80204],[84.9785,27.80216],[84.9787,27.80215],[84.97879,27.80232],[84.97885,27.80232],[84.97885,27.80223],[84.97893,27.80223],[84.97897,27.8023],[84.97889,27.80235],[84.97922,27.80255],[84.97919,27.80264],[84.97928,27.80261],[84.97932,27.80254],[84.97942,27.80261],[84.97958,27.80261],[84.97978,27.8028],[84.97994,27.80283],[84.98003,27.80292],[84.98009,27.8029],[84.98043,27.80302],[84.98064,27.80318],[84.98093,27.80321],[84.98106,27.80314],[84.98137,27.80311],[84.98161,27.80324],[84.98182,27.80325],[84.98211,27.8034],[84.98217,27.80335],[84.98218,27.80345],[84.98226,27.80352],[84.98258,27.80363],[84.9831,27.80409],[84.98332,27.80414],[84.98343,27.80425],[84.98339,27.80441],[84.98349,27.80491],[84.98346,27.80513],[84.9835,27.80516],[84.98361,27.8051],[84.98385,27.8048],[84.9838,27.80472],[84.98364,27.80476],[84.98364,27.8047],[84.98389,27.80456],[84.98438,27.80496],[84.98469,27.80508],[84.98474,27.80517],[84.98488,27.80522],[84.98496,27.80533],[84.98507,27.8053],[84.98508,27.80538],[84.98518,27.80534],[84.98521,27.80545],[84.9854,27.80554],[84.98554,27.80554],[84.98578,27.80567],[84.98581,27.8056],[84.98592,27.8056],[84.98606,27.80567],[84.98606,27.80574],[84.9862,27.80579],[84.98624,27.80574],[84.98642,27.80573],[84.98647,27.80581],[84.98688,27.80589],[84.98699,27.80586],[84.98739,27.80592],[84.98774,27.80604],[84.98805,27.80608],[84.98827,27.80599],[84.98867,27.80593],[84.98884,27.80599],[84.9891,27.80586],[84.98939,27.80581],[84.98975,27.80611],[84.98973,27.80591],[84.98964,27.80586],[84.9896,27.8057],[84.9898,27.80564],[84.98993,27.8054],[84.99005,27.80541],[84.99021,27.80535],[84.99023,27.80526],[84.99029,27.80522],[84.9903,27.80511],[84.9905,27.80514],[84.99054,27.80497],[84.991,27.80477],[84.99108,27.80456],[84.99104,27.80437],[84.99109,27.80428],[84.99121,27.8041],[84.99132,27.80412],[84.99144,27.804],[84.99145,27.80391],[84.99129,27.80388],[84.99126,27.80376],[84.99135,27.80374],[84.99137,27.80366],[84.99149,27.80362],[84.99149,27.80368],[84.99158,27.80367],[84.99164,27.8036],[84.99181,27.80367],[84.99182,27.80362],[84.99184,27.80372],[84.99189,27.80373],[84.99209,27.80366],[84.9921,27.80385],[84.9922,27.80383],[84.99222,27.8039],[84.99228,27.80375],[84.99238,27.80373],[84.99244,27.8038],[84.99262,27.8038],[84.99265,27.80382],[84.9926,27.80386],[84.99267,27.80394],[84.99284,27.80399],[84.99292,27.80393],[84.99309,27.80408],[84.99331,27.80417],[84.99342,27.80415],[84.99344,27.8042],[84.99363,27.80416],[84.99381,27.80424],[84.99411,27.80423],[84.99414,27.80429],[84.99421,27.80427],[84.99434,27.80434],[84.99439,27.80429],[84.99448,27.80441],[84.99461,27.80435],[84.9946,27.80442],[84.99466,27.80444],[84.99473,27.80438],[84.99486,27.80443],[84.99496,27.80433],[84.99513,27.80439],[84.99518,27.80432],[84.99523,27.80437],[84.99536,27.80432],[84.99553,27.80435],[84.9959,27.80425],[84.9961,27.80427],[84.99615,27.80423],[84.99619,27.80428],[84.99663,27.80424],[84.99675,27.80408],[84.99676,27.80398],[84.99683,27.80399],[84.99687,27.80409],[84.9969,27.80408],[84.99693,27.80395],[84.99689,27.80392],[84.99694,27.80388],[84.99706,27.80393],[84.99726,27.80383],[84.99734,27.80387],[84.99729,27.80392],[84.99736,27.80391],[84.99736,27.80381],[84.99739,27.80385],[84.99748,27.80376],[84.99769,27.80377],[84.99773,27.80369],[84.99772,27.80356],[84.99782,27.8035],[84.99791,27.8035],[84.99787,27.80358],[84.99796,27.80362],[84.99823,27.80339],[84.99826,27.8033],[84.99834,27.80331],[84.99839,27.80319],[84.99853,27.80317],[84.99849,27.80309],[84.99862,27.80305],[84.9986,27.80299],[84.99863,27.80304],[84.99888,27.80303],[84.99886,27.80296],[84.99892,27.80293],[84.99908,27.80293],[84.99906,27.80289],[84.99911,27.80281],[84.99921,27.80281],[84.99917,27.80292],[84.99929,27.80289],[84.99931,27.80284],[84.99986,27.80275],[84.99985,27.80269],[84.99993,27.80264],[84.9999,27.80262],[84.99999,27.80261],[84.99993,27.80258],[85.00002,27.80246],[85.00017,27.80252],[85.00037,27.80252],[85.00039,27.80257],[85.00049,27.80259],[85.00049,27.80255],[85.0005,27.8026],[85.00058,27.80261],[85.00074,27.80246],[85.00083,27.80262],[85.00083,27.80258],[85.00099,27.80246],[85.00104,27.80253],[85.00122,27.80248],[85.0013,27.80257],[85.00137,27.80248],[85.00153,27.80249],[85.00173,27.80259],[85.00191,27.80258],[85.00196,27.80265],[85.00202,27.80263],[85.0024,27.80275],[85.00248,27.80287],[85.00267,27.80295],[85.00278,27.80313],[85.00299,27.80318],[85.003,27.80333],[85.00315,27.80333],[85.00341,27.80369],[85.0034,27.80382],[85.00344,27.80388],[85.00356,27.8039],[85.00361,27.80401],[85.00358,27.80418],[85.00379,27.80423],[85.00384,27.80417],[85.00392,27.80425],[85.00398,27.80421],[85.00396,27.80428],[85.00405,27.80428],[85.00412,27.80439],[85.00421,27.80437],[85.00447,27.80458],[85.00463,27.80484],[85.00495,27.80494],[85.00501,27.80502],[85.0051,27.80498],[85.00517,27.80514],[85.00525,27.80511],[85.0054,27.80518],[85.00545,27.80535],[85.00564,27.8054],[85.00576,27.80534],[85.00578,27.80552],[85.00596,27.80554],[85.00603,27.80563],[85.00606,27.80563],[85.00604,27.80558],[85.00597,27.80551],[85.00606,27.80551],[85.0061,27.80559],[85.00609,27.80556],[85.00619,27.80556],[85.0063,27.80561],[85.00631,27.80571],[85.00652,27.80572],[85.0067,27.8058],[85.00669,27.80584],[85.00681,27.80586],[85.00683,27.80583],[85.00701,27.80593],[85.00738,27.80588],[85.00744,27.80579],[85.00771,27.80585],[85.00776,27.80582],[85.00782,27.80589],[85.00792,27.80583],[85.00813,27.80597],[85.00822,27.80593],[85.00831,27.80597],[85.0083,27.80608],[85.0084,27.80612],[85.00893,27.80616],[85.00904,27.80626],[85.00908,27.80644],[85.00928,27.80644],[85.00949,27.80657],[85.00949,27.80651],[85.00955,27.80654],[85.0096,27.8065],[85.00991,27.80673],[85.01002,27.80668],[85.01013,27.80679],[85.01017,27.80674],[85.01016,27.80681],[85.01038,27.80695],[85.01055,27.80695],[85.01061,27.80705],[85.0108,27.80702],[85.01081,27.80707],[85.01076,27.80712],[85.01095,27.80714],[85.01111,27.80726],[85.01115,27.80722],[85.01132,27.80739],[85.0116,27.80748],[85.01162,27.80755],[85.01177,27.80762],[85.01188,27.8076],[85.01188,27.80766],[85.01202,27.80768],[85.01203,27.80774],[85.01213,27.80779],[85.01221,27.80776],[85.01228,27.80783],[85.01219,27.80786],[85.01222,27.80788],[85.01239,27.80785],[85.01239,27.80779],[85.01244,27.80778],[85.01262,27.80781],[85.01272,27.80789],[85.01279,27.80789],[85.01283,27.80784],[85.01288,27.80788],[85.01283,27.80797],[85.01297,27.80809],[85.013,27.80818],[85.01305,27.80814],[85.01302,27.80826],[85.01315,27.80824],[85.01325,27.8085],[85.01328,27.80851],[85.01328,27.80845],[85.01329,27.80851],[85.0132,27.8087],[85.01302,27.80893],[85.01293,27.80895],[85.0129,27.8091],[85.01283,27.80915],[85.01283,27.80922],[85.01257,27.80917],[85.0125,27.80924],[85.01239,27.8092],[85.01225,27.80933],[85.01222,27.80928],[85.01228,27.80919],[85.01225,27.80918],[85.01208,27.80932],[85.01191,27.80927],[85.01175,27.80942],[85.0117,27.80964],[85.0117,27.81007],[85.01166,27.81017],[85.01174,27.81031],[85.01172,27.81101],[85.0118,27.81104],[85.01177,27.81114],[85.0118,27.81115],[85.01176,27.81118],[85.01179,27.81127],[85.01169,27.81129],[85.01169,27.81136],[85.01165,27.81133],[85.01163,27.81146],[85.01178,27.8116],[85.01186,27.81179],[85.0118,27.8118],[85.01179,27.81186],[85.01183,27.81184],[85.01181,27.81192],[85.01186,27.81196],[85.01183,27.81208],[85.01191,27.81217],[85.01187,27.81227],[85.01193,27.81228],[85.01185,27.8124],[85.01203,27.81257],[85.01205,27.81269],[85.01208,27.81268],[85.01208,27.81273],[85.01195,27.81277],[85.01197,27.81283],[85.01209,27.81285],[85.01217,27.81303],[85.01213,27.81308],[85.01218,27.81313],[85.01224,27.81312],[85.01219,27.81323],[85.01226,27.81326],[85.01231,27.81335],[85.01236,27.81363],[85.01252,27.8139],[85.01258,27.81415],[85.01274,27.81446],[85.01299,27.81464],[85.01339,27.8153],[85.01374,27.81573],[85.01381,27.81605],[85.01423,27.81686],[85.01432,27.81722],[85.01426,27.81762],[85.01432,27.8177],[85.0145,27.81776],[85.01465,27.81803],[85.01458,27.81877],[85.01471,27.81897],[85.01474,27.81939],[85.01495,27.81963],[85.01515,27.82018],[85.01541,27.82053],[85.01569,27.82139],[85.01569,27.82209],[85.01557,27.82246],[85.01569,27.82268],[85.01562,27.82294],[85.01581,27.82337],[85.01614,27.82389],[85.01611,27.82398],[85.01605,27.82406],[85.01575,27.82411],[85.01534,27.82394],[85.01518,27.82401],[85.01485,27.82434],[85.01482,27.82451],[85.01493,27.82451],[85.01497,27.82438],[85.01515,27.82443],[85.01546,27.82435],[85.01581,27.82452],[85.0158,27.82468],[85.01563,27.8247],[85.01555,27.82484],[85.01551,27.82507],[85.01543,27.82516],[85.01545,27.82522],[85.01555,27.82526],[85.01598,27.8253],[85.01572,27.82551],[85.01564,27.8259],[85.01572,27.82618],[85.01583,27.82617],[85.01598,27.82625],[85.016,27.82637],[85.01589,27.82648],[85.01578,27.8265],[85.01582,27.8266],[85.01578,27.82682],[85.01583,27.827],[85.01577,27.82705],[85.01589,27.82716],[85.01591,27.82724],[85.01601,27.82728],[85.01597,27.82734],[85.01621,27.82763],[85.01618,27.82765],[85.01641,27.8278],[85.0165,27.82777],[85.01658,27.82794],[85.01679,27.82803],[85.01691,27.82813],[85.01692,27.82819],[85.0171,27.82822],[85.0171,27.82827],[85.01717,27.82832],[85.01722,27.82826],[85.01737,27.82837],[85.0176,27.82837],[85.01771,27.82851],[85.01767,27.82852],[85.01773,27.82855],[85.01778,27.82856],[85.01777,27.82849],[85.01783,27.82851],[85.01784,27.82844],[85.0179,27.82842],[85.01821,27.82855],[85.0185,27.82876],[85.01852,27.82891],[85.01858,27.82893],[85.01853,27.82896],[85.01855,27.82902],[85.01871,27.82909],[85.01878,27.82922],[85.01889,27.82931],[85.01894,27.82945],[85.01906,27.82957],[85.01905,27.82965],[85.01912,27.82965],[85.01916,27.8298],[85.01929,27.82996],[85.01927,27.83003],[85.01938,27.8301],[85.01935,27.83016],[85.01923,27.83012],[85.01923,27.83015],[85.01944,27.83057],[85.01975,27.83101],[85.01991,27.83113],[85.01987,27.83118],[85.01991,27.83123],[85.0201,27.83138],[85.02011,27.83152],[85.0202,27.83151],[85.0202,27.83166],[85.02032,27.8318],[85.02032,27.83186],[85.02037,27.8319],[85.02042,27.83186],[85.02042,27.83191],[85.02047,27.83187],[85.02042,27.83195],[85.02044,27.83201],[85.0205,27.832],[85.02052,27.83219],[85.02061,27.83226],[85.02057,27.83236],[85.02062,27.83239],[85.02062,27.83249],[85.02085,27.83259],[85.02096,27.83281],[85.02107,27.83285],[85.02113,27.83283],[85.02112,27.8329],[85.02127,27.83286],[85.02106,27.83303],[85.02129,27.83302],[85.02127,27.83308],[85.02122,27.83307],[85.02121,27.83313],[85.02106,27.83317],[85.02118,27.83336],[85.02116,27.83358],[85.02121,27.83362],[85.02118,27.83386],[85.02108,27.83396],[85.02087,27.83399],[85.02079,27.83396],[85.02067,27.83374],[85.02059,27.83368],[85.02056,27.83373],[85.02039,27.83353],[85.02026,27.83347],[85.01996,27.83342],[85.01995,27.83345],[85.01959,27.83332],[85.01938,27.8334],[85.01933,27.83336],[85.01922,27.83339],[85.01879,27.83325],[85.01857,27.8333],[85.01853,27.83335],[85.01844,27.83325],[85.01835,27.83329],[85.0183,27.83318],[85.01814,27.83307],[85.01802,27.83315],[85.01806,27.83304],[85.01794,27.83302],[85.01793,27.83295],[85.01792,27.83299],[85.01785,27.83296],[85.01773,27.8328],[85.01769,27.83256],[85.01772,27.8325],[85.01758,27.8325],[85.0176,27.83246],[85.01754,27.83248],[85.01756,27.83256],[85.01749,27.8327],[85.01752,27.83281],[85.01766,27.83278],[85.01775,27.83297],[85.01772,27.83298],[85.01772,27.83292],[85.01767,27.83296],[85.01769,27.833],[85.0176,27.83301],[85.01761,27.83306],[85.01754,27.83309],[85.01765,27.83313],[85.01762,27.83307],[85.01769,27.83305],[85.01759,27.83322],[85.01728,27.83327],[85.0173,27.83342],[85.01713,27.8334],[85.01669,27.83323],[85.01643,27.83303],[85.01631,27.83304],[85.01643,27.83325],[85.01628,27.8332],[85.01622,27.83327],[85.01658,27.83349],[85.01654,27.83357],[85.01707,27.8337],[85.01746,27.83398],[85.01764,27.83416],[85.01774,27.83435],[85.01797,27.83448],[85.01805,27.83464],[85.01837,27.8349],[85.01849,27.83516],[85.01866,27.83527],[85.01884,27.83528],[85.01888,27.83532],[85.01905,27.83533],[85.0192,27.83526],[85.01922,27.83515],[85.01926,27.83521],[85.01943,27.8352],[85.01939,27.83524],[85.01941,27.83528]],[[85.02213,27.84419],[85.02212,27.84414],[85.02211,27.84409],[85.02213,27.84419]],[[85.02296,27.83254],[85.02295,27.83254],[85.02296,27.83253],[85.02296,27.83254]],[[85.02279,27.83226],[85.02278,27.83226],[85.02279,27.83226]],[[85.02278,27.83226]],[[85.02238,27.83095],[85.02237,27.83095],[85.02238,27.83095]],[[85.02241,27.83077]],[[85.02214,27.83042]],[[85.02213,27.83042],[85.02214,27.83042],[85.02213,27.83042]],[[85.02208,27.83012]],[[85.02154,27.82887]],[[85.02145,27.82856]],[[85.02046,27.8272]],[[85.02036,27.82696]],[[85.01345,27.81305],[85.01345,27.81304],[85.01345,27.81305]],[[85.01345,27.81306],[85.01344,27.81307],[85.01343,27.81305],[85.01345,27.81306]],[[85.0158,27.81002],[85.01579,27.81002],[85.0158,27.81002]],[[85.01579,27.81002]],[[85.01586,27.80997]],[[85.01672,27.81009],[85.01672,27.81007],[85.01672,27.81009]],[[85.01696,27.81008],[85.01695,27.81008],[85.01696,27.81007],[85.01696,27.81008]],[[85.01703,27.81006]],[[85.01703,27.81009],[85.01703,27.8101],[85.01703,27.81009]],[[85.0171,27.81015],[85.01711,27.81015],[85.0171,27.81015]],[[85.01701,27.80979],[85.017,27.80981],[85.01699,27.80978],[85.01701,27.80979]],[[85.01597,27.80968]],[[85.01594,27.80966],[85.01594,27.80965],[85.01594,27.80966]],[[85.01581,27.80963],[85.01583,27.80964],[85.01579,27.80966],[85.01581,27.80963]],[[85.01552,27.80969],[85.01553,27.80971],[85.01552,27.80971],[85.01552,27.80969]],[[85.01479,27.80857]],[[85.01479,27.80857]],[[85.01484,27.80849]],[[85.01482,27.80805]],[[85.01363,27.8065]],[[85.0132,27.80626],[85.01319,27.80627],[85.0132,27.80626]],[[85.0128,27.80611]],[[85.01039,27.80525],[85.01039,27.80524],[85.01039,27.80525]],[[85.00934,27.80479],[85.00936,27.80479],[85.00933,27.80485],[85.00934,27.80479]],[[85.00928,27.80475],[85.00929,27.80475],[85.00928,27.80475]],[[85.00927,27.80473],[85.00926,27.80473],[85.00927,27.80472],[85.00927,27.80473]],[[85.00904,27.80469],[85.00899,27.80471],[85.009,27.80467],[85.00904,27.80469]],[[85.00879,27.80462],[85.00879,27.80461],[85.0088,27.80461],[85.0088,27.80462],[85.00879,27.80462]],[[85.00546,27.80357],[85.00545,27.80357],[85.00546,27.80356],[85.00546,27.80357]],[[85.00498,27.80328]],[[85.00449,27.80295]],[[85.00342,27.80184]],[[85.00353,27.80135],[85.00353,27.80136],[85.00353,27.80135]],[[85.00226,27.80096]],[[85.00123,27.80079],[85.00122,27.80079],[85.00123,27.80079]],[[84.99733,27.80164]],[[84.99736,27.80165],[84.99736,27.80166],[84.99736,27.80165]],[[84.99689,27.80192]],[[84.99595,27.80254],[84.99596,27.80254],[84.99595,27.80254]],[[84.99498,27.80289],[84.99498,27.8029],[84.99498,27.80289]],[[84.99425,27.80292],[84.99424,27.80292],[84.99425,27.80292]],[[84.9942,27.80295],[84.9942,27.80296],[84.9942,27.80295]],[[84.99412,27.80293]],[[84.9819,27.80204],[84.98188,27.80203],[84.98189,27.80202],[84.9819,27.80204]],[[84.9819,27.80202],[84.98191,27.80202],[84.9819,27.80202]],[[84.98128,27.80201]],[[84.98126,27.80196],[84.98125,27.80196],[84.98127,27.80195],[84.98126,27.80196]],[[84.98129,27.80182]],[[84.97791,27.80085],[84.97792,27.80085],[84.97791,27.80085]],[[84.97789,27.80093]],[[84.97786,27.80107]],[[84.97741,27.80088]],[[84.9774,27.80088],[84.97741,27.80088],[84.9774,27.80088]],[[84.97371,27.80109]],[[84.97371,27.8011],[84.97372,27.80111],[84.97368,27.8011],[84.97371,27.8011]],[[84.97371,27.80109],[84.97372,27.80109],[84.97372,27.8011],[84.97371,27.8011],[84.97371,27.80109]],[[84.97253,27.80134]],[[84.97182,27.8017],[84.97183,27.80171],[84.97182,27.80172],[84.97182,27.8017]],[[84.97166,27.80199]],[[84.97152,27.80247],[84.97151,27.80247],[84.97152,27.80247]],[[84.97126,27.80299],[84.97127,27.80299],[84.97127,27.803],[84.97126,27.80299]],[[84.97127,27.80321]],[[84.97127,27.80322],[84.97125,27.80322],[84.97125,27.80321],[84.97127,27.80322]],[[84.97138,27.80322],[84.97138,27.80321],[84.97138,27.80322]],[[84.97151,27.80329]],[[84.97154,27.80334],[84.97154,27.80335],[84.97153,27.80335],[84.97153,27.80334],[84.97154,27.80334]],[[84.97157,27.80446],[84.97158,27.80445],[84.97158,27.80446],[84.97157,27.80446]],[[84.97149,27.80452],[84.97149,27.80451],[84.9715,27.80451],[84.9715,27.80452],[84.97149,27.80452]],[[84.96972,27.80563],[84.96971,27.80563],[84.96971,27.80562],[84.96972,27.80563]],[[84.9695,27.80586],[84.96951,27.80586],[84.9695,27.80586]],[[84.9695,27.8059]],[[84.96974,27.80574],[84.96974,27.80573],[84.96974,27.80574]],[[84.96889,27.8062]],[[84.96889,27.80621],[84.96888,27.80621],[84.96888,27.8062],[84.96889,27.80621]],[[84.96877,27.80611],[84.96876,27.80613],[84.96875,27.80611],[84.96877,27.80611]],[[84.96879,27.80609],[84.96879,27.8061],[84.96879,27.80609]],[[84.9688,27.8061],[84.96882,27.80608],[84.96881,27.80611],[84.9688,27.8061]],[[84.96882,27.80608],[84.96881,27.80607],[84.96882,27.80607],[84.96882,27.80608]],[[84.96811,27.80664],[84.96811,27.80665],[84.96811,27.80664]],[[84.96811,27.80666]],[[84.96878,27.80825]],[[84.96738,27.81008],[84.96739,27.81007],[84.96739,27.81008],[84.96738,27.81008]],[[84.96733,27.81013],[84.96734,27.81012],[84.96733,27.81015],[84.96733,27.81013]],[[84.96455,27.81062],[84.96454,27.81062],[84.96455,27.81062]],[[84.96448,27.81068],[84.96448,27.81069],[84.96448,27.81068]],[[84.96471,27.81161]],[[84.96466,27.81162],[84.96471,27.81166],[84.96468,27.81166],[84.96466,27.81162]],[[84.96472,27.81167]],[[84.96472,27.81167]],[[84.9647,27.81166],[84.96469,27.81166],[84.9647,27.81166]],[[84.96464,27.81167],[84.96463,27.81167],[84.96464,27.81167]],[[84.96464,27.81167],[84.96465,27.81168],[84.96464,27.81168],[84.96464,27.81167]],[[84.96412,27.81226],[84.96411,27.81226],[84.96412,27.81226]],[[84.96399,27.81236]],[[84.96387,27.81239],[84.96386,27.81239],[84.96387,27.81239]],[[84.96386,27.81238],[84.96387,27.81238],[84.96386,27.81238]],[[84.96375,27.81243],[84.96375,27.81244],[84.96374,27.81244],[84.96374,27.81243],[84.96375,27.81243]],[[84.96326,27.81265],[84.96326,27.81266],[84.96325,27.81266],[84.96326,27.81265]],[[84.96287,27.81295],[84.96288,27.81295],[84.96287,27.81295]],[[84.96283,27.81307],[84.96283,27.81305],[84.96284,27.81306],[84.96283,27.81307]],[[84.96284,27.81305],[84.96285,27.81305],[84.96284,27.81305]],[[84.96285,27.8131],[84.96286,27.81311],[84.96285,27.81311],[84.96285,27.8131]],[[84.96292,27.81305]],[[84.96292,27.81326]],[[84.96275,27.81364],[84.96275,27.81365],[84.96275,27.81364]],[[84.96273,27.81363],[84.96274,27.81364],[84.96272,27.81363],[84.96273,27.81363]],[[84.9627,27.81396],[84.96271,27.81396],[84.9627,27.81396]],[[84.96159,27.81592],[84.96159,27.81593],[84.96159,27.81592]],[[84.95977,27.81681],[84.95977,27.81682],[84.95977,27.81681]],[[84.95756,27.81705],[84.95754,27.81705],[84.95754,27.81704],[84.95756,27.81705]],[[84.95583,27.81629],[84.95583,27.8163],[84.95582,27.8163],[84.95582,27.81629],[84.95583,27.81629]],[[84.95583,27.8163],[84.95582,27.8163],[84.95583,27.8163]],[[84.95569,27.81629],[84.95568,27.8163],[84.95568,27.81629],[84.95569,27.81629]],[[84.95536,27.816],[84.95536,27.81601],[84.95535,27.81601],[84.95535,27.816],[84.95536,27.816]],[[84.95485,27.81578],[84.95486,27.81578],[84.95485,27.81578]],[[84.95452,27.81566],[84.9545,27.81566],[84.9545,27.81565],[84.95452,27.81566]],[[84.9545,27.81562]],[[84.95449,27.8156]],[[84.95443,27.81706],[84.95443,27.81707],[84.95443,27.81706]],[[84.95678,27.8187],[84.95679,27.8187],[84.95678,27.8187]],[[84.9568,27.81873],[84.9568,27.81872],[84.9568,27.81873]],[[84.95682,27.81871],[84.95683,27.81871],[84.95683,27.81872],[84.95682,27.81871]],[[84.95702,27.81879],[84.95702,27.8188],[84.95702,27.81879]],[[84.95697,27.81873],[84.95698,27.81873],[84.95697,27.81873]],[[84.95708,27.81879],[84.95707,27.81879],[84.95708,27.81879]],[[84.9571,27.81884],[84.9571,27.81883],[84.95711,27.81883],[84.95711,27.81884],[84.9571,27.81884]],[[84.95728,27.81882],[84.95728,27.81881],[84.95728,27.81882]],[[84.95728,27.81881]],[[84.95828,27.81884],[84.95829,27.81884],[84.95828,27.81884]],[[84.95926,27.81859]],[[84.95973,27.81834]],[[84.96021,27.81801],[84.96021,27.818],[84.96022,27.818],[84.96021,27.81801]],[[84.96194,27.81739],[84.96194,27.81738],[84.96195,27.81738],[84.96194,27.81739]],[[84.96206,27.81727]],[[84.96353,27.81597],[84.96352,27.81597],[84.96353,27.81597]],[[84.96446,27.81463]],[[84.965,27.81402]],[[84.96529,27.81331]],[[84.96535,27.81301],[84.96534,27.81301],[84.96534,27.81298],[84.96535,27.81301]],[[84.96535,27.81282]],[[84.96538,27.81278],[84.96539,27.81278],[84.96539,27.81279],[84.96538,27.81278]],[[84.96561,27.81236],[84.96562,27.81236],[84.96561,27.81236]],[[84.9661,27.81187],[84.96611,27.81187],[84.9661,27.81187]],[[84.9667,27.81172],[84.96667,27.81172],[84.96669,27.81171],[84.9667,27.81172]],[[84.96708,27.81223]],[[84.96963,27.81085],[84.96962,27.81085],[84.96963,27.81085]],[[84.96983,27.81036],[84.96982,27.81036],[84.96982,27.81035],[84.96983,27.81035],[84.96983,27.81036]],[[84.97021,27.80831],[84.97021,27.8083],[84.97021,27.80831]],[[84.97033,27.8067]],[[84.9708,27.80606],[84.97079,27.80606],[84.9708,27.80605],[84.9708,27.80606]],[[84.97098,27.80604],[84.97099,27.80604],[84.97098,27.80604]],[[84.97097,27.80605],[84.97098,27.80605],[84.97097,27.80605]],[[84.971,27.80606],[84.97101,27.80607],[84.971,27.80607],[84.971,27.80606]],[[84.9718,27.80561],[84.97181,27.80561],[84.9718,27.80561]],[[84.97187,27.80559],[84.97184,27.80559],[84.97186,27.80558],[84.97187,27.80559]],[[84.97187,27.80559],[84.97187,27.80558],[84.97188,27.80558],[84.97188,27.80559],[84.97187,27.80559]],[[84.97189,27.80559],[84.97189,27.80557],[84.97189,27.80558],[84.97189,27.80559]],[[84.97189,27.8056],[84.97189,27.80561],[84.97188,27.80561],[84.97188,27.8056],[84.97189,27.8056]],[[84.97216,27.80546]],[[84.97232,27.80535],[84.9723,27.80536],[84.97229,27.80535],[84.97232,27.80535]],[[84.9723,27.80534]],[[84.9727,27.80266]],[[84.97746,27.8019]],[[84.97746,27.8019]],[[84.97825,27.80212]],[[84.97831,27.80208],[84.97829,27.80208],[84.97832,27.80208],[84.97831,27.80208]],[[84.97862,27.80215],[84.97861,27.80215],[84.97861,27.80214],[84.97862,27.80215]],[[84.97886,27.80232]],[[84.97948,27.80258],[84.97948,27.80259],[84.97947,27.80259],[84.97948,27.80258]],[[84.97955,27.8026],[84.97955,27.80259],[84.97955,27.8026]],[[84.9822,27.80346],[84.9822,27.80345],[84.9822,27.80346]],[[84.99219,27.80388],[84.99218,27.80388],[84.99218,27.80387],[84.99219,27.80387],[84.99219,27.80388]],[[84.99225,27.80386],[84.99223,27.80387],[84.99224,27.80384],[84.99225,27.80386]],[[84.99241,27.80376],[84.99242,27.80376],[84.99241,27.80376]],[[84.99436,27.80431]],[[84.99721,27.80384]],[[84.99721,27.80383],[84.99722,27.80383],[84.99721,27.80383]],[[84.99731,27.80382],[84.99732,27.80382],[84.99731,27.80382]],[[84.9986,27.80304]],[[84.99989,27.80264],[84.99986,27.80266],[84.99987,27.80264],[84.9998,27.80262],[84.99989,27.80264]],[[84.99985,27.80265],[84.99986,27.80265],[84.99985,27.80266],[84.99985,27.80265]],[[85.00014,27.80249],[85.00014,27.8025],[85.00014,27.80249]],[[85.00128,27.80253],[85.00128,27.8025],[85.00129,27.80254],[85.00128,27.80253]],[[85.00135,27.80253],[85.00135,27.80254],[85.00135,27.80253]],[[85.00479,27.80486],[85.00485,27.80486],[85.00486,27.80489],[85.00479,27.80486]],[[85.00519,27.80514]],[[85.00544,27.80524],[85.00545,27.80524],[85.00545,27.80525],[85.00544,27.80525],[85.00544,27.80524]],[[85.00541,27.80529],[85.00542,27.80528],[85.00542,27.80529],[85.00541,27.80529]],[[85.00635,27.80571],[85.00635,27.8057],[85.00635,27.80571]],[[85.00937,27.80653],[85.00936,27.8065],[85.00938,27.8065],[85.00937,27.80653]],[[85.00983,27.80666],[85.00984,27.80667],[85.00983,27.80667],[85.00983,27.80666]],[[85.00989,27.80669],[85.00989,27.8067],[85.00989,27.80669]],[[85.01013,27.80678]],[[85.01013,27.80677],[85.01014,27.80677],[85.01014,27.80678],[85.01013,27.80678],[85.01013,27.80677]],[[85.01098,27.80717]],[[85.01104,27.80718],[85.01106,27.80714],[85.01107,27.80715],[85.01104,27.80718]],[[85.01133,27.80738],[85.01133,27.80737],[85.01134,27.80737],[85.01133,27.80738]],[[85.01296,27.80807]],[[85.01306,27.80814],[85.01307,27.80814],[85.01306,27.80814]],[[85.01306,27.80816],[85.01308,27.80816],[85.01308,27.80818],[85.01306,27.80816]],[[85.01179,27.81129]],[[85.01171,27.81129]],[[85.01175,27.81157]],[[85.01183,27.81187],[85.01182,27.81187],[85.01183,27.81187]],[[85.01182,27.81187],[85.01182,27.81188],[85.01182,27.81187]],[[85.01185,27.81196]],[[85.01185,27.81196]],[[85.0119,27.81215],[85.01191,27.81215],[85.0119,27.81215]],[[85.01189,27.81227],[85.01189,27.81226],[85.01189,27.81227]],[[85.01194,27.81229],[85.01194,27.8123],[85.01194,27.81229]],[[85.01194,27.81229]],[[85.01186,27.81237],[85.01186,27.81236],[85.01186,27.81237]],[[85.01224,27.81323]],[[85.01597,27.82625],[85.01598,27.82625],[85.01597,27.82625]],[[85.01598,27.82628],[85.01597,27.82628],[85.01598,27.82628]],[[85.01592,27.82649],[85.01591,27.82649],[85.01592,27.82649]],[[85.0164,27.82777],[85.0164,27.82776],[85.01641,27.82777],[85.0164,27.82777]],[[85.01702,27.82821],[85.01703,27.82821],[85.01702,27.82821]],[[85.01728,27.8283],[85.01729,27.8283],[85.01728,27.8283]],[[85.01777,27.82854],[85.01776,27.82854],[85.01777,27.82854]],[[85.0201,27.83138],[85.02011,27.83137],[85.02011,27.83138],[85.0201,27.83138]],[[85.02011,27.83148],[85.02012,27.83147],[85.02013,27.83148],[85.02011,27.83148]],[[85.02043,27.83193],[85.02044,27.83193],[85.02043,27.83193]],[[85.02068,27.83251],[85.02068,27.83252],[85.02068,27.83251]],[[85.02076,27.83256],[85.02076,27.83257],[85.02076,27.83256]],[[85.0209,27.83272],[85.02089,27.83272],[85.0209,27.83272]],[[85.02094,27.83278]],[[85.02121,27.83288],[85.02121,27.83287],[85.02122,27.83287],[85.02121,27.83288]],[[85.02122,27.83287]],[[85.02128,27.83305]],[[85.02127,27.83307],[85.02127,27.83305],[85.02128,27.83306],[85.02127,27.83307]],[[85.02128,27.83306],[85.02129,27.83306],[85.02128,27.83306]],[[85.02121,27.83311],[85.02122,27.83309],[85.02123,27.83311],[85.02121,27.83311]],[[85.01996,27.83345],[85.01995,27.83345],[85.01996,27.83345]],[[85.01767,27.83299],[85.01767,27.833],[85.01767,27.83299]],[[85.0176,27.83311],[85.01761,27.8331],[85.01761,27.83311],[85.0176,27.83311]],[[85.01762,27.83307]],[[85.0177,27.83307],[85.01771,27.83308],[85.0177,27.83309],[85.0177,27.83307]],[[85.0176,27.83322]],[[85.01699,27.83367]],[[85.01698,27.83367],[85.01698,27.83366],[85.01699,27.83366],[85.01699,27.83367],[85.01698,27.83367]],[[85.0183,27.83484],[85.01831,27.83484],[85.0183,27.83484]],[[85.01835,27.83488]],[[85.0192,27.83521]],[[85.01936,27.8352]],[[85.0194,27.83526],[85.01941,27.83526],[85.01941,27.83527],[85.0194,27.83527],[85.0194,27.83526]],[[85.01922,27.84077],[85.01928,27.84078],[85.01918,27.84077],[85.01922,27.84077]],[[85.01811,27.82847],[85.0181,27.82846],[85.01812,27.82846],[85.01811,27.82847]],[[85.01593,27.8261],[85.01594,27.82612],[85.01593,27.82612],[85.01593,27.8261]],[[85.01594,27.82611]],[[85.01276,27.80776],[85.01263,27.80769],[85.01268,27.80765],[85.01267,27.80756],[85.01279,27.80751],[85.01285,27.80756],[85.01294,27.80753],[85.01302,27.80761],[85.013,27.80773],[85.01279,27.80782],[85.01276,27.80776]],[[85.01275,27.80777],[85.01275,27.80776],[85.01276,27.80776],[85.01276,27.80777],[85.01275,27.80777]],[[84.98893,27.80436],[84.98893,27.80434],[84.98893,27.80436]],[[84.98074,27.80219]],[[84.98073,27.80219],[84.98073,27.80218],[84.98073,27.80219]],[[84.98214,27.80214],[84.98214,27.80215],[84.98214,27.80214]],[[84.98068,27.80201],[84.98067,27.80201],[84.98068,27.80201]],[[84.96866,27.80712]],[[84.96867,27.80715]],[[84.96986,27.8085],[84.96989,27.80842],[84.97005,27.80836],[84.97012,27.80845],[84.97004,27.80862],[84.96991,27.8086],[84.96986,27.8085]],[[84.96985,27.80852]],[[84.96985,27.80851],[84.96986,27.80851],[84.96985,27.80851]],[[84.9676,27.81023],[84.96756,27.81028],[84.9677,27.81029],[84.96773,27.81023],[84.96778,27.81027],[84.96772,27.81034],[84.96763,27.81036],[84.96736,27.81038],[84.96728,27.81033],[84.96745,27.81015],[84.96754,27.81018],[84.96751,27.81013],[84.9676,27.81012],[84.96765,27.81004],[84.96771,27.81022],[84.9676,27.81023]],[[84.96754,27.81013]],[[84.9676,27.81024]],[[84.95484,27.81739],[84.95485,27.81739],[84.95484,27.81739]],[[84.9543,27.81544]],[[84.96789,27.80717]],[[84.96822,27.80646]],[[84.96876,27.80641],[84.96875,27.80641],[84.96875,27.8064],[84.96876,27.8064],[84.96876,27.80641]],[[84.96877,27.80633]],[[84.96888,27.8062]],[[84.97429,27.80097]],[[84.97818,27.80087],[84.97821,27.80092],[84.97818,27.80098],[84.97809,27.80098],[84.97805,27.80105],[84.9781,27.80087],[84.97815,27.80087],[84.97803,27.80074],[84.9781,27.80076],[84.97818,27.80087]],[[84.97817,27.80086]],[[84.9804,27.801],[84.9804,27.80099],[84.9804,27.801]],[[84.99412,27.80289]]],[[[85.01744,27.81032],[85.01744,27.81033],[85.01746,27.81033],[85.01744,27.81032]]],[[[85.01747,27.81035],[85.01747,27.81036],[85.01746,27.81034],[85.01747,27.81035]]],[[[85.0175,27.8104],[85.01749,27.81039],[85.0175,27.8104]]]]}},{"type":"Feature","properties":{"name":"Observed landslide extent (Phosretar)","area_ha":0,"type":"Landslide","fill":"#78350f","fill-opacity":0.35,"stroke":"#451a03","stroke-width":1.4},"geometry":{"type":"Polygon","coordinates":[[[85.08916,27.85602],[85.08916,27.85593],[85.08929,27.85593],[85.08926,27.85585],[85.08879,27.85579],[85.08876,27.85593],[85.08886,27.85593],[85.08886,27.85602],[85.08896,27.85602],[85.08896,27.85611],[85.08906,27.85611],[85.08906,27.85602],[85.08916,27.85602]]]}},{"type":"Feature","properties":{"name":"Observed landslide extent (Phosretar)","area_ha":15,"type":"Landslide","fill":"#78350f","fill-opacity":0.35,"stroke":"#451a03","stroke-width":1.4},"geometry":{"type":"MultiPolygon","coordinates":[[[[85.09556,27.85946],[85.09588,27.85903],[85.09626,27.85866],[85.09588,27.85881],[85.09569,27.85879],[85.09556,27.85889],[85.095,27.85897],[85.09486,27.85907],[85.09443,27.85907],[85.09429,27.85917],[85.09428,27.85952],[85.09438,27.85952],[85.09438,27.85961],[85.09448,27.85962],[85.09448,27.85971],[85.09458,27.85971],[85.09458,27.85989],[85.09488,27.85989],[85.09488,27.85998],[85.09519,27.85999],[85.09519,27.8599],[85.09539,27.8599],[85.09539,27.85981],[85.09556,27.85981],[85.09556,27.85946]]],[[[85.08418,27.85644],[85.08418,27.85658],[85.08428,27.85659],[85.08428,27.85674],[85.08475,27.85681],[85.08497,27.85673],[85.08503,27.85645],[85.08529,27.85635],[85.08572,27.85644],[85.08602,27.8567],[85.08621,27.8567],[85.08621,27.85661],[85.08631,27.85661],[85.08631,27.85652],[85.08651,27.85653],[85.08652,27.85635],[85.08662,27.85635],[85.08662,27.85626],[85.08692,27.85626],[85.08693,27.85617],[85.08703,27.85617],[85.08703,27.85608],[85.08723,27.85609],[85.08723,27.85599],[85.08733,27.856],[85.08734,27.85591],[85.08764,27.85591],[85.08764,27.856],[85.08774,27.856],[85.08774,27.85609],[85.08764,27.85609],[85.08764,27.85618],[85.08753,27.85618],[85.08753,27.85627],[85.08743,27.85627],[85.08743,27.85645],[85.08753,27.85645],[85.08753,27.85654],[85.08763,27.85654],[85.08763,27.85663],[85.08783,27.85663],[85.08783,27.85654],[85.08804,27.85655],[85.08803,27.85691],[85.08874,27.85692],[85.08874,27.85683],[85.08905,27.85683],[85.08905,27.85674],[85.08925,27.85674],[85.08925,27.85665],[85.08935,27.85666],[85.08936,27.8562],[85.08946,27.85621],[85.08947,27.85605],[85.08929,27.85594],[85.08916,27.85593],[85.08916,27.85602],[85.08906,27.85602],[85.08906,27.85611],[85.08896,27.85611],[85.08896,27.85602],[85.08886,27.85602],[85.08886,27.85593],[85.08876,27.85593],[85.08876,27.85579],[85.08851,27.85573],[85.08845,27.85554],[85.08849,27.85517],[85.08832,27.85484],[85.08819,27.85469],[85.08804,27.85467],[85.08797,27.85456],[85.08733,27.85411],[85.08657,27.85391],[85.08639,27.85381],[85.08631,27.85394],[85.08603,27.85393],[85.0858,27.85402],[85.08547,27.85406],[85.08546,27.85398],[85.08538,27.85396],[85.08558,27.85438],[85.08579,27.85439],[85.08592,27.85469],[85.08571,27.85508],[85.08578,27.85524],[85.08552,27.85552],[85.08481,27.8561],[85.08418,27.85644]]],[[[85.09226,27.85976],[85.0931,27.85971],[85.09367,27.85945],[85.09357,27.85942],[85.09357,27.85933],[85.09347,27.85933],[85.09347,27.85924],[85.09352,27.85924],[85.09348,27.85918],[85.09339,27.85922],[85.09315,27.85918],[85.09305,27.85942],[85.09286,27.85944],[85.09263,27.85936],[85.09264,27.8592],[85.09259,27.85915],[85.09237,27.85899],[85.0922,27.859],[85.09203,27.85893],[85.092,27.85877],[85.09196,27.85876],[85.09193,27.85877],[85.09195,27.85898],[85.09161,27.85891],[85.09179,27.85909],[85.09169,27.85914],[85.09153,27.85904],[85.0915,27.85887],[85.09127,27.85906],[85.09148,27.8594],[85.09173,27.85962],[85.09226,27.85976]]],[[[85.09104,27.85737],[85.09111,27.85718],[85.09106,27.8571],[85.09091,27.85706],[85.09075,27.8571],[85.09055,27.85703],[85.09044,27.85707],[85.09027,27.85685],[85.09026,27.85694],[85.09016,27.85694],[85.09016,27.85703],[85.08986,27.85702],[85.08985,27.85729],[85.08975,27.85729],[85.08975,27.85738],[85.08954,27.85738],[85.08952,27.85772],[85.08912,27.8583],[85.08936,27.85839],[85.0895,27.85884],[85.08976,27.85865],[85.0901,27.85921],[85.09031,27.8594],[85.09057,27.85938],[85.09094,27.85877],[85.09117,27.85866],[85.09113,27.85857],[85.09113,27.85798],[85.09119,27.8579],[85.09114,27.85785],[85.09104,27.85737]]],[[[85.09368,27.85924],[85.09367,27.85924],[85.09366,27.85924],[85.09368,27.85924]]],[[[85.098,27.85833],[85.09777,27.85832],[85.09765,27.8584],[85.09753,27.85838],[85.09738,27.85848],[85.09717,27.85852],[85.09675,27.8585],[85.09683,27.85861],[85.09699,27.85902],[85.09723,27.85902],[85.09723,27.85893],[85.09734,27.85893],[85.09734,27.85884],[85.09754,27.85885],[85.09754,27.85876],[85.09764,27.85876],[85.09765,27.85867],[85.09785,27.85867],[85.09785,27.85858],[85.09805,27.85858],[85.09806,27.8584],[85.09816,27.8584],[85.09816,27.85831],[85.09826,27.85831],[85.09826,27.85828],[85.09805,27.85826],[85.098,27.85833]]]]}},{"type":"Feature","properties":{"name":"Observed landslide extent (Phosretar)","area_ha":59,"type":"Landslide","fill":"#78350f","fill-opacity":0.35,"stroke":"#451a03","stroke-width":1.4},"geometry":{"type":"Polygon","coordinates":[[[85.10095,27.85766],[85.10024,27.85787],[85.10024,27.85795],[85.10034,27.85806],[85.10025,27.85813],[85.10003,27.85815],[85.09978,27.85828],[85.09946,27.85836],[85.09898,27.85842],[85.09884,27.8584],[85.09871,27.85831],[85.09816,27.85831],[85.09816,27.8584],[85.09806,27.8584],[85.09805,27.85858],[85.09785,27.85858],[85.09785,27.85867],[85.09765,27.85867],[85.09764,27.85876],[85.09754,27.85876],[85.09754,27.85885],[85.09734,27.85884],[85.09734,27.85893],[85.09723,27.85893],[85.09723,27.85902],[85.09699,27.85902],[85.09683,27.85861],[85.09675,27.8585],[85.09638,27.8586],[85.09633,27.85866],[85.09618,27.85871],[85.09556,27.85946],[85.09556,27.85981],[85.09539,27.85981],[85.09539,27.8599],[85.09519,27.8599],[85.09519,27.85999],[85.09488,27.85998],[85.09488,27.85989],[85.09458,27.85989],[85.09458,27.85971],[85.09448,27.85971],[85.09448,27.85962],[85.09438,27.85961],[85.09438,27.85952],[85.09428,27.85952],[85.09429,27.85917],[85.09391,27.85928],[85.09373,27.85929],[85.09368,27.85924],[85.09359,27.85932],[85.09353,27.85932],[85.09352,27.85924],[85.09347,27.85924],[85.09347,27.85933],[85.09357,27.85933],[85.09357,27.85942],[85.09367,27.85942],[85.0931,27.85971],[85.09226,27.85976],[85.09173,27.85962],[85.09148,27.8594],[85.09127,27.85906],[85.09149,27.85886],[85.09122,27.85879],[85.09117,27.85868],[85.09094,27.85877],[85.09057,27.85938],[85.09031,27.8594],[85.0901,27.85921],[85.08976,27.85865],[85.0895,27.85884],[85.08936,27.85839],[85.08912,27.8583],[85.08952,27.85772],[85.08954,27.85738],[85.08975,27.85738],[85.08975,27.85729],[85.08985,27.85729],[85.08986,27.85702],[85.09016,27.85703],[85.09016,27.85694],[85.09026,27.85694],[85.09024,27.85683],[85.0901,27.85677],[85.08969,27.85648],[85.08978,27.85637],[85.08947,27.85605],[85.08946,27.85621],[85.08936,27.8562],[85.08935,27.85666],[85.08925,27.85665],[85.08925,27.85674],[85.08905,27.85674],[85.08905,27.85683],[85.08874,27.85683],[85.08874,27.85692],[85.08803,27.85691],[85.08804,27.85655],[85.08783,27.85654],[85.08783,27.85663],[85.08763,27.85663],[85.08763,27.85654],[85.08753,27.85654],[85.08753,27.85645],[85.08743,27.85645],[85.08743,27.85627],[85.08753,27.85627],[85.08753,27.85618],[85.08764,27.85618],[85.08764,27.85609],[85.08774,27.85609],[85.08774,27.856],[85.08764,27.856],[85.08764,27.85591],[85.08734,27.85591],[85.08733,27.856],[85.08723,27.85599],[85.08723,27.85609],[85.08703,27.85608],[85.08703,27.85617],[85.08693,27.85617],[85.08692,27.85626],[85.08662,27.85626],[85.08662,27.85635],[85.08652,27.85635],[85.08651,27.85653],[85.08631,27.85652],[85.08631,27.85661],[85.08621,27.85661],[85.08621,27.8567],[85.08602,27.8567],[85.08572,27.85644],[85.08529,27.85635],[85.08503,27.85645],[85.08497,27.85673],[85.08475,27.85681],[85.08428,27.85674],[85.08428,27.85659],[85.08418,27.85658],[85.08418,27.85644],[85.08481,27.8561],[85.08552,27.85552],[85.08578,27.85524],[85.08571,27.85508],[85.08592,27.85469],[85.08579,27.85439],[85.08558,27.85438],[85.08538,27.85396],[85.08469,27.85431],[85.08445,27.85462],[85.08425,27.85462],[85.08422,27.85477],[85.08412,27.85487],[85.08413,27.85503],[85.08398,27.85517],[85.08411,27.85524],[85.08405,27.85541],[85.08326,27.85553],[85.08278,27.85549],[85.0825,27.85561],[85.08219,27.85556],[85.08208,27.85561],[85.08182,27.8555],[85.0815,27.85543],[85.08128,27.85553],[85.08118,27.85553],[85.08117,27.85571],[85.08107,27.85571],[85.08107,27.8558],[85.08097,27.8558],[85.08097,27.85589],[85.08076,27.85588],[85.08076,27.85597],[85.08056,27.85597],[85.08056,27.85606],[85.08036,27.85606],[85.08035,27.85615],[85.08005,27.85614],[85.08005,27.85623],[85.07984,27.85623],[85.07984,27.85632],[85.07974,27.85632],[85.07974,27.85623],[85.07954,27.85623],[85.07954,27.85614],[85.07944,27.85614],[85.07944,27.85605],[85.07934,27.85604],[85.07934,27.85613],[85.07914,27.85613],[85.07913,27.85622],[85.07903,27.85622],[85.07903,27.85631],[85.07893,27.85631],[85.07893,27.8564],[85.07872,27.8564],[85.07872,27.85649],[85.07867,27.85649],[85.07906,27.85658],[85.07942,27.85688],[85.07975,27.85694],[85.07983,27.8569],[85.08041,27.85704],[85.08056,27.85714],[85.08077,27.85713],[85.08093,27.8572],[85.08104,27.8573],[85.08118,27.85762],[85.08116,27.8578],[85.08125,27.85776],[85.08134,27.85746],[85.08155,27.85734],[85.08195,27.85759],[85.08243,27.85752],[85.0828,27.85756],[85.08292,27.85765],[85.08319,27.85773],[85.08327,27.85783],[85.08331,27.85818],[85.08337,27.85805],[85.0834,27.85776],[85.08372,27.85753],[85.08382,27.85756],[85.08393,27.85752],[85.08422,27.85754],[85.0843,27.8575],[85.08489,27.85751],[85.08492,27.85757],[85.08485,27.85762],[85.08485,27.85772],[85.08574,27.85775],[85.08615,27.85785],[85.0862,27.85793],[85.08644,27.85807],[85.08657,27.85808],[85.08672,27.85821],[85.08701,27.85811],[85.08706,27.85796],[85.08721,27.85779],[85.08741,27.85775],[85.08749,27.85788],[85.08747,27.85794],[85.08725,27.858],[85.08716,27.85812],[85.0869,27.85821],[85.08689,27.85826],[85.08714,27.85828],[85.08755,27.85843],[85.08756,27.85837],[85.08746,27.85829],[85.08737,27.85809],[85.08769,27.85801],[85.08772,27.85806],[85.08752,27.85814],[85.08752,27.8582],[85.08765,27.85819],[85.08772,27.85827],[85.08809,27.85824],[85.08813,27.85827],[85.08822,27.85845],[85.08799,27.85854],[85.08799,27.85859],[85.08814,27.85861],[85.08817,27.85873],[85.08841,27.85886],[85.08843,27.85891],[85.08835,27.85911],[85.08856,27.85922],[85.08835,27.85935],[85.08831,27.8596],[85.08846,27.8599],[85.08862,27.85998],[85.08894,27.86004],[85.089,27.86013],[85.08902,27.86028],[85.08886,27.86038],[85.08886,27.86048],[85.0887,27.86054],[85.08864,27.86078],[85.08848,27.86087],[85.08827,27.86139],[85.08832,27.86164],[85.0882,27.8617],[85.08828,27.86179],[85.08818,27.86182],[85.08817,27.86197],[85.08839,27.86207],[85.08842,27.86229],[85.08873,27.86239],[85.08885,27.8624],[85.08903,27.86231],[85.08935,27.86256],[85.08948,27.86258],[85.08945,27.86264],[85.08923,27.86272],[85.08931,27.86277],[85.08961,27.86267],[85.08973,27.86281],[85.08997,27.86297],[85.09015,27.86296],[85.0902,27.86306],[85.09042,27.86302],[85.09059,27.86307],[85.09056,27.86312],[85.09039,27.86315],[85.09035,27.86324],[85.09055,27.86329],[85.0908,27.86326],[85.09104,27.86334],[85.09101,27.86349],[85.09135,27.86363],[85.09139,27.86353],[85.09155,27.86348],[85.09155,27.86302],[85.09161,27.8629],[85.09167,27.86287],[85.09167,27.86303],[85.09174,27.86307],[85.09175,27.86315],[85.09168,27.86323],[85.09174,27.86334],[85.09169,27.86347],[85.09183,27.86358],[85.09203,27.86362],[85.09215,27.86363],[85.09231,27.86355],[85.09272,27.8636],[85.09288,27.86354],[85.09334,27.86329],[85.09356,27.8631],[85.09379,27.86279],[85.09409,27.86268],[85.09415,27.8627],[85.09411,27.86281],[85.09424,27.8629],[85.09437,27.86288],[85.09439,27.86299],[85.09464,27.86313],[85.09455,27.86318],[85.09437,27.86319],[85.09435,27.8633],[85.09445,27.86338],[85.09472,27.86333],[85.09481,27.86314],[85.095,27.86309],[85.09512,27.86309],[85.09517,27.86323],[85.09528,27.86325],[85.09546,27.86296],[85.09515,27.86289],[85.09477,27.86297],[85.09465,27.86295],[85.09449,27.8624],[85.09459,27.86215],[85.09476,27.86203],[85.0951,27.86191],[85.09555,27.86153],[85.09587,27.86133],[85.09623,27.86119],[85.09627,27.8611],[85.09639,27.86115],[85.09663,27.86103],[85.09663,27.86095],[85.09654,27.86094],[85.09655,27.86078],[85.09663,27.86072],[85.09687,27.86072],[85.09713,27.86084],[85.09779,27.86073],[85.09929,27.86023],[85.09948,27.8602],[85.09953,27.86013],[85.09943,27.86006],[85.09951,27.85994],[85.09958,27.85995],[85.0996,27.86004],[85.09972,27.86005],[85.09925,27.85939],[85.10106,27.85774],[85.10105,27.85764],[85.10095,27.85766]],[[85.09149,27.86269],[85.09145,27.86269],[85.09144,27.86268],[85.09149,27.86269]]]}},{"type":"Feature","properties":{"name":"Observed landslide extent (Phosretar)","area_ha":1,"type":"Landslide","fill":"#78350f","fill-opacity":0.35,"stroke":"#451a03","stroke-width":1.4},"geometry":{"type":"Polygon","coordinates":[[[85.06826,27.86067],[85.06822,27.86052],[85.06797,27.86019],[85.06797,27.86007],[85.06807,27.85998],[85.06823,27.86001],[85.06832,27.86008],[85.06854,27.86048],[85.0686,27.8605],[85.0686,27.86041],[85.0688,27.86041],[85.0688,27.86032],[85.0687,27.86032],[85.06871,27.85996],[85.0685,27.85995],[85.06851,27.85986],[85.0678,27.85985],[85.06779,27.85994],[85.06769,27.85994],[85.06769,27.86012],[85.06759,27.86012],[85.06758,27.8603],[85.06769,27.8603],[85.06768,27.86048],[85.06778,27.86049],[85.06778,27.86058],[85.06799,27.86058],[85.06798,27.86067],[85.06809,27.86067],[85.06808,27.86076],[85.06819,27.86076],[85.06819,27.86067],[85.06826,27.86067]]]}}]}