{"type":"FeatureCollection","features":[{"type":"Feature","properties":{"name":"Karnali","length_km":483,"stroke":"#3b82f6","stroke-width":2.2,"stroke-opacity":0.85},"geometry":{"type":"MultiLineString","coordinates":[[[81.1645,28.8347],[81.1702,28.8371],[81.1835,28.8242],[81.1974,28.8205],[81.202,28.817],[81.2055,28.8179],[81.2074,28.8231],[81.2056,28.8268],[81.1951,28.8337],[81.1999,28.8515],[81.1984,28.861],[81.2034,28.8639],[81.2064,28.8623],[81.2084,28.8584],[81.2052,28.8526],[81.2087,28.8469],[81.2235,28.8395],[81.2338,28.8298],[81.2298,28.8266],[81.2293,28.8173],[81.2421,28.8101],[81.2398,28.8042],[81.2265,28.7988],[81.226,28.7951],[81.2299,28.7879],[81.2498,28.7799],[81.2472,28.7606],[81.2519,28.7541],[81.2615,28.7499],[81.2595,28.7423]],[[81.2884,28.6517],[81.273,28.627],[81.271,28.6052],[81.2612,28.601],[81.2615,28.59],[81.2509,28.5794],[81.2495,28.5697],[81.2536,28.5626],[81.2458,28.5548],[81.2446,28.5451],[81.2335,28.5361],[81.2374,28.5225],[81.2296,28.5151],[81.2316,28.5056],[81.2248,28.4981],[81.226,28.4866],[81.2154,28.4829],[81.2171,28.4679],[81.2203,28.4631],[81.2101,28.4545],[81.2059,28.435],[81.2011,28.4333],[81.1966,28.4218],[81.1993,28.417],[81.1967,28.4096],[81.2028,28.3984],[81.197,28.395],[81.1958,28.3907],[81.2002,28.3784],[81.2058,28.3751],[81.206,28.3712],[81.2007,28.3671],[81.1904,28.3649]],[[81.2595,28.7423],[81.2546,28.7316],[81.259,28.7291],[81.271,28.7303],[81.2734,28.7187],[81.2667,28.7049],[81.2816,28.6949],[81.2884,28.6517]],[[82.0332,29.7464],[82.0299,29.7447],[82.0285,29.7397],[82.0167,29.7358],[82.0062,29.7264],[82.0049,29.7199],[81.9993,29.7158],[81.9995,29.7128],[81.993,29.7045],[81.9675,29.6908],[81.9452,29.6744],[81.937,29.6731],[81.9304,29.6778],[81.9224,29.6743],[81.9196,29.6705],[81.9204,29.6659],[81.9178,29.664],[81.9089,29.6631],[81.898,29.6694],[81.8898,29.6679],[81.8828,29.6582],[81.8834,29.6535],[81.877,29.6497],[81.8728,29.6427],[81.8714,29.6341]],[[81.9282,29.7741],[81.9302,29.7787],[81.9368,29.7772],[81.9439,29.781],[81.9551,29.7754],[81.964,29.7765],[81.9787,29.7697],[81.9845,29.7641],[82.0036,29.7622],[82.0236,29.7547],[82.0332,29.7464]],[[81.4453,30.1809],[81.4542,30.1686],[81.4646,30.1627],[81.5204,30.1549],[81.5238,30.1496],[81.5235,30.1422],[81.5323,30.1249],[81.5295,30.1083],[81.5341,30.0983],[81.5332,30.0888],[81.5252,30.0857],[81.526,30.0809]],[[81.526,30.0809],[81.5348,30.0743],[81.5446,30.0734],[81.5538,30.0646],[81.5615,30.0633],[81.5673,30.0657],[81.5798,30.0568],[81.5878,30.0563],[81.5949,30.063],[81.6139,30.0557],[81.6217,30.0568],[81.6386,30.0414],[81.6506,30.0346],[81.6541,30.0347],[81.6658,30.0435],[81.6726,30.0442],[81.6785,30.0408],[81.6971,30.0473],[81.7158,30.0415],[81.727,30.0423],[81.7422,30.0374],[81.749,30.0278],[81.755,30.0243],[81.7551,30.0171],[81.7639,30.0077],[81.7672,30.0007],[81.7818,29.9869],[81.785,29.9797],[81.7849,29.9721],[81.7889,29.9664],[81.8065,29.958],[81.8139,29.9579]],[[81.5153,28.7812],[81.5185,28.796],[81.5229,28.7991],[81.5225,28.8033],[81.5111,28.8086],[81.4979,28.8217],[81.4903,28.8373],[81.4908,28.8407],[81.4807,28.8435],[81.4745,28.8489],[81.4629,28.8531],[81.4674,28.8619],[81.4619,28.8761],[81.4669,28.8875],[81.4646,28.8937],[81.4415,28.9],[81.4315,28.9103],[81.4241,28.9096],[81.4139,28.9142],[81.4033,28.9089],[81.3943,28.9083],[81.3889,28.903]],[[81.4279,28.9649],[81.4319,28.9574],[81.4372,28.9569],[81.4428,28.9601],[81.445,28.9537],[81.4445,28.9406],[81.4509,28.9405],[81.4565,28.9305],[81.4667,28.9287],[81.4864,28.8987],[81.4994,28.8897],[81.5092,28.889],[81.5152,28.874],[81.5219,28.87],[81.5319,28.8558],[81.5377,28.842],[81.5379,28.8363],[81.5514,28.816],[81.5568,28.798],[81.5801,28.7791],[81.5812,28.7596],[81.5782,28.7555],[81.5499,28.7495],[81.5203,28.7485],[81.5203,28.7514],[81.5349,28.7612],[81.528,28.7744],[81.5185,28.7768],[81.5153,28.7812]],[[81.1025,28.9647],[81.0633,28.9706],[81.0488,28.9781],[81.0404,28.9692],[81.0282,28.9631],[81.0204,28.9528],[81.0032,28.9574],[80.9815,28.9395]],[[81.3889,28.903],[81.3751,28.893],[81.349,28.8902],[81.3394,28.8954],[81.3358,28.9078],[81.3249,28.9078],[81.3165,28.9205],[81.3105,28.9201],[81.3017,28.9258],[81.2838,28.9217],[81.2756,28.9161],[81.2722,28.9071],[81.2666,28.903],[81.262,28.9028],[81.2512,28.9139],[81.2458,28.9152]],[[81.2458,28.9152],[81.2399,28.913],[81.2379,28.9065],[81.2324,28.9059],[81.2044,28.9081],[81.1938,28.9164],[81.1839,28.9149],[81.1678,28.9222],[81.155,28.9338],[81.147,28.9378],[81.141,28.9458],[81.1331,28.948],[81.1213,28.9623],[81.1131,28.9657],[81.1025,28.9647]],[[81.0393,28.8903],[81.0563,28.8739],[81.073,28.8767],[81.0721,28.8655],[81.089,28.8627],[81.1018,28.8452],[81.1087,28.8488],[81.1261,28.852],[81.128,28.8639],[81.1348,28.871],[81.1426,28.873],[81.1492,28.8529],[81.1577,28.8444],[81.1523,28.8311],[81.1569,28.8288],[81.1645,28.8347]],[[81.6707,29.2385],[81.6485,29.2203],[81.6371,29.2188],[81.6141,29.2022],[81.6135,29.1956],[81.6183,29.1902],[81.6182,29.1844],[81.6103,29.1679],[81.5847,29.1557]],[[81.5847,29.1557],[81.58,29.1372],[81.5672,29.1262],[81.5528,29.1206],[81.5361,29.1063],[81.5231,29.104],[81.5174,29.0957],[81.5103,29.0909],[81.5006,29.0912],[81.4701,29.079],[81.4665,29.0669],[81.4599,29.0651],[81.4509,29.0584]],[[81.4311,29.0312],[81.4261,29.0237],[81.4166,29.0224],[81.414,29.019],[81.4156,29.0112],[81.4195,29.0064],[81.4152,28.9984],[81.4105,28.9965],[81.4154,28.9936],[81.4252,28.9805],[81.4248,28.9724],[81.4224,28.9701],[81.4279,28.9649]],[[81.4509,29.0584],[81.4444,29.0542],[81.4397,29.0455],[81.4408,29.0406],[81.4331,29.0369],[81.4311,29.0312]],[[81.7192,29.3971],[81.7234,29.394],[81.7227,29.3768],[81.7269,29.3709],[81.7269,29.3656],[81.7345,29.3541],[81.7423,29.3479],[81.7437,29.3432],[81.7512,29.3415],[81.7495,29.3387],[81.7535,29.3315],[81.7515,29.327],[81.7535,29.3094],[81.7484,29.3046],[81.7494,29.2967],[81.7357,29.2854],[81.7284,29.276]],[[81.7102,29.4702],[81.7063,29.4643],[81.7063,29.4569],[81.7093,29.4367],[81.7172,29.4304],[81.7151,29.4255],[81.7186,29.4075],[81.7162,29.403],[81.7192,29.3971]],[[81.8523,29.6197],[81.8441,29.622],[81.8242,29.6201],[81.816,29.6235],[81.8101,29.622],[81.7987,29.6237],[81.7909,29.6276],[81.7772,29.6177],[81.7739,29.6082],[81.7752,29.6027],[81.7814,29.5983],[81.7902,29.5961],[81.7897,29.59],[81.7985,29.5766],[81.799,29.5596],[81.7901,29.5389],[81.7929,29.531],[81.7843,29.5273],[81.7772,29.5178],[81.781,29.5095],[81.7683,29.5093],[81.7608,29.5046],[81.7593,29.5003],[81.7234,29.4884],[81.7182,29.4838],[81.7174,29.4761],[81.7102,29.4702]],[[80.9815,28.9395],[80.9869,28.9342],[81.0065,28.9275],[81.0218,28.9193],[81.0252,28.912],[81.0309,28.908],[81.0393,28.8903]],[[81.7284,29.276],[81.7165,29.2711],[81.7068,29.2709],[81.7038,29.2671],[81.705,29.2625],[81.6707,29.2385]],[[81.3339,30.1528],[81.3447,30.1502],[81.3532,30.1539],[81.3719,30.1535],[81.3932,30.1642],[81.4202,30.1649],[81.4276,30.1673],[81.4393,30.18],[81.4453,30.1809]],[[81.8624,29.812],[81.8676,29.8032],[81.9073,29.793],[81.912,29.7826],[81.9199,29.7743],[81.9282,29.7741]],[[81.866,29.8784],[81.8737,29.8693],[81.8764,29.8589],[81.8872,29.8524],[81.8883,29.8453],[81.8859,29.8393],[81.878,29.8328],[81.8715,29.8189],[81.8669,29.8177],[81.8624,29.812]],[[81.8582,29.9405],[81.8742,29.9277],[81.8759,29.9205],[81.8695,29.9007]],[[81.8695,29.9007],[81.8636,29.8871],[81.866,29.8784]],[[81.8427,29.9474],[81.8456,29.9456]],[[81.8483,29.9438],[81.8582,29.9405]],[[81.8456,29.9456],[81.8483,29.9438]],[[81.8714,29.6341],[81.8657,29.6323],[81.8523,29.6197]]]}},{"type":"Feature","properties":{"name":"Kamala River","length_km":243,"stroke":"#3b82f6","stroke-width":1.6,"stroke-opacity":0.85},"geometry":{"type":"MultiLineString","coordinates":[[[86.153,27.0169],[86.159,27.0101],[86.1655,27.0126],[86.1794,27.0076],[86.1831,27.01],[86.1888,27.0095],[86.1907,27.0119]],[[86.1456,26.8288],[86.1494,26.8228],[86.1517,26.8066],[86.1512,26.8019],[86.1463,26.7986],[86.1451,26.7924],[86.1507,26.7796],[86.1504,26.77],[86.156,26.7579],[86.152,26.7467],[86.1718,26.7315],[86.1899,26.7233],[86.1895,26.7124],[86.1841,26.7075],[86.1905,26.703],[86.194,26.6918],[86.1892,26.6821],[86.1895,26.6641],[86.192,26.6556],[86.1835,26.6509],[86.1688,26.6497],[86.1575,26.6385],[86.1515,26.6109],[86.1474,26.5976],[86.1452,26.5969],[86.1473,26.5782],[86.165,26.5587],[86.1643,26.5472],[86.1706,26.5383],[86.169,26.5282],[86.1713,26.5207],[86.1807,26.5091],[86.1954,26.5005],[86.1929,26.4858],[86.201,26.4824],[86.2162,26.484],[86.2336,26.4586],[86.2359,26.4443],[86.2484,26.4415],[86.2492,26.4258],[86.2527,26.4217],[86.2473,26.407],[86.2476,26.3851],[86.2504,26.3794],[86.2597,26.3715],[86.2622,26.3575],[86.2651,26.3544],[86.2765,26.351],[86.2763,26.3444],[86.2823,26.3313],[86.2805,26.3268],[86.2699,26.3238],[86.2697,26.3213],[86.2779,26.3124],[86.2619,26.2931],[86.2623,26.2877],[86.2675,26.2846],[86.2685,26.2712],[86.2628,26.2528],[86.2569,26.2464],[86.2608,26.2398],[86.2562,26.2244],[86.2569,26.2146],[86.2648,26.203],[86.2756,26.1987],[86.2743,26.1779],[86.2759,26.1677],[86.2866,26.1686],[86.2958,26.1651],[86.3064,26.1663],[86.3264,26.1633],[86.335,26.1551],[86.3391,26.1472],[86.3388,26.1415],[86.3314,26.131],[86.3359,26.1241],[86.3393,26.1135],[86.3381,26.1109],[86.3433,26.1011],[86.3369,26.0996],[86.3411,26.0847],[86.3444,26.0853],[86.3511,26.0814],[86.3546,26.071],[86.343,26.0483],[86.3424,26.0424],[86.3382,26.0397],[86.3292,26.019],[86.3355,25.9979],[86.3311,25.9945],[86.3279,25.9869],[86.3305,25.9847],[86.328,25.9795],[86.3342,25.9681],[86.3339,25.9606],[86.3411,25.9596],[86.3425,25.9499],[86.3473,25.9461],[86.3467,25.9393],[86.3522,25.9309],[86.3514,25.9256],[86.3465,25.9271],[86.344,25.9171],[86.3384,25.9171],[86.3393,25.9115],[86.3356,25.9001]],[[86.2728,26.9603],[86.278,26.9602],[86.2772,26.9542],[86.2801,26.9528]],[[86.2654,26.9647],[86.2695,26.9531],[86.2742,26.9474],[86.2731,26.9393],[86.2748,26.9373],[86.2721,26.93]],[[86.2519,26.9752],[86.2654,26.9647]],[[85.9795,27.096],[85.9925,27.0854],[86.0001,27.0846],[86.0072,27.0807],[86.019,27.0856],[86.0224,27.0847],[86.0275,27.0806],[86.0334,27.0668],[86.0398,27.0655],[86.0462,27.058],[86.0515,27.0582],[86.0803,27.0395],[86.0969,27.0336]],[[86.1907,27.0119],[86.2057,27.0109],[86.2155,27.0122],[86.2196,27.0154],[86.2257,27.0138],[86.2395,27.0084],[86.244,27.002],[86.2484,27.0002],[86.2495,26.9942]],[[86.2546,26.9784],[86.2519,26.9752]],[[86.2495,26.9942],[86.2552,26.9808]],[[86.2801,26.9528],[86.283,26.9499],[86.282,26.9469]],[[86.2728,26.9603],[86.2781,26.958]],[[86.2553,26.9766],[86.2586,26.9708]],[[86.282,26.9469],[86.2791,26.9334],[86.2721,26.93]],[[86.2721,26.93],[86.2623,26.929],[86.2582,26.91],[86.2509,26.9104],[86.2455,26.9151],[86.2436,26.9072],[86.2397,26.9044],[86.2244,26.9042],[86.2221,26.9],[86.2248,26.8901],[86.2234,26.888],[86.2185,26.8896],[86.2151,26.8969],[86.2057,26.8991],[86.1996,26.9059],[86.1893,26.9049],[86.1821,26.9098],[86.176,26.9172],[86.175,26.9229],[86.1662,26.9236],[86.1632,26.9218],[86.159,26.9234],[86.159,26.9323],[86.1565,26.9354],[86.1524,26.9345],[86.1473,26.9277],[86.1351,26.921],[86.1354,26.9162],[86.1314,26.9115],[86.1363,26.8988],[86.1336,26.888]],[[86.1336,26.888],[86.1373,26.8773],[86.1446,26.8696],[86.1423,26.8555],[86.1456,26.8485]],[[86.1456,26.8485],[86.1456,26.8288]],[[85.8529,27.1446],[85.8647,27.1473],[85.8675,27.1507]],[[85.8675,27.1507],[85.8715,27.153],[85.8846,27.1709],[85.888,27.1708],[85.8925,27.1636],[85.901,27.1662]],[[85.9656,27.12],[85.9646,27.1163],[85.9795,27.096]],[[85.901,27.1662],[85.9046,27.1659],[85.906,27.1619],[85.9122,27.1606],[85.9107,27.1544],[85.9125,27.1526],[85.9191,27.1522],[85.9216,27.1492],[85.9283,27.1496],[85.9405,27.1401],[85.9467,27.1392],[85.9509,27.1334],[85.96,27.1305],[85.9656,27.12]],[[85.9623,27.1263],[85.9656,27.12]],[[86.1158,27.0287],[86.1214,27.0263],[86.1351,27.0272],[86.1435,27.0248]],[[86.0969,27.0336],[86.1014,27.0296],[86.1158,27.0287]],[[86.1435,27.0248],[86.153,27.0169]],[[86.2552,26.9808],[86.2553,26.9766]],[[86.2654,26.9647],[86.2705,26.9639],[86.2728,26.9603]]]}},{"type":"Feature","properties":{"name":"Sun Kosi","length_km":235,"stroke":"#3b82f6","stroke-width":1.6,"stroke-opacity":0.85},"geometry":{"type":"MultiLineString","coordinates":[[[86.4342,27.1488],[86.438,27.1467],[86.4374,27.1444],[86.4277,27.1379],[86.4279,27.1314],[86.4452,27.1329],[86.4515,27.1204],[86.4598,27.1188],[86.4727,27.1021],[86.4839,27.1098],[86.4918,27.1043],[86.5037,27.1147],[86.5135,27.1116],[86.5337,27.1357],[86.5469,27.1373],[86.5499,27.1423],[86.5552,27.1408],[86.5763,27.1514],[86.5861,27.1518],[86.6057,27.1398],[86.6159,27.14],[86.6296,27.134],[86.6499,27.1303],[86.655,27.1247],[86.6684,27.1202],[86.6703,27.115],[86.6819,27.1032],[86.6897,27.1025],[86.6975,27.0951],[86.6999,27.0903],[86.699,27.0854],[86.7105,27.0735],[86.7099,27.0678],[86.7197,27.0626],[86.7195,27.0566],[86.7259,27.0475],[86.7264,27.0396],[86.7316,27.0348],[86.7381,27.0335],[86.7475,27.0233],[86.7484,27.011],[86.7535,27.0059],[86.7522,26.9885],[86.7564,26.9857],[86.7545,26.9755],[86.7608,26.97],[86.7642,26.958],[86.7613,26.9423],[86.7633,26.9393]],[[85.7333,27.573],[85.7346,27.5636],[85.7386,27.5588],[85.7528,27.552],[85.7651,27.5424],[85.7707,27.5418],[85.7729,27.5437]],[[85.9601,27.3883],[85.9642,27.3853]],[[85.9584,27.782],[85.9523,27.7842],[85.9452,27.781],[85.9377,27.7836],[85.9349,27.7821],[85.9258,27.7834],[85.9017,27.7773],[85.8928,27.7794]],[[85.9903,27.759],[85.9753,27.7687],[85.9691,27.7784],[85.9584,27.782]],[[86.2043,27.2504],[86.2205,27.24],[86.229,27.2372],[86.239,27.241],[86.2431,27.247],[86.2524,27.2502],[86.2576,27.2582],[86.261,27.2574],[86.266,27.2611],[86.2671,27.2531],[86.2744,27.2515],[86.2816,27.2455],[86.2873,27.2457],[86.2942,27.2386],[86.3045,27.2376],[86.3094,27.2329],[86.3148,27.2316],[86.333,27.2309],[86.3425,27.2279],[86.341,27.2251],[86.3426,27.2182],[86.3397,27.2113],[86.3442,27.2016],[86.3588,27.2009],[86.3689,27.1921],[86.3789,27.193],[86.3835,27.1817],[86.3898,27.1799]],[[86.842,26.8859],[86.8534,26.8885],[86.8617,26.8951],[86.8682,26.8938],[86.8852,26.8989],[86.8893,26.8971],[86.9064,26.8983],[86.9142,26.8959],[86.9216,26.9046],[86.9316,26.9075],[86.9429,26.9033],[86.9582,26.9043],[86.9657,26.9],[86.9726,26.902],[86.9766,26.9068],[86.979,26.9046],[86.9791,26.8965],[87.0009,26.8866],[87.0061,26.8924],[87.0144,26.8923],[87.0267,26.898],[87.0322,26.9038],[87.0379,26.902],[87.0417,26.9065],[87.0506,26.9024],[87.0608,26.9108],[87.0658,26.9074],[87.0757,26.9084],[87.0824,26.9123],[87.0935,26.91],[87.0925,26.9161],[87.0945,26.9171],[87.1096,26.9177],[87.1143,26.9227],[87.1367,26.9276],[87.1485,26.9257],[87.156,26.9137],[87.1612,26.9102]],[[85.7729,27.5437],[85.7751,27.5461],[85.7786,27.5436],[85.7831,27.5284],[85.7938,27.5178],[85.7939,27.5083],[85.8083,27.4836],[85.8068,27.4801],[85.8124,27.4749]],[[85.8124,27.4749],[85.8144,27.4641],[85.8095,27.4626],[85.8091,27.4552],[85.8289,27.4479],[85.8275,27.4423],[85.8301,27.4374],[85.8393,27.4344],[85.847,27.4245],[85.8589,27.4245],[85.8619,27.4209],[85.8781,27.4167],[85.8848,27.4199],[85.8909,27.4137],[85.8966,27.4164],[85.9095,27.4096],[85.9187,27.4085],[85.9254,27.4043],[85.9273,27.3971],[85.9334,27.3959],[85.9334,27.3901],[85.9408,27.3861],[85.9435,27.38],[85.9517,27.3812],[85.9529,27.3885],[85.9623,27.3872],[85.9673,27.3827],[85.9701,27.3751],[85.9771,27.3712],[85.9786,27.3554],[85.9834,27.3502],[85.9815,27.3417],[85.9837,27.3354],[85.996,27.3379],[86.0224,27.3154]],[[86.0224,27.3154],[86.021,27.3096],[86.0319,27.3088],[86.0366,27.2998],[86.0471,27.2969],[86.056,27.2876],[86.0594,27.2872],[86.0611,27.2908],[86.0706,27.2915]],[[86.0706,27.2915],[86.0749,27.291],[86.0775,27.2756],[86.0817,27.2754],[86.0931,27.2677],[86.1061,27.2681],[86.1092,27.2712]],[[86.1092,27.2712],[86.1136,27.2711]],[[86.1136,27.2711],[86.1264,27.2651]],[[86.1804,27.2524],[86.1871,27.2535],[86.2043,27.2504]],[[86.1597,27.2525],[86.1804,27.2524]],[[86.3898,27.1799],[86.3987,27.1772],[86.402,27.1703],[86.416,27.1666],[86.4199,27.1499],[86.4283,27.1464],[86.4342,27.1488]],[[86.7633,26.9393],[86.7637,26.9319],[86.7606,26.9258],[86.7662,26.9137],[86.768,26.9016],[86.7739,26.8966],[86.7719,26.8849],[86.7784,26.8878],[86.7857,26.8804],[86.7908,26.8803],[86.8066,26.8724],[86.8131,26.8749],[86.8214,26.872],[86.8288,26.8759],[86.8348,26.8755],[86.8371,26.8837],[86.842,26.8859]],[[85.8092,27.4767],[85.8111,27.4754]]]}},{"type":"Feature","properties":{"name":"Kali Gandaki","length_km":224,"stroke":"#3b82f6","stroke-width":1.6,"stroke-opacity":0.85},"geometry":{"type":"MultiLineString","coordinates":[[[83.6413,28.7039],[83.6376,28.7001],[83.6268,28.6976],[83.6121,28.6799],[83.5951,28.6713],[83.5918,28.6661],[83.5946,28.6467],[83.6137,28.6367],[83.6216,28.6269],[83.6384,28.6201],[83.6471,28.6107],[83.6487,28.6058],[83.6477,28.5999],[83.644,28.597],[83.6476,28.5902],[83.6455,28.5861],[83.6467,28.5832],[83.6434,28.5739],[83.638,28.5683],[83.6358,28.5574],[83.6438,28.5523],[83.6459,28.5443],[83.6528,28.5374],[83.6533,28.529],[83.66,28.522],[83.6572,28.5103],[83.6592,28.506],[83.648,28.4847]],[[83.648,28.4847],[83.6352,28.4742],[83.6218,28.4506],[83.5992,28.4299],[83.5987,28.4166],[83.6012,28.4077],[83.5991,28.3987],[83.5845,28.3813],[83.5699,28.3748]],[[83.7818,28.8373],[83.7774,28.824],[83.7679,28.8159],[83.7674,28.8103],[83.7616,28.8044],[83.7626,28.8015],[83.7571,28.7975],[83.7517,28.7887],[83.7303,28.7846],[83.7215,28.7772],[83.7152,28.7761],[83.7139,28.7725]],[[83.9459,27.8711],[83.9494,27.8692],[83.9596,27.873],[83.967,27.8701],[83.972,27.8727],[83.9751,27.8674],[83.9798,27.8655],[83.9958,27.8655],[83.9991,27.8549],[84.0215,27.8509],[84.021,27.855],[84.0155,27.8589],[84.0201,27.8618],[84.0291,27.8562],[84.0392,27.8572],[84.0402,27.8501],[84.043,27.8511],[84.0431,27.8554],[84.0491,27.8561],[84.0511,27.8503],[84.0539,27.8488],[84.0684,27.8567],[84.0704,27.8642],[84.0743,27.8655],[84.078,27.8632],[84.078,27.8698],[84.1004,27.867]],[[84.1004,27.867],[84.0995,27.8624],[84.0952,27.8588],[84.0996,27.8556],[84.1038,27.8557],[84.1088,27.8618],[84.1134,27.8518],[84.1185,27.8507],[84.1212,27.8538],[84.1196,27.8591],[84.1252,27.8598],[84.1294,27.8542],[84.1205,27.8487],[84.1215,27.8473],[84.1264,27.8451],[84.1428,27.8498],[84.1483,27.8469],[84.1552,27.8481],[84.1566,27.8475],[84.1543,27.8424],[84.1563,27.8393],[84.1616,27.8405],[84.1635,27.8467],[84.1708,27.8462],[84.1734,27.8521],[84.1912,27.8463],[84.2028,27.852],[84.2075,27.8489],[84.2059,27.8423],[84.2088,27.8387],[84.2118,27.8407],[84.21,27.8435],[84.2128,27.8462],[84.2185,27.8461],[84.2251,27.8362],[84.2283,27.8399],[84.2285,27.8459],[84.2361,27.8445],[84.2413,27.8465],[84.2452,27.8458],[84.2512,27.8387],[84.2664,27.8382],[84.2672,27.8325],[84.2709,27.8361],[84.2909,27.838],[84.2955,27.8299]],[[84.2955,27.8299],[84.3013,27.8214],[84.3059,27.8191],[84.3009,27.8153],[84.3024,27.8101],[84.2978,27.8067],[84.3001,27.7923],[84.3128,27.7864],[84.3156,27.7822],[84.3184,27.7741],[84.3153,27.7638],[84.3224,27.7581],[84.325,27.7487],[84.3326,27.7492],[84.3408,27.7443],[84.3437,27.751],[84.3522,27.749],[84.3606,27.7532],[84.3684,27.7752],[84.3795,27.7791],[84.3942,27.7741],[84.4044,27.7628],[84.4185,27.7582],[84.42,27.7541],[84.4174,27.7502],[84.4244,27.7461],[84.4213,27.7439],[84.422,27.7413]],[[83.8293,28.9286],[83.8293,28.9281]],[[83.8293,28.9286],[83.828,28.9269]],[[83.829,28.9276],[83.8143,28.9161],[83.8147,28.9067],[83.7982,28.895],[83.7987,28.8868],[83.7916,28.8773]],[[83.8293,28.9281],[83.829,28.9276]],[[83.7808,28.8337],[83.7807,28.8284],[83.7779,28.8261]],[[83.8958,28.9887],[83.8717,28.9809],[83.8674,28.983],[83.8632,28.9819],[83.8589,28.9783],[83.8579,28.9708],[83.8552,28.9693],[83.8448,28.971],[83.8346,28.9691],[83.8329,28.9561],[83.8295,28.9545],[83.8329,28.9453],[83.8274,28.9381],[83.8316,28.936],[83.8293,28.9286]],[[83.7139,28.7725],[83.7105,28.7688],[83.6961,28.7628],[83.6959,28.7534],[83.6879,28.7487],[83.684,28.7404],[83.6797,28.7394],[83.6764,28.7261],[83.6613,28.715],[83.6561,28.7143],[83.6513,28.7075],[83.6413,28.7039]],[[84.1464,27.8493],[84.1414,27.8497]],[[84.3171,27.7616],[84.3215,27.7596]],[[83.7916,28.8773],[83.795,28.87],[83.7897,28.8635],[83.7865,28.8531],[83.7878,28.8454],[83.7818,28.8373]],[[83.7896,28.8631],[83.7884,28.8575]],[[83.5917,28.6662],[83.5926,28.6647]],[[83.6056,28.6773],[83.6013,28.6738]],[[83.5943,28.6708],[83.5914,28.6689],[83.5916,28.6661]],[[83.6108,28.6793],[83.6068,28.6781]],[[84.0002,29.1552],[83.9844,29.1176],[83.9817,29.1175],[83.9792,29.1137],[83.9799,29.1107],[83.9761,29.1029],[83.9715,29.1012],[83.9624,29.0876],[83.9531,29.087],[83.9506,29.0781],[83.9426,29.0736]],[[83.9426,29.0736],[83.9356,29.065],[83.9414,29.0457],[83.9323,29.0395],[83.9279,29.0295],[83.9124,29.0266],[83.9046,29.0146],[83.9058,29.0078],[83.9018,29.0029],[83.901,28.9971],[83.8958,28.9936],[83.8958,28.9887]],[[83.977,29.1041],[83.9755,29.1024]],[[83.9741,29.1019],[83.9721,29.1012]],[[83.9748,29.1019],[83.9713,29.1006]],[[83.9684,29.0948],[83.9668,29.0934]],[[83.9686,29.0953],[83.9663,29.0919]],[[83.9996,29.1561],[84.0002,29.1552]]]}},{"type":"Feature","properties":{"name":"Mahakali River","length_km":216,"stroke":"#3b82f6","stroke-width":1.6,"stroke-opacity":0.85},"geometry":{"type":"MultiLineString","coordinates":[[[80.273,29.3869],[80.2789,29.3783],[80.2711,29.3732],[80.2713,29.3648],[80.2793,29.3597],[80.2794,29.3483],[80.2825,29.3428],[80.2907,29.3365],[80.291,29.3304],[80.2964,29.3236],[80.3094,29.3223],[80.3166,29.3142]],[[80.0999,28.9257],[80.1026,28.916],[80.1106,28.9095],[80.1136,28.9017],[80.121,28.8964],[80.1225,28.8895],[80.1268,28.8879],[80.1327,28.8785],[80.1325,28.8752],[80.125,28.8684],[80.1259,28.8627],[80.1199,28.8582],[80.1183,28.8529],[80.1088,28.842],[80.1097,28.8242]],[[80.5692,29.9089],[80.5718,29.8934],[80.5661,29.88],[80.557,29.8705],[80.5612,29.8661],[80.555,29.8622],[80.5516,29.8562],[80.553,29.851],[80.5436,29.8464],[80.538,29.8468],[80.5352,29.8383],[80.5318,29.8386],[80.5272,29.8332]],[[80.7433,30.0035],[80.7387,29.9996],[80.7197,30.0006],[80.7136,29.9916],[80.6883,29.9724],[80.6837,29.9632],[80.6738,29.9572]],[[80.6738,29.9572],[80.6489,29.9559],[80.6377,29.963],[80.6292,29.9652],[80.6013,29.9579]],[[80.5272,29.8332],[80.5237,29.8322],[80.5221,29.8273],[80.5062,29.8222],[80.5006,29.8163],[80.4977,29.8104],[80.4999,29.8083],[80.4953,29.8033]],[[80.7563,30.0402],[80.7553,30.0319],[80.7579,30.0267]],[[80.8367,30.0973],[80.8221,30.1003],[80.8151,30.0962],[80.7898,30.073],[80.7814,30.0582],[80.7624,30.0499],[80.7563,30.0402]],[[80.6013,29.9579],[80.5912,29.9497],[80.582,29.9376],[80.5692,29.9089]],[[80.4953,29.8033],[80.4926,29.8018],[80.4944,29.7982],[80.4929,29.7953],[80.4793,29.7955],[80.4646,29.8023],[80.4544,29.8023],[80.4439,29.7989],[80.4341,29.806],[80.4289,29.7981],[80.4165,29.796],[80.4139,29.7919],[80.4077,29.795],[80.4069,29.7836],[80.404,29.7824],[80.4046,29.7778],[80.4006,29.7744],[80.3962,29.7646],[80.3976,29.7594],[80.3864,29.7594],[80.3849,29.7564],[80.3864,29.7517],[80.3763,29.75]],[[80.2428,29.444],[80.2476,29.4355],[80.244,29.4245],[80.246,29.4162],[80.2419,29.412],[80.2644,29.3969],[80.2734,29.3941],[80.2751,29.3904],[80.273,29.3869]],[[80.3763,29.75],[80.3685,29.751],[80.3656,29.7478],[80.3651,29.7388],[80.3702,29.7348],[80.3667,29.731],[80.3661,29.7249],[80.3687,29.7217],[80.3761,29.7201],[80.3721,29.7149],[80.3799,29.7004],[80.3807,29.6881],[80.3845,29.6858],[80.3837,29.6762],[80.3901,29.6706],[80.3898,29.6651],[80.3994,29.662],[80.399,29.6584],[80.4061,29.6603],[80.4097,29.654],[80.4152,29.6534],[80.4164,29.6503],[80.414,29.6441],[80.4203,29.6393],[80.4194,29.6331],[80.4212,29.6302],[80.4171,29.6261],[80.4106,29.625],[80.4079,29.62],[80.4058,29.6121],[80.4085,29.6095],[80.4087,29.6038]],[[80.4087,29.6038],[80.4085,29.5982],[80.4047,29.5917],[80.3909,29.5813],[80.3888,29.5726],[80.3785,29.57],[80.3794,29.5613],[80.3626,29.5639],[80.3646,29.5567],[80.3489,29.5557],[80.3426,29.5529],[80.3457,29.548],[80.3416,29.5409],[80.3501,29.5396],[80.358,29.5316],[80.3548,29.5268],[80.3481,29.5239],[80.3499,29.5198],[80.3439,29.5121],[80.3401,29.5097],[80.3324,29.5132],[80.3287,29.5052],[80.3151,29.5],[80.3129,29.4968],[80.3135,29.4847],[80.3044,29.4863],[80.299,29.4906],[80.2937,29.4795],[80.287,29.4773],[80.2882,29.4721],[80.3006,29.4567],[80.3011,29.4515],[80.2979,29.4506],[80.2953,29.4537],[80.2894,29.4506],[80.2801,29.4508],[80.2801,29.4581],[80.2758,29.4585],[80.2691,29.4547],[80.274,29.4526],[80.2738,29.4497],[80.2659,29.4486],[80.2585,29.4517],[80.2543,29.4477],[80.246,29.4469],[80.2428,29.444]],[[80.8625,30.1693],[80.8708,30.1619],[80.8717,30.151],[80.8787,30.132],[80.8768,30.1278],[80.8724,30.1259]],[[80.7579,30.0267],[80.7502,30.0093],[80.7433,30.0035]],[[80.8724,30.1259],[80.8434,30.1147],[80.8419,30.1111],[80.846,30.1067],[80.8459,30.1016],[80.8367,30.0973]],[[80.385,29.6839],[80.3832,29.679]],[[80.2793,29.4547],[80.2806,29.4576]],[[80.411,29.6535],[80.4145,29.654]],[[80.2992,29.4584],[80.3041,29.4541],[80.2998,29.4506]],[[80.3626,29.5639],[80.3618,29.5617]],[[80.3673,29.7369],[80.3694,29.733]],[[80.2727,29.4501],[80.2688,29.4499]],[[80.3433,29.5394],[80.347,29.5425],[80.349,29.5399]],[[80.3166,29.3142],[80.3157,29.3084],[80.318,29.3018],[80.3102,29.2902],[80.3045,29.2865],[80.3044,29.2744],[80.3023,29.2653],[80.2993,29.2619],[80.3002,29.2407],[80.2903,29.2304],[80.296,29.2221],[80.2941,29.21],[80.298,29.207],[80.2977,29.2048],[80.2928,29.1965],[80.2887,29.1946],[80.2807,29.1996],[80.2759,29.2079],[80.2616,29.2059]],[[80.0991,28.9604],[80.0955,28.9553],[80.097,28.95],[80.0942,28.9368],[80.0984,28.9331],[80.0999,28.9257]]]}},{"type":"Feature","properties":{"name":"Narayani","length_km":201,"stroke":"#3b82f6","stroke-width":1.6,"stroke-opacity":0.85},"geometry":{"type":"MultiLineString","coordinates":[[[84.422,27.7413],[84.4315,27.7086],[84.4303,27.7054],[84.4207,27.7004],[84.4071,27.6964],[84.386,27.6845],[84.3727,27.6822],[84.3621,27.694],[84.3443,27.7025],[84.3255,27.6922],[84.3201,27.6854],[84.3204,27.6796],[84.3166,27.676],[84.2974,27.673],[84.2898,27.6753]],[[84.3228,27.6888],[84.2898,27.6753]],[[84.2206,27.6649],[84.218,27.6629],[84.2206,27.6568]],[[84.259,27.6663],[84.254,27.6633],[84.2471,27.6632],[84.2396,27.6584],[84.2292,27.6641]],[[84.2424,27.6516],[84.2378,27.6481],[84.2384,27.642],[84.2273,27.636],[84.222,27.6288],[84.2142,27.6269],[84.2069,27.6217]],[[84.2239,27.6295],[84.2158,27.6152],[84.2063,27.615],[84.2015,27.6053]],[[84.2689,27.6494],[84.2621,27.647],[84.2484,27.6477],[84.2439,27.6398],[84.232,27.6375]],[[84.2069,27.6217],[84.1969,27.618],[84.1906,27.6081],[84.1804,27.6109],[84.179,27.5981],[84.1645,27.593],[84.1602,27.584]],[[84.2041,27.613],[84.2013,27.6105],[84.1981,27.6116],[84.193,27.6096]],[[84.1946,27.5949],[84.1892,27.5971],[84.1829,27.595],[84.1734,27.5828]],[[84.1608,27.588],[84.157,27.585],[84.1526,27.5627]],[[84.1571,27.6056],[84.1578,27.6002],[84.1547,27.5958]],[[84.1324,27.5461],[84.1263,27.5518],[84.1197,27.552],[84.1172,27.5548],[84.0949,27.5482],[84.0886,27.556],[84.0669,27.5649],[84.058,27.5645],[84.0552,27.5564],[84.0479,27.5516],[84.0431,27.5513],[84.0335,27.5389],[84.0285,27.5362],[84.0204,27.5377],[84.0006,27.5488],[83.9927,27.5483],[83.9835,27.5435],[83.9756,27.5463],[83.9715,27.5513],[83.9643,27.5525],[83.9423,27.5408],[83.926,27.5504],[83.919,27.5415],[83.9226,27.5168],[83.9288,27.5132],[83.9371,27.5137],[83.9445,27.517],[83.9546,27.5278],[83.9662,27.5218],[83.97,27.5126],[83.9643,27.5043],[83.9396,27.4928],[83.9392,27.4847],[83.9448,27.4666],[83.9416,27.4584],[83.9261,27.4472],[83.9018,27.4384]],[[84.1268,27.5663],[84.1206,27.5608],[84.1189,27.5555]],[[84.1559,27.6047],[84.1541,27.5945],[84.1425,27.5936],[84.1372,27.5896]],[[84.1861,27.6366],[84.1832,27.6375],[84.1831,27.6313],[84.1779,27.6304]],[[84.0431,27.5513],[84.0399,27.5543],[84.0275,27.5505],[84.0214,27.5555],[84.0046,27.551],[83.9941,27.5594],[83.9761,27.5579],[83.966,27.5527]],[[84.274,27.6693],[84.2721,27.6629],[84.2641,27.6586],[84.2587,27.651],[84.2556,27.6507],[84.2516,27.6544],[84.2432,27.6522],[84.242,27.6504],[84.245,27.6453],[84.2378,27.6409]],[[84.1371,27.5751],[84.1377,27.5718],[84.1345,27.5721]],[[84.1914,27.6376],[84.1875,27.6355],[84.186,27.6381]],[[84.2898,27.6753],[84.2867,27.6727],[84.2827,27.6569],[84.2689,27.6494],[84.2639,27.6412],[84.2529,27.637],[84.239,27.6218],[84.208,27.6056],[84.2015,27.6053],[84.1997,27.5973],[84.1885,27.5874],[84.1721,27.5826],[84.1602,27.584],[84.1578,27.5766],[84.1591,27.5704],[84.1455,27.5577],[84.1418,27.5515],[84.1324,27.5461]],[[84.245,27.6298],[84.2239,27.6295]],[[84.3025,27.6794],[84.2974,27.673]],[[84.1806,27.6422],[84.1935,27.6389]],[[84.2898,27.6753],[84.274,27.6693],[84.2609,27.6679],[84.2566,27.659],[84.2441,27.6563],[84.234,27.657],[84.2278,27.6644],[84.2216,27.6655],[84.22,27.6546],[84.2062,27.639],[84.1973,27.64],[84.1894,27.6374],[84.1806,27.6422],[84.176,27.6407],[84.1777,27.6299],[84.1739,27.6267],[84.1718,27.6166],[84.1645,27.6135],[84.153,27.6026],[84.1344,27.5942],[84.1377,27.588],[84.1367,27.5742],[84.1268,27.5663]],[[84.1376,27.5884],[84.1341,27.5857],[84.1325,27.5749],[84.1288,27.5685]],[[84.1375,27.5853],[84.1352,27.5823],[84.137,27.5771]],[[84.1409,27.5977],[84.1361,27.5959]],[[84.1443,27.5569],[84.1176,27.5549]],[[84.1367,27.5742],[84.1318,27.5707]],[[84.1404,27.5929],[84.1376,27.5871]],[[84.1301,27.569],[84.1257,27.5655]],[[84.2199,27.6647],[84.218,27.6618]],[[84.2351,27.6613],[84.2337,27.6625]],[[84.2129,27.6471],[84.2115,27.6414],[84.2062,27.639]],[[83.9018,27.4384],[83.8854,27.4334]],[[84.1295,27.5682],[84.1293,27.5646],[84.1226,27.5569]]]}},{"type":"Feature","properties":{"name":"Bheri River","length_km":196,"stroke":"#3b82f6","stroke-width":1.6,"stroke-opacity":0.85},"geometry":{"type":"MultiLineString","coordinates":[[[81.4949,28.6173],[81.4819,28.6179],[81.4761,28.6094],[81.4703,28.6132],[81.4694,28.6162],[81.472,28.6187],[81.4624,28.6332],[81.4619,28.6375],[81.4551,28.6341],[81.4446,28.6483],[81.4449,28.6513],[81.4553,28.6553],[81.4574,28.6607],[81.441,28.6816],[81.4361,28.6824],[81.4314,28.6756],[81.4251,28.6745],[81.414,28.6772],[81.4016,28.6854],[81.3921,28.6821],[81.3892,28.6838],[81.3873,28.6874],[81.3885,28.6904],[81.395,28.6927],[81.4002,28.6981],[81.4083,28.6978],[81.4133,28.7034],[81.4184,28.7012],[81.4086,28.7179],[81.4111,28.7227],[81.423,28.731],[81.4164,28.735],[81.4116,28.7341],[81.4089,28.737],[81.4089,28.7438],[81.4,28.7466],[81.3916,28.7433],[81.3812,28.7451],[81.3796,28.7495],[81.3813,28.7553],[81.3714,28.7555],[81.3645,28.7585],[81.3602,28.7651],[81.3489,28.7704],[81.3323,28.7721],[81.3262,28.7799],[81.3207,28.7812],[81.3122,28.7796],[81.3027,28.7735],[81.3027,28.7666],[81.2962,28.7648],[81.2949,28.7609],[81.2699,28.7424],[81.266,28.7406],[81.2595,28.7423]],[[81.8695,28.4385],[81.837,28.4411],[81.82,28.4492],[81.8145,28.4497],[81.8119,28.4475],[81.7995,28.4542],[81.786,28.4536],[81.7774,28.46],[81.7769,28.4677],[81.7673,28.4718],[81.7618,28.4813],[81.7548,28.4834],[81.7539,28.4805],[81.75,28.4832],[81.749,28.4934],[81.7466,28.4956],[81.7343,28.4962],[81.7289,28.5053],[81.7092,28.5122],[81.7035,28.518],[81.6986,28.5163],[81.6965,28.5106],[81.6914,28.5093],[81.6599,28.5186],[81.6496,28.5148],[81.6326,28.5162],[81.6175,28.5136],[81.5998,28.5056],[81.5942,28.5067],[81.5794,28.5181],[81.5732,28.5285],[81.5655,28.5293],[81.5605,28.5414],[81.5468,28.5631],[81.5455,28.5778],[81.5351,28.5811],[81.5317,28.5864],[81.5253,28.5785],[81.5192,28.5817],[81.5162,28.5858],[81.5193,28.5916],[81.5149,28.5945],[81.5075,28.5949],[81.4998,28.6088],[81.4932,28.6106],[81.4949,28.6173]],[[81.9966,28.4631],[81.9913,28.4622],[81.9845,28.4563],[81.983,28.4538],[81.9868,28.4483],[81.9829,28.4457],[81.9716,28.4466],[81.9647,28.4515],[81.9626,28.4514],[81.9598,28.4454],[81.9495,28.4452],[81.9356,28.4513],[81.9311,28.447],[81.9302,28.4383],[81.9278,28.4356],[81.9186,28.438],[81.9125,28.4439],[81.9094,28.4391],[81.9082,28.4305],[81.8979,28.4303],[81.896,28.4241],[81.8934,28.4232],[81.8772,28.427],[81.8691,28.4314],[81.8658,28.4361],[81.8695,28.4385]],[[82.1165,28.6221],[82.1083,28.6199],[82.1003,28.6217],[82.0945,28.6186],[82.0894,28.621],[82.0828,28.6166],[82.072,28.6289],[82.0541,28.6345],[82.0591,28.6413],[82.0581,28.6454],[82.0555,28.6452],[82.0476,28.6427],[82.045,28.6371],[82.0393,28.6365],[82.0278,28.6405],[82.0273,28.6344],[82.0215,28.6264],[82.0269,28.6162],[82.0243,28.6134],[82.0189,28.6123],[82.0151,28.6151],[82.0068,28.6157],[82.0035,28.6138],[82.0118,28.5983],[82.0087,28.592],[81.9996,28.5874],[82.0031,28.5785],[81.9953,28.5743],[81.995,28.5679],[82.0041,28.563],[82.0105,28.5499],[82.016,28.5467],[82.0194,28.5399],[82.018,28.5275],[82.0246,28.5234],[82.0278,28.5172],[82.0205,28.5094],[82.0256,28.5004],[82.0083,28.4781],[82.0107,28.4746],[82.0104,28.4686],[81.9966,28.4631]],[[81.8232,28.448],[81.8177,28.4494]],[[82.4155,28.8481],[82.4127,28.8452],[82.3998,28.8417],[82.398,28.8378],[82.3901,28.8353],[82.3862,28.8291],[82.3761,28.8227],[82.3691,28.8111],[82.3685,28.8038],[82.3643,28.8],[82.3645,28.7968],[82.3569,28.7917],[82.3495,28.7932],[82.3458,28.7869],[82.3354,28.7841],[82.3081,28.7876],[82.2943,28.785],[82.2931,28.7764],[82.2835,28.7623],[82.2899,28.7566],[82.284,28.7486],[82.2901,28.7388],[82.2832,28.7331],[82.2888,28.7273],[82.2858,28.7171],[82.2763,28.7069],[82.2808,28.6977],[82.2794,28.6921]]]}},{"type":"Feature","properties":{"name":"Rapti River","length_km":195,"stroke":"#3b82f6","stroke-width":1.6,"stroke-opacity":0.85},"geometry":{"type":"MultiLineString","coordinates":[[[82.9422,27.93],[82.9387,27.9259],[82.9284,27.9227],[82.9258,27.9133],[82.9165,27.9044],[82.8996,27.9102],[82.896,27.9141],[82.8913,27.9127],[82.8885,27.9067],[82.8808,27.9064],[82.8783,27.9018],[82.8756,27.9016],[82.8661,27.9093],[82.863,27.9083],[82.8625,27.9037],[82.8561,27.9051],[82.8465,27.9013],[82.8335,27.9069],[82.8278,27.9062],[82.8204,27.9],[82.8209,27.8951],[82.8054,27.8773]],[[81.8405,28.0694],[81.8281,28.0749],[81.8211,28.0733],[81.8155,28.0838],[81.8016,28.0865],[81.7917,28.0959],[81.7795,28.0975],[81.7599,28.0887],[81.7453,28.077],[81.7272,28.0787],[81.7184,28.0742],[81.7166,28.0692],[81.7168,28.0619],[81.7228,28.0525],[81.7381,28.0422],[81.751,28.0248],[81.7468,28.0001],[81.7492,27.9942],[81.7579,27.9893],[81.7535,27.9628],[81.7576,27.9472],[81.7702,27.9393],[81.7693,27.9275],[81.7917,27.9194],[81.7986,27.9134],[81.8002,27.9076],[81.7976,27.8938],[81.8135,27.8651]],[[82.1874,27.9768],[82.1662,27.9812],[82.1385,27.9945],[82.1235,27.993],[82.1213,27.9965],[82.1228,28.0018],[82.1205,28.0043],[82.1145,28.0046],[82.1068,27.9983],[82.1007,28.0019],[82.0972,28.0082],[82.0928,28.0064],[82.0915,28.0004],[82.0892,27.9997],[82.0844,28],[82.0814,28.0068],[82.0735,28.011],[82.0578,27.9994],[82.0503,28.0009],[82.0376,27.9985],[82.0351,28.0013],[82.0384,28.0054],[82.0367,28.0071],[82.0259,28.0092],[82.023,28.0047],[82.015,28.0054],[82.0083,28.0033],[82.0045,27.9958],[82.0024,27.9992],[82.0025,28.0089],[81.9976,28.0121],[81.984,28.0107],[81.9746,28.0032],[81.9744,28.0076],[81.9789,28.0139],[81.9756,28.0156],[81.9655,28.0118],[81.9608,28.0243],[81.9631,28.0281],[81.9701,28.0311],[81.9697,28.0351],[81.9573,28.0378],[81.9447,28.0459],[81.909,28.0427],[81.8996,28.0456],[81.8957,28.0498],[81.8823,28.0514],[81.8778,28.0584],[81.8515,28.0614],[81.8405,28.0694]],[[82.8054,27.8773],[82.8045,27.8728],[82.8099,27.8716],[82.8098,27.8691],[82.7923,27.8646],[82.8071,27.8598],[82.8061,27.856],[82.7927,27.8565],[82.7815,27.8441],[82.7656,27.8401],[82.7556,27.8352],[82.7477,27.8261],[82.7298,27.8204],[82.6846,27.8236],[82.6515,27.8177],[82.635,27.8179],[82.6267,27.8208],[82.6217,27.8191],[82.6077,27.8251],[82.6067,27.8282],[82.5944,27.8296],[82.5929,27.837],[82.5829,27.8364],[82.5791,27.8396],[82.571,27.8392],[82.5637,27.8335],[82.5591,27.8358],[82.5488,27.8337],[82.5329,27.8374],[82.5266,27.836],[82.5204,27.8417],[82.5121,27.8405],[82.5013,27.8434],[82.4908,27.8403],[82.4858,27.8363],[82.4809,27.8379],[82.4765,27.8464],[82.4658,27.8526],[82.4668,27.86],[82.4591,27.8662],[82.448,27.8688],[82.4396,27.8663],[82.4326,27.8684],[82.4273,27.8646],[82.4195,27.8639],[82.4037,27.8823],[82.397,27.8829],[82.3835,27.8902],[82.3628,27.887],[82.3498,27.8938],[82.3192,27.9007],[82.3129,27.9078],[82.2998,27.9159],[82.2826,27.9174],[82.278,27.9236],[82.2661,27.9255],[82.2615,27.9367],[82.2567,27.9358],[82.25,27.9287],[82.2484,27.9228],[82.2452,27.9226],[82.2406,27.9293],[82.2312,27.9333],[82.2309,27.9433],[82.2254,27.95],[82.2119,27.9556],[82.2074,27.9654],[82.1965,27.9695],[82.1874,27.9768]]]}},{"type":"Feature","properties":{"name":"Kali Gandaki River","length_km":168,"stroke":"#3b82f6","stroke-width":1.6,"stroke-opacity":0.85},"geometry":{"type":"MultiLineString","coordinates":[[[83.5699,28.3748],[83.5654,28.357],[83.5688,28.3488],[83.5685,28.3408],[83.573,28.3401],[83.5745,28.3351],[83.5905,28.3221],[83.601,28.3085],[83.6024,28.2972],[83.6001,28.2909],[83.6024,28.2868],[83.6077,28.2853],[83.6049,28.2785],[83.6052,28.2707],[83.6107,28.2663],[83.6095,28.2596],[83.6156,28.2579],[83.6214,28.2514],[83.6298,28.2503],[83.6301,28.2471],[83.6363,28.2456],[83.6471,28.2382],[83.657,28.2375],[83.6598,28.2308],[83.6676,28.2307],[83.6743,28.2161],[83.6691,28.209],[83.6718,28.2047],[83.6696,28.2027]],[[83.5847,27.9788],[83.5799,27.9796],[83.5768,27.9745],[83.5685,27.9762],[83.557,27.9739],[83.553,27.9771],[83.5494,27.9767],[83.5463,27.971],[83.5339,27.9684],[83.5311,27.9646],[83.5273,27.9669],[83.521,27.9642],[83.5105,27.9676],[83.5015,27.9766],[83.4915,27.9782],[83.4858,27.9819],[83.473,27.9709]],[[83.473,27.9709],[83.4645,27.9611],[83.4626,27.9544],[83.4438,27.945],[83.4458,27.9392],[83.4405,27.9326],[83.4477,27.9282],[83.4522,27.9327],[83.4615,27.9344],[83.4683,27.9279],[83.4849,27.9225],[83.4909,27.9294],[83.5003,27.927],[83.5058,27.929],[83.51,27.9333],[83.503,27.9374],[83.5103,27.9408],[83.5223,27.9316],[83.5241,27.9241],[83.5312,27.9332],[83.5303,27.9391],[83.5371,27.9374],[83.5361,27.9315],[83.5379,27.9284],[83.5489,27.9282],[83.5604,27.9348],[83.5653,27.9344],[83.5687,27.9421],[83.5724,27.9424]],[[83.7758,27.903],[83.7878,27.8862],[83.7973,27.8826],[83.807,27.8733],[83.8164,27.8747],[83.8203,27.8778],[83.8302,27.8719],[83.8435,27.8683],[83.8473,27.8726],[83.8439,27.881],[83.8512,27.8813],[83.8508,27.8754],[83.8579,27.8737],[83.8615,27.8746],[83.8606,27.8822],[83.8779,27.8884],[83.8807,27.887],[83.8793,27.8825],[83.892,27.8864],[83.9126,27.8793],[83.9141,27.8779],[83.9107,27.8743],[83.9118,27.8718],[83.9187,27.8718],[83.9247,27.8681],[83.9376,27.8783],[83.9402,27.878],[83.9459,27.8711]],[[83.5724,27.9424],[83.5768,27.9361],[83.5736,27.9305],[83.5919,27.9315],[83.6016,27.9235],[83.611,27.9257],[83.6159,27.9305],[83.6206,27.9264],[83.626,27.9265],[83.6216,27.9169],[83.6327,27.9149],[83.6314,27.9096],[83.6341,27.8993],[83.6407,27.9024],[83.6442,27.8989],[83.6482,27.9023],[83.6548,27.9026],[83.6671,27.9214],[83.6766,27.9277],[83.6818,27.9243],[83.6791,27.9203],[83.6827,27.9166],[83.6858,27.918],[83.6883,27.9239],[83.6974,27.917],[83.7028,27.9186],[83.7112,27.9168],[83.7196,27.92],[83.7239,27.9131],[83.7433,27.9003],[83.7472,27.9022],[83.7427,27.9044],[83.7438,27.9078],[83.7496,27.9077],[83.7572,27.9032],[83.7568,27.9096],[83.764,27.9094],[83.7758,27.903]],[[83.6696,28.2027],[83.6593,28.1985],[83.6512,28.1866],[83.6481,28.1867],[83.6454,28.1781],[83.6396,28.1743],[83.6439,28.1669],[83.6372,28.1611],[83.6383,28.1545],[83.6339,28.1511],[83.6373,28.1477],[83.6364,28.1408],[83.6392,28.1371],[83.6327,28.1319],[83.6334,28.1287],[83.63,28.1232],[83.6222,28.1214],[83.6046,28.1106],[83.6011,28.0964],[83.589,28.0808],[83.5815,28.0815],[83.58,28.0769],[83.5719,28.073],[83.5682,28.0655],[83.5608,28.0637],[83.5642,28.0581],[83.5593,28.0443],[83.5642,28.0403],[83.5614,28.0359],[83.5719,28.0327],[83.579,28.0339],[83.5837,28.0265],[83.5906,28.0258],[83.5913,28.0222],[83.5958,28.0217],[83.6006,28.0142],[83.6045,28.0131],[83.6026,27.9964],[83.5937,27.9895],[83.5842,27.9874],[83.5847,27.9788]]]}},{"type":"Feature","properties":{"name":"Marsyangdi","length_km":164,"stroke":"#3b82f6","stroke-width":1.6,"stroke-opacity":0.85},"geometry":{"type":"MultiLineString","coordinates":[[[84.3564,28.5236],[84.3591,28.5193],[84.3587,28.5056],[84.3614,28.5032],[84.3638,28.4917],[84.3737,28.4756],[84.3729,28.4649],[84.3706,28.4609],[84.3747,28.4491],[84.3792,28.4441],[84.3893,28.4393],[84.4054,28.4191],[84.4082,28.4137],[84.4075,28.409],[84.4101,28.4069],[84.4068,28.395]],[[84.36,28.2792],[84.3627,28.2673],[84.3663,28.2626],[84.365,28.2594],[84.3725,28.2522],[84.3754,28.2471],[84.3737,28.2443],[84.3812,28.237],[84.3813,28.2321],[84.3905,28.2237],[84.3899,28.2179],[84.3942,28.2162],[84.404,28.1998],[84.4071,28.201],[84.4066,28.1954],[84.4127,28.1939],[84.4155,28.19],[84.4287,28.1862],[84.4289,28.1827],[84.4349,28.1835],[84.4348,28.1802],[84.4381,28.1791],[84.4389,28.1708],[84.4421,28.1695],[84.4446,28.1642],[84.4448,28.1563],[84.4409,28.1352],[84.4378,28.1349],[84.4389,28.1319],[84.4348,28.128],[84.4357,28.1212],[84.4324,28.1194],[84.432,28.1119],[84.4336,28.1083],[84.4435,28.1046],[84.4433,28.099],[84.4509,28.0963],[84.4523,28.0919],[84.4567,28.0915],[84.4604,28.0843],[84.4659,28.0816],[84.4653,28.0768],[84.4695,28.073],[84.4669,28.0705],[84.4732,28.0685],[84.4762,28.0649],[84.4745,28.0617],[84.4773,28.0571],[84.4729,28.0522],[84.466,28.0511],[84.468,28.0459],[84.4651,28.0447],[84.4649,28.04],[84.462,28.0393],[84.4636,28.0347],[84.4615,28.0305],[84.4634,28.0293],[84.4598,28.0247],[84.4599,28.0129],[84.4566,28.0086],[84.4565,28.0035],[84.4523,28.0026],[84.4516,27.9993],[84.4438,27.9934],[84.4379,27.993],[84.44,27.9891],[84.4283,27.9863],[84.4209,27.9782],[84.4189,27.9697],[84.4225,27.9632],[84.4206,27.9589],[84.4252,27.9524]],[[84.4252,27.9524],[84.4439,27.9463],[84.4487,27.9501],[84.4544,27.9491],[84.4576,27.9425],[84.4645,27.9436],[84.4726,27.9403],[84.4732,27.9363],[84.4821,27.9323],[84.482,27.9295],[84.4869,27.9269],[84.4991,27.927],[84.5066,27.9231],[84.5077,27.9196],[84.5006,27.918],[84.5027,27.9155],[84.5105,27.914],[84.5121,27.9178],[84.5174,27.9126],[84.5239,27.9155],[84.5324,27.9131],[84.5374,27.918],[84.5401,27.9138],[84.5374,27.9098],[84.5453,27.9051]],[[84.0459,28.6514],[84.0581,28.6456],[84.0733,28.648],[84.1128,28.6347],[84.1325,28.6366],[84.1336,28.6282],[84.1376,28.6214],[84.147,28.6177],[84.1585,28.6083],[84.184,28.6017]],[[84.4068,28.395],[84.4013,28.3831],[84.4048,28.3671],[84.4045,28.352],[84.3986,28.345],[84.3977,28.3398],[84.4016,28.3185],[84.4002,28.3121]],[[84.2599,28.5538],[84.269,28.5524],[84.2775,28.5544],[84.2822,28.5506],[84.2864,28.5526],[84.2987,28.5474],[84.3027,28.5444],[84.3072,28.5324],[84.3115,28.5294],[84.3287,28.5353],[84.3409,28.5349],[84.3495,28.5319],[84.3564,28.5236]],[[84.0067,28.6694],[84.0121,28.6682]],[[84.4953,27.927],[84.5,27.9252]],[[84.5,27.9252],[84.5001,27.9252]],[[84.5001,27.9252],[84.5018,27.9254]],[[84.5453,27.9051],[84.5412,27.9021],[84.5402,27.8968],[84.5405,27.8859],[84.5451,27.8814],[84.5406,27.877],[84.5444,27.8703],[84.5526,27.8696],[84.5476,27.864],[84.5592,27.8578]],[[84.019,28.665],[84.0269,28.6602],[84.0377,28.6576],[84.0459,28.6514]],[[84.184,28.6017],[84.1885,28.5938],[84.1882,28.5888],[84.183,28.5822],[84.1863,28.573],[84.2019,28.5672],[84.2089,28.5674],[84.2253,28.5554],[84.2502,28.5505],[84.2599,28.5538]],[[84.4001,28.3121],[84.3782,28.2931],[84.3648,28.289],[84.36,28.2792]],[[84.4002,28.3121],[84.4001,28.3121]],[[84.0323,28.6588],[84.0216,28.6544]],[[84.0067,28.6694],[84.0192,28.665]]]}},{"type":"Feature","properties":{"name":"Suheli","length_km":153,"stroke":"#3b82f6","stroke-width":1.6,"stroke-opacity":0.85},"geometry":{"type":"MultiLineString","coordinates":[[[80.3982,28.7479],[80.4016,28.7478],[80.4027,28.7442],[80.4013,28.7337],[80.3967,28.7251],[80.3978,28.7202],[80.43,28.7057],[80.4424,28.7062],[80.4492,28.7015],[80.4519,28.6963],[80.4568,28.6964],[80.466,28.6826],[80.4755,28.6832],[80.4855,28.6739],[80.5008,28.6669],[80.5046,28.6547],[80.499,28.6354],[80.5052,28.6223],[80.5036,28.6127],[80.516,28.61]],[[80.5171,28.6005],[80.5186,28.5944],[80.5256,28.5903],[80.5337,28.5896],[80.5381,28.5817],[80.5422,28.5811],[80.5406,28.5803],[80.5429,28.5762],[80.5495,28.5711],[80.5486,28.5635],[80.5689,28.5568],[80.5705,28.5536],[80.5688,28.5429],[80.5749,28.5387],[80.5741,28.5351],[80.578,28.5327],[80.58,28.5255],[80.5838,28.5254],[80.5845,28.5209],[80.5884,28.5185],[80.5835,28.5083],[80.5973,28.4981],[80.613,28.5008],[80.6342,28.4932],[80.6439,28.4839],[80.6426,28.4828],[80.6469,28.4757],[80.6593,28.4689],[80.6611,28.4614],[80.657,28.4551],[80.6586,28.452],[80.6519,28.4516],[80.6508,28.4461],[80.6475,28.4458],[80.6458,28.4386],[80.642,28.4372],[80.6464,28.4296],[80.6498,28.431],[80.652,28.4289],[80.6646,28.4062],[80.669,28.4088],[80.6741,28.4055],[80.6819,28.4098],[80.6801,28.4068],[80.6859,28.4066],[80.6872,28.4137],[80.6928,28.4121],[80.6908,28.4154],[80.698,28.4224],[80.7035,28.4169],[80.7086,28.4181],[80.7101,28.4152],[80.7139,28.4176],[80.7129,28.4157],[80.7154,28.4142],[80.7187,28.4175],[80.721,28.4122],[80.7253,28.4156],[80.7271,28.4152],[80.7264,28.4116],[80.7353,28.4116],[80.7359,28.4078],[80.7416,28.4033],[80.7393,28.3991],[80.7424,28.399],[80.7422,28.3936],[80.7471,28.3947],[80.7442,28.3915],[80.7505,28.3864],[80.7491,28.3807],[80.7536,28.3774],[80.7542,28.3732],[80.7589,28.3723],[80.7566,28.3686],[80.7593,28.3704],[80.7642,28.3664],[80.7748,28.3679],[80.7755,28.3649],[80.7797,28.3641],[80.7816,28.3594],[80.7803,28.355],[80.7693,28.3381],[80.7695,28.3361],[80.7734,28.3369],[80.7753,28.3343],[80.7717,28.3319],[80.7779,28.3263],[80.7834,28.3262],[80.7889,28.3314],[80.7929,28.3278],[80.7939,28.331],[80.7975,28.3296],[80.8061,28.3344],[80.8098,28.3329],[80.8091,28.3391],[80.8141,28.3337],[80.817,28.336],[80.8198,28.3348],[80.8213,28.3388],[80.8228,28.3359],[80.8285,28.3386],[80.8445,28.3376],[80.8501,28.3398],[80.8507,28.3432],[80.8542,28.3418],[80.8543,28.3386],[80.8593,28.3524],[80.8647,28.3559],[80.8697,28.3472],[80.8737,28.3464],[80.8745,28.3366],[80.8821,28.3321],[80.8897,28.3323],[80.8942,28.3389],[80.9019,28.3408],[80.904,28.3438],[80.9075,28.3396],[80.9144,28.3413],[80.9154,28.3481],[80.9185,28.3492],[80.9284,28.3454],[80.9319,28.3407],[80.9352,28.3402],[80.9432,28.3287],[80.9493,28.3277],[80.9613,28.3148],[80.9665,28.3126],[80.9686,28.3094],[80.9666,28.3012],[80.968,28.3026],[80.9749,28.2985],[80.9783,28.2996],[80.9843,28.2969],[80.9876,28.2927],[80.9878,28.2833],[81.0134,28.2827],[81.0149,28.2852],[81.021,28.2863],[81.0341,28.2728],[81.0446,28.2698],[81.0483,28.2658]],[[80.516,28.61],[80.5171,28.6005]],[[80.5171,28.6005],[80.5222,28.6018],[80.5265,28.5957],[80.5309,28.5939],[80.5294,28.5908]],[[80.3628,28.7756],[80.369,28.77],[80.3764,28.7712],[80.3847,28.7654],[80.3903,28.7648],[80.3932,28.761],[80.3928,28.7483],[80.3982,28.7479]]]}},{"type":"Feature","properties":{"name":"East Rapti River","length_km":148,"stroke":"#3b82f6","stroke-width":1.6,"stroke-opacity":0.85},"geometry":{"type":"MultiLineString","coordinates":[[[84.5909,27.5616],[84.5726,27.5599],[84.5706,27.5555],[84.5634,27.5537],[84.5616,27.5503],[84.5544,27.55],[84.5511,27.5433],[84.545,27.5438],[84.5414,27.5519],[84.5384,27.5534],[84.5267,27.5496],[84.5244,27.544],[84.5186,27.5472],[84.5145,27.5449],[84.5117,27.5488],[84.4978,27.557],[84.4926,27.5652],[84.4939,27.5725],[84.4884,27.5813],[84.4692,27.574],[84.4622,27.5647],[84.4484,27.5703],[84.4421,27.5684],[84.4344,27.5633],[84.4321,27.5529],[84.4273,27.5544],[84.4222,27.5641],[84.4111,27.5689],[84.4029,27.5674],[84.3982,27.5706],[84.374,27.5654],[84.3566,27.5684],[84.3477,27.5601],[84.3368,27.5579],[84.3262,27.5502],[84.3146,27.551],[84.3063,27.557],[84.2967,27.5592],[84.2953,27.5632],[84.2864,27.5591],[84.2788,27.564],[84.273,27.5643],[84.2612,27.5586],[84.2588,27.5589],[84.2565,27.5657],[84.2542,27.566],[84.2232,27.5538],[84.2124,27.5672],[84.204,27.5694],[84.198,27.5683],[84.1909,27.5614],[84.1764,27.5543],[84.1539,27.5637]],[[85.0515,27.508],[85.0477,27.5086],[85.0479,27.5045],[85.0428,27.502],[85.045,27.4974],[85.0431,27.4924],[85.0475,27.4904],[85.0439,27.4882],[85.041,27.4714],[85.0421,27.4641],[85.0373,27.4581],[85.0409,27.4551],[85.0401,27.4534],[85.0299,27.4384],[85.0223,27.4335],[85.0174,27.4254],[85.0087,27.4212]],[[85.0087,27.4212],[84.9987,27.4233],[84.9901,27.4311]],[[84.6285,27.5656],[84.6222,27.5671]],[[84.6427,27.5698],[84.6208,27.566]],[[84.6206,27.5659],[84.615,27.5656],[84.6104,27.5625],[84.6054,27.566],[84.5973,27.5656],[84.5855,27.5617]],[[84.663,27.5733],[84.6458,27.5703]],[[84.6553,27.5677],[84.6456,27.5567],[84.6382,27.5576],[84.6362,27.5603],[84.6231,27.5581],[84.6113,27.5603],[84.6005,27.5575],[84.5909,27.5616]],[[85.0934,27.5279],[85.0875,27.5255],[85.0828,27.516],[85.0741,27.5115],[85.0703,27.5036],[85.0623,27.5066],[85.0581,27.5045],[85.0515,27.508]],[[84.3262,27.5502],[84.3222,27.5486],[84.3154,27.5508]],[[84.9145,27.4576],[84.895,27.4675],[84.8752,27.464],[84.8741,27.4669],[84.8793,27.4712],[84.8748,27.4803],[84.8634,27.4868],[84.8552,27.4879],[84.8452,27.498],[84.833,27.4973],[84.823,27.5037],[84.8132,27.505],[84.8088,27.5095],[84.8075,27.5157],[84.7972,27.5237],[84.7689,27.5254],[84.7505,27.535],[84.7442,27.5356],[84.7322,27.5417],[84.7278,27.5407],[84.7256,27.5477],[84.7216,27.5492],[84.7122,27.5615],[84.6979,27.5577],[84.6885,27.5581],[84.684,27.5635],[84.6756,27.5645],[84.6751,27.5693],[84.6631,27.5733],[84.6553,27.5677],[84.6452,27.5703],[84.6336,27.5658],[84.6178,27.5651],[84.6135,27.5609]],[[84.9614,27.4502],[84.9586,27.4511]],[[84.9195,27.4565],[84.9145,27.4576]],[[84.9901,27.4311],[84.9803,27.4356],[84.9784,27.4416],[84.9714,27.447],[84.9546,27.454],[84.9269,27.453],[84.9195,27.4565]]]}},{"type":"Feature","properties":{"name":"Seti Nadi","length_km":143,"stroke":"#3b82f6","stroke-width":1.6,"stroke-opacity":0.85},"geometry":{"type":"MultiLineString","coordinates":[[[80.8931,29.259],[80.8961,29.2533],[80.9062,29.251],[80.9065,29.2387],[80.9096,29.2373],[80.916,29.2462],[80.927,29.2477],[80.9309,29.2515],[80.9285,29.2598],[80.9345,29.2585],[80.9366,29.2536],[80.9454,29.2535],[80.9513,29.2455],[80.9569,29.246],[80.9614,29.2317],[80.9687,29.2311],[80.9755,29.227],[80.9732,29.2223],[80.9749,29.2207],[80.9786,29.2194],[80.9815,29.222],[80.9874,29.2216],[80.992,29.2182],[80.995,29.2089],[81.0068,29.2041],[81.0069,29.2004],[81.012,29.1943],[81.0164,29.1915],[81.0222,29.1916],[81.0234,29.1903],[81.0205,29.1875],[81.0218,29.1833],[81.0304,29.1819],[81.035,29.1892],[81.0448,29.1845],[81.0439,29.1742],[81.0486,29.1712],[81.0499,29.1619],[81.0568,29.1619],[81.0585,29.1588],[81.0564,29.1484],[81.0667,29.1441],[81.065,29.1358],[81.0723,29.1337],[81.0745,29.1263],[81.0993,29.1057],[81.1022,29.1005],[81.1081,29.0984]],[[81.1692,29.8707],[81.1783,29.8628],[81.182,29.8654],[81.1958,29.858],[81.2069,29.8564],[81.2139,29.858],[81.2227,29.8557],[81.2502,29.8413],[81.2608,29.8315]],[[81.2505,29.9823],[81.2446,29.9727],[81.238,29.9686],[81.2334,29.9693],[81.2271,29.9641],[81.2168,29.9634],[81.2054,29.9682],[81.2026,29.9648]],[[81.2026,29.9648],[81.2035,29.9616],[81.1985,29.9512],[81.1883,29.9401],[81.1896,29.9389],[81.1828,29.9338],[81.1799,29.9277],[81.1809,29.9238],[81.1762,29.9199],[81.1755,29.9106],[81.1681,29.8929],[81.1667,29.8812],[81.1692,29.8707]],[[81.1081,29.0984],[81.1099,29.0961],[81.1096,29.0852],[81.1291,29.0811],[81.1254,29.0746],[81.1198,29.0728],[81.1215,29.066],[81.1303,29.0601],[81.137,29.0412],[81.1455,29.0343],[81.1442,29.0182],[81.1497,29.0074],[81.1422,28.9894],[81.1363,28.9897],[81.1319,28.9813],[81.1196,28.9749],[81.1055,28.9778],[81.1058,28.973],[81.1027,28.9712],[81.1034,28.9655]],[[80.7999,29.3013],[80.8323,29.2968],[80.8343,29.2914],[80.8453,29.2856],[80.8562,29.2883]],[[80.9115,29.4455],[80.9087,29.4438],[80.9078,29.4385],[80.9008,29.4364],[80.8906,29.4238],[80.8839,29.422],[80.8752,29.4121],[80.8684,29.4116],[80.8627,29.4145],[80.8605,29.4107],[80.8517,29.4079],[80.8527,29.4043],[80.8599,29.3982],[80.859,29.3895],[80.8499,29.3759],[80.8428,29.376],[80.8345,29.3809],[80.8261,29.371],[80.8132,29.3649],[80.7953,29.3667],[80.7893,29.3649],[80.7843,29.367],[80.7794,29.3645],[80.7749,29.3655],[80.7684,29.3571],[80.765,29.3631],[80.7618,29.3622],[80.7622,29.3506],[80.7573,29.3454],[80.7629,29.3358],[80.759,29.3327],[80.7627,29.3252],[80.7705,29.3228],[80.7703,29.3193],[80.7761,29.3147],[80.7714,29.3104],[80.7741,29.2994],[80.7842,29.2965],[80.7868,29.2984],[80.7941,29.2975],[80.7999,29.3013]],[[80.8562,29.2883],[80.8586,29.2903],[80.8636,29.2884],[80.8669,29.2755],[80.8713,29.2705],[80.8759,29.2695],[80.8818,29.2731],[80.8869,29.2721],[80.8925,29.2664],[80.8931,29.259]]]}},{"type":"Feature","properties":{"name":"Parmān Nadi","length_km":143,"stroke":"#3b82f6","stroke-width":1.6,"stroke-opacity":0.85},"geometry":{"type":"MultiLineString","coordinates":[[[87.4743,26.4751],[87.4776,26.4727],[87.4711,26.4671],[87.4735,26.4628],[87.4729,26.4522],[87.4678,26.4527],[87.4703,26.4471],[87.4531,26.4283],[87.4565,26.4179],[87.4507,26.4144],[87.4515,26.4058],[87.4598,26.3937],[87.4567,26.3884],[87.4597,26.3839],[87.4566,26.3798],[87.4629,26.3741],[87.4693,26.3733],[87.4628,26.366],[87.467,26.364],[87.4732,26.3669],[87.4744,26.3638],[87.4722,26.3563],[87.4847,26.3486],[87.4852,26.3446],[87.4807,26.3441],[87.4901,26.3368],[87.492,26.3315],[87.4812,26.3195],[87.4851,26.3199],[87.4854,26.3232],[87.4903,26.3132],[87.4993,26.3179],[87.5043,26.313],[87.5114,26.3125],[87.5138,26.3077],[87.5088,26.2988],[87.5175,26.2981],[87.5192,26.2895],[87.5157,26.2888],[87.5288,26.2828],[87.5282,26.2785],[87.5315,26.2792],[87.5286,26.2742],[87.5254,26.275],[87.53,26.2677],[87.5298,26.2518],[87.5407,26.2356],[87.5351,26.2275],[87.5365,26.2193],[87.5297,26.2169],[87.5348,26.1944],[87.5276,26.1833],[87.5312,26.1833],[87.5337,26.1877],[87.5375,26.1865],[87.5353,26.1746],[87.5238,26.1696],[87.5315,26.1669],[87.5367,26.1678],[87.5384,26.1634],[87.5377,26.1618],[87.5294,26.1635],[87.5181,26.1562],[87.5213,26.1532],[87.5306,26.1538],[87.5341,26.1562],[87.5387,26.155],[87.5389,26.1388],[87.5437,26.1371],[87.5491,26.1411],[87.5524,26.1407],[87.5627,26.1221],[87.5694,26.1287],[87.5689,26.1214],[87.5661,26.1179],[87.5729,26.1194],[87.5741,26.1104],[87.5774,26.1091],[87.5784,26.103],[87.5801,26.1019],[87.5897,26.1073],[87.5921,26.1046],[87.5912,26.1012],[87.5832,26.0966],[87.5882,26.0922],[87.5958,26.0901],[87.5959,26.0844],[87.6035,26.0817],[87.6064,26.075],[87.6144,26.0727],[87.6091,26.0627],[87.6105,26.0548],[87.6071,26.0472],[87.6103,26.0454],[87.6133,26.0488],[87.6154,26.0479],[87.6218,26.0402],[87.6324,26.0407],[87.6317,26.0373],[87.6224,26.0357],[87.6197,26.0294],[87.625,26.0279],[87.6317,26.0322],[87.6263,26.0135],[87.6346,26.0088],[87.6434,26.0111],[87.6422,26.0042],[87.6488,26.0038],[87.639,25.9972],[87.6423,25.9933],[87.6465,25.9944],[87.6448,25.9863],[87.6392,25.9848],[87.6354,25.9884],[87.6357,25.9846],[87.6413,25.9818],[87.6345,25.9778],[87.6354,25.9688],[87.6311,25.9594],[87.6455,25.9652],[87.6473,25.9578],[87.6517,25.9578],[87.6562,25.9624],[87.6565,25.9676],[87.66,25.9604],[87.6622,25.9599],[87.6662,25.9668],[87.6828,25.9642],[87.6858,25.9618],[87.6834,25.9563],[87.6867,25.9554],[87.6912,25.9592],[87.6917,25.9645],[87.6997,25.9671],[87.7042,25.9726],[87.7091,25.9701],[87.7097,25.9591],[87.7266,25.9296],[87.7243,25.9251],[87.7187,25.9215],[87.7193,25.9174],[87.7244,25.9141],[87.7339,25.9125],[87.7292,25.9065],[87.7379,25.9005],[87.7353,25.8984],[87.7284,25.8999],[87.7271,25.8978],[87.7271,25.8894],[87.7357,25.8866],[87.7351,25.8832],[87.728,25.8841],[87.7246,25.8821],[87.7252,25.8789],[87.7344,25.8748],[87.7358,25.8721],[87.7222,25.871],[87.7203,25.8679],[87.7286,25.8659],[87.7302,25.8609],[87.7362,25.8654],[87.7386,25.8624]]]}},{"type":"Feature","properties":{"name":"Mohana","length_km":135,"stroke":"#3b82f6","stroke-width":1.6,"stroke-opacity":0.85},"geometry":{"type":"MultiLineString","coordinates":[[[80.551,28.6939],[80.5658,28.681],[80.5715,28.6819],[80.5768,28.6885],[80.5854,28.6794],[80.5937,28.6792],[80.5934,28.6739],[80.5855,28.6702],[80.5798,28.6712],[80.5783,28.6665],[80.5846,28.6584],[80.601,28.6518],[80.5978,28.6467],[80.6143,28.6463],[80.6174,28.6412],[80.6114,28.6376],[80.6112,28.6346],[80.6401,28.6359],[80.6376,28.6454],[80.6405,28.6477],[80.6436,28.6463],[80.6501,28.6339]],[[80.6501,28.6339],[80.6574,28.6315],[80.6657,28.6379],[80.6738,28.6363],[80.6755,28.6304],[80.673,28.6249],[80.6809,28.614],[80.6771,28.6107],[80.6712,28.6184],[80.6658,28.6178],[80.6624,28.6132],[80.6649,28.6096],[80.675,28.5977],[80.6857,28.6035],[80.6949,28.6029],[80.6961,28.5995],[80.6873,28.5906],[80.6864,28.5869],[80.6928,28.5853],[80.7057,28.5876],[80.7149,28.5774],[80.7238,28.5724],[80.7287,28.5633],[80.7366,28.5632],[80.7377,28.5713],[80.748,28.58],[80.7686,28.577],[80.7721,28.5672],[80.7691,28.5627],[80.7655,28.564],[80.7658,28.5697],[80.7636,28.5723],[80.7567,28.5674],[80.7568,28.5625],[80.7653,28.5588],[80.7748,28.5591],[80.7832,28.5561],[80.7894,28.5462],[80.7865,28.5257],[80.7897,28.5235],[80.796,28.5222],[80.8157,28.527],[80.8209,28.5259],[80.8394,28.5106],[80.8423,28.5033],[80.847,28.5003],[80.8471,28.4943],[80.8659,28.4985],[80.8679,28.5023],[80.8652,28.51],[80.8701,28.5077],[80.8784,28.5094],[80.8843,28.5064],[80.8916,28.5076],[80.9091,28.4982],[80.9089,28.4903],[80.9007,28.4864],[80.9,28.4829],[80.9055,28.4769],[80.9048,28.4722],[80.9071,28.4699],[80.9026,28.4649],[80.9107,28.4592],[80.9236,28.4619],[80.93,28.4578],[80.9366,28.4672],[80.9425,28.4627],[80.9369,28.4574],[80.939,28.454],[80.9491,28.4551],[80.9529,28.4526],[80.9541,28.4475],[80.9704,28.4494],[80.972,28.4478],[80.9703,28.445],[80.9639,28.4461],[80.9679,28.4353],[80.983,28.4318],[80.9876,28.4343],[80.9855,28.4476],[80.9963,28.4455],[81.0033,28.4556],[81.0128,28.4544],[81.0169,28.4514],[81.0182,28.4458],[81.0161,28.4411],[81.0094,28.4374],[81.0098,28.4286],[81.0216,28.427],[81.0237,28.4282],[81.0245,28.4357],[81.0317,28.4368],[81.0345,28.4344],[81.0353,28.4223],[81.0302,28.4157],[81.015,28.415],[81.0024,28.4006],[81.0051,28.3956],[81.0143,28.391],[81.0235,28.374],[81.0332,28.3708]],[[80.5383,28.7165],[80.537,28.7136],[80.5386,28.7108]],[[80.5559,28.7195],[80.5474,28.7183],[80.5443,28.7145],[80.5414,28.7184],[80.5383,28.7165]],[[80.5386,28.7108],[80.5424,28.7067],[80.5416,28.7004],[80.5436,28.6965],[80.551,28.6939]],[[80.5424,28.7611],[80.5496,28.7533],[80.5447,28.7512],[80.5448,28.7488],[80.5495,28.7475],[80.5526,28.7521],[80.5535,28.7468]],[[80.5535,28.7468],[80.5377,28.7376],[80.5557,28.7309],[80.5559,28.7195]],[[81.0304,28.4044],[81.0226,28.3966]]]}},{"type":"Feature","properties":{"name":"Budhi Gandaki","length_km":133,"stroke":"#3b82f6","stroke-width":1.6,"stroke-opacity":0.85},"geometry":{"type":"MultiLineString","coordinates":[[[84.6233,28.6972],[84.623,28.6969]],[[84.8064,28.5346],[84.8224,28.532]],[[84.8101,28.0336],[84.8132,28.03],[84.8127,28.0208],[84.8097,28.0168],[84.8134,28.0084],[84.8116,28.0033],[84.8019,28.0004],[84.798,28.0023],[84.7963,28.0014],[84.7976,27.9994],[84.7906,27.9981],[84.7885,27.9963],[84.7883,27.9895],[84.7835,27.9828],[84.7788,27.9816],[84.7773,27.9779],[84.7715,27.9775],[84.7751,27.9718],[84.7699,27.9678],[84.763,27.9679],[84.7573,27.9632],[84.7464,27.9607],[84.7461,27.9542],[84.7411,27.9485],[84.7394,27.9376],[84.7338,27.9327],[84.7362,27.929],[84.7321,27.9267],[84.7349,27.9161],[84.7332,27.9075],[84.7373,27.897],[84.7359,27.8918],[84.7494,27.8861],[84.7456,27.8811],[84.7526,27.8748],[84.7573,27.8602],[84.7657,27.8583],[84.7653,27.8546],[84.7682,27.8512],[84.7673,27.8441],[84.7761,27.8351],[84.7739,27.8249],[84.7829,27.8139]],[[84.6401,28.6161],[84.6401,28.6086]],[[84.9009,28.4419],[84.896,28.4297]],[[84.8834,28.2529],[84.8776,28.2427],[84.8751,28.2321]],[[84.6268,28.6535],[84.6312,28.6511],[84.6393,28.6303],[84.6414,28.595],[84.6456,28.5862],[84.6619,28.579],[84.6718,28.5786],[84.6798,28.5821],[84.6877,28.5812],[84.7187,28.5705],[84.724,28.5709],[84.7356,28.5654]],[[84.8751,28.2321],[84.8773,28.2137],[84.8754,28.2015],[84.883,28.1735],[84.8707,28.1605],[84.8648,28.1448],[84.8554,28.1356],[84.8537,28.1217],[84.8424,28.1154],[84.8428,28.1118],[84.837,28.1039],[84.8373,28.0956],[84.8325,28.091],[84.8283,28.0766],[84.821,28.0637],[84.8187,28.0485],[84.8109,28.0416],[84.8101,28.0336]],[[84.8927,28.3995],[84.8922,28.3886],[84.8943,28.385],[84.8878,28.3783],[84.8872,28.3658],[84.8927,28.3535],[84.8975,28.3513],[84.9073,28.3279],[84.9027,28.3101],[84.9085,28.2998],[84.9006,28.2912],[84.899,28.2749],[84.8908,28.266],[84.8891,28.2597],[84.8834,28.2529]],[[84.8671,28.4924],[84.8657,28.4862],[84.8678,28.4798],[84.8796,28.4651],[84.8931,28.4551],[84.9009,28.4419]],[[84.8224,28.532],[84.8387,28.5272],[84.8435,28.5184],[84.8546,28.5126],[84.8616,28.5057],[84.8665,28.4982],[84.8671,28.4924]],[[84.7864,28.5359],[84.7929,28.5331],[84.8064,28.5346]],[[84.7651,28.5477],[84.7785,28.5425],[84.7864,28.5359]],[[84.7491,28.5612],[84.7619,28.5532],[84.7651,28.5477]],[[84.7356,28.5654],[84.7423,28.5652],[84.7491,28.5612]],[[84.896,28.4297],[84.896,28.4199],[84.8925,28.4147],[84.8915,28.4071],[84.8927,28.3995]],[[84.8281,28.0759],[84.8256,28.0716]]]}},{"type":"Feature","properties":{"name":"Bagmati","length_km":129,"stroke":"#3b82f6","stroke-width":1.6,"stroke-opacity":0.85},"geometry":{"type":"MultiLineString","coordinates":[[[85.4184,27.4087],[85.4201,27.4025],[85.4273,27.4059],[85.4294,27.4104],[85.4329,27.41],[85.4326,27.4034],[85.439,27.4037],[85.4449,27.4005],[85.4478,27.3879],[85.4577,27.3951],[85.4631,27.3868],[85.4691,27.389],[85.4736,27.3774],[85.478,27.3778],[85.4788,27.3756],[85.4717,27.372]],[[85.4717,27.372],[85.4723,27.3702]],[[85.4893,27.1546],[85.4908,27.1466],[85.4783,27.1323],[85.4674,27.111],[85.4516,27.0966],[85.4423,27.0806],[85.4318,27.0745],[85.4268,27.0575],[85.4207,27.053],[85.4169,27.0462],[85.4133,27.0271],[85.4071,27.0236],[85.4004,27.0245],[85.3938,27.0111],[85.3885,27.0094],[85.3882,26.9971],[85.3922,26.9908],[85.3899,26.9804],[85.3964,26.9722],[85.3942,26.9647],[85.3961,26.9557],[85.3894,26.95],[85.3877,26.9437],[85.3929,26.9312],[85.387,26.9179],[85.3894,26.909],[85.3748,26.9027],[85.3684,26.8968],[85.3567,26.8929],[85.3563,26.8806],[85.3507,26.8721],[85.3503,26.8626],[85.3456,26.8569],[85.3422,26.8463],[85.3497,26.8326],[85.3461,26.8281],[85.3376,26.8324],[85.3319,26.8292],[85.3282,26.8193],[85.3303,26.812],[85.3289,26.8036],[85.3252,26.7948],[85.3192,26.7908],[85.3235,26.7864],[85.326,26.7732],[85.3219,26.7641],[85.3263,26.7588],[85.334,26.7555],[85.3394,26.7416]],[[85.4956,27.1737],[85.502,27.1749],[85.5029,27.1717],[85.5,27.1671],[85.5032,27.1663],[85.5041,27.1631],[85.4934,27.1627],[85.4893,27.1546]],[[85.3332,27.434],[85.3355,27.4319],[85.3412,27.4325],[85.3466,27.4285],[85.3503,27.4312],[85.3688,27.4242],[85.3714,27.4193],[85.3833,27.414],[85.3848,27.4079],[85.3951,27.4114],[85.3981,27.4043],[85.4041,27.4058],[85.4063,27.403],[85.4095,27.4067],[85.4136,27.4047],[85.4151,27.4078],[85.4184,27.4087]],[[85.4628,27.2844],[85.4672,27.2753],[85.4754,27.2694],[85.4749,27.2662],[85.4838,27.2589],[85.4895,27.2485],[85.4874,27.2429],[85.4895,27.2393],[85.4861,27.2299],[85.4876,27.2206],[85.5003,27.2214],[85.5041,27.2167],[85.5017,27.208],[85.5092,27.1977],[85.4999,27.1954],[85.4891,27.1982],[85.4868,27.1933],[85.4924,27.1879],[85.4917,27.186],[85.4856,27.1831],[85.4824,27.184],[85.4803,27.1813],[85.482,27.1767],[85.4869,27.1768],[85.4901,27.1712],[85.4956,27.1737]],[[85.4351,27.3422],[85.4321,27.3337],[85.4161,27.331],[85.418,27.3211],[85.4231,27.3171],[85.4211,27.3082],[85.4304,27.3022],[85.4325,27.2949]],[[85.4238,27.784],[85.424,27.7808]],[[85.3473,27.6995],[85.3471,27.6994]],[[85.4723,27.3702],[85.4725,27.3664],[85.4686,27.3601],[85.4623,27.3548],[85.4481,27.3517],[85.4351,27.3422]],[[85.4309,27.2905],[85.4416,27.2838],[85.4628,27.2844]],[[85.4325,27.2948],[85.4309,27.2905]],[[85.4325,27.2949],[85.4325,27.2948]]]}},{"type":"Feature","properties":{"name":"Dudh Koshi","length_km":128,"stroke":"#3b82f6","stroke-width":1.6,"stroke-opacity":0.85},"geometry":{"type":"MultiLineString","coordinates":[[[86.7179,27.9112],[86.7243,27.9021],[86.7225,27.8955],[86.7259,27.8841],[86.7324,27.8785],[86.7389,27.8609],[86.7384,27.8564],[86.7447,27.8509],[86.7427,27.8433],[86.7466,27.836]],[[86.7083,27.9306],[86.71,27.9216],[86.7179,27.9112]],[[86.7191,27.7895],[86.723,27.7791]],[[86.7219,27.7656],[86.7106,27.758],[86.7135,27.7442],[86.7097,27.7384],[86.7128,27.7309],[86.7108,27.7284],[86.7129,27.7202],[86.7103,27.7099],[86.7122,27.7049],[86.71,27.6989],[86.7123,27.6946],[86.7105,27.6876],[86.7156,27.6785],[86.7051,27.6613],[86.6972,27.6279]],[[86.7466,27.836],[86.7458,27.8297],[86.7377,27.8223],[86.7355,27.8111],[86.7283,27.8057],[86.7191,27.7895]],[[86.6972,27.6279],[86.6949,27.6154],[86.6885,27.6054],[86.6787,27.5964],[86.674,27.577],[86.6769,27.5671],[86.6999,27.5592],[86.7119,27.5461],[86.712,27.5347],[86.6942,27.5087],[86.692,27.4917],[86.7105,27.485],[86.7222,27.4749],[86.7258,27.4516],[86.7167,27.441],[86.7031,27.4375],[86.6971,27.4316],[86.6826,27.4091],[86.6805,27.3974],[86.6827,27.39],[86.6805,27.386],[86.6834,27.3798],[86.6789,27.366],[86.6789,27.3528]],[[86.6789,27.3528],[86.6799,27.3466],[86.6779,27.3432],[86.6831,27.3318],[86.6815,27.3211],[86.6825,27.3155],[86.6856,27.313],[86.683,27.3076],[86.6769,27.3028],[86.6766,27.2984],[86.6719,27.2999],[86.6668,27.2975],[86.6678,27.2929],[86.6719,27.2911],[86.6728,27.2879],[86.6689,27.2845],[86.6696,27.2801],[86.6666,27.2769],[86.6707,27.2725],[86.6685,27.2692],[86.6609,27.269],[86.6559,27.2624],[86.6495,27.2641],[86.6452,27.2593],[86.634,27.2564],[86.6299,27.2478],[86.6211,27.246],[86.6198,27.2365],[86.6173,27.2345],[86.6109,27.2372],[86.6065,27.233],[86.5975,27.2346],[86.5883,27.2238],[86.5826,27.2278],[86.5767,27.2241],[86.572,27.2274],[86.5611,27.2234],[86.5564,27.2268],[86.5528,27.2219],[86.556,27.2195],[86.5481,27.2194],[86.5468,27.2148],[86.538,27.2069]],[[86.538,27.2069],[86.5246,27.1925],[86.5073,27.1858],[86.4901,27.1862],[86.4828,27.1796],[86.4733,27.1765],[86.471,27.1704],[86.4657,27.167],[86.4476,27.1645],[86.4343,27.1526],[86.4342,27.1488]],[[86.7205,27.7759],[86.7219,27.7656]],[[86.723,27.7791],[86.7205,27.7759]]]}},{"type":"Feature","properties":{"name":"Seti Khola","length_km":118,"stroke":"#3b82f6","stroke-width":1.1,"stroke-opacity":0.85},"geometry":{"type":"MultiLineString","coordinates":[[[84.2739,27.9428],[84.2752,27.9372],[84.2851,27.926],[84.2956,27.919],[84.3125,27.9149],[84.318,27.9069],[84.3178,27.9036],[84.3233,27.8994],[84.3247,27.8867],[84.3274,27.8866],[84.3312,27.8821],[84.3493,27.8767],[84.3504,27.8734],[84.3591,27.8683],[84.3814,27.8696],[84.4014,27.8513],[84.4105,27.8486],[84.4131,27.8508],[84.4214,27.8433],[84.4267,27.8456],[84.4333,27.8451],[84.438,27.8342],[84.4501,27.8355],[84.4669,27.8316],[84.4652,27.8262],[84.4524,27.8211]],[[84.0703,28.1359],[84.0762,28.1284],[84.0854,28.1273]],[[81.2608,29.8315],[81.2639,29.8249],[81.2594,29.8175],[81.2602,29.8108],[81.2568,29.7935],[81.2631,29.7779],[81.2683,29.7735]],[[84.0758,28.0319],[84.0792,28.0214],[84.0875,28.0164],[84.0843,28.0104],[84.0896,27.9937],[84.0824,27.9863],[84.0819,27.9817],[84.0908,27.9786],[84.0926,27.9742],[84.0967,27.9723],[84.1027,27.9736],[84.1115,27.9703],[84.1152,27.971],[84.1158,27.9682],[84.1251,27.9649],[84.1291,27.9728],[84.1354,27.9677],[84.1459,27.9758],[84.1511,27.9727],[84.1509,27.9666],[84.157,27.9695],[84.1566,27.9734],[84.1615,27.9713],[84.1631,27.9645],[84.1703,27.9589],[84.2067,27.9563],[84.2096,27.9509],[84.218,27.9551],[84.2554,27.9514],[84.2572,27.9556],[84.2617,27.9576],[84.2652,27.9665],[84.2719,27.9692],[84.2773,27.9634],[84.2761,27.9574],[84.2783,27.9519],[84.2734,27.9477],[84.2739,27.9428]],[[80.9589,29.463],[80.9473,29.462],[80.9446,29.4595],[80.9298,29.4641],[80.9215,29.4578],[80.9119,29.4554],[80.9134,29.4529],[80.9115,29.4455]],[[84.0854,28.1273],[84.0831,28.1198],[84.0885,28.1177],[84.088,28.1117],[84.0824,28.1047],[84.0824,28.1008],[84.0786,28.1011],[84.0799,28.0935],[84.0671,28.0738],[84.0679,28.0678],[84.0638,28.0644],[84.0688,28.0599],[84.0695,28.049],[84.0777,28.0361],[84.0758,28.0319]],[[84.0212,28.4874],[84.0141,28.4715],[83.9987,28.4616],[83.9982,28.4492],[84.0014,28.4421],[83.996,28.4342],[83.9927,28.4191],[83.9825,28.4086],[83.9849,28.4028],[83.9777,28.3946],[83.9775,28.388],[83.9755,28.3878],[83.9771,28.3801],[83.9687,28.3749],[83.9701,28.3732],[83.9664,28.3631],[83.9571,28.3578],[83.9575,28.3513],[83.9602,28.348]],[[83.9602,28.348],[83.9594,28.3388]],[[83.9582,28.354],[83.9579,28.3519]]]}},{"type":"Feature","properties":{"name":"Koshi River","length_km":117,"stroke":"#3b82f6","stroke-width":1.1,"stroke-opacity":0.85},"geometry":{"type":"MultiLineString","coordinates":[[[87.089,26.7175],[87.0843,26.7085],[87.0667,26.6966],[87.0608,26.6836],[87.0409,26.6793],[87.0342,26.6709],[87.0284,26.6684],[87.0221,26.6528],[87.0121,26.6412],[87.0084,26.6223],[86.9977,26.6135]],[[86.9284,26.5276],[86.9101,26.5211],[86.9017,26.5117],[86.8897,26.5039],[86.8894,26.4919],[86.8956,26.4818],[86.9019,26.4571],[86.8801,26.4365],[86.8713,26.4364],[86.8694,26.4314],[86.8593,26.429],[86.855,26.419],[86.8503,26.4153],[86.844,26.4141],[86.8354,26.4004],[86.8255,26.3942],[86.7865,26.3756],[86.7766,26.375],[86.7746,26.3662],[86.7633,26.3637],[86.7535,26.3644],[86.7364,26.3592],[86.7051,26.3374],[86.7039,26.3282],[86.6993,26.3234],[86.6788,26.3177],[86.6729,26.3132]],[[87.0121,26.6412],[87.0091,26.6413],[86.9991,26.6314],[86.9974,26.6179],[86.9874,26.6074],[86.9876,26.6012],[86.9903,26.5987]],[[86.9892,26.5965],[86.9796,26.5964],[86.9722,26.5929],[86.9584,26.5745],[86.9412,26.5683],[86.9373,26.5638],[86.9272,26.5261]],[[87.1612,26.9102],[87.1675,26.9024],[87.1681,26.8879],[87.164,26.8763],[87.1593,26.8761],[87.1521,26.8688],[87.148,26.8442],[87.1389,26.8271],[87.1501,26.8052],[87.1223,26.7841],[87.1136,26.7676],[87.097,26.7606],[87.094,26.7494],[87.0982,26.7278],[87.0958,26.7216],[87.089,26.7175]],[[87.1223,26.7841],[87.1078,26.7811],[87.0993,26.7711],[87.097,26.7606]],[[86.9977,26.6135],[86.9939,26.603],[86.9717,26.5776],[86.9641,26.5601],[86.9547,26.5515],[86.9328,26.5419],[86.9284,26.5276]]]}},{"type":"Feature","properties":{"name":"Trisuli","length_km":111,"stroke":"#3b82f6","stroke-width":1.1,"stroke-opacity":0.85},"geometry":{"type":"MultiLineString","coordinates":[[[84.5592,27.8578],[84.5554,27.8363],[84.5463,27.8318],[84.5395,27.8337],[84.5217,27.8324],[84.5202,27.8211],[84.517,27.8163],[84.4658,27.8245],[84.4648,27.8188],[84.4454,27.8232],[84.4406,27.8167],[84.4338,27.8144],[84.4299,27.7928],[84.433,27.7847],[84.4396,27.7782],[84.4494,27.7784],[84.4613,27.7735],[84.4697,27.763],[84.4724,27.7531],[84.4669,27.7523],[84.4583,27.7591],[84.4524,27.7597],[84.4485,27.7582],[84.4383,27.7434],[84.422,27.7413]],[[85.0945,27.8602],[85.0894,27.8603],[85.0864,27.8563],[85.0724,27.8531],[85.0604,27.8601],[85.0515,27.8531],[85.0431,27.8566],[85.0311,27.8537],[85.0288,27.8484],[85.0194,27.8431],[85.0233,27.8347],[85.0179,27.8276],[85.017,27.8197],[85.0124,27.8129],[85.0144,27.8079]],[[85.0144,27.8079],[85.002,27.8023],[84.9911,27.8032],[84.9883,27.8055]],[[84.9883,27.8055],[84.9732,27.802],[84.9693,27.8068],[84.9691,27.8112],[84.9663,27.8107],[84.9634,27.8156],[84.9586,27.818],[84.9478,27.8162],[84.94,27.8051],[84.9238,27.7975],[84.9147,27.8018],[84.9131,27.8051],[84.9072,27.8041],[84.9064,27.8078],[84.9002,27.8059],[84.8878,27.8095],[84.8736,27.8078],[84.8715,27.8069],[84.8722,27.8033],[84.8653,27.8015],[84.861,27.8065],[84.8499,27.8087],[84.8485,27.8048],[84.8414,27.8018],[84.8381,27.8039],[84.8348,27.8146],[84.8283,27.8191],[84.8234,27.8176],[84.8208,27.8077],[84.8087,27.8177],[84.7922,27.8127],[84.7875,27.8147],[84.7815,27.8135],[84.7738,27.8086],[84.7686,27.812],[84.7689,27.8159],[84.7637,27.8186],[84.7574,27.8147],[84.7564,27.809],[84.7535,27.8065],[84.7388,27.8042],[84.7373,27.7994],[84.7299,27.7958],[84.7274,27.8002],[84.7194,27.8035],[84.7106,27.8008],[84.7064,27.8073],[84.6853,27.8105],[84.6675,27.8188],[84.6663,27.8248],[84.6612,27.8291],[84.6641,27.8403],[84.6599,27.8501],[84.6477,27.8532],[84.6497,27.8582],[84.6422,27.8603]],[[84.6422,27.8603],[84.6343,27.8614],[84.6332,27.869],[84.6273,27.8724],[84.6273,27.8778],[84.6241,27.88],[84.6181,27.8802],[84.614,27.8736],[84.6079,27.8716],[84.6031,27.8757],[84.5967,27.8762],[84.5913,27.8797],[84.5836,27.8758]],[[85.0708,27.8537],[85.0637,27.8574]]]}},{"type":"Feature","properties":{"name":"Madi River","length_km":106,"stroke":"#3b82f6","stroke-width":1.1,"stroke-opacity":0.85},"geometry":{"type":"MultiLineString","coordinates":[[[82.6841,28.1854],[82.688,28.182],[82.6917,28.1833],[82.7006,28.1659],[82.7026,28.1669],[82.7095,28.1631],[82.7091,28.1594],[82.7122,28.159],[82.7088,28.1551],[82.7142,28.1452],[82.7319,28.1393],[82.7346,28.1273]],[[82.7346,28.1273],[82.7423,28.12],[82.7402,28.1157],[82.7416,28.1124],[82.746,28.1136],[82.7552,28.1068],[82.7718,28.1091],[82.7814,28.1017],[82.7939,28.0849],[82.7996,28.0853],[82.8013,28.0676],[82.7967,28.065],[82.7955,28.06],[82.7897,28.0588],[82.7864,28.051],[82.788,28.0476],[82.7859,28.045],[82.7921,28.0358],[82.7863,28.0311],[82.7848,28.0255],[82.7916,28.0231],[82.7977,28.0146],[82.8069,28.0145],[82.8109,28.0035],[82.8212,28.0007],[82.8197,27.998],[82.8229,27.9953],[82.8232,27.989],[82.8281,27.9872],[82.8289,27.9903],[82.8323,27.9889],[82.8328,27.9869],[82.8278,27.9835],[82.8329,27.9806],[82.8322,27.9748],[82.8279,27.9753],[82.8291,27.9722],[82.8327,27.9704],[82.8369,27.973],[82.8417,27.9691],[82.846,27.9718],[82.8508,27.9682],[82.8649,27.9694],[82.872,27.9651],[82.8765,27.9677],[82.8792,27.962],[82.9009,27.9589],[82.8986,27.9553],[82.9043,27.9498],[82.9148,27.9507],[82.9166,27.9462],[82.9225,27.942],[82.9306,27.9429],[82.9324,27.941]],[[82.9324,27.941],[82.9318,27.9373],[82.9408,27.9338],[82.9422,27.93]],[[82.5066,28.3958],[82.5154,28.3942],[82.5142,28.3881],[82.5165,28.3848],[82.5219,28.3843],[82.5259,28.3795],[82.5351,28.3853],[82.5402,28.3848],[82.5434,28.3871],[82.552,28.3781],[82.57,28.3766],[82.5774,28.3683],[82.5757,28.3591],[82.579,28.3537],[82.5903,28.355],[82.593,28.3526],[82.591,28.3476],[82.5997,28.3458],[82.6008,28.3375],[82.5991,28.3334],[82.5928,28.3261],[82.5912,28.3183],[82.5791,28.3057],[82.5832,28.3014],[82.5831,28.2907],[82.587,28.2898],[82.5862,28.2838],[82.5807,28.2795],[82.5886,28.2775],[82.5883,28.2719],[82.5937,28.2699],[82.5896,28.2627],[82.5939,28.2614],[82.6012,28.2653],[82.6054,28.2612],[82.6124,28.2612],[82.6126,28.259],[82.607,28.2573],[82.6071,28.255],[82.6117,28.2529],[82.6122,28.2493],[82.622,28.2499],[82.6206,28.2463]],[[82.6391,28.2306],[82.6453,28.2237],[82.6426,28.2208],[82.6432,28.2167],[82.6534,28.2098],[82.6588,28.2118],[82.6696,28.2035],[82.6749,28.2036],[82.6745,28.1966],[82.6818,28.1929],[82.6814,28.1871],[82.6841,28.1854]],[[82.6206,28.2463],[82.6213,28.2433],[82.6269,28.2449],[82.6317,28.2393]],[[82.6317,28.2393],[82.6303,28.2366],[82.6329,28.2346],[82.6369,28.237],[82.6419,28.2358],[82.6391,28.2306]]]}},{"type":"Feature","properties":{"name":"Likhu Khola","length_km":105,"stroke":"#3b82f6","stroke-width":1.1,"stroke-opacity":0.85},"geometry":{"type":"MultiLineString","coordinates":[[[85.4134,27.8544],[85.381,27.8617],[85.3671,27.8594],[85.3623,27.8634],[85.35,27.8603],[85.3269,27.8618],[85.317,27.8593],[85.3047,27.8654],[85.2954,27.8628],[85.2753,27.8723],[85.268,27.8797],[85.256,27.8852],[85.2476,27.893]],[[86.5193,27.7407],[86.5139,27.733],[86.4924,27.7254],[86.4882,27.712],[86.48,27.7051],[86.4791,27.6891],[86.4712,27.6805],[86.4551,27.6702],[86.4541,27.6506],[86.4426,27.6384],[86.4343,27.6102],[86.4305,27.604],[86.4194,27.5975],[86.4177,27.5905],[86.4139,27.5874],[86.3987,27.5835],[86.3873,27.5723],[86.3809,27.5715],[86.3759,27.5679],[86.3686,27.5566],[86.3694,27.5492],[86.3646,27.5467],[86.3575,27.5381],[86.3578,27.53],[86.3557,27.5263]],[[85.2672,27.8802],[85.2617,27.8816]],[[85.2329,27.8955],[85.2184,27.8972]],[[85.2476,27.893],[85.2355,27.8923],[85.2329,27.8955]],[[86.3557,27.5263],[86.3382,27.5201],[86.3333,27.5111],[86.3261,27.5052],[86.3248,27.5006],[86.3189,27.499],[86.3046,27.4825],[86.2954,27.4796],[86.2913,27.4701],[86.2646,27.4572],[86.2546,27.4414],[86.2566,27.4376],[86.251,27.4321],[86.2523,27.4292],[86.2483,27.4254],[86.2473,27.4196],[86.2411,27.4182],[86.2345,27.4074],[86.2363,27.4043],[86.2276,27.3982],[86.226,27.3846],[86.2219,27.3818],[86.2248,27.3714],[86.2195,27.3626],[86.2217,27.3592],[86.2169,27.353],[86.218,27.3375],[86.2162,27.333],[86.2173,27.3287],[86.2222,27.3268],[86.2186,27.3233],[86.2289,27.3197],[86.229,27.3149],[86.234,27.3072],[86.2373,27.3058],[86.2353,27.2963],[86.241,27.2892],[86.2329,27.2852],[86.2271,27.2779],[86.2234,27.2771],[86.2227,27.2738],[86.2139,27.2687],[86.2114,27.2618],[86.2043,27.2542],[86.2043,27.2504]],[[86.2286,27.3168],[86.2296,27.3148]]]}},{"type":"Feature","properties":{"name":"Tamor Nadi","length_km":104,"stroke":"#3b82f6","stroke-width":1.1,"stroke-opacity":0.85},"geometry":{"type":"MultiLineString","coordinates":[[[87.6958,27.2914],[87.6883,27.288],[87.6864,27.283],[87.6817,27.2798],[87.6798,27.273],[87.682,27.2661],[87.6902,27.2594],[87.7037,27.2541],[87.7144,27.2443],[87.723,27.2419],[87.7273,27.236],[87.733,27.2347],[87.7381,27.2287],[87.7445,27.2257],[87.7505,27.2192],[87.751,27.2078],[87.7439,27.199],[87.7184,27.1882],[87.711,27.1726],[87.7111,27.1566],[87.7051,27.1501],[87.6945,27.1468],[87.6924,27.1437],[87.6759,27.1428],[87.6624,27.133],[87.6554,27.1311],[87.6458,27.1328],[87.6453,27.1274],[87.6366,27.1234],[87.6341,27.1185],[87.6287,27.1181],[87.6236,27.1137],[87.6121,27.1125],[87.6093,27.1084],[87.6037,27.1082],[87.5887,27.0994],[87.5631,27.0624],[87.5418,27.0507],[87.5369,27.0457],[87.5331,27.0346],[87.5401,27.0328],[87.5422,27.0229],[87.5373,27.019],[87.5362,27.0142],[87.5187,27.0014],[87.5123,26.9917],[87.5002,26.9843],[87.4897,26.9858],[87.4849,26.984],[87.4829,26.9803],[87.4869,26.9783],[87.4837,26.976],[87.4695,26.9768],[87.4643,26.9741],[87.4638,26.9683],[87.4577,26.9691],[87.4506,26.9741],[87.4407,26.9726],[87.4338,26.9677],[87.4301,26.9585],[87.4176,26.9576],[87.4152,26.9552],[87.4029,26.9566],[87.3966,26.9548],[87.3842,26.9446],[87.3728,26.9429],[87.3676,26.9445],[87.3631,26.9399],[87.3568,26.94],[87.3526,26.935],[87.3337,26.9355],[87.3321,26.9309],[87.321,26.928],[87.3124,26.9306],[87.3069,26.9276],[87.3098,26.9228],[87.3044,26.9192],[87.292,26.9274],[87.2881,26.9186],[87.2833,26.9173],[87.2712,26.9217],[87.2632,26.9214],[87.2584,26.9271],[87.2555,26.9247],[87.257,26.9217],[87.247,26.9184],[87.2407,26.9236],[87.2349,26.9249],[87.232,26.9198],[87.2247,26.9176],[87.2283,26.9134],[87.2271,26.9105],[87.2239,26.9115],[87.2092,26.9061],[87.1969,26.9113],[87.1936,26.9089],[87.1893,26.9105],[87.1859,26.9121],[87.1866,26.9155],[87.181,26.9187],[87.1643,26.9237],[87.1647,26.9206],[87.1615,26.9162],[87.1627,26.9092]]]}},{"type":"Feature","properties":{"name":"Kankai","length_km":104,"stroke":"#3b82f6","stroke-width":1.1,"stroke-opacity":0.85},"geometry":{"type":"MultiLineString","coordinates":[[[87.8621,26.638],[87.8576,26.6307],[87.859,26.626],[87.8559,26.6209],[87.8546,26.6013],[87.851,26.5979],[87.8506,26.5889],[87.8471,26.5839],[87.8482,26.5785],[87.8399,26.5496],[87.8417,26.5427],[87.8282,26.5267],[87.8261,26.5188],[87.8235,26.4948],[87.8273,26.4868],[87.8166,26.4735],[87.8116,26.4632],[87.7873,26.4436],[87.7802,26.4191],[87.7763,26.4178],[87.7686,26.4217],[87.7597,26.4206],[87.7569,26.4135],[87.7644,26.4033],[87.7595,26.4002],[87.7463,26.3728],[87.7453,26.3616],[87.7375,26.3574],[87.7384,26.3287],[87.7374,26.3261],[87.7333,26.3252],[87.7306,26.3179],[87.7411,26.3113],[87.7666,26.3013],[87.7626,26.2961],[87.751,26.294],[87.7491,26.2914],[87.7567,26.277],[87.7566,26.2698],[87.7415,26.2541],[87.7413,26.2374],[87.7333,26.2282],[87.7354,26.2212],[87.7339,26.2151],[87.7249,26.2125],[87.7132,26.2158],[87.707,26.2142],[87.7072,26.1869],[87.7035,26.1807],[87.6916,26.1766],[87.6893,26.1732],[87.6902,26.1661],[87.6948,26.1621],[87.6995,26.1623],[87.7061,26.1671],[87.7106,26.1633],[87.6986,26.1508],[87.6858,26.1268],[87.6878,26.1159],[87.6977,26.1082],[87.7006,26.1026],[87.6964,26.0864],[87.6971,26.0774],[87.7007,26.076],[87.7051,26.0789],[87.7064,26.0829],[87.7038,26.0932],[87.7172,26.0982],[87.7228,26.0924],[87.723,26.0866],[87.7122,26.0806],[87.7199,26.0724],[87.7218,26.0614],[87.7413,26.0579],[87.7504,26.0593],[87.7539,26.0563],[87.7531,26.0399],[87.7483,26.0366],[87.7544,26.0153],[87.7456,25.9904],[87.7458,25.9829]]]}},{"type":"Feature","properties":{"name":"अरुण नदी","length_km":100,"stroke":"#3b82f6","stroke-width":1.1,"stroke-opacity":0.85},"geometry":{"type":"MultiLineString","coordinates":[[[87.2297,27.528],[87.2276,27.5244],[87.2174,27.5248],[87.2083,27.5186],[87.1966,27.5172],[87.1927,27.5121],[87.1948,27.5018],[87.1929,27.4957],[87.1867,27.4897],[87.1638,27.4834],[87.1442,27.4655],[87.1501,27.4581],[87.1484,27.4536],[87.1407,27.4513],[87.1339,27.437],[87.128,27.4352],[87.1239,27.4274],[87.1266,27.4217],[87.1252,27.4179],[87.13,27.4094],[87.125,27.4017],[87.1281,27.4006],[87.13,27.3958],[87.1437,27.3929],[87.1547,27.381],[87.1693,27.3761],[87.1757,27.3659],[87.1921,27.3521],[87.191,27.3451],[87.1846,27.3385],[87.1912,27.3284],[87.1823,27.3156],[87.2014,27.3004],[87.1995,27.2932],[87.2067,27.2804],[87.2038,27.2738],[87.2098,27.2682],[87.208,27.2649],[87.2021,27.2673],[87.1968,27.2642],[87.2044,27.2583],[87.206,27.2529],[87.2027,27.2506],[87.2029,27.2456],[87.2127,27.2393],[87.2173,27.2331],[87.2267,27.2302],[87.23,27.2204],[87.2376,27.2175],[87.238,27.2114],[87.2464,27.1987],[87.2471,27.191],[87.2573,27.1843],[87.2594,27.1779],[87.2706,27.1774],[87.2751,27.1612],[87.275,27.1558],[87.2697,27.15],[87.2708,27.143],[87.2573,27.1307],[87.2441,27.1264],[87.2451,27.1179],[87.2367,27.1165],[87.2295,27.1088],[87.2179,27.107],[87.2026,27.0883],[87.1907,27.0848],[87.1907,27.0772],[87.1829,27.0739],[87.1787,27.051],[87.1953,27.0188],[87.198,27.0111],[87.1969,27.0004],[87.1885,26.9921],[87.1808,26.9896],[87.1781,26.9832],[87.1727,26.9829],[87.167,26.9694],[87.1599,26.9664],[87.1639,26.9599],[87.1577,26.956],[87.1615,26.9472],[87.1592,26.9433],[87.1484,26.9388],[87.1509,26.9324],[87.1576,26.9306],[87.1536,26.9248],[87.1559,26.9155]]]}},{"type":"Feature","properties":{"name":"Tila Nadi","length_km":100,"stroke":"#3b82f6","stroke-width":1.1,"stroke-opacity":0.85},"geometry":{"type":"MultiLineString","coordinates":[[[82.3621,29.2005],[82.3532,29.206],[82.3439,29.2163],[82.3318,29.2209],[82.3315,29.2272],[82.3196,29.2382],[82.3113,29.2528],[82.3042,29.2582],[82.2834,29.2624],[82.2815,29.2597],[82.2698,29.2564]],[[81.6947,29.1072],[81.6707,29.1081],[81.663,29.1112],[81.6616,29.1148],[81.6533,29.1145],[81.649,29.1176],[81.6435,29.1159],[81.6256,29.1214],[81.6131,29.1199],[81.595,29.1336],[81.5787,29.1355]],[[81.7523,29.1188],[81.743,29.1108],[81.7317,29.1075],[81.7245,29.1085],[81.716,29.1032],[81.7102,29.1062],[81.6987,29.1042],[81.6947,29.1072]],[[82.2698,29.2564],[82.2675,29.2544],[82.2567,29.2584],[82.2495,29.2563],[82.2422,29.2632],[82.2255,29.2679],[82.2164,29.2681],[82.2123,29.2726],[82.2092,29.272],[82.2067,29.2744],[82.1971,29.2691],[82.1894,29.2721],[82.1724,29.2665],[82.1661,29.2694],[82.1563,29.2648],[82.1517,29.2599],[82.1464,29.2617],[82.1374,29.2517],[82.116,29.247],[82.1086,29.2432],[82.1055,29.2389],[82.0961,29.2377],[82.0923,29.2405],[82.0891,29.2383],[82.0836,29.2395],[82.0659,29.2365],[82.0551,29.2289],[82.0393,29.2287],[82.0344,29.231],[82.0259,29.2273],[82.0219,29.2292],[82.0101,29.2258],[82.006,29.2274],[82.0014,29.2236],[81.994,29.2232],[81.9742,29.2305],[81.9571,29.2302],[81.9291,29.2084],[81.9225,29.2066],[81.9168,29.201],[81.9107,29.2005],[81.908,29.1873],[81.8837,29.1828],[81.8763,29.166],[81.8631,29.1613],[81.857,29.1632],[81.8505,29.1599],[81.8304,29.1618],[81.8239,29.1536],[81.8231,29.1423],[81.8196,29.1331],[81.8031,29.1282],[81.7929,29.1356],[81.7905,29.1415],[81.7822,29.1456],[81.7764,29.1449],[81.7736,29.1375],[81.7662,29.133],[81.7626,29.1262],[81.7523,29.1188]]]}},{"type":"Feature","properties":{"name":"Budhiganga","length_km":97,"stroke":"#3b82f6","stroke-width":1.1,"stroke-opacity":0.85},"geometry":{"type":"MultiLineString","coordinates":[[[81.4604,29.4499],[81.4514,29.4317],[81.4432,29.4277],[81.4351,29.4193],[81.4259,29.4214],[81.4242,29.4116],[81.42,29.408],[81.4007,29.4022],[81.3885,29.3915],[81.3756,29.3871],[81.3709,29.3821],[81.3586,29.3772],[81.3484,29.3631],[81.3306,29.3534],[81.3166,29.3418],[81.2992,29.3185],[81.2997,29.3153],[81.295,29.3139],[81.2955,29.3105],[81.2807,29.3093],[81.2681,29.3016],[81.2607,29.3022],[81.2457,29.2774],[81.2309,29.2695],[81.2317,29.2546],[81.2213,29.2516],[81.2129,29.2408],[81.2129,29.2284],[81.2051,29.2177],[81.2066,29.2102],[81.2032,29.2056],[81.2035,29.2012],[81.2085,29.1952],[81.2078,29.1866],[81.2133,29.1821],[81.2133,29.1755],[81.2166,29.1696],[81.2063,29.1551],[81.2078,29.1506],[81.2046,29.1463],[81.2019,29.1461],[81.1985,29.1502],[81.1962,29.1426],[81.1906,29.1434],[81.1831,29.1395],[81.1723,29.1388],[81.1631,29.1321],[81.1636,29.1288],[81.156,29.1295],[81.1525,29.1202],[81.1465,29.1184],[81.139,29.1114],[81.1309,29.11],[81.1251,29.1046],[81.1186,29.1043],[81.1154,29.1009],[81.1085,29.1028],[81.1059,29.0995]],[[81.4858,29.6272],[81.4673,29.6237],[81.464,29.62],[81.4625,29.6074],[81.466,29.6023],[81.4646,29.5926],[81.4578,29.5834],[81.4567,29.5846],[81.4553,29.5799],[81.4578,29.575],[81.4557,29.57],[81.4588,29.5645],[81.4558,29.5638],[81.4567,29.5588],[81.4534,29.5553],[81.4553,29.5528],[81.4587,29.5543],[81.461,29.5504],[81.4609,29.5436],[81.4528,29.5379],[81.4534,29.5302],[81.4602,29.5231],[81.4519,29.5157],[81.4531,29.5127],[81.4438,29.5075],[81.443,29.4976],[81.4452,29.4928],[81.4424,29.4877],[81.4391,29.4885],[81.4387,29.4837],[81.4355,29.4826],[81.438,29.4801],[81.4364,29.4754],[81.4392,29.4719],[81.439,29.4674],[81.4533,29.4611],[81.4559,29.4524],[81.4604,29.4499]]]}},{"type":"Feature","properties":{"name":"Bari Gad","length_km":92,"stroke":"#3b82f6","stroke-width":1.1,"stroke-opacity":0.85},"geometry":{"type":"MultiLineString","coordinates":[[[82.9346,28.4435],[82.9454,28.4375],[82.9489,28.4313],[82.948,28.4284],[82.9599,28.4294],[82.9657,28.4271],[82.9685,28.4224],[82.983,28.4213],[82.9869,28.4159],[82.9919,28.4154],[82.995,28.4105],[83.0034,28.4077],[83.0147,28.3981],[83.0195,28.3985],[83.035,28.3904],[83.0409,28.3829],[83.0612,28.377],[83.0652,28.37],[83.0785,28.3619],[83.0904,28.3591],[83.1192,28.3328],[83.1289,28.3309],[83.1436,28.324],[83.1521,28.3259],[83.1675,28.3148],[83.1742,28.3063],[83.1729,28.294],[83.1797,28.2849],[83.1765,28.2796],[83.1768,28.2746],[83.1846,28.2709],[83.189,28.2652],[83.2036,28.2561],[83.2053,28.2525],[83.215,28.2486],[83.2156,28.2441],[83.2263,28.2348],[83.2329,28.2266],[83.2337,28.2224],[83.2515,28.2144],[83.259,28.2004],[83.2657,28.1996],[83.2709,28.195],[83.2726,28.1853],[83.2805,28.1811],[83.2806,28.1744],[83.295,28.1593],[83.2987,28.1466],[83.3068,28.1399],[83.3086,28.1339],[83.3169,28.1278],[83.3184,28.1228],[83.322,28.1217],[83.3251,28.1157],[83.331,28.1131],[83.3317,28.1079],[83.3282,28.1036],[83.3367,28.097],[83.3332,28.0946],[83.3334,28.0908],[83.34,28.0897],[83.3464,28.076],[83.3449,28.0701],[83.3486,28.0649],[83.3565,28.0662],[83.3653,28.0584],[83.3656,28.0528],[83.369,28.0505],[83.3897,28.0462],[83.4028,28.037],[83.4108,28.0363],[83.4126,28.0334],[83.4199,28.0305],[83.4251,28.0232],[83.4357,28.0184],[83.4376,28.0119],[83.4412,28.0129],[83.4444,28.0101],[83.4496,28.0117],[83.4549,27.9993],[83.4622,27.9974],[83.4598,27.9867],[83.4681,27.9797],[83.4674,27.9745],[83.473,27.9709]]]}},{"type":"Feature","properties":{"name":"Thuli Gad","length_km":90,"stroke":"#3b82f6","stroke-width":1.1,"stroke-opacity":0.85},"geometry":{"type":"MultiLineString","coordinates":[[[80.5822,29.2869],[80.5699,29.2845],[80.5623,29.2812],[80.5616,29.2783],[80.547,29.2743],[80.5435,29.2841],[80.5411,29.2813],[80.5349,29.284],[80.5334,29.2865],[80.536,29.2894],[80.523,29.2857],[80.5142,29.3024],[80.5085,29.3045],[80.5069,29.3012],[80.4997,29.299],[80.4999,29.2965],[80.4965,29.3006],[80.4955,29.2958],[80.4865,29.2995],[80.4812,29.3023],[80.4816,29.306],[80.4762,29.307],[80.4714,29.3128],[80.4611,29.3136],[80.4501,29.3242],[80.4458,29.3235],[80.4468,29.3309]],[[80.825,28.9318],[80.8311,28.9362],[80.832,28.941],[80.8385,28.9486],[80.8369,28.9554],[80.842,28.9596],[80.8509,28.9752],[80.8559,28.9779],[80.8672,28.9686],[80.8736,28.9696],[80.8828,28.9662],[80.8853,28.9583],[80.8807,28.9457],[80.8817,28.9427],[80.8908,28.9391],[80.8925,28.9355],[80.8975,28.9353],[80.8967,28.9423],[80.9014,28.9364],[80.9048,28.941],[80.9098,28.9323],[80.9145,28.932],[80.9228,28.9401],[80.9349,28.9444],[80.9549,28.9347],[80.9663,28.9402],[80.9815,28.9395]],[[80.5801,29.0779],[80.5952,29.0739],[80.603,29.0643],[80.6075,29.0622],[80.6099,29.0634],[80.6162,29.059]],[[80.6162,29.059],[80.6317,29.0426]],[[80.6317,29.0426],[80.6342,29.0359],[80.6428,29.0288],[80.6706,29.0182],[80.6742,29.0209],[80.6785,29.0152],[80.6924,29.0151],[80.6955,29.0118],[80.7041,29.0093],[80.7176,29.0103],[80.7196,29.0077],[80.725,29.011],[80.7396,29.0104],[80.7525,29.0025],[80.7597,29.0033]],[[80.7597,29.0033],[80.7608,29.0034]],[[80.7608,29.0034],[80.7636,29.0007],[80.7596,28.9919],[80.7636,28.9873],[80.7765,28.9845],[80.7826,28.9854],[80.786,28.9807],[80.7971,28.9766],[80.8067,28.9694],[80.8038,28.9598],[80.8098,28.956],[80.8053,28.9447],[80.8098,28.9435],[80.8113,28.9383],[80.8155,28.9389],[80.8165,28.9314],[80.825,28.9318]]]}},{"type":"Feature","properties":{"name":"Jhimruk Khola","length_km":89,"stroke":"#3b82f6","stroke-width":1.1,"stroke-opacity":0.85},"geometry":{"type":"MultiLineString","coordinates":[[[82.9105,28.1477],[82.9075,28.1459],[82.9065,28.1372],[82.9013,28.1332],[82.9013,28.1283],[82.8958,28.1271]],[[82.9553,28.1423],[82.9485,28.1399],[82.9521,28.1455],[82.9441,28.1473],[82.9306,28.1391],[82.9145,28.1484],[82.9105,28.1477]],[[83.0303,28.2493],[83.026,28.2464],[83.0215,28.2331],[83.0162,28.2309],[83.014,28.2223],[83.0015,28.2152],[82.9971,28.2079],[82.9821,28.1968],[82.9782,28.1869],[82.9795,28.1803],[82.9748,28.1713],[82.974,28.1615],[82.9663,28.1457],[82.9672,28.1427],[82.9553,28.1423]],[[82.8958,28.1271],[82.8788,28.1176],[82.8705,28.1062],[82.8653,28.1044],[82.8576,28.0929],[82.82,28.0827],[82.8144,28.0725],[82.8172,28.0644],[82.8286,28.0632],[82.8252,28.0594],[82.8234,28.0509],[82.8262,28.0457],[82.834,28.0429],[82.8374,28.0388],[82.8487,28.0428],[82.8576,28.0386],[82.8624,28.0409],[82.8682,28.0398],[82.8671,28.0349],[82.8768,28.0334],[82.8821,28.0395],[82.8852,28.0317],[82.8919,28.0318],[82.8922,28.0347],[82.8957,28.0359],[82.9026,28.0262],[82.9094,28.0306],[82.9121,28.0301],[82.9168,28.023],[82.9231,28.0256],[82.9297,28.0245],[82.9299,28.0205],[82.936,28.0134],[82.9488,28.0118],[82.9455,28.0012],[82.946,27.9947],[82.9539,27.9973],[82.9529,27.9929],[82.9605,27.9919],[82.965,27.9876],[82.9674,27.9928],[82.9735,27.9918],[82.9761,27.9896],[82.9751,27.9849],[82.9853,27.982],[82.9896,27.9765],[82.9991,27.9779],[83.0017,27.97],[83.0082,27.9672],[83.0164,27.957],[83.0164,27.9516],[83.0139,27.9491],[83.0166,27.9461],[83.0127,27.9423],[83.0154,27.9371],[83.0131,27.9327],[83.0153,27.9273],[83.011,27.92],[83.0038,27.9323],[83.0028,27.9291],[82.9991,27.9321],[82.9922,27.9301],[82.9913,27.9266],[82.9881,27.9253],[82.9839,27.9301],[82.9772,27.9266],[82.9725,27.9282],[82.9686,27.9265],[82.9422,27.93]]]}},{"type":"Feature","properties":{"name":"Bhada River","length_km":86,"stroke":"#3b82f6","stroke-width":1.1,"stroke-opacity":0.85},"geometry":{"type":"MultiLineString","coordinates":[[[81.4413,28.4415],[81.4373,28.4503],[81.4302,28.4536],[81.4236,28.4511],[81.4208,28.4447],[81.4215,28.4351],[81.4185,28.4335],[81.4008,28.4384],[81.3969,28.4357],[81.3953,28.4262],[81.3664,28.4237],[81.3633,28.4183],[81.3525,28.4197],[81.3446,28.4125],[81.3357,28.4119],[81.3324,28.4041],[81.3268,28.4017],[81.3277,28.396],[81.3167,28.3881],[81.3144,28.3808],[81.3157,28.372],[81.3035,28.3738],[81.3012,28.3717],[81.3009,28.3582],[81.3073,28.3525],[81.3059,28.3423],[81.3102,28.3395],[81.3117,28.3354],[81.3066,28.3222],[81.3053,28.3045],[81.2992,28.2944],[81.2962,28.2935],[81.2939,28.286],[81.3087,28.2826],[81.3209,28.2859],[81.3243,28.2827],[81.3271,28.2719],[81.332,28.2682],[81.3603,28.2715],[81.364,28.2671],[81.3648,28.2599]],[[81.3648,28.2599],[81.3634,28.2553],[81.3667,28.2501],[81.3802,28.2458],[81.3806,28.2405],[81.3774,28.235],[81.3788,28.2229],[81.3742,28.2187],[81.3684,28.2225]],[[81.3668,28.2166],[81.3721,28.2131],[81.371,28.2025],[81.3687,28.2003],[81.3572,28.2002],[81.3571,28.195],[81.369,28.1922],[81.3629,28.1853],[81.3655,28.1768],[81.3728,28.1731],[81.3827,28.173],[81.3859,28.1691],[81.3822,28.163],[81.3768,28.1597],[81.3639,28.1607],[81.3627,28.155],[81.3671,28.1508],[81.3708,28.1508],[81.382,28.1573],[81.3881,28.149],[81.3838,28.1441],[81.3664,28.1471],[81.3601,28.1439],[81.3607,28.1415],[81.3794,28.1341],[81.3783,28.1137],[81.3836,28.1112],[81.3946,28.1107],[81.395,28.1061],[81.3884,28.1045],[81.3875,28.0996],[81.3899,28.0969],[81.3979,28.0963],[81.4007,28.0938],[81.4036,28.082],[81.4094,28.0759],[81.4023,28.0681],[81.4113,28.0591],[81.413,28.0534]],[[81.3621,28.2202],[81.3635,28.2164],[81.3668,28.2166]]]}},{"type":"Feature","properties":{"name":"Keshaliya River","length_km":83,"stroke":"#3b82f6","stroke-width":1.1,"stroke-opacity":0.85},"geometry":{"type":"MultiLineString","coordinates":[[[87.4072,26.8069],[87.4104,26.8055],[87.4112,26.7968],[87.4104,26.7863],[87.4073,26.784]],[[87.3167,26.6586],[87.3119,26.6518],[87.3119,26.6467],[87.3087,26.6469],[87.3076,26.6392]],[[87.2985,26.6142],[87.2933,26.6088],[87.2916,26.6024],[87.2883,26.6013],[87.2877,26.5947],[87.2846,26.5931],[87.2915,26.5784],[87.2868,26.5731],[87.2835,26.5597],[87.2782,26.5596],[87.2716,26.5501],[87.2655,26.5482],[87.2602,26.5408],[87.2602,26.5333],[87.2544,26.5363],[87.2557,26.5292],[87.2515,26.5278],[87.2461,26.5214],[87.2465,26.5167],[87.2511,26.512],[87.25,26.5081],[87.2524,26.5032],[87.2453,26.4911],[87.2435,26.4755],[87.2383,26.4706],[87.2454,26.464],[87.244,26.4585],[87.2467,26.4539],[87.2442,26.443],[87.2481,26.4329],[87.2445,26.4215],[87.2393,26.415],[87.2434,26.4055],[87.2443,26.3916],[87.2406,26.3801],[87.2361,26.3767],[87.2371,26.3705],[87.2395,26.369],[87.2474,26.3691],[87.2511,26.3651],[87.2592,26.3669],[87.2577,26.3599],[87.2729,26.3485],[87.2776,26.3496],[87.2788,26.343],[87.2839,26.344],[87.2908,26.3389],[87.2977,26.342],[87.3118,26.34],[87.3144,26.3311],[87.3176,26.3303],[87.3235,26.3186],[87.3279,26.3167],[87.3302,26.3058],[87.3267,26.2983],[87.3299,26.2949],[87.3294,26.2911],[87.3389,26.2873],[87.3443,26.2911],[87.3455,26.29],[87.3427,26.2863],[87.3462,26.2857],[87.3474,26.2892],[87.3472,26.284],[87.3532,26.2814]],[[87.3764,26.724],[87.3454,26.6908],[87.3378,26.6778],[87.3319,26.6742],[87.3266,26.6654],[87.3167,26.6586]],[[87.2456,26.4916],[87.2455,26.4899]],[[87.396,26.7649],[87.3764,26.724]],[[87.2988,26.6146],[87.2985,26.6142]],[[87.3076,26.6392],[87.3066,26.6352],[87.3006,26.6335],[87.302,26.6271],[87.2995,26.6225],[87.3018,26.617],[87.2988,26.6146]]]}},{"type":"Feature","properties":{"name":"Sarda Khola","length_km":82,"stroke":"#3b82f6","stroke-width":1.1,"stroke-opacity":0.85},"geometry":{"type":"MultiLineString","coordinates":[[[81.9141,28.2902],[81.9117,28.2819],[81.9188,28.2841],[81.9235,28.2795],[81.9132,28.266],[81.9045,28.263]],[[82.2901,28.4335],[82.2811,28.4264],[82.2776,28.4268],[82.27,28.4212],[82.259,28.418],[82.2486,28.4246],[82.2482,28.4281],[82.2416,28.4305],[82.2347,28.4261],[82.2314,28.4272],[82.2114,28.4222],[82.2123,28.4282],[82.2081,28.4337],[82.1889,28.4336],[82.1872,28.4298],[82.1804,28.4293],[82.1793,28.4254],[82.1793,28.4128],[82.1836,28.4076]],[[82.1499,28.2791],[82.147,28.2717],[82.1294,28.2812],[82.1242,28.2793],[82.1191,28.2728],[82.1079,28.2808],[82.0976,28.2771],[82.0909,28.282],[82.0845,28.2734],[82.0681,28.268],[82.062,28.272],[82.054,28.2824],[82.0442,28.2843],[82.0403,28.2933],[82.0281,28.2941],[82.0265,28.3001],[82.0209,28.3042],[82.0099,28.3065],[82.0043,28.3048],[82.0021,28.3084],[81.9949,28.3101],[81.9907,28.3138],[81.994,28.3178],[81.9915,28.3209],[81.9718,28.3239],[81.9585,28.3177],[81.9507,28.3111],[81.9513,28.3091],[81.9234,28.3044],[81.9141,28.2902]],[[82.3171,28.4592],[82.3079,28.4625],[82.3025,28.4577],[82.2986,28.4609],[82.2968,28.4557],[82.285,28.4474],[82.2874,28.4434]],[[82.3219,28.4627],[82.3191,28.4617],[82.3184,28.4582]],[[82.2422,28.308],[82.2518,28.3036],[82.2569,28.2945],[82.2409,28.2859],[82.231,28.2857],[82.2157,28.2898],[82.2063,28.2867],[82.1934,28.2895]],[[82.1862,28.2821],[82.1801,28.2795],[82.1752,28.2846],[82.1717,28.2787],[82.165,28.2839],[82.1597,28.282],[82.1557,28.2767],[82.1499,28.2791]],[[82.1934,28.2895],[82.1864,28.2879],[82.1862,28.2821]],[[82.3184,28.4582],[82.3171,28.4592]],[[82.2874,28.4434],[82.2867,28.4391],[82.2901,28.4335]]]}},{"type":"Feature","properties":{"name":"Madi Khola","length_km":80,"stroke":"#3b82f6","stroke-width":1.1,"stroke-opacity":0.85},"geometry":{"type":"MultiLineString","coordinates":[[[84.0886,28.3191],[84.0917,28.3073],[84.089,28.3017],[84.0921,28.2877],[84.0854,28.2768],[84.0817,28.2768],[84.0811,28.27],[84.0836,28.2665],[84.076,28.255],[84.0764,28.2505],[84.0796,28.2485],[84.0792,28.2427],[84.09,28.2267],[84.1066,28.2223],[84.1154,28.2167],[84.1261,28.2184],[84.128,28.2155],[84.1388,28.2143],[84.1417,28.2116],[84.1463,28.2132],[84.1492,28.2106],[84.155,28.2115]],[[84.2371,28.0699],[84.24,28.0654],[84.231,28.0563],[84.2314,28.0451],[84.2405,28.0339],[84.2516,28.0302],[84.2599,28.023],[84.256,28.0168],[84.246,28.0139],[84.2479,28.0085],[84.2451,28.003],[84.2472,27.9969],[84.2509,27.9963],[84.2508,27.9918],[84.2555,27.9903],[84.2561,27.9864],[84.2611,27.9845],[84.2615,27.976]],[[84.2615,27.976],[84.2613,27.9728],[84.2684,27.9685]],[[84.155,28.2115],[84.1595,28.2084],[84.1742,28.2108],[84.1773,28.2043],[84.1895,28.2052],[84.1935,28.2011],[84.1907,28.1944]],[[84.1983,28.189],[84.2063,28.1889],[84.209,28.1836],[84.2177,28.1819],[84.2132,28.1734],[84.2193,28.1657],[84.2187,28.1591],[84.2223,28.1532],[84.22,28.1507],[84.2218,28.1482]],[[84.2555,27.9903],[84.2607,27.986]],[[84.2512,27.9962],[84.2536,27.991]],[[84.1168,28.4358],[84.1133,28.4183],[84.1182,28.4119],[84.1203,28.3964],[84.1155,28.3803],[84.1197,28.3745],[84.1204,28.3683],[84.1238,28.3656],[84.1228,28.3586],[84.1182,28.3479],[84.102,28.3336],[84.0939,28.3318],[84.0877,28.3235],[84.0886,28.3191]],[[84.2214,28.152],[84.2209,28.149]],[[84.2218,28.1482],[84.2279,28.1427],[84.2278,28.1371],[84.2204,28.1341],[84.2169,28.1275],[84.2189,28.1225],[84.2239,28.1188],[84.225,28.1099],[84.2297,28.105],[84.226,28.0946],[84.231,28.0896],[84.2307,28.0797],[84.2371,28.0699]],[[84.1907,28.1944],[84.194,28.1922],[84.1937,28.1888],[84.1983,28.189]],[[84.2215,28.1516],[84.2216,28.1484]]]}},{"type":"Feature","properties":{"name":"Seti River","length_km":79,"stroke":"#3b82f6","stroke-width":1.1,"stroke-opacity":0.85},"geometry":{"type":"MultiLineString","coordinates":[[[84.0851,28.0092],[84.0864,28.0063]],[[84.2619,27.9608],[84.263,27.9632]],[[84.2073,27.9561],[84.2077,27.955]],[[84.0968,27.9725],[84.0993,27.9734]],[[81.2683,29.7735],[81.2683,29.7718],[81.2797,29.7712],[81.2849,29.7656],[81.2844,29.7618],[81.2936,29.7565],[81.2994,29.7494],[81.3008,29.734],[81.3066,29.7341],[81.3154,29.7239],[81.3113,29.7225],[81.3108,29.7192],[81.315,29.7125],[81.3123,29.7092],[81.3162,29.707],[81.3115,29.7047],[81.313,29.6987],[81.315,29.6976],[81.3205,29.7001],[81.3193,29.6942],[81.3261,29.6954],[81.3278,29.6941],[81.3236,29.6901],[81.332,29.6861],[81.3327,29.6824],[81.3207,29.6767],[81.3147,29.6702],[81.3155,29.6663],[81.3115,29.6607],[81.3127,29.656],[81.3086,29.6506],[81.3032,29.6305],[81.3052,29.6232],[81.301,29.6106],[81.2912,29.606],[81.2835,29.6064],[81.2802,29.6088],[81.2784,29.6063],[81.2726,29.6076],[81.27,29.6033],[81.2667,29.607],[81.2635,29.6029],[81.2453,29.5993],[81.2399,29.5911],[81.2403,29.5857],[81.2338,29.5817],[81.2287,29.5729],[81.2203,29.568],[81.2199,29.56],[81.2068,29.5554],[81.2025,29.5567],[81.2004,29.5533],[81.2027,29.5505],[81.1951,29.5481],[81.1963,29.5399],[81.1911,29.5389],[81.1893,29.5354],[81.1826,29.5338],[81.1753,29.5361],[81.1709,29.5344],[81.1549,29.5167],[81.1481,29.513],[81.1462,29.5071],[81.1384,29.5017],[81.1314,29.5038],[81.1248,29.5017],[81.1213,29.5049],[81.1175,29.5015],[81.1016,29.4999],[81.0925,29.4959],[81.084,29.4981],[81.0728,29.4916],[81.0672,29.4949],[81.0617,29.4903],[81.0558,29.4905],[81.0556,29.4863],[81.0457,29.4798],[81.037,29.4805],[81.0275,29.4778],[81.0135,29.4819],[81.0058,29.4714],[80.9881,29.4672],[80.9837,29.4622],[80.9751,29.4667],[80.9589,29.463]],[[84.0865,28.0165],[84.0866,28.0135]],[[83.991,28.2088],[83.9906,28.2079]],[[84.0851,27.9807],[84.0872,27.9805],[84.0863,27.9792]],[[84.1195,27.9669],[84.122,27.9665]],[[84.1349,27.9678],[84.1365,27.9686]],[[84.1838,27.959],[84.1883,27.9588]],[[84.2631,27.9636],[84.2646,27.9653]]]}},{"type":"Feature","properties":{"name":"Banganga","length_km":78,"stroke":"#3b82f6","stroke-width":1.1,"stroke-opacity":0.85},"geometry":{"type":"MultiLineString","coordinates":[[[83.1157,27.6703],[83.1114,27.662],[83.0994,27.6596],[83.0997,27.6531],[83.0959,27.6461],[83.0903,27.6491],[83.0867,27.6473],[83.0874,27.6334],[83.0801,27.6258],[83.0733,27.6256],[83.0785,27.6131],[83.0759,27.6072],[83.0672,27.6085],[83.0685,27.5903],[83.0653,27.5883],[83.0533,27.5891],[83.0488,27.5847],[83.0504,27.5771],[83.0345,27.5744],[83.0276,27.5701],[83.021,27.5713],[83.0118,27.555]],[[83.1948,27.7266],[83.1883,27.7216],[83.1773,27.7035],[83.1542,27.6831],[83.1412,27.6755],[83.1328,27.6763],[83.1157,27.6703]],[[82.9757,27.5859],[82.9689,27.5859],[82.9719,27.5788],[82.9822,27.5797],[82.9895,27.5731],[82.9878,27.5617],[82.9927,27.5616],[82.9934,27.5592],[82.9899,27.5473]],[[82.9899,27.5473],[82.9853,27.5411],[82.9845,27.5356],[82.9867,27.5314],[82.9972,27.5243],[82.9836,27.5095],[82.9713,27.5083],[82.9705,27.5046],[82.976,27.5018],[82.9754,27.4973],[82.97,27.4897],[82.9613,27.4841],[82.9593,27.4637],[82.9499,27.4619],[82.9535,27.4536],[82.9477,27.4407],[82.9346,27.4362],[82.927,27.4385],[82.9253,27.4374],[82.9293,27.4297],[82.9258,27.4255],[82.9044,27.4183],[82.901,27.4117],[82.9031,27.4092],[82.9148,27.4083],[82.9112,27.3898],[82.8984,27.3859],[82.8928,27.3765],[82.894,27.3656],[82.9001,27.366],[82.9018,27.3599],[82.899,27.3566],[82.8899,27.3577],[82.8782,27.3521],[82.8755,27.3482],[82.8703,27.3465],[82.8746,27.3414]]]}},{"type":"Feature","properties":{"name":"Babai Khola","length_km":78,"stroke":"#3b82f6","stroke-width":1.1,"stroke-opacity":0.85},"geometry":{"type":"MultiLineString","coordinates":[[[81.9372,28.2603],[81.9255,28.2563],[81.918,28.2571],[81.9141,28.2531],[81.9089,28.2531],[81.9091,28.2589],[81.9067,28.2618],[81.8984,28.2642],[81.8949,28.2704],[81.8824,28.2728],[81.8838,28.281],[81.8785,28.282],[81.8741,28.2788],[81.8665,28.28],[81.8632,28.2895],[81.8557,28.2933],[81.8567,28.3],[81.8524,28.2988],[81.8533,28.2941],[81.8444,28.2927],[81.8401,28.2966],[81.8397,28.304],[81.8312,28.3088],[81.8228,28.2975],[81.8189,28.2971],[81.8169,28.3019],[81.8196,28.309],[81.8151,28.3112],[81.8048,28.3081],[81.8026,28.3094],[81.8021,28.3204],[81.7917,28.3216],[81.7816,28.3299],[81.7779,28.3374],[81.7641,28.3411],[81.7518,28.339],[81.7409,28.3416],[81.7364,28.3451],[81.7384,28.3491],[81.7369,28.3508],[81.7287,28.346],[81.7188,28.3552],[81.6997,28.3615],[81.6991,28.3659],[81.6925,28.3676],[81.6869,28.3671],[81.6765,28.3591],[81.6691,28.3689],[81.6594,28.3696],[81.6599,28.3755],[81.6488,28.3734],[81.6464,28.375],[81.6364,28.3923],[81.6257,28.4001],[81.6219,28.4016],[81.6121,28.3989],[81.599,28.3989],[81.59,28.4093],[81.5762,28.4147],[81.575,28.4196],[81.5698,28.4227],[81.556,28.4244],[81.5505,28.4279],[81.5452,28.4264],[81.5378,28.4317],[81.5322,28.4286],[81.5263,28.4329],[81.5254,28.4309],[81.514,28.4285],[81.5043,28.4306],[81.4903,28.4299],[81.4863,28.4315],[81.4812,28.4419],[81.4733,28.4396],[81.4638,28.4419],[81.4531,28.4409],[81.4463,28.4364],[81.4413,28.4415]],[[81.9609,28.2225],[81.962,28.2301],[81.9519,28.2377],[81.952,28.2432],[81.9454,28.255],[81.9409,28.2602],[81.932,28.2589]]]}},{"type":"Feature","properties":{"name":"Tali Gad","length_km":78,"stroke":"#3b82f6","stroke-width":1.1,"stroke-opacity":0.85},"geometry":{"type":"MultiLineString","coordinates":[[[82.3931,29.4655],[82.3636,29.4614],[82.3382,29.4411],[82.33,29.4373],[82.3258,29.4299],[82.3145,29.4204],[82.3108,29.4091],[82.307,29.4058],[82.2953,29.4035],[82.2886,29.3927],[82.2789,29.383],[82.2596,29.376],[82.2347,29.38],[82.2226,29.3851],[82.2106,29.3817],[82.1912,29.3927],[82.177,29.3869],[82.156,29.3907],[82.1292,29.4042],[82.1002,29.4259],[82.0939,29.426],[82.0836,29.4199],[82.0737,29.4221],[82.0591,29.4194],[82.0522,29.4221],[82.0485,29.4182],[82.0414,29.4179],[82.0279,29.4101],[82.0215,29.4119],[82.0194,29.4085],[82.0157,29.4087],[81.9967,29.396],[81.9841,29.3907],[81.9826,29.3857],[81.9776,29.3818],[81.9769,29.3717],[81.9732,29.3683],[81.9687,29.368],[81.9709,29.36],[81.9768,29.3561],[81.974,29.3461],[81.9821,29.333],[81.981,29.3254],[81.9842,29.3245],[81.9828,29.31],[81.9805,29.3072],[81.9847,29.3011],[81.9839,29.2954],[81.9793,29.2858],[81.9665,29.2788],[81.9628,29.2729],[81.9557,29.2709],[81.9507,29.2647],[81.9502,29.2531],[81.9371,29.2359],[81.9118,29.2153],[81.9088,29.2072],[81.9101,29.1999]]]}},{"type":"Feature","properties":{"name":"Bakra Khola","length_km":77,"stroke":"#3b82f6","stroke-width":1.1,"stroke-opacity":0.85},"geometry":{"type":"MultiLineString","coordinates":[[[87.6507,26.7423],[87.6441,26.7348],[87.6361,26.7321],[87.6346,26.7243],[87.6266,26.7182],[87.6229,26.7074],[87.6241,26.7028],[87.6209,26.7015],[87.6204,26.6978],[87.6225,26.6748],[87.6163,26.6707],[87.6158,26.664],[87.6051,26.6523],[87.6071,26.6455],[87.6042,26.6348],[87.606,26.6278],[87.5968,26.6102],[87.5953,26.597],[87.5997,26.5741],[87.5963,26.5683],[87.5879,26.5642],[87.5908,26.5527],[87.5877,26.5295],[87.591,26.5159],[87.5853,26.5036],[87.5735,26.4941],[87.5762,26.4877],[87.5748,26.4791],[87.5784,26.4677],[87.5781,26.454],[87.5836,26.4494],[87.596,26.4478],[87.6005,26.4446],[87.6011,26.437],[87.5962,26.4278],[87.5988,26.4189],[87.6056,26.4102],[87.6027,26.4047],[87.5892,26.4013],[87.5864,26.3822],[87.5791,26.3764],[87.5806,26.3733],[87.5787,26.3664],[87.5797,26.3645],[87.5832,26.3648],[87.5851,26.3589],[87.5792,26.357],[87.5821,26.3507],[87.5758,26.3483],[87.5781,26.3438],[87.5715,26.3417],[87.5717,26.3387],[87.569,26.3384],[87.5718,26.3316],[87.578,26.3322],[87.5777,26.3285],[87.5827,26.3267],[87.5819,26.3236],[87.5771,26.3225],[87.5778,26.3205],[87.5826,26.3219],[87.5841,26.3187],[87.579,26.3152],[87.5815,26.3126],[87.5765,26.3084],[87.577,26.3046],[87.5721,26.306],[87.571,26.3041],[87.5733,26.301],[87.5674,26.2987],[87.5643,26.2932],[87.5693,26.285],[87.5585,26.2824],[87.5579,26.2785],[87.5542,26.2755],[87.5445,26.2775],[87.5393,26.2576],[87.5329,26.256],[87.5322,26.2493]],[[87.6507,26.7424],[87.6507,26.7423]],[[87.6589,26.7572],[87.6529,26.7498],[87.6507,26.7424]]]}},{"type":"Feature","properties":{"name":"Bagmati River","length_km":77,"stroke":"#3b82f6","stroke-width":1.1,"stroke-opacity":0.85},"geometry":{"type":"MultiLineString","coordinates":[[[85.3159,27.6899],[85.3061,27.6932],[85.302,27.6909],[85.2985,27.6782],[85.2918,27.6716],[85.2978,27.6672],[85.2968,27.6609],[85.2875,27.651],[85.2874,27.6445],[85.2825,27.6451],[85.2851,27.639],[85.293,27.6334],[85.2944,27.6279],[85.2919,27.6197],[85.2939,27.6129],[85.2903,27.6109],[85.2941,27.6066],[85.2942,27.6034],[85.2914,27.602],[85.2918,27.5971],[85.2869,27.5974],[85.2857,27.5936],[85.2806,27.5959],[85.2802,27.5881],[85.2851,27.5868],[85.277,27.5829],[85.2672,27.571],[85.2591,27.5712],[85.2532,27.5687],[85.246,27.554],[85.2473,27.5507],[85.2438,27.5479],[85.2406,27.5485],[85.2315,27.5368],[85.2384,27.5331],[85.2451,27.533],[85.247,27.5285],[85.2507,27.5288],[85.2509,27.5223],[85.2408,27.5173],[85.2413,27.5124],[85.2378,27.5109],[85.2345,27.5051],[85.2372,27.5005],[85.2423,27.5004],[85.2481,27.4947],[85.2447,27.4877],[85.2477,27.4827],[85.2479,27.4763],[85.2567,27.469],[85.2588,27.4582],[85.2634,27.455],[85.2787,27.4515],[85.3016,27.4508],[85.306,27.4462],[85.3113,27.4459],[85.3155,27.4422],[85.3159,27.4364],[85.3279,27.4385],[85.3332,27.434]],[[85.424,27.7808],[85.4273,27.7713],[85.4206,27.7578],[85.4234,27.7507],[85.4221,27.7478],[85.4192,27.7453],[85.4164,27.7463],[85.4098,27.7361],[85.4059,27.7377],[85.4019,27.7339],[85.4001,27.7362],[85.3962,27.7336],[85.3954,27.7382],[85.3882,27.7393],[85.3819,27.7185],[85.3757,27.7169],[85.3683,27.7105],[85.3578,27.7125],[85.3564,27.7095],[85.3503,27.7131],[85.3484,27.7088],[85.3498,27.7021],[85.3473,27.6995]],[[85.3471,27.6994],[85.3512,27.6924],[85.3411,27.6818],[85.3383,27.6823],[85.3333,27.6786],[85.3275,27.6854],[85.3159,27.6899]]]}},{"type":"Feature","properties":{"name":"Tamor River","length_km":76,"stroke":"#3b82f6","stroke-width":1.1,"stroke-opacity":0.85},"geometry":{"type":"MultiLineString","coordinates":[[[87.6227,27.3571],[87.6233,27.3514],[87.631,27.3438],[87.6363,27.3341],[87.6499,27.3356],[87.6539,27.3289],[87.6702,27.3204],[87.6793,27.3081],[87.6851,27.308],[87.6958,27.2914]],[[87.7988,27.6614],[87.7985,27.642],[87.8037,27.6239],[87.7995,27.5828],[87.7955,27.573],[87.7994,27.562],[87.795,27.5538],[87.8036,27.5279],[87.798,27.5191],[87.7957,27.5085],[87.7813,27.4945],[87.7707,27.4916],[87.7617,27.4939],[87.7475,27.4893],[87.7427,27.4907],[87.7379,27.4838],[87.7386,27.4775],[87.7282,27.4692],[87.722,27.4603],[87.7172,27.457],[87.7115,27.4567],[87.7021,27.4479],[87.6998,27.4266],[87.6903,27.4129],[87.6857,27.4103],[87.6818,27.4042],[87.6733,27.4008],[87.6677,27.3926],[87.661,27.3876],[87.6275,27.3769],[87.6227,27.3693],[87.621,27.3608],[87.6227,27.3571]],[[87.6905,27.4134],[87.6888,27.4124]],[[87.7246,27.7661],[87.729,27.7564],[87.7362,27.7507],[87.7408,27.7334],[87.7355,27.7142],[87.7372,27.71],[87.7731,27.6849],[87.7867,27.6678],[87.7988,27.6614]]]}},{"type":"Feature","properties":{"name":"Kandra","length_km":74,"stroke":"#3b82f6","stroke-width":1.1,"stroke-opacity":0.85},"geometry":{"type":"MultiLineString","coordinates":[[[80.901,28.8426],[80.9003,28.8364],[80.8934,28.837],[80.8886,28.8346],[80.8918,28.8303],[80.8892,28.824],[80.887,28.8238],[80.8863,28.806],[80.8815,28.7966],[80.8804,28.7747],[80.8841,28.7689],[80.8827,28.7537],[80.8907,28.7411],[80.8993,28.7351],[80.9082,28.7189],[80.9164,28.7118],[80.9172,28.7071],[80.9139,28.7035],[80.9039,28.702],[80.9061,28.6977],[80.9028,28.6872],[80.8887,28.688],[80.8882,28.6862],[80.8955,28.676],[80.9064,28.67],[80.8929,28.6662],[80.8975,28.6592],[80.9115,28.6531],[80.9028,28.6491],[80.9027,28.6435],[80.9056,28.6403],[80.9189,28.6351],[80.9236,28.6301],[80.9247,28.6202],[80.934,28.6145],[80.9228,28.6056],[80.9323,28.5992],[80.9341,28.5891],[80.92,28.5819],[80.9233,28.5786],[80.9344,28.5751],[80.9278,28.5671],[80.922,28.569],[80.919,28.5599],[80.9285,28.5468],[80.9328,28.5447],[80.9408,28.5477],[80.9417,28.5459],[80.9366,28.5355],[80.93,28.5322],[80.9375,28.5115],[80.9385,28.5013],[80.9369,28.4978],[80.9431,28.4937],[80.9416,28.4845],[80.9376,28.4847],[80.9367,28.4824],[80.9454,28.483],[80.9475,28.4857],[80.9496,28.4794],[80.9535,28.4784],[80.9576,28.4808],[80.9585,28.4837],[80.9553,28.484],[80.9578,28.4855],[80.9607,28.4837],[80.9593,28.4755],[80.9621,28.4735],[80.9657,28.476],[80.9639,28.4851],[80.9718,28.4836],[80.9758,28.4665],[80.9876,28.463],[80.9848,28.4544],[80.9953,28.455],[80.9908,28.4479]]]}},{"type":"Feature","properties":{"name":"Babai River","length_km":74,"stroke":"#3b82f6","stroke-width":1.1,"stroke-opacity":0.85},"geometry":{"type":"MultiLineString","coordinates":[[[82.1942,28.0774],[82.1816,28.0876],[82.1586,28.088],[82.1526,28.0911],[82.1509,28.1007],[82.1448,28.1005],[82.1387,28.104],[82.1382,28.111],[82.1317,28.11],[82.1191,28.1155],[82.11,28.1252],[82.1113,28.1282],[82.1095,28.1312],[82.1146,28.1407],[82.1053,28.1438],[82.1065,28.1475],[82.1143,28.1522],[82.1081,28.1555],[82.1008,28.1499],[82.0982,28.1539],[82.1022,28.1609],[82.0981,28.1616],[82.0956,28.1666],[82.0941,28.1675],[82.0934,28.1621],[82.0847,28.1578],[82.0775,28.1644],[82.0746,28.162]],[[82.3047,28.0362],[82.3005,28.0311],[82.2925,28.0293],[82.2822,28.0331],[82.269,28.0304],[82.2591,28.0339],[82.2552,28.0355],[82.2532,28.0409],[82.2458,28.0458],[82.2437,28.0505],[82.239,28.0475],[82.2353,28.0482],[82.23,28.0555],[82.2222,28.058],[82.2168,28.0639],[82.2093,28.0668],[82.204,28.0653],[82.1955,28.0694],[82.1942,28.0774]],[[82.4987,27.9703],[82.4902,27.9693],[82.4853,27.9741],[82.4781,27.9736],[82.4683,27.9778],[82.4522,27.9777],[82.4426,27.9834],[82.4374,27.9826],[82.4356,27.9834],[82.4386,27.9909],[82.4317,27.9939],[82.4302,27.999],[82.4265,28.0009],[82.4233,27.999],[82.4184,28.0006],[82.4201,27.9954],[82.4153,27.9941],[82.4157,27.9988],[82.4097,27.9976],[82.4091,28.001],[82.4039,27.9982],[82.4024,27.993],[82.399,27.9914],[82.4003,27.9955],[82.398,27.9982],[82.3919,27.9976],[82.3838,28.005],[82.3812,28.0027],[82.3762,28.0092],[82.3725,28.007],[82.371,28.0117],[82.3751,28.0109],[82.3771,28.013],[82.3729,28.0147]],[[82.3729,28.0147],[82.3641,28.0189],[82.3614,28.0257],[82.3499,28.0277],[82.3431,28.0229],[82.3333,28.0238],[82.3324,28.0194],[82.3268,28.0208],[82.3226,28.0176],[82.3173,28.0234],[82.3235,28.027],[82.3229,28.0289],[82.3167,28.0298],[82.3154,28.0356],[82.3063,28.0378],[82.3047,28.0362]]]}},{"type":"Feature","properties":{"name":"Mechi River","length_km":73,"stroke":"#3b82f6","stroke-width":1.1,"stroke-opacity":0.85},"geometry":{"type":"MultiLineString","coordinates":[[[88.1674,26.6767],[88.1625,26.6665],[88.1648,26.6602],[88.1623,26.6475],[88.1646,26.6412],[88.1581,26.6351],[88.1584,26.6328]],[[88.1838,26.7733],[88.1891,26.7614],[88.1892,26.7447],[88.1768,26.7063],[88.1758,26.6938],[88.1694,26.6847]],[[88.16,26.6373],[88.1558,26.6277]],[[88.1558,26.6277],[88.142,26.6189],[88.1379,26.6113],[88.1337,26.6099],[88.1331,26.6026],[88.1277,26.6012],[88.1241,26.596],[88.1263,26.585],[88.1178,26.5782],[88.1175,26.5683],[88.1159,26.5667],[88.1099,26.5692],[88.1004,26.5507],[88.1033,26.5398],[88.1004,26.527],[88.1041,26.5194],[88.0909,26.5082],[88.0884,26.5009],[88.0909,26.4936],[88.0963,26.4879],[88.0965,26.4792],[88.1036,26.4731],[88.1049,26.4692],[88.1004,26.4555],[88.0932,26.4489],[88.0923,26.43],[88.0841,26.4225],[88.0687,26.4177],[88.0607,26.3995],[88.0507,26.3903],[88.0498,26.3818],[88.0455,26.3785],[88.042,26.3685],[88.0319,26.364],[88.0273,26.3588],[88.0301,26.3515],[88.0383,26.3461],[88.0391,26.3412],[88.024,26.3322],[88.0258,26.3294],[88.0235,26.3149],[88.0132,26.3145],[88.0025,26.3047],[88.0069,26.2939],[87.9998,26.2856],[87.9985,26.277],[87.989,26.2719],[87.9837,26.276],[87.9795,26.2763],[87.9783,26.2724]]]}},{"type":"Feature","properties":{"name":"Daraudi Khola","length_km":72,"stroke":"#3b82f6","stroke-width":1.1,"stroke-opacity":0.85},"geometry":{"type":"MultiLineString","coordinates":[[[84.7026,28.3414],[84.7207,28.3225],[84.7306,28.32],[84.7316,28.3143],[84.7295,28.3083],[84.732,28.301],[84.7292,28.2952]],[[84.5513,27.9639],[84.5492,27.961]],[[84.5638,27.9793],[84.5603,27.9777],[84.5552,27.9693]],[[84.7292,28.2952],[84.7223,28.2826],[84.7206,28.2728],[84.7276,28.2598],[84.734,28.2577],[84.7354,28.2512],[84.7319,28.2435],[84.7363,28.2345],[84.7316,28.2231],[84.7261,28.2192],[84.7226,28.2085]],[[84.7226,28.2085],[84.7205,28.2062],[84.7195,28.1929],[84.7147,28.1888],[84.715,28.1856],[84.7062,28.1711],[84.707,28.1663],[84.7012,28.1584],[84.7015,28.1526],[84.6956,28.1409],[84.6868,28.1372],[84.6844,28.1302],[84.6806,28.1257],[84.6764,28.1253],[84.6739,28.1172],[84.6687,28.1158],[84.6649,28.1077],[84.6591,28.0925],[84.6591,28.0856],[84.6612,28.0836],[84.6574,28.0749],[84.6584,28.0716],[84.6562,28.0666],[84.6515,28.0634],[84.6524,28.0604],[84.6547,28.0606],[84.6478,28.0491],[84.6376,28.0471],[84.6268,28.041],[84.5996,28.0345],[84.5974,28.0293],[84.5904,28.0251],[84.5896,28.0195],[84.5752,28.0099],[84.5672,27.9976],[84.5637,27.9776],[84.5534,27.9644],[84.5497,27.9633],[84.5477,27.9582],[84.5502,27.9524],[84.5485,27.9499],[84.5497,27.9467],[84.5547,27.9476],[84.5524,27.9412],[84.558,27.9366],[84.554,27.9289],[84.558,27.9256],[84.5576,27.9234],[84.5526,27.923],[84.5521,27.9187],[84.5451,27.9151],[84.5451,27.9119],[84.551,27.9122],[84.5455,27.9053]],[[84.5455,27.9053],[84.5453,27.9051]],[[84.6603,28.0959],[84.6594,28.0944]]]}},{"type":"Feature","properties":{"name":"Nisti Khola","length_km":71,"stroke":"#3b82f6","stroke-width":1.1,"stroke-opacity":0.85},"geometry":{"type":"MultiLineString","coordinates":[[[83.8148,27.7842],[83.8146,27.7885],[83.8233,27.7946],[83.8258,27.799],[83.8383,27.805],[83.8432,27.8053],[83.854,27.7988],[83.8659,27.7965],[83.8707,27.7983],[83.8719,27.8068],[83.876,27.8121],[83.8867,27.8099],[83.8981,27.811],[83.9044,27.808],[83.9063,27.8038],[83.917,27.8029]],[[83.2568,28.1179],[83.2598,28.1211],[83.263,28.118],[83.2713,28.1232],[83.2798,28.1166],[83.2973,28.1203],[83.3128,28.1176],[83.3218,28.1204]],[[83.2228,28.2134],[83.2257,28.2144],[83.2365,28.2029],[83.2358,28.1951],[83.2422,28.1864],[83.242,28.1792],[83.2488,28.1748],[83.2495,28.1699],[83.2459,28.1642],[83.2461,28.1599],[83.2472,28.1524],[83.2585,28.1297],[83.2579,28.1215],[83.2549,28.1198],[83.2568,28.1179]],[[83.0999,28.2412],[83.1081,28.2424],[83.1119,28.2393],[83.1246,28.2362],[83.1253,28.2318],[83.1308,28.227],[83.1337,28.2284],[83.1465,28.2266],[83.1599,28.2306],[83.1736,28.2393],[83.1896,28.2282],[83.2033,28.2339],[83.2054,28.2306],[83.1982,28.2156],[83.204,28.2141],[83.2107,28.2162],[83.2101,28.2176],[83.2178,28.2116],[83.2228,28.2134]],[[83.917,27.8029],[83.9249,27.8103],[83.9311,27.8091],[83.9345,27.8121],[83.9451,27.8109],[83.9481,27.8138],[83.9457,27.8176],[83.9499,27.8214],[83.9463,27.8274],[83.937,27.8348],[83.9392,27.8464],[83.9309,27.8536],[83.941,27.8606],[83.9339,27.8662],[83.9399,27.8715],[83.9402,27.8699],[83.9459,27.8711]]]}},{"type":"Feature","properties":{"name":"Myagdi Khola","length_km":69,"stroke":"#3b82f6","stroke-width":1.1,"stroke-opacity":0.85},"geometry":{"type":"MultiLineString","coordinates":[[[83.3432,28.5503],[83.3548,28.5259],[83.3572,28.5153]],[[83.4393,28.6954],[83.435,28.6945],[83.4259,28.686],[83.4176,28.6666],[83.3956,28.6337],[83.3919,28.608],[83.3854,28.5897],[83.3882,28.5808],[83.3861,28.5752],[83.3868,28.5657],[83.3838,28.5599],[83.3855,28.5549],[83.3697,28.5435],[83.3638,28.5209],[83.3572,28.5153]],[[83.3572,28.5153],[83.3566,28.5104],[83.3506,28.5062],[83.348,28.5007],[83.3626,28.4888],[83.365,28.4821],[83.3817,28.4645],[83.384,28.4563],[83.3817,28.4516],[83.3872,28.4349],[83.3836,28.4318],[83.3829,28.4246],[83.3848,28.4217],[83.3823,28.4195],[83.3839,28.4152],[83.3824,28.4128],[83.3901,28.4094],[83.3941,28.4111],[83.4034,28.406]],[[83.4034,28.406],[83.4181,28.3965],[83.4341,28.3952],[83.4468,28.3873],[83.4495,28.389],[83.4634,28.3818],[83.4785,28.3825],[83.4955,28.3754],[83.5038,28.3651],[83.5162,28.3609],[83.5125,28.3583],[83.5193,28.3467],[83.5381,28.3364],[83.5494,28.341],[83.5633,28.3419],[83.5691,28.3402]]]}},{"type":"Feature","properties":{"name":"Ganga River","length_km":68,"stroke":"#3b82f6","stroke-width":1.1,"stroke-opacity":0.85},"geometry":{"type":"MultiLineString","coordinates":[[[83.2425,28.5111],[83.2182,28.5136],[83.2142,28.5087],[83.1987,28.5003],[83.1915,28.4976],[83.1761,28.4969],[83.1672,28.4932],[83.1383,28.4975],[83.1223,28.4922],[83.1058,28.4925],[83.0941,28.4892],[83.0785,28.4922],[83.0719,28.4874],[83.0611,28.4858],[83.0434,28.4894],[83.0387,28.4881],[83.0312,28.5006],[83.0184,28.505],[83.0158,28.5028],[83.0095,28.5068],[83.0055,28.5074],[82.9994,28.504],[82.9472,28.5037],[82.937,28.5106],[82.9288,28.5095],[82.9188,28.5149],[82.9165,28.5242],[82.9112,28.5297],[82.916,28.568],[82.9036,28.5757],[82.8865,28.577],[82.8819,28.5761],[82.8676,28.5645],[82.8429,28.5577],[82.8187,28.5731],[82.8143,28.5882],[82.8039,28.5953],[82.7975,28.5975],[82.7898,28.5913],[82.7804,28.5904],[82.7734,28.6005],[82.7745,28.6125],[82.7679,28.6233],[82.7603,28.6231],[82.7491,28.6333]]]}},{"type":"Feature","properties":{"name":"Jamni River","length_km":67,"stroke":"#3b82f6","stroke-width":1.1,"stroke-opacity":0.85},"geometry":{"type":"MultiLineString","coordinates":[[[85.1348,26.9902],[85.131,26.9791],[85.128,26.9807],[85.1264,26.9781],[85.1313,26.9726],[85.1285,26.9672],[85.1344,26.9677],[85.1346,26.9644],[85.1411,26.9619],[85.139,26.9557],[85.1331,26.958],[85.1311,26.9539],[85.119,26.9528],[85.1192,26.9476],[85.1141,26.9488],[85.1102,26.9469],[85.1132,26.9416],[85.1103,26.9389],[85.1107,26.9344],[85.1058,26.9332],[85.109,26.9302],[85.1026,26.9315],[85.0977,26.9268],[85.102,26.9191],[85.0975,26.9183],[85.0939,26.9221],[85.0893,26.9198],[85.0909,26.916],[85.0873,26.9177],[85.086,26.9126],[85.0813,26.9136],[85.0811,26.9164],[85.0778,26.9179],[85.0767,26.913],[85.0714,26.91],[85.0574,26.9112],[85.0562,26.9068],[85.0617,26.9042],[85.0587,26.8971],[85.054,26.8951],[85.0538,26.8914],[85.0507,26.8892],[85.0561,26.8855],[85.0548,26.8818],[85.0368,26.8777],[85.0364,26.8718],[85.0325,26.8751],[85.0296,26.8743],[85.0308,26.864],[85.0263,26.8629],[85.0327,26.8586],[85.0284,26.8562],[85.0235,26.8573],[85.0266,26.8506],[85.0238,26.8459],[85.02,26.8474],[85.0186,26.8454],[85.0173,26.8374],[85.0207,26.8347],[85.0283,26.8354],[85.0273,26.8315],[85.0199,26.8307],[85.0228,26.827],[85.0201,26.8225],[85.0229,26.8168],[85.0197,26.7993],[85.0245,26.7951],[85.0144,26.7882],[85.0123,26.7841],[85.0095,26.787],[85.001,26.7757],[85.004,26.7593],[84.9976,26.7567],[85.0022,26.7545],[85.0046,26.7494],[85.0016,26.7458],[85.0011,26.7402],[84.9964,26.7404],[84.9978,26.7391],[84.9942,26.7318],[84.9878,26.7351],[84.9846,26.7277],[84.9775,26.7238],[84.9716,26.7266],[84.9726,26.7172],[84.9697,26.7159]],[[85.0941,26.9218],[85.0964,26.9256],[85.0918,26.9266],[85.0936,26.9224]]]}},{"type":"Feature","properties":{"name":"Bhote Koshi","length_km":66,"stroke":"#3b82f6","stroke-width":1.1,"stroke-opacity":0.85},"geometry":{"type":"MultiLineString","coordinates":[[[85.8771,27.8395],[85.8698,27.8345],[85.8686,27.8294],[85.8756,27.8246],[85.8951,27.7989],[85.8993,27.7871],[85.8928,27.7794]],[[86.6598,27.8306],[86.6645,27.8256],[86.6746,27.8223],[86.6816,27.8169],[86.6882,27.806],[86.6979,27.804],[86.7066,27.7956],[86.7191,27.7895]],[[86.6112,27.9497],[86.6109,27.9447],[86.6198,27.9335],[86.6239,27.9198],[86.6315,27.9094],[86.6341,27.8915],[86.6388,27.8852],[86.6405,27.8776]],[[85.377,28.2781],[85.3776,28.2703],[85.3722,28.262],[85.3665,28.2585],[85.365,28.2497],[85.3585,28.2429],[85.3609,28.2231],[85.3546,28.2156],[85.3546,28.2055],[85.3428,28.1812]],[[85.9456,27.9393],[85.936,27.9303],[85.935,27.9247],[85.9172,27.9044],[85.9139,27.8981],[85.9125,27.887],[85.9087,27.8818],[85.9008,27.8776],[85.8825,27.8733],[85.8776,27.8634],[85.8804,27.844],[85.8771,27.8395]],[[85.3428,28.1812],[85.3413,28.1644]],[[86.6405,27.8776],[86.646,27.8554],[86.6437,27.8434],[86.6598,27.8306]],[[86.6084,27.9696],[86.6112,27.9497]]]}},{"type":"Feature","properties":{"name":"Danau River","length_km":65,"stroke":"#3b82f6","stroke-width":1.1,"stroke-opacity":0.85},"geometry":{"type":"MultiLineString","coordinates":[[[83.3268,27.4383],[83.3254,27.4332],[83.3163,27.428],[83.2982,27.4295],[83.2875,27.4272],[83.2897,27.4086],[83.2855,27.3972],[83.276,27.3962],[83.2655,27.4041],[83.2594,27.3956],[83.2524,27.3918],[83.2535,27.3851],[83.246,27.3677],[83.2395,27.3694],[83.2361,27.3624],[83.2306,27.3673],[83.2217,27.3661],[83.2168,27.3569],[83.215,27.3575],[83.2166,27.3617],[83.215,27.3628],[83.197,27.361],[83.1947,27.3647],[83.1854,27.3684],[83.1785,27.366],[83.1798,27.3584],[83.1731,27.3576],[83.1732,27.3558],[83.1758,27.347],[83.1852,27.3473],[83.1794,27.3409],[83.1854,27.3333],[83.1811,27.3238],[83.1908,27.3212],[83.1835,27.3163],[83.18,27.3073],[83.1737,27.3089],[83.1639,27.2999],[83.1663,27.2955],[83.1764,27.2915],[83.1758,27.2809],[83.1725,27.2803],[83.1706,27.2828],[83.1728,27.2899],[83.1622,27.2846],[83.1658,27.2736],[83.1743,27.2669],[83.1681,27.257],[83.159,27.262],[83.1575,27.2461],[83.1542,27.2417],[83.1505,27.242],[83.1438,27.2484],[83.1362,27.2473],[83.1402,27.2356],[83.1438,27.2328],[83.1491,27.2328],[83.1517,27.2242],[83.1503,27.2202],[83.1329,27.2196],[83.1263,27.2145],[83.1238,27.1959],[83.1258,27.1826],[83.1232,27.1743],[83.1183,27.1697]]]}},{"type":"Feature","properties":{"name":"Bighi Nadi","length_km":64,"stroke":"#3b82f6","stroke-width":1.1,"stroke-opacity":0.85},"geometry":{"type":"MultiLineString","coordinates":[[[85.9656,26.9815],[85.9718,26.9778],[85.9698,26.9734],[85.9734,26.9698],[85.9778,26.9556],[85.9844,26.9476],[85.9843,26.9306],[85.979,26.9206]],[[85.8814,26.7786],[85.8835,26.7754],[85.8803,26.7713],[85.8798,26.7644],[85.8759,26.765],[85.873,26.769],[85.8674,26.7647],[85.8676,26.761],[85.8638,26.7624],[85.858,26.7533],[85.8555,26.7531]],[[85.8526,26.7435],[85.844,26.7216],[85.8451,26.7121],[85.849,26.713],[85.8552,26.7058],[85.8466,26.702],[85.8522,26.6992],[85.8476,26.6984],[85.8493,26.6948],[85.8464,26.6863],[85.8477,26.6837],[85.8401,26.6673],[85.8398,26.664],[85.8414,26.664]],[[85.8944,26.7908],[85.8852,26.7901],[85.8844,26.7865],[85.8785,26.782],[85.8814,26.7786]],[[85.9148,26.8303],[85.9144,26.8212],[85.9169,26.8173],[85.9117,26.8138],[85.9127,26.8066],[85.9076,26.8066]],[[85.9421,26.8543],[85.9388,26.8511],[85.9389,26.8438],[85.9296,26.8407],[85.9293,26.8363],[85.9256,26.8331],[85.9218,26.8346],[85.9153,26.831]],[[85.8555,26.7531],[85.8518,26.7513],[85.8536,26.7486],[85.8526,26.7435]],[[85.9149,26.8304],[85.9148,26.8303]],[[85.9153,26.831],[85.9149,26.8304]],[[85.8517,26.6134],[85.854,26.6046],[85.8507,26.6016],[85.8552,26.6023],[85.8572,26.5861],[85.8538,26.5859],[85.8548,26.5826],[85.849,26.5758],[85.8503,26.5712],[85.8472,26.5696]],[[85.8414,26.664],[85.8394,26.6612],[85.8411,26.6554],[85.838,26.6541]],[[85.838,26.6541],[85.837,26.651],[85.8396,26.6493],[85.8364,26.6452],[85.8387,26.6396],[85.8414,26.6408],[85.8464,26.6372]],[[85.9437,26.8636],[85.9412,26.863],[85.9437,26.8558]],[[85.9425,26.8571],[85.9421,26.8543]],[[85.9437,26.8558],[85.9421,26.8543]],[[85.8463,26.6228],[85.849,26.6204],[85.8479,26.6175],[85.8512,26.6175],[85.8517,26.6134]],[[85.8429,26.6291],[85.8459,26.628]],[[85.8459,26.628],[85.8463,26.6228]],[[85.9076,26.8066],[85.8944,26.7908]],[[85.8464,26.6372],[85.8454,26.6343],[85.8423,26.6349],[85.8429,26.6291]]]}},{"type":"Feature","properties":{"name":"Arun River","length_km":64,"stroke":"#3b82f6","stroke-width":1.1,"stroke-opacity":0.85},"geometry":{"type":"MultiLineString","coordinates":[[[87.2553,27.5585],[87.2496,27.5512],[87.2465,27.5422],[87.2314,27.5399]],[[87.3651,27.6924],[87.3654,27.68],[87.3579,27.6653],[87.3585,27.6517],[87.3511,27.6432],[87.3503,27.6388],[87.3555,27.6301],[87.3546,27.6174],[87.3592,27.6143],[87.3597,27.6113],[87.3564,27.6071],[87.3486,27.6039],[87.3344,27.588],[87.3285,27.5774]],[[87.4321,27.8429],[87.4052,27.8377],[87.4029,27.8344],[87.4043,27.8297],[87.4171,27.818],[87.4306,27.8096],[87.435,27.7913],[87.4427,27.784],[87.4512,27.7811],[87.4505,27.7724],[87.4476,27.7663],[87.4372,27.7586],[87.4309,27.7492],[87.4134,27.7444],[87.4093,27.7395],[87.4029,27.7411],[87.3933,27.7477],[87.3799,27.7493],[87.3723,27.7476],[87.3625,27.7412],[87.3493,27.7385],[87.347,27.7325],[87.3508,27.7239],[87.3562,27.7239],[87.3699,27.7128],[87.3709,27.7075],[87.367,27.703],[87.3651,27.6924]],[[87.2314,27.5399],[87.2297,27.528]],[[87.3285,27.5774],[87.3154,27.5642],[87.3127,27.5572],[87.3025,27.5529],[87.2999,27.5547],[87.2987,27.5638],[87.3022,27.5707],[87.2916,27.578]],[[87.2916,27.578],[87.2772,27.5704],[87.2747,27.5651],[87.2553,27.5585]]]}},{"type":"Feature","properties":{"name":"Limi","length_km":64,"stroke":"#3b82f6","stroke-width":1.1,"stroke-opacity":0.85},"geometry":{"type":"MultiLineString","coordinates":[[[81.6834,30.2847],[81.674,30.2857],[81.6714,30.2834],[81.6615,30.2695],[81.6633,30.2651]],[[81.6688,30.3564],[81.6762,30.354],[81.6853,30.3433],[81.6887,30.3278],[81.7007,30.3224],[81.7317,30.3184],[81.7392,30.3199],[81.7473,30.309],[81.7452,30.3014],[81.741,30.2977],[81.7234,30.2925],[81.7192,30.2874],[81.7097,30.2866],[81.7014,30.2795],[81.6834,30.2847]],[[81.6633,30.2651],[81.6589,30.2619],[81.6562,30.2559],[81.6469,30.2504],[81.6412,30.2421],[81.6321,30.2454],[81.6202,30.2408],[81.6024,30.2443],[81.5903,30.2369],[81.5825,30.2382]],[[81.5825,30.2382],[81.5649,30.2326],[81.5542,30.2339],[81.5484,30.2301],[81.539,30.233],[81.5268,30.2282],[81.5173,30.2166],[81.5123,30.2175],[81.5086,30.2145],[81.4928,30.2121],[81.4861,30.2129],[81.4788,30.2056],[81.4557,30.1973],[81.4452,30.1809]],[[81.5433,30.3534],[81.5534,30.3566],[81.5914,30.3525],[81.6261,30.3566],[81.6449,30.3493],[81.657,30.3558],[81.6688,30.3564]]]}},{"type":"Feature","properties":{"name":"Ratua Khola River","length_km":62,"stroke":"#3b82f6","stroke-width":1.1,"stroke-opacity":0.85},"geometry":{"type":"MultiLineString","coordinates":[[[87.6369,26.5775],[87.6406,26.5577],[87.6501,26.5379],[87.6484,26.5269],[87.6509,26.5214],[87.6403,26.5152],[87.6407,26.5094],[87.648,26.4972],[87.6444,26.4903],[87.6516,26.4822],[87.655,26.464],[87.6666,26.4588],[87.668,26.4526],[87.6775,26.4475],[87.6771,26.4424],[87.6695,26.4336],[87.6715,26.4277],[87.6643,26.4153],[87.6639,26.4004]],[[87.6994,26.8258],[87.7098,26.814],[87.7198,26.8101],[87.7271,26.7976],[87.7268,26.7886],[87.7205,26.781],[87.7238,26.7745],[87.7201,26.7713],[87.7256,26.767],[87.7215,26.7652],[87.7193,26.7535],[87.7154,26.749],[87.7183,26.7444],[87.7151,26.7437],[87.7131,26.7379],[87.7082,26.7372],[87.702,26.7263],[87.7086,26.6914],[87.7175,26.6751]],[[87.6805,26.6295],[87.6756,26.6081],[87.6686,26.6037],[87.6609,26.5928],[87.6508,26.5891],[87.6435,26.581],[87.6378,26.5782]],[[87.6378,26.5782],[87.6369,26.5775]],[[87.7175,26.6751],[87.7176,26.6711],[87.7021,26.6487],[87.6872,26.6385],[87.6805,26.6295]]]}},{"type":"Feature","properties":{"name":"Lal Bakaiya River","length_km":62,"stroke":"#3b82f6","stroke-width":1.1,"stroke-opacity":0.85},"geometry":{"type":"MultiLineString","coordinates":[[[85.2378,26.9423],[85.2298,26.9324],[85.2285,26.923],[85.2496,26.8953]],[[85.2069,27.3003],[85.2069,27.2962],[85.2003,27.2922],[85.1902,27.2939],[85.1902,27.2918],[85.1834,27.2906],[85.1808,27.2867],[85.1899,27.2813],[85.1832,27.2783],[85.1857,27.2745],[85.1908,27.2732],[85.1902,27.2671],[85.1828,27.2645],[85.1819,27.2607],[85.1846,27.2566],[85.1689,27.24],[85.1708,27.2322],[85.1673,27.2228],[85.1686,27.2117],[85.1626,27.2001],[85.1628,27.1911],[85.1686,27.185],[85.1744,27.166],[85.1845,27.1596],[85.1883,27.1499],[85.1996,27.1381],[85.2024,27.1304],[85.2007,27.1251],[85.2146,27.1093],[85.2198,27.0994],[85.2212,27.088],[85.2263,27.0828],[85.2323,27.0673],[85.2296,27.0511],[85.225,27.0447],[85.2238,27.0384],[85.2257,27.0346],[85.2369,27.0278],[85.239,27.0231],[85.2171,27.0173],[85.2133,27.0112],[85.2187,26.9964],[85.2275,26.9964],[85.2336,26.9904],[85.23,26.9835],[85.2204,26.9752],[85.2211,26.9703],[85.217,26.9719],[85.2153,26.967],[85.2217,26.9578],[85.2352,26.9514],[85.2378,26.9423]]]}},{"type":"Feature","properties":{"name":"Surna Gad","length_km":62,"stroke":"#3b82f6","stroke-width":1.1,"stroke-opacity":0.85},"geometry":{"type":"MultiLineString","coordinates":[[[80.5398,29.4497],[80.5347,29.451],[80.5317,29.4532],[80.5315,29.4567],[80.5294,29.4568],[80.5255,29.4514],[80.5148,29.4502],[80.5093,29.4449],[80.5115,29.4429],[80.5043,29.442],[80.5024,29.4387],[80.4977,29.4379],[80.4853,29.4467],[80.4799,29.4458],[80.4756,29.4423],[80.4789,29.4388],[80.4735,29.4352],[80.474,29.4287],[80.4681,29.425],[80.4701,29.4225],[80.4702,29.4243],[80.4755,29.4236],[80.4786,29.4182],[80.4744,29.4138],[80.4692,29.4149],[80.4656,29.4121],[80.4694,29.4115],[80.4713,29.4059],[80.4658,29.4037],[80.4555,29.3934],[80.4452,29.3932],[80.4457,29.3894],[80.4427,29.3894],[80.4417,29.3864],[80.437,29.3939],[80.4317,29.3927],[80.4295,29.3875],[80.4254,29.3854],[80.4245,29.3798],[80.416,29.3738],[80.4163,29.3707],[80.4195,29.3688],[80.4147,29.3563],[80.4109,29.3599],[80.4025,29.3557],[80.4032,29.36],[80.4013,29.3607],[80.3997,29.3581],[80.3861,29.356],[80.3855,29.3487],[80.38,29.3544],[80.3776,29.3493],[80.3744,29.3504],[80.3713,29.3472],[80.3674,29.3487],[80.368,29.344],[80.3657,29.3408],[80.3721,29.3382],[80.3669,29.3351],[80.3669,29.3328],[80.3627,29.3325],[80.3628,29.3278],[80.3598,29.3273],[80.353,29.3339],[80.3498,29.3278],[80.3446,29.3272],[80.3331,29.3188],[80.3355,29.3161],[80.3333,29.3117],[80.3249,29.3087],[80.3168,29.3142]],[[80.5771,29.5126],[80.5765,29.5034],[80.5745,29.4994],[80.5704,29.4984],[80.568,29.4887],[80.5548,29.4833],[80.5579,29.464],[80.5555,29.4575],[80.5449,29.452],[80.541,29.4525],[80.5398,29.4497]]]}},{"type":"Feature","properties":{"name":"Singhyahi River","length_km":61,"stroke":"#3b82f6","stroke-width":1.1,"stroke-opacity":0.85},"geometry":{"type":"MultiLineString","coordinates":[[[87.3118,26.5451],[87.3059,26.5387],[87.3079,26.5363],[87.3064,26.5338]],[[87.3023,26.4459],[87.2992,26.4313],[87.3053,26.4244],[87.3023,26.4247],[87.3023,26.4182],[87.2996,26.418],[87.2956,26.411],[87.3077,26.4001],[87.3147,26.3975],[87.3123,26.3944],[87.3178,26.3874],[87.318,26.383],[87.3155,26.3795],[87.3122,26.3802],[87.3136,26.3772],[87.3101,26.3764],[87.3092,26.3725],[87.3127,26.3577],[87.3224,26.3517],[87.3272,26.3458],[87.3261,26.3284],[87.3394,26.3143],[87.3444,26.3134],[87.3461,26.308],[87.3519,26.3034],[87.3493,26.2981],[87.3579,26.295],[87.3584,26.29],[87.3622,26.2898],[87.3644,26.2845],[87.3645,26.2864],[87.3676,26.2865],[87.3691,26.2825],[87.3825,26.2794],[87.3851,26.2829],[87.3852,26.2805],[87.3934,26.2784],[87.3943,26.2753],[87.3989,26.2737],[87.3899,26.2668],[87.395,26.2619],[87.3936,26.256]],[[87.2988,26.4532],[87.2994,26.4533]],[[87.3043,26.5325],[87.3042,26.5318]],[[87.3147,26.5562],[87.3156,26.5575],[87.3105,26.55],[87.3118,26.5451]],[[87.3203,26.5727],[87.3201,26.5651],[87.3135,26.5572],[87.3147,26.5562]],[[87.3064,26.5338],[87.3026,26.5318],[87.3016,26.5191],[87.2992,26.5185],[87.2981,26.5117],[87.2922,26.5084],[87.2953,26.4898],[87.2948,26.484],[87.2914,26.4831],[87.2897,26.4781],[87.2906,26.4674],[87.2969,26.4624],[87.2967,26.4579],[87.2995,26.4562],[87.2982,26.4535],[87.3028,26.4506],[87.3023,26.4459]]]}},{"type":"Feature","properties":{"name":"Mai Khola","length_km":61,"stroke":"#3b82f6","stroke-width":1.1,"stroke-opacity":0.85},"geometry":{"type":"MultiLineString","coordinates":[[[87.9521,27.035],[87.9506,27.0305],[87.9534,27.0261],[87.967,27.015],[87.9639,27.0075],[87.9691,26.9944],[87.9688,26.9899],[87.9619,26.9812],[87.9664,26.9735],[87.9471,26.954],[87.9486,26.9493],[87.9459,26.9472],[87.9459,26.9327],[87.9516,26.9172],[87.9489,26.9156],[87.9472,26.9098],[87.9507,26.9025],[87.9499,26.8978],[87.9547,26.8921],[87.9519,26.8887]],[[87.9288,26.8794],[87.9252,26.8803],[87.9173,26.8744],[87.918,26.8705],[87.9117,26.8659],[87.9149,26.8661],[87.9116,26.8629],[87.9126,26.8594]],[[87.9126,26.8594],[87.9093,26.8534],[87.9116,26.8491],[87.9058,26.8463],[87.9075,26.8433],[87.9034,26.8409],[87.9071,26.8357],[87.8993,26.8336],[87.8991,26.8306],[87.8958,26.8294],[87.8988,26.8251],[87.8928,26.8242],[87.8842,26.8169],[87.8646,26.8248],[87.8533,26.8238],[87.852,26.8199],[87.846,26.8216],[87.8436,26.8192],[87.8311,26.8254],[87.8231,26.8231],[87.815,26.8281],[87.813,26.823],[87.8058,26.8234],[87.8058,26.8185],[87.8022,26.8227],[87.7955,26.8166],[87.7966,26.8254],[87.7941,26.8302],[87.7876,26.8238],[87.7844,26.8293],[87.7799,26.8289]],[[87.9519,26.8887],[87.9359,26.887],[87.9323,26.8904],[87.9285,26.8867],[87.9288,26.8794]],[[87.9542,26.8893],[87.9536,26.8885]],[[87.9545,26.8909],[87.9506,26.8887]],[[87.9468,27.0541],[87.9465,27.0389],[87.9521,27.035]],[[87.951,26.8963],[87.954,26.8935]],[[87.8311,26.8254],[87.8277,26.8256]],[[87.9672,26.9967],[87.9681,26.9958]],[[87.962,26.9808],[87.9624,26.9786]],[[87.9116,26.8491],[87.909,26.8484]],[[87.9558,26.8894],[87.9513,26.8878]],[[87.9513,26.8878],[87.9478,26.8879]],[[87.9455,26.935],[87.9457,26.9329]]]}},{"type":"Feature","properties":{"name":"Sharda","length_km":60,"stroke":"#3b82f6","stroke-width":1.1,"stroke-opacity":0.85},"geometry":{"type":"MultiLineString","coordinates":[[[80.2616,29.2059],[80.2579,29.2096],[80.2561,29.2208],[80.2495,29.2219],[80.2476,29.2207],[80.2474,29.2146],[80.2434,29.2127],[80.2408,29.2032],[80.2434,29.1992],[80.2522,29.1951],[80.2588,29.1855],[80.2597,29.172],[80.2578,29.1653],[80.2721,29.1453],[80.273,29.1398],[80.2712,29.1382],[80.2583,29.1402],[80.2533,29.1386],[80.2504,29.1266],[80.2478,29.1253],[80.2429,29.1281],[80.2328,29.1154],[80.2251,29.1205],[80.208,29.1227],[80.2021,29.1301],[80.1838,29.1374],[80.1772,29.128],[80.166,29.1248],[80.1658,29.1175],[80.1639,29.1159],[80.1459,29.106],[80.1382,29.0987],[80.1277,29.0968],[80.1208,29.0788],[80.1217,29.066],[80.1192,29.0522],[80.1065,29.0468],[80.1031,29.0408],[80.104,29.0353],[80.0991,29.0307],[80.0999,29.0247],[80.1048,29.02],[80.1052,29.007],[80.1094,28.9989],[80.1065,28.9976],[80.1013,28.9737],[80.0969,28.9676],[80.0991,28.9604]],[[80.1122,28.9573],[80.1095,28.9553],[80.1062,28.9425],[80.1038,28.9423],[80.1065,28.9257],[80.1043,28.921],[80.1096,28.9141]],[[80.1026,28.9856],[80.1112,28.975],[80.114,28.9633],[80.1122,28.9573]],[[80.1102,28.9156],[80.1106,28.9095]]]}},{"type":"Feature","properties":{"name":"Surai Khola","length_km":60,"stroke":"#3b82f6","stroke-width":1.1,"stroke-opacity":0.85},"geometry":{"type":"MultiLineString","coordinates":[[[82.8313,27.608],[82.8348,27.6049],[82.8272,27.6012],[82.8309,27.5986],[82.8295,27.5909],[82.8223,27.5886],[82.8215,27.5725],[82.8254,27.5627],[82.8177,27.5385],[82.8215,27.5277],[82.8242,27.5265],[82.8264,27.5291],[82.8302,27.5236],[82.8253,27.5127],[82.8268,27.5081],[82.8227,27.5042],[82.8205,27.4933],[82.8155,27.4915],[82.8144,27.4865],[82.8245,27.4836],[82.8272,27.4789],[82.8222,27.4759],[82.8248,27.4719],[82.8227,27.4703],[82.8209,27.4495],[82.8239,27.4479],[82.8225,27.4416],[82.8256,27.437],[82.8235,27.4344],[82.8176,27.434],[82.8166,27.4313],[82.8187,27.4236],[82.8228,27.422],[82.8223,27.4176],[82.8258,27.4126],[82.8236,27.4055]],[[82.8247,27.69],[82.8264,27.6868],[82.8201,27.6789],[82.8209,27.674],[82.8132,27.6651],[82.8132,27.6575],[82.8159,27.6551],[82.8131,27.6521],[82.8227,27.6427]],[[82.8594,27.7872],[82.8531,27.7868],[82.8502,27.7832],[82.8438,27.7825],[82.8376,27.7787],[82.8354,27.772],[82.8388,27.766],[82.8376,27.7629],[82.8403,27.7572],[82.8433,27.759],[82.8455,27.7545],[82.8376,27.7483],[82.8396,27.7293],[82.8375,27.7269],[82.8379,27.719],[82.8183,27.7021],[82.8247,27.69]],[[82.8227,27.6427],[82.8217,27.6361],[82.8291,27.6381],[82.8315,27.6353],[82.8253,27.6313],[82.8283,27.6191],[82.8251,27.6164],[82.8313,27.608]]]}},{"type":"Feature","properties":{"name":"Rato Nadi","length_km":60,"stroke":"#3b82f6","stroke-width":1.1,"stroke-opacity":0.85},"geometry":{"type":"MultiLineString","coordinates":[[[85.7869,26.7405],[85.7891,26.738],[85.7883,26.7327],[85.791,26.7305],[85.7898,26.7276],[85.7922,26.7256],[85.7901,26.7243],[85.788,26.7098],[85.789,26.7062],[85.7931,26.707],[85.7928,26.7027],[85.7963,26.7036],[85.7951,26.6982],[85.7977,26.696],[85.7969,26.6901],[85.7915,26.69],[85.7864,26.6808],[85.7914,26.6731],[85.79,26.6675],[85.7851,26.6625],[85.7883,26.6494],[85.7827,26.6344],[85.775,26.6258],[85.7743,26.6175]],[[85.9081,26.9803],[85.9074,26.9692],[85.9029,26.9577],[85.8903,26.9372],[85.8872,26.9268],[85.8798,26.9201],[85.8774,26.9031],[85.8803,26.8951],[85.8726,26.8888],[85.8695,26.8805],[85.8752,26.8736],[85.8722,26.8687],[85.8718,26.8618],[85.8656,26.8581],[85.865,26.8483],[85.8627,26.8457],[85.842,26.8332],[85.8448,26.8239],[85.8387,26.8197],[85.838,26.8106],[85.8433,26.7977],[85.8373,26.7763]],[[85.7927,26.7807],[85.7865,26.7729],[85.7913,26.7668],[85.788,26.7633],[85.7887,26.7606],[85.7846,26.7591],[85.7862,26.7549],[85.7821,26.753],[85.7832,26.7457]],[[85.8065,26.7888],[85.8012,26.7825],[85.7981,26.7812],[85.7944,26.7832],[85.7927,26.7807]],[[85.8118,26.7951],[85.8098,26.7923],[85.8052,26.7931],[85.8065,26.7888]],[[85.7832,26.7457],[85.7869,26.7405]],[[85.8322,26.7646],[85.8331,26.7605]],[[85.8331,26.7605],[85.8341,26.7495]],[[85.8373,26.7763],[85.8324,26.7701],[85.8322,26.7646]]]}},{"type":"Feature","properties":{"name":"Bharbun Khola","length_km":59,"stroke":"#3b82f6","stroke-width":1.1,"stroke-opacity":0.85},"geometry":{"type":"MultiLineString","coordinates":[[[83.3468,29.0208],[83.3426,29.0071],[83.3492,28.9928],[83.3486,28.9859],[83.3455,28.9841],[83.3478,28.9678],[83.3603,28.9496],[83.3694,28.9436],[83.3745,28.9368],[83.376,28.9286],[83.3803,28.9247],[83.3791,28.9071],[83.3694,28.8937],[83.3666,28.8804],[83.3622,28.8738],[83.3325,28.8606],[83.3071,28.8593],[83.2847,28.8633],[83.2754,28.8627],[83.2481,28.8741],[83.2284,28.8765],[83.2186,28.8754],[83.2083,28.8825],[83.1953,28.8844],[83.1895,28.8892],[83.1852,28.8975],[83.1785,28.8981],[83.176,28.9008],[83.1724,28.8983],[83.1725,28.8938]],[[83.1725,28.8938],[83.1708,28.8877],[83.1585,28.8808],[83.1523,28.8737],[83.1456,28.8758],[83.1365,28.8749],[83.1282,28.879],[83.118,28.878],[83.0919,28.8906],[83.0792,28.8907],[83.0595,28.8994],[83.0449,28.8989],[83.0363,28.896]]]}},{"type":"Feature","properties":{"name":"Kada Khola","length_km":57,"stroke":"#3b82f6","stroke-width":1.1,"stroke-opacity":0.85},"geometry":{"type":"MultiLineString","coordinates":[[[81.0784,28.7803],[81.0731,28.7573],[81.0766,28.7476],[81.0753,28.7271],[81.0716,28.7208],[81.0584,28.7125],[81.0525,28.704],[81.0531,28.6949]],[[81.034,28.6777],[81.032,28.6744],[81.0337,28.6713],[81.0269,28.6724],[81.0223,28.6665],[81.0249,28.6586],[81.0226,28.6579],[81.0235,28.6513],[81.0203,28.6538],[81.0176,28.6525],[81.0198,28.6402],[81.0157,28.6438],[81.0055,28.6374],[81.0012,28.6302],[80.9944,28.625],[80.994,28.622],[80.9907,28.6238],[80.9915,28.6142],[80.988,28.6122],[80.9891,28.6026]],[[80.9884,28.5479],[80.9874,28.5444],[80.9905,28.5403],[80.9867,28.5374],[80.9877,28.5272],[80.9853,28.523],[80.9882,28.518],[80.9841,28.5193],[80.9835,28.5172],[80.9954,28.5077],[80.9959,28.5035],[81.0003,28.5043],[81.0014,28.4954],[81.0049,28.4932],[81.0034,28.4912],[81.0059,28.4888],[81.0049,28.4853],[81.0085,28.4795],[81.004,28.4765],[81.0028,28.4717],[81.0177,28.457]],[[80.9891,28.6026],[80.991,28.5913],[80.995,28.5877],[80.995,28.5909]],[[81.0531,28.6949],[81.0576,28.6853],[81.0535,28.6826],[81.0492,28.685],[81.0452,28.6772],[81.034,28.6777]],[[80.995,28.5909],[80.9979,28.5894],[81.0015,28.5785],[80.9979,28.5781],[81.0005,28.5714],[80.9969,28.5596],[81.0022,28.5557],[80.9962,28.5553],[80.9937,28.5468],[80.9884,28.5479]]]}},{"type":"Feature","properties":{"name":"Kalanga Gad","length_km":57,"stroke":"#3b82f6","stroke-width":1.1,"stroke-opacity":0.85},"geometry":{"type":"MultiLineString","coordinates":[[[81.0739,29.7658],[81.0757,29.7607],[81.0728,29.7515],[81.0571,29.7402],[81.0453,29.7254],[81.0329,29.7198],[81.0235,29.7201],[81.014,29.6965],[81.0003,29.6792],[81.0018,29.6713],[80.9984,29.6696],[80.9951,29.6719],[80.9922,29.6693],[80.9862,29.6592],[80.9726,29.6444],[80.9629,29.6375],[80.9536,29.6344],[80.9485,29.6372],[80.9468,29.6341],[80.9376,29.6317],[80.9348,29.623],[80.937,29.6168],[80.9301,29.6109],[80.9225,29.6151],[80.9091,29.6112],[80.9044,29.606],[80.9048,29.5981],[80.8958,29.5943],[80.8776,29.5967],[80.872,29.5939],[80.8671,29.5947],[80.8608,29.5905],[80.8578,29.5854],[80.8629,29.5669],[80.8589,29.5493],[80.8596,29.5423],[80.8698,29.5413],[80.8708,29.5367],[80.8791,29.5295],[80.8767,29.5109],[80.8851,29.5071],[80.8965,29.4928],[80.8979,29.4825],[80.895,29.4736],[80.8957,29.4665],[80.9109,29.4448]]]}},{"type":"Feature","properties":{"name":"Roshi Khola","length_km":56,"stroke":"#3b82f6","stroke-width":1.1,"stroke-opacity":0.85},"geometry":{"type":"MultiLineString","coordinates":[[[85.5193,27.5852],[85.5219,27.5848]],[[85.5151,27.5832],[85.5193,27.5852]],[[85.5098,27.5808],[85.5121,27.5815]],[[85.5067,27.5788],[85.5098,27.5808]],[[85.5053,27.5773],[85.5067,27.5788]],[[85.4952,27.5719],[85.5053,27.5773]],[[85.5219,27.5848],[85.5307,27.5786],[85.5321,27.5741],[85.5403,27.5705],[85.5382,27.5615]],[[85.5579,27.5606],[85.5564,27.5559],[85.5591,27.5508],[85.5558,27.5477],[85.5658,27.5429],[85.5689,27.5376],[85.5753,27.5395],[85.577,27.5352],[85.5799,27.5389],[85.5842,27.5314],[85.5898,27.5307],[85.6035,27.5138],[85.6072,27.5139],[85.6119,27.5095],[85.6173,27.5118],[85.6186,27.5149],[85.625,27.5158],[85.6286,27.5118],[85.6407,27.5144],[85.6428,27.5121],[85.6488,27.5119],[85.6545,27.5145],[85.6584,27.5116],[85.6682,27.5107],[85.6714,27.5156],[85.6754,27.513],[85.681,27.5164],[85.6832,27.5229],[85.6942,27.5231],[85.7,27.5149],[85.7126,27.5144],[85.7113,27.5098],[85.7166,27.5028],[85.7149,27.4995],[85.7171,27.4966],[85.7199,27.495],[85.7234,27.4985],[85.7306,27.4945],[85.7357,27.4897],[85.737,27.4796],[85.7429,27.479],[85.7544,27.4702],[85.7584,27.4661],[85.7579,27.4612],[85.7646,27.459],[85.7661,27.4539],[85.7754,27.4494],[85.7823,27.4513],[85.7849,27.4431],[85.7918,27.4431],[85.7999,27.4382],[85.8082,27.4418],[85.8102,27.446],[85.8151,27.4462],[85.8169,27.4496]],[[85.5382,27.5615],[85.5406,27.5583],[85.5456,27.5583],[85.5491,27.5629],[85.5562,27.5642],[85.5588,27.5626],[85.5579,27.5606]],[[85.5121,27.5815],[85.5151,27.5832]],[[85.8169,27.4496],[85.8199,27.4517]],[[85.4922,27.5734],[85.4952,27.5719]]]}},{"type":"Feature","properties":{"name":"Reu","length_km":56,"stroke":"#3b82f6","stroke-width":1.1,"stroke-opacity":0.85},"geometry":{"type":"MultiLineString","coordinates":[[[84.5034,27.4048],[84.4842,27.4139],[84.4703,27.4146],[84.4646,27.4106],[84.4597,27.4109],[84.4544,27.4153],[84.4498,27.4268],[84.4449,27.4277],[84.4399,27.4345],[84.4296,27.4401],[84.4158,27.4401],[84.3811,27.4505],[84.3723,27.4607],[84.3569,27.4642],[84.3559,27.467],[84.343,27.4722],[84.3328,27.4681],[84.3294,27.4728],[84.3303,27.4781],[84.328,27.4832],[84.322,27.4781],[84.3199,27.4812],[84.322,27.4826],[84.3212,27.4856],[84.3001,27.4862],[84.2942,27.4886],[84.2906,27.4871],[84.2908,27.4911],[84.2878,27.4944]],[[84.3569,27.4642],[84.345,27.466],[84.34,27.4705]],[[84.328,27.4832],[84.3225,27.4834]],[[84.4428,27.4292],[84.4381,27.432]],[[84.2878,27.4944],[84.2833,27.4957],[84.2842,27.5051],[84.2662,27.5037],[84.263,27.5076],[84.2646,27.5122]],[[84.2007,27.5189],[84.2051,27.524],[84.2109,27.5248],[84.2148,27.5285],[84.2082,27.5365],[84.2147,27.5394],[84.2014,27.5435],[84.1961,27.5403],[84.1855,27.5503],[84.1736,27.5491],[84.1728,27.5543]],[[84.2736,27.5042],[84.2674,27.5127],[84.253,27.5184],[84.2493,27.5228],[84.2416,27.5242],[84.2362,27.5309],[84.2224,27.5394],[84.2172,27.5385],[84.2128,27.531]]]}},{"type":"Feature","properties":{"name":"Arun Khola","length_km":56,"stroke":"#3b82f6","stroke-width":1.1,"stroke-opacity":0.85},"geometry":{"type":"MultiLineString","coordinates":[[[83.7143,27.7502],[83.7163,27.7409],[83.7214,27.7345],[83.7457,27.7284],[83.7698,27.7361],[83.79,27.7351],[83.7938,27.7377],[83.807,27.7353],[83.8129,27.7379],[83.8173,27.735],[83.8223,27.7357],[83.8238,27.7315],[83.827,27.7337],[83.8324,27.7302],[83.841,27.7356],[83.851,27.7334],[83.8751,27.7333],[83.8764,27.736],[83.8805,27.7334],[83.8831,27.7351],[83.8879,27.7306],[83.8961,27.7298],[83.8987,27.7323],[83.9025,27.7306],[83.9036,27.7356],[83.9078,27.7345],[83.906,27.7327],[83.9075,27.7314],[83.9152,27.7286],[83.9187,27.73],[83.9276,27.725],[83.9298,27.727],[83.9321,27.7232],[83.9389,27.7223],[83.9452,27.7156],[83.9469,27.7044],[83.9547,27.6961],[83.9509,27.691],[83.9514,27.6869],[83.9466,27.6763],[83.9575,27.6613],[83.958,27.6569],[83.9585,27.6448],[83.9559,27.637],[83.9592,27.6297],[83.9549,27.6224],[83.9558,27.6162],[83.9538,27.6117],[83.9612,27.5948],[83.9613,27.5863],[83.9657,27.5813],[83.9647,27.568],[83.9715,27.5555]],[[84.9213,27.8996],[84.9124,27.9022],[84.9095,27.9055],[84.9025,27.9059]],[[84.9025,27.9059],[84.8978,27.9097],[84.8846,27.91]]]}},{"type":"Feature","properties":{"name":"Kuwari Khola","length_km":55,"stroke":"#3b82f6","stroke-width":1.1,"stroke-opacity":0.85},"geometry":{"type":"MultiLineString","coordinates":[[[81.5815,29.8973],[81.5912,29.8959],[81.5986,29.8979],[81.636,29.8918],[81.6593,29.8777],[81.6704,29.8726],[81.6765,29.873],[81.6858,29.8658],[81.701,29.8608],[81.7082,29.8558],[81.7456,29.8492],[81.7518,29.8451],[81.7542,29.8403],[81.7527,29.8246],[81.7386,29.8025],[81.7402,29.789],[81.7359,29.7768],[81.7299,29.768]],[[81.7126,29.7176],[81.7084,29.699],[81.6972,29.6797],[81.6994,29.6611],[81.7027,29.6544],[81.7001,29.6482],[81.7035,29.6454],[81.6993,29.643],[81.703,29.6412],[81.7025,29.6382],[81.7083,29.6336],[81.7097,29.6274],[81.7153,29.6216],[81.7194,29.6214],[81.7208,29.6163],[81.7291,29.6138],[81.7358,29.6067],[81.7743,29.6057]],[[81.7299,29.768],[81.7327,29.7598],[81.7266,29.7474],[81.7283,29.742],[81.7268,29.7336],[81.7193,29.7288],[81.7126,29.7176]]]}},{"type":"Feature","properties":{"name":"Jhim Nadi","length_km":54,"stroke":"#3b82f6","stroke-width":1.1,"stroke-opacity":0.85},"geometry":{"type":"MultiLineString","coordinates":[[[85.7527,27.1433],[85.749,27.1372],[85.7427,27.1363],[85.7432,27.1288],[85.7471,27.1311],[85.7469,27.1277],[85.75,27.1259],[85.747,27.1238],[85.7466,27.1187],[85.7435,27.1179],[85.7447,27.1162],[85.7402,27.1151],[85.7431,27.1093],[85.7368,27.1069],[85.7361,27.0998]],[[85.5772,26.8663],[85.5791,26.8639],[85.5839,26.8635],[85.5818,26.8592],[85.5901,26.8479]],[[85.7609,27.1492],[85.7527,27.1433]],[[85.7361,27.0998],[85.7297,27.0977],[85.7298,27.0993],[85.724,27.1005],[85.7201,27.0969],[85.7237,27.0938],[85.7148,27.0892],[85.6949,27.0684],[85.6864,27.063],[85.6679,27.0581]],[[85.6254,27.0189],[85.6235,27.0157],[85.6114,27.0149],[85.6,27.0043],[85.5928,26.9945],[85.5898,26.9814],[85.5835,26.9715],[85.575,26.9706]],[[85.575,26.9706],[85.5736,26.9649],[85.5634,26.9606],[85.5634,26.9546],[85.559,26.9463],[85.5656,26.9365],[85.5633,26.9295],[85.5711,26.9241],[85.5652,26.9187],[85.5622,26.9115],[85.5648,26.9033],[85.5688,26.9049],[85.576,26.8961],[85.5746,26.884],[85.5778,26.8745],[85.5772,26.8663]],[[85.6679,27.0581],[85.6523,27.0452],[85.6396,27.0414],[85.6374,27.0345],[85.6295,27.0271],[85.6285,27.0234]]]}},{"type":"Feature","properties":{"name":"Man Khola","length_km":53,"stroke":"#3b82f6","stroke-width":1.1,"stroke-opacity":0.85},"geometry":{"type":"MultiLineString","coordinates":[[[81.6301,28.2599],[81.6232,28.2551],[81.6208,28.2499],[81.6126,28.2487],[81.6078,28.2357],[81.5936,28.2352],[81.5853,28.2374],[81.5819,28.2289],[81.5767,28.2278],[81.5782,28.2233],[81.5673,28.2137],[81.5611,28.2134],[81.5596,28.2067],[81.5544,28.2025],[81.5398,28.2032],[81.5342,28.1978],[81.5269,28.195],[81.5309,28.1855],[81.5266,28.1804],[81.5182,28.1772],[81.5229,28.1732],[81.5183,28.1713],[81.5225,28.1682],[81.5154,28.1605],[81.5231,28.1596],[81.5236,28.1578],[81.5137,28.155],[81.5121,28.1485],[81.5031,28.1492],[81.4987,28.145],[81.5053,28.129],[81.4987,28.1266],[81.5064,28.1233],[81.5047,28.1204],[81.4999,28.1195],[81.5,28.1163],[81.51,28.1114],[81.5097,28.1057],[81.503,28.103],[81.5135,28.0904],[81.5233,28.0865],[81.5254,28.0829],[81.5199,28.0814],[81.5173,28.0761],[81.5076,28.0726],[81.501,28.0733],[81.5072,28.0691],[81.5058,28.0661],[81.4993,28.0653],[81.4951,28.0682],[81.4949,28.0653],[81.4983,28.0624],[81.4936,28.0596],[81.4884,28.0616],[81.4896,28.0568],[81.4869,28.0519],[81.494,28.0436],[81.4928,28.0388],[81.4806,28.0413],[81.4791,28.035],[81.4754,28.0336],[81.4674,28.0371],[81.4576,28.0275]]]}},{"type":"Feature","properties":{"name":"Marin Khola","length_km":53,"stroke":"#3b82f6","stroke-width":1.1,"stroke-opacity":0.85},"geometry":{"type":"MultiLineString","coordinates":[[[85.6659,27.2719],[85.6633,27.2743],[85.6454,27.2766],[85.6337,27.2758],[85.6252,27.2747],[85.6198,27.2699],[85.6137,27.2697],[85.6088,27.2662],[85.5926,27.272],[85.583,27.2659],[85.5703,27.2651],[85.5658,27.2628],[85.5567,27.2663],[85.544,27.262],[85.5406,27.2571],[85.5416,27.2479],[85.5364,27.2446],[85.5337,27.239],[85.5197,27.242],[85.512,27.2353],[85.5107,27.2279],[85.5041,27.2167]],[[85.7933,27.2511],[85.7879,27.2526]],[[85.8013,27.2518],[85.7952,27.2507]],[[85.7952,27.2507],[85.7933,27.2511]],[[85.8645,27.2829],[85.8664,27.2855],[85.8757,27.2801],[85.8701,27.2774],[85.8764,27.2735],[85.8744,27.2727],[85.8754,27.2665],[85.8717,27.2698],[85.869,27.2671],[85.8754,27.2584],[85.871,27.2531],[85.8651,27.252],[85.8575,27.2558],[85.8496,27.2529],[85.8414,27.2551],[85.8279,27.2516],[85.8155,27.2553],[85.8013,27.2518]],[[85.7879,27.2526],[85.7787,27.2503],[85.7687,27.256],[85.7576,27.2523],[85.7513,27.2536],[85.7418,27.2493],[85.7251,27.2503],[85.7213,27.2558],[85.7051,27.2675],[85.6953,27.2706],[85.6716,27.269],[85.6659,27.2719]]]}},{"type":"Feature","properties":{"name":"Chaundhar Nadi","length_km":51,"stroke":"#3b82f6","stroke-width":1.1,"stroke-opacity":0.85},"geometry":{"type":"MultiLineString","coordinates":[[[80.2388,28.9144],[80.2368,28.9058],[80.2386,28.9008],[80.2293,28.8977],[80.239,28.8868],[80.2297,28.8787],[80.2318,28.8725],[80.2284,28.8674],[80.2342,28.8645],[80.2307,28.8638],[80.229,28.8589],[80.231,28.8578],[80.2371,28.8623],[80.2402,28.8586],[80.2378,28.8515],[80.2399,28.8466],[80.2407,28.8504],[80.2525,28.845],[80.2547,28.8336],[80.2528,28.8318],[80.2502,28.8349],[80.2476,28.8265],[80.2546,28.8267],[80.2527,28.823],[80.2547,28.8205],[80.2463,28.8163],[80.2458,28.8024],[80.2416,28.7958],[80.2179,28.7871],[80.2185,28.782],[80.2131,28.7694],[80.2012,28.7575],[80.2,28.7522],[80.2043,28.7515],[80.201,28.7492],[80.206,28.747],[80.2061,28.7426],[80.2039,28.7401],[80.195,28.7385],[80.1994,28.7265],[80.1977,28.7209],[80.2022,28.7179],[80.2055,28.7187],[80.211,28.7126]],[[80.2293,28.9855],[80.2278,28.9729],[80.2405,28.9702]],[[80.2405,28.9702],[80.244,28.968],[80.246,28.9613],[80.2499,28.9602],[80.2509,28.9552],[80.254,28.9542],[80.2526,28.9472],[80.2567,28.9431],[80.2577,28.9353],[80.2607,28.9316],[80.2569,28.924],[80.2485,28.9178],[80.2446,28.9094],[80.2388,28.9144]]]}},{"type":"Feature","properties":{"name":"Tora Khola","length_km":51,"stroke":"#3b82f6","stroke-width":1.1,"stroke-opacity":0.85},"geometry":{"type":"MultiLineString","coordinates":[[[83.0126,29.524],[83.0003,29.531],[82.9795,29.5327],[82.9578,29.5394],[82.9416,29.5344],[82.926,29.5333],[82.9092,29.539],[82.9042,29.5375]],[[83.0699,29.4914],[83.059,29.4936],[83.0553,29.4995],[83.0392,29.5085],[83.0327,29.5082],[83.026,29.5159],[83.014,29.5211],[83.0126,29.524]],[[82.8338,29.4506],[82.8215,29.4561],[82.8096,29.4557],[82.7948,29.4636],[82.7899,29.4821],[82.7911,29.4957],[82.7868,29.4958],[82.7726,29.5038],[82.7704,29.51],[82.7607,29.5184],[82.7542,29.5205],[82.7471,29.533],[82.7235,29.5466],[82.7171,29.5478]],[[82.895,29.5327],[82.8807,29.5149],[82.8753,29.4991],[82.8769,29.4927],[82.8747,29.4846],[82.8701,29.4758],[82.865,29.4721],[82.8667,29.4663],[82.8522,29.4657],[82.8338,29.4506]]]}},{"type":"Feature","properties":{"name":"Chawandi Gad","length_km":50,"stroke":"#3b82f6","stroke-width":1.1,"stroke-opacity":0.85},"geometry":{"type":"MultiLineString","coordinates":[[[80.5743,29.3711],[80.572,29.3688],[80.5734,29.3545],[80.5624,29.3399],[80.5691,29.3323],[80.5687,29.3289],[80.5725,29.3265],[80.5681,29.3186],[80.5584,29.3176],[80.553,29.3147],[80.5515,29.3104],[80.5476,29.3139],[80.5449,29.3109],[80.5434,29.3121],[80.5452,29.313],[80.5415,29.3193],[80.5277,29.3169],[80.5247,29.3146],[80.5271,29.3099],[80.5227,29.3134],[80.5238,29.3159],[80.5184,29.318],[80.5156,29.3135],[80.5133,29.3141],[80.514,29.3162],[80.5105,29.3156],[80.509,29.3103],[80.508,29.3137],[80.5052,29.3137],[80.5067,29.3114],[80.499,29.3094],[80.4987,29.3151],[80.4914,29.3112],[80.4873,29.3185],[80.4879,29.3258],[80.4842,29.3315]],[[80.4152,29.3453],[80.4166,29.3459]],[[80.4147,29.3441],[80.4171,29.3456]],[[80.4842,29.3315],[80.4806,29.3289],[80.4733,29.3296],[80.4618,29.3243],[80.4492,29.3277],[80.4468,29.3309]],[[80.4468,29.3309],[80.4382,29.3333],[80.4342,29.337],[80.4298,29.335],[80.429,29.3412],[80.4257,29.3389],[80.4166,29.3459],[80.413,29.3431],[80.4074,29.3488],[80.4035,29.3484],[80.4027,29.35],[80.4083,29.3549],[80.4058,29.3568]],[[80.566,29.4107],[80.5649,29.4061],[80.5708,29.4033],[80.5733,29.3978],[80.5657,29.3974],[80.5714,29.3932],[80.5715,29.3886],[80.5749,29.3876],[80.5723,29.3786],[80.578,29.3775],[80.5743,29.3711]]]}},{"type":"Feature","properties":{"name":"Modi Khola","length_km":49,"stroke":"#3b82f6","stroke-width":1.1,"stroke-opacity":0.85},"geometry":{"type":"MultiLineString","coordinates":[[[83.8621,28.4614],[83.85,28.4471],[83.8451,28.4334],[83.8308,28.4209]],[[83.7747,28.3092],[83.7648,28.299],[83.76,28.2892],[83.7553,28.2873],[83.7492,28.2794],[83.7454,28.2799],[83.7418,28.2717],[83.7331,28.2686],[83.7271,28.2621],[83.7215,28.2619],[83.7198,28.255],[83.7146,28.248],[83.7148,28.2426],[83.7113,28.239],[83.7132,28.2309],[83.7068,28.2214],[83.7004,28.2191],[83.6976,28.2208],[83.6927,28.2174],[83.6828,28.2156],[83.6768,28.2065],[83.6776,28.2031],[83.6696,28.2027]],[[83.8308,28.4209],[83.8246,28.401],[83.826,28.3957]],[[83.826,28.3957],[83.8263,28.3887],[83.8232,28.3784],[83.8201,28.3758],[83.8189,28.3635],[83.8141,28.3577],[83.8139,28.353],[83.7929,28.3235],[83.7747,28.3092]],[[83.9074,28.5137],[83.9006,28.4987],[83.8856,28.4792],[83.866,28.4666],[83.8621,28.4614]]]}},{"type":"Feature","properties":{"name":"Lohare Nadi","length_km":49,"stroke":"#3b82f6","stroke-width":1.1,"stroke-opacity":0.85},"geometry":{"type":"MultiLineString","coordinates":[[[81.8869,28.9291],[81.8836,28.9283],[81.8845,28.9249],[81.8756,28.9238],[81.8637,28.9121],[81.8574,28.9107],[81.8447,28.9139],[81.8429,28.9115],[81.8268,28.915],[81.8137,28.9101],[81.8081,28.9055],[81.795,28.9022],[81.7929,28.8961],[81.7874,28.897],[81.7851,28.8933],[81.7873,28.8906],[81.7864,28.8874],[81.7796,28.881],[81.7775,28.8729],[81.7635,28.8618],[81.7558,28.8491],[81.7457,28.8416],[81.7482,28.8393],[81.7443,28.8358],[81.7462,28.8349],[81.7449,28.8288],[81.7404,28.8238],[81.7374,28.8145],[81.7332,28.8104],[81.7167,28.8062],[81.7189,28.8025],[81.7154,28.8016],[81.7032,28.8071],[81.6981,28.8072],[81.6934,28.8031],[81.6857,28.8043],[81.6846,28.8013],[81.6872,28.7991],[81.6834,28.7949],[81.6824,28.7784],[81.6782,28.7716],[81.6701,28.7656],[81.6669,28.767],[81.6566,28.76],[81.6512,28.7625],[81.6401,28.7618],[81.6355,28.7694],[81.6121,28.7753],[81.6108,28.7781],[81.5994,28.7819],[81.5961,28.7862],[81.5845,28.784],[81.5801,28.7791]]]}},{"type":"Feature","properties":{"name":"Khimti Khola","length_km":48,"stroke":"#3b82f6","stroke-width":1.1,"stroke-opacity":0.85},"geometry":{"type":"MultiLineString","coordinates":[[[86.3763,27.7413],[86.3761,27.7326],[86.3688,27.7264],[86.3682,27.7194],[86.3555,27.71],[86.3504,27.6926],[86.3376,27.6816],[86.3329,27.6729],[86.3303,27.6613],[86.3113,27.6457],[86.3062,27.6346],[86.3034,27.6172],[86.2999,27.614]],[[86.2449,27.5909],[86.2324,27.5857],[86.2033,27.581],[86.1924,27.5727],[86.1846,27.5595],[86.164,27.5462],[86.1539,27.5348],[86.1499,27.5151],[86.1421,27.5096],[86.1414,27.4955],[86.1365,27.4949],[86.1303,27.49],[86.1213,27.4774],[86.1163,27.4743],[86.1127,27.4749]],[[86.2999,27.614],[86.2995,27.6111],[86.2907,27.605],[86.2859,27.6027],[86.2817,27.604],[86.2684,27.5947],[86.2619,27.598],[86.2586,27.5949],[86.2449,27.5909]]]}},{"type":"Feature","properties":{"name":"Mūgū Kholā","length_km":48,"stroke":"#3b82f6","stroke-width":1.1,"stroke-opacity":0.85},"geometry":{"type":"MultiLineString","coordinates":[[[82.518,29.7723],[82.5156,29.7647],[82.5163,29.7481],[82.5132,29.744],[82.5147,29.7413],[82.5125,29.713],[82.5159,29.7093],[82.5142,29.7044],[82.5188,29.6796],[82.5206,29.6527],[82.5102,29.6412],[82.4953,29.6363],[82.4878,29.6158],[82.4772,29.6057],[82.4575,29.5935],[82.4345,29.5907]],[[82.5387,29.9307],[82.5511,29.9122],[82.5549,29.896],[82.5501,29.8825],[82.5376,29.8677],[82.5278,29.8461],[82.5296,29.8321],[82.537,29.8236],[82.5366,29.8181],[82.5402,29.8141],[82.5384,29.809],[82.5402,29.7967],[82.5324,29.7882],[82.5321,29.7833],[82.518,29.7723]]]}},{"type":"Feature","properties":{"name":"Jaulaha Khola","length_km":47,"stroke":"#3b82f6","stroke-width":1.1,"stroke-opacity":0.85},"geometry":{"type":"MultiLineString","coordinates":[[[87.2306,26.6487],[87.2264,26.6438],[87.2119,26.6359],[87.2072,26.6281],[87.2093,26.6259],[87.2082,26.6177],[87.1893,26.604],[87.1846,26.5854],[87.18,26.5826],[87.1795,26.5764],[87.1724,26.5626],[87.1727,26.5581],[87.1674,26.5506],[87.1729,26.5442],[87.1728,26.5395],[87.1682,26.5383],[87.172,26.5316],[87.1682,26.5247],[87.1639,26.5224],[87.161,26.5123],[87.163,26.5022],[87.1599,26.4966],[87.1663,26.4911],[87.1636,26.4848]],[[87.2306,26.6489],[87.2306,26.6487]],[[87.2307,26.6497],[87.2306,26.6489]],[[87.1636,26.4848],[87.1638,26.4766],[87.1752,26.4676],[87.1739,26.4613],[87.1697,26.4567],[87.1777,26.4404],[87.1844,26.432],[87.1864,26.4097],[87.1918,26.4122],[87.202,26.4038],[87.2005,26.3949],[87.2112,26.3937],[87.2135,26.3791],[87.2208,26.377],[87.226,26.3811],[87.2294,26.3777],[87.2369,26.3783]]]}},{"type":"Feature","properties":{"name":"Lamaha Khola","length_km":47,"stroke":"#3b82f6","stroke-width":1.1,"stroke-opacity":0.85},"geometry":{"type":"MultiLineString","coordinates":[[[85.2997,27.2272],[85.2962,27.2038],[85.2887,27.1998],[85.2854,27.1947],[85.2946,27.186],[85.2976,27.178],[85.301,27.1755],[85.298,27.1757],[85.2975,27.17],[85.3008,27.1647],[85.2984,27.16],[85.2964,27.1603],[85.2991,27.1585],[85.2949,27.1582],[85.2978,27.1555],[85.2955,27.1528],[85.2976,27.1523],[85.2942,27.1477],[85.2896,27.1477],[85.2861,27.1394],[85.2878,27.1367],[85.2865,27.1337],[85.29,27.1322],[85.2865,27.1314],[85.2894,27.1298],[85.2891,27.1265],[85.2954,27.123],[85.2912,27.1159],[85.2866,27.1165],[85.2861,27.1103],[85.2894,27.1076],[85.286,27.103],[85.2925,27.1017],[85.2932,27.0956],[85.2961,27.0936],[85.2945,27.0894],[85.2967,27.0872],[85.2916,27.0855],[85.2938,27.0841],[85.2881,27.0785]],[[85.2969,27.058],[85.3008,27.0559],[85.2973,27.0475],[85.2938,27.046],[85.298,27.0415],[85.2976,27.0318],[85.3003,27.0313],[85.2967,27.0294],[85.2988,27.0255],[85.2976,27.0227],[85.3023,27.0174],[85.3007,27.0123],[85.298,27.0109],[85.3014,26.9986],[85.2987,26.993],[85.3084,26.986],[85.3059,26.9823],[85.3103,26.9827],[85.3092,26.9791]],[[85.2881,27.0785],[85.2929,27.0742],[85.2916,27.0716],[85.2948,27.0718],[85.298,27.0685],[85.2988,27.0614],[85.2969,27.058]]]}},{"type":"Feature","properties":{"name":"Hunku Drangka","length_km":47,"stroke":"#3b82f6","stroke-width":1.1,"stroke-opacity":0.85},"geometry":{"type":"MultiLineString","coordinates":[[[86.8289,27.5009],[86.8226,27.5012],[86.816,27.4936],[86.8055,27.4904],[86.7993,27.4853],[86.7914,27.4846],[86.7829,27.4801],[86.7649,27.4783],[86.7606,27.4724],[86.7601,27.4621],[86.7526,27.4589],[86.7469,27.4613],[86.7305,27.4563],[86.7257,27.4511]],[[86.8443,27.5121],[86.8413,27.5112],[86.8351,27.5021],[86.8289,27.5009]],[[86.8725,27.5186],[86.8443,27.5121]],[[86.9394,27.7199],[86.9448,27.7094],[86.9473,27.6891],[86.9523,27.6808],[86.9516,27.6674],[86.9436,27.6557],[86.9398,27.6415],[86.9321,27.6333],[86.9262,27.621],[86.9129,27.6076],[86.9081,27.5946],[86.9027,27.5875],[86.9019,27.5802],[86.8965,27.5708],[86.8952,27.5518],[86.8922,27.5455],[86.893,27.5359],[86.8725,27.5186]]]}},{"type":"Feature","properties":{"name":"Tarap Khola","length_km":47,"stroke":"#3b82f6","stroke-width":1.1,"stroke-opacity":0.85},"geometry":{"type":"MultiLineString","coordinates":[[[83.1259,29.0357],[83.1263,29.0331],[83.1204,29.0274],[83.109,29.0244],[83.0975,29.0179],[83.0878,29.0036],[83.0849,28.9947],[83.0886,28.9814],[83.0875,28.9771],[83.0758,28.9651],[83.0638,28.9434],[83.038,28.926],[83.032,28.9191],[83.0329,28.9052],[83.0301,28.9004],[83.0363,28.896]],[[83.1353,29.2076],[83.1436,29.1975],[83.1624,29.1845],[83.1602,29.1635],[83.1707,29.1477],[83.1832,29.1381],[83.1853,29.1303],[83.1839,29.1243],[83.1733,29.1138],[83.1655,29.101],[83.1618,29.0911],[83.1617,29.0821],[83.1566,29.0763],[83.1561,29.0697],[83.1455,29.0576],[83.1334,29.0505],[83.1259,29.0357]]]}},{"type":"Feature","properties":{"name":"Sunsari Nadi","length_km":47,"stroke":"#3b82f6","stroke-width":1.1,"stroke-opacity":0.85},"geometry":{"type":"MultiLineString","coordinates":[[[87.2034,26.7335],[87.2014,26.7307],[87.194,26.7284],[87.1853,26.7168],[87.1825,26.6958],[87.1783,26.6892],[87.1633,26.6813],[87.1577,26.6814],[87.1535,26.6768],[87.1435,26.6783],[87.134,26.6714],[87.1339,26.6683],[87.1236,26.6634],[87.1192,26.6638],[87.1122,26.6574],[87.114,26.6547],[87.1112,26.6532],[87.1126,26.6506],[87.11,26.6488],[87.1098,26.6406],[87.1137,26.6389],[87.1153,26.6257],[87.1188,26.6182],[87.1235,26.6163]],[[87.1337,26.5839],[87.131,26.5775],[87.1326,26.5735],[87.1294,26.5687],[87.1232,26.5672],[87.122,26.5627],[87.1151,26.5613],[87.1113,26.5484],[87.1042,26.5455],[87.1041,26.5424],[87.0965,26.5349],[87.0997,26.5313],[87.0931,26.5278],[87.0993,26.5247],[87.0934,26.5206],[87.0985,26.5143],[87.0978,26.5117],[87.0992,26.5125],[87.094,26.5084],[87.0971,26.506],[87.0935,26.5043],[87.0971,26.5049],[87.095,26.5018],[87.0998,26.5028],[87.0992,26.5001]],[[87.1323,26.5872],[87.129,26.5828],[87.1337,26.5839]],[[87.1263,26.6114],[87.1292,26.6036],[87.1276,26.5911],[87.1323,26.5872]],[[87.1235,26.6163],[87.1263,26.6114]]]}},{"type":"Feature","properties":{"name":"Chamlia River","length_km":46,"stroke":"#3b82f6","stroke-width":1.1,"stroke-opacity":0.85},"geometry":{"type":"MultiLineString","coordinates":[[[80.8419,29.7983],[80.8329,29.7978],[80.8241,29.7879],[80.8175,29.787],[80.8081,29.7725],[80.8086,29.7627],[80.8029,29.753],[80.7702,29.7368],[80.7439,29.7377],[80.7398,29.7364],[80.7344,29.7288],[80.7205,29.7249],[80.7156,29.7201],[80.7095,29.7209],[80.6921,29.7162],[80.6815,29.7065],[80.6802,29.7034],[80.6823,29.6987],[80.6734,29.6867],[80.6503,29.681],[80.6347,29.6904],[80.6266,29.6873],[80.6143,29.6883],[80.6072,29.6865],[80.6009,29.6916],[80.5724,29.687],[80.5689,29.6786],[80.5581,29.6703],[80.5543,29.6714],[80.5522,29.6685],[80.5436,29.6664],[80.5124,29.6501],[80.505,29.6438],[80.5054,29.6381]]]}},{"type":"Feature","properties":{"name":"Balephi Khola","length_km":46,"stroke":"#3b82f6","stroke-width":1.1,"stroke-opacity":0.85},"geometry":{"type":"MultiLineString","coordinates":[[[85.7799,28.0192],[85.7889,28.0009],[85.7899,27.9923],[85.7964,27.984],[85.795,27.9687]],[[85.7604,27.8985],[85.759,27.8798],[85.7544,27.8718],[85.7541,27.866],[85.7663,27.8481],[85.7699,27.847],[85.7742,27.8377]],[[85.7514,28.0684],[85.7552,28.0579],[85.7621,28.0498],[85.7727,28.0441],[85.7835,28.0343],[85.7837,28.0284],[85.7799,28.0192]],[[85.7742,27.8377],[85.7718,27.8359],[85.7675,27.8167],[85.7687,27.8136],[85.7648,27.8073],[85.7671,27.8053],[85.7639,27.8006]],[[85.795,27.9687],[85.7909,27.9534],[85.7837,27.9437],[85.7838,27.9399],[85.7679,27.9113],[85.7678,27.9049],[85.7604,27.8985]],[[85.7639,27.8006],[85.7658,27.7982],[85.7628,27.7963],[85.7617,27.7891],[85.7645,27.7709],[85.7729,27.7614],[85.7751,27.7541],[85.7779,27.7523],[85.7775,27.7478]],[[85.7775,27.7478],[85.7793,27.7295]]]}},{"type":"Feature","properties":{"name":"Dans Khola","length_km":46,"stroke":"#3b82f6","stroke-width":1.1,"stroke-opacity":0.85},"geometry":{"type":"MultiLineString","coordinates":[[[87.5357,26.6928],[87.5385,26.688],[87.5367,26.6834],[87.541,26.673],[87.5431,26.659],[87.537,26.6442],[87.5399,26.6309],[87.5345,26.6291],[87.5361,26.6241],[87.532,26.6188],[87.5288,26.6187],[87.5291,26.6135],[87.5235,26.6093],[87.5248,26.6037],[87.521,26.6003],[87.522,26.5944],[87.5279,26.5918],[87.5238,26.5814],[87.5252,26.5759],[87.5281,26.575],[87.5228,26.5713],[87.529,26.5666],[87.5281,26.5554],[87.5257,26.5548],[87.5304,26.5514],[87.5248,26.5478],[87.5269,26.5441],[87.5232,26.5416],[87.5285,26.5348],[87.5276,26.5315],[87.518,26.5282],[87.5199,26.5254],[87.5266,26.527],[87.5279,26.523],[87.5205,26.5099],[87.5164,26.5108],[87.5182,26.5049],[87.5241,26.4989],[87.5146,26.4994],[87.512,26.4944],[87.5079,26.4983],[87.5042,26.4878],[87.4995,26.4866],[87.4931,26.4751],[87.4852,26.4727],[87.4876,26.4676],[87.4766,26.461],[87.4739,26.4526]],[[87.5295,26.7312],[87.5336,26.7168],[87.5314,26.6974],[87.5357,26.6928]]]}},{"type":"Feature","properties":{"name":"Lohaghat Nadi","length_km":46,"stroke":"#3b82f6","stroke-width":1.1,"stroke-opacity":0.85},"geometry":{"type":"MultiLineString","coordinates":[[[80.0899,29.3918],[80.0939,29.3875],[80.0968,29.3889],[80.0963,29.3915],[80.1011,29.3904],[80.1049,29.3813],[80.1071,29.3831],[80.1087,29.3801],[80.1117,29.3827],[80.1115,29.3778],[80.1145,29.3744],[80.1178,29.3773],[80.1214,29.3756],[80.121,29.3725],[80.125,29.3659],[80.1225,29.3619],[80.134,29.3561],[80.1404,29.3569],[80.1404,29.3536],[80.145,29.3513],[80.1493,29.3437],[80.1611,29.3467],[80.1715,29.3414],[80.1753,29.3441],[80.1805,29.3375],[80.1853,29.3389],[80.1862,29.3328],[80.1906,29.3354],[80.1939,29.3278],[80.1952,29.3267],[80.1983,29.3304],[80.2007,29.3254],[80.2107,29.3321],[80.2104,29.3263],[80.2148,29.3255],[80.2097,29.3216],[80.2145,29.3188],[80.2167,29.3215],[80.222,29.3184],[80.2226,29.3132],[80.2253,29.3159],[80.2279,29.3083],[80.2333,29.3091],[80.2332,29.3054],[80.2262,29.2995],[80.2267,29.2964],[80.2334,29.2997],[80.2395,29.2974],[80.247,29.3032],[80.2505,29.3015],[80.2547,29.2881],[80.2605,29.2907],[80.2624,29.2947],[80.2674,29.294],[80.269,29.2981],[80.2676,29.3008],[80.2743,29.3078],[80.2769,29.3147],[80.2857,29.3134],[80.2968,29.3195],[80.2994,29.3241]]]}},{"type":"Feature","properties":{"name":"Balan River","length_km":45,"stroke":"#3b82f6","stroke-width":1.1,"stroke-opacity":0.85},"geometry":{"type":"MultiLineString","coordinates":[[[86.521,26.7402],[86.5103,26.7349],[86.5046,26.7276],[86.5058,26.7172],[86.5114,26.7114],[86.5113,26.7038],[86.5057,26.6873],[86.5072,26.6784],[86.4986,26.662],[86.5086,26.6308],[86.5096,26.6136],[86.5008,26.5865],[86.4938,26.5767],[86.4965,26.5601],[86.4782,26.5407],[86.4795,26.5238],[86.4708,26.5148],[86.4776,26.5048],[86.4848,26.502],[86.4876,26.498],[86.4858,26.494],[86.4744,26.4865],[86.4746,26.4799],[86.4835,26.4667],[86.48,26.4601],[86.4802,26.4548],[86.4992,26.4467],[86.5019,26.443],[86.5028,26.4381],[86.499,26.4223],[86.5029,26.4176],[86.5128,26.4126],[86.513,26.3995]]]}},{"type":"Feature","properties":{"name":"Khadak River","length_km":45,"stroke":"#3b82f6","stroke-width":1.1,"stroke-opacity":0.85},"geometry":{"type":"MultiLineString","coordinates":[[[86.632,26.6645],[86.626,26.6492],[86.6236,26.6521],[86.6201,26.6512],[86.6192,26.6442],[86.615,26.6398],[86.6156,26.6348],[86.6055,26.6218],[86.6059,26.6151],[86.6033,26.6101],[86.6059,26.6047],[86.6018,26.5932],[86.6059,26.5805],[86.5962,26.5665],[86.5939,26.5563],[86.5999,26.5353],[86.5937,26.5266],[86.6024,26.5241],[86.6012,26.5183],[86.6056,26.5148],[86.6038,26.5118],[86.611,26.502],[86.6087,26.4924],[86.6139,26.486],[86.616,26.4869],[86.6221,26.481],[86.6269,26.4798],[86.6257,26.4687],[86.6309,26.469],[86.6349,26.4625],[86.6326,26.4573],[86.6396,26.4431],[86.6351,26.4436],[86.6362,26.4319],[86.6333,26.4311],[86.6342,26.4223],[86.636,26.422],[86.6342,26.417],[86.6379,26.4142],[86.6365,26.412],[86.6382,26.3949],[86.6313,26.3887],[86.6343,26.3832],[86.6298,26.3792],[86.6244,26.3658]]]}}]}