{"type":"FeatureCollection","features":[{"type":"Feature","properties":{"name":"Mudflow / rockflow extent, 26–27 Aug (UNOSAT)","area_km2":64.96,"source":"UNOSAT (FL20260826NPL), CC BY-SA 4.0","fill":"#9a3412","fill-opacity":0.4,"stroke":"#7c2d12","stroke-width":0.8},"geometry":{"type":"MultiPolygon","coordinates":[[[[85.08929,27.85549],[85.08939,27.85555],[85.0894,27.85562],[85.08927,27.85557],[85.08925,27.85551],[85.08929,27.85549]]],[[[85.08335,27.8581],[85.08337,27.85815],[85.08332,27.85815],[85.08335,27.8581]]],[[[85.14407,27.8692],[85.1441,27.86926],[85.14403,27.86928],[85.14402,27.86923],[85.14407,27.8692]]],[[[85.18688,27.88175],[85.18695,27.88194],[85.18688,27.88214],[85.18631,27.88252],[85.18613,27.88258],[85.18527,27.88264],[85.18511,27.88245],[85.18511,27.88236],[85.18568,27.88221],[85.1861,27.88179],[85.18578,27.88172],[85.18549,27.88154],[85.1853,27.88164],[85.18523,27.88162],[85.18512,27.88095],[85.18522,27.88087],[85.18542,27.88084],[85.18615,27.881],[85.18637,27.88099],[85.18713,27.88007],[85.18717,27.88016],[85.18713,27.88031],[85.18667,27.88107],[85.18659,27.8813],[85.18663,27.88155],[85.18688,27.88175]]],[[[85.23228,27.8916],[85.23232,27.89166],[85.23225,27.89167],[85.23223,27.89162],[85.23228,27.8916]]],[[[85.23219,27.89168],[85.23223,27.89174],[85.23216,27.89175],[85.23214,27.8917],[85.23219,27.89168]]],[[[85.1765,27.89334],[85.17653,27.8934],[85.17646,27.89342],[85.17645,27.89336],[85.1765,27.89334]]],[[[85.17727,27.89358],[85.17733,27.8936],[85.17732,27.89365],[85.17717,27.89364],[85.17719,27.89359],[85.17727,27.89358]]],[[[85.17745,27.89367],[85.1776,27.89381],[85.1775,27.89394],[85.17745,27.89392],[85.17739,27.89373],[85.17745,27.89367]]],[[[85.17777,27.89394],[85.17804,27.89415],[85.17814,27.89429],[85.17815,27.89449],[85.17806,27.89477],[85.17809,27.89487],[85.17824,27.89505],[85.17823,27.89517],[85.17817,27.89523],[85.17808,27.89522],[85.178,27.89514],[85.17795,27.8949],[85.17781,27.89463],[85.17775,27.89434],[85.17778,27.89416],[85.17773,27.89398],[85.17777,27.89394]]],[[[85.17848,27.89549],[85.17851,27.89555],[85.17844,27.89556],[85.17842,27.89551],[85.17848,27.89549]]],[[[85.17848,27.89668],[85.17851,27.89674],[85.17844,27.89675],[85.17842,27.8967],[85.17848,27.89668]]],[[[85.16689,27.95584],[85.1669,27.95586],[85.16687,27.95586],[85.16689,27.95584]]],[[[85.18649,27.97029],[85.1865,27.97031],[85.18645,27.97031],[85.18649,27.97029]]],[[[85.23117,28.08783],[85.23121,28.08787],[85.2312,28.08792],[85.23117,28.08783]]],[[[85.26594,28.10007],[85.26594,28.10008],[85.26594,28.10007]]],[[[85.31315,28.14278],[85.31315,28.1428],[85.31315,28.14282],[85.31315,28.14278]]],[[[85.31321,28.14304],[85.31335,28.14308],[85.31337,28.14314],[85.31327,28.14314],[85.31321,28.14304]]],[[[85.31374,28.14361],[85.31392,28.14368],[85.31376,28.14365],[85.31374,28.14361]]],[[[85.31407,28.14372],[85.31416,28.14377],[85.31423,28.14385],[85.31407,28.14372]]],[[[85.3152,28.14429],[85.31519,28.14429],[85.3152,28.14429]]],[[[85.31896,28.14901],[85.31896,28.14907],[85.31894,28.14904],[85.31896,28.14901]]],[[[85.31887,28.14923],[85.31888,28.14925],[85.31885,28.14925],[85.31887,28.14923]]],[[[85.33498,28.17863],[85.33506,28.17871],[85.33496,28.17871],[85.33498,28.17863]]],[[[85.48558,28.34013],[85.48482,28.34035],[85.48364,28.34045],[85.48303,28.34044],[85.48267,28.34024],[85.48145,28.34006],[85.48099,28.34007],[85.48022,28.34019],[85.47963,28.34016],[85.47913,28.33996],[85.47813,28.33933],[85.4774,28.33882],[85.47701,28.33836],[85.47688,28.33828],[85.47609,28.3381],[85.47494,28.338],[85.47423,28.33789],[85.47326,28.33766],[85.47254,28.33742],[85.47232,28.33766],[85.47189,28.33775],[85.47184,28.3375],[85.47186,28.33711],[85.47123,28.33702],[85.47053,28.33699],[85.46885,28.33707],[85.4687,28.33712],[85.46846,28.33729],[85.46828,28.33733],[85.46733,28.33716],[85.46664,28.33723],[85.46556,28.33756],[85.46419,28.33825],[85.46365,28.33842],[85.4634,28.33855],[85.46293,28.33867],[85.46246,28.33863],[85.46187,28.33839],[85.46132,28.33851],[85.46059,28.33849],[85.46018,28.33854],[85.4599,28.33872],[85.45949,28.33929],[85.45916,28.33947],[85.45877,28.33955],[85.45862,28.33979],[85.45846,28.33992],[85.45828,28.33992],[85.45814,28.33986],[85.45807,28.33976],[85.458,28.33974],[85.45802,28.33982],[85.45788,28.33977],[85.45754,28.33991],[85.4574,28.33992],[85.45713,28.33991],[85.45686,28.33977],[85.45673,28.33984],[85.45685,28.33997],[85.45617,28.34029],[85.45606,28.34021],[85.45606,28.34009],[85.45617,28.34003],[85.45612,28.33997],[85.45593,28.34001],[85.45556,28.33994],[85.45554,28.33985],[85.45537,28.33972],[85.45514,28.33938],[85.45481,28.33916],[85.45465,28.33893],[85.45407,28.33894],[85.45373,28.33879],[85.45364,28.33857],[85.45347,28.33856],[85.45305,28.3384],[85.45259,28.33833],[85.45226,28.33839],[85.45186,28.33832],[85.4507,28.3378],[85.45022,28.33772],[85.44969,28.33746],[85.44922,28.33731],[85.44882,28.337],[85.44842,28.33686],[85.44818,28.33655],[85.4479,28.33651],[85.44759,28.3365],[85.44734,28.33657],[85.44727,28.33673],[85.4472,28.33731],[85.44732,28.338],[85.44727,28.33836],[85.44698,28.33868],[85.44669,28.33873],[85.44589,28.33877],[85.44558,28.33888],[85.445,28.33929],[85.44486,28.33953],[85.44447,28.33963],[85.44413,28.3395],[85.44306,28.33926],[85.44176,28.33885],[85.44046,28.33829],[85.44019,28.33794],[85.43991,28.33779],[85.43892,28.33766],[85.43851,28.33769],[85.43813,28.33778],[85.43795,28.33776],[85.43774,28.33753],[85.43752,28.33701],[85.43714,28.33661],[85.43474,28.33646],[85.43423,28.33635],[85.43367,28.33615],[85.43334,28.33593],[85.4325,28.3352],[85.43171,28.33484],[85.43146,28.33467],[85.43047,28.33349],[85.42981,28.33303],[85.42908,28.33225],[85.42873,28.33199],[85.42842,28.33184],[85.42781,28.33177],[85.42624,28.33198],[85.42537,28.33195],[85.42506,28.33188],[85.4245,28.33163],[85.4235,28.33136],[85.42215,28.33164],[85.42161,28.33167],[85.42117,28.33164],[85.42069,28.33153],[85.41998,28.33126],[85.41943,28.33114],[85.41869,28.33078],[85.41831,28.33053],[85.41772,28.33028],[85.41729,28.32995],[85.41687,28.32935],[85.41658,28.32911],[85.41633,28.329],[85.41598,28.32895],[85.41531,28.32898],[85.41407,28.32923],[85.41362,28.32926],[85.41333,28.32924],[85.41302,28.32911],[85.41276,28.32906],[85.41239,28.32905],[85.41203,28.32913],[85.41187,28.32909],[85.41176,28.32896],[85.41175,28.32878],[85.41182,28.32861],[85.412,28.3284],[85.41227,28.32795],[85.4123,28.32769],[85.41227,28.32726],[85.41214,28.32683],[85.41181,28.32629],[85.41164,28.32567],[85.41132,28.32506],[85.41124,28.32467],[85.41122,28.32417],[85.41099,28.32373],[85.41093,28.32346],[85.41105,28.32271],[85.411,28.3214],[85.41115,28.32077],[85.41117,28.32047],[85.41147,28.31999],[85.41163,28.3196],[85.4117,28.31911],[85.41166,28.31832],[85.41173,28.31793],[85.41187,28.31759],[85.41218,28.31716],[85.41226,28.31683],[85.41227,28.31638],[85.41206,28.31531],[85.41206,28.31473],[85.41218,28.31368],[85.41208,28.31337],[85.41187,28.31302],[85.41165,28.31276],[85.41126,28.3124],[85.41113,28.31221],[85.41107,28.31197],[85.41108,28.31148],[85.41045,28.31044],[85.41012,28.31006],[85.40988,28.30905],[85.40968,28.30862],[85.40951,28.30845],[85.4092,28.30829],[85.40852,28.30813],[85.40827,28.30803],[85.40717,28.30726],[85.40701,28.30706],[85.40682,28.30666],[85.40675,28.30618],[85.40666,28.30594],[85.40598,28.30502],[85.40582,28.30462],[85.40533,28.30404],[85.40474,28.30353],[85.40405,28.30309],[85.40334,28.30276],[85.40283,28.30261],[85.40187,28.30243],[85.40136,28.30226],[85.40094,28.30203],[85.40058,28.30171],[85.40023,28.30152],[85.39989,28.301],[85.39971,28.30081],[85.39948,28.30031],[85.39919,28.3001],[85.39905,28.2999],[85.3987,28.29973],[85.39833,28.29944],[85.39789,28.29879],[85.3973,28.29811],[85.39679,28.29735],[85.39649,28.29707],[85.39609,28.29684],[85.39596,28.29672],[85.39576,28.29618],[85.39572,28.29578],[85.39539,28.29527],[85.39506,28.29435],[85.39484,28.29398],[85.39432,28.29329],[85.39377,28.29267],[85.39338,28.29237],[85.39321,28.29214],[85.39305,28.29205],[85.39286,28.29183],[85.39232,28.29144],[85.39153,28.29056],[85.39117,28.29027],[85.39043,28.28954],[85.38916,28.28853],[85.38833,28.28809],[85.38763,28.28755],[85.38687,28.28716],[85.3866,28.2869],[85.38638,28.2866],[85.38578,28.28622],[85.38533,28.28587],[85.38461,28.28507],[85.3838,28.28455],[85.38291,28.28379],[85.3811,28.28263],[85.38041,28.28199],[85.37953,28.28145],[85.37892,28.28093],[85.37845,28.28062],[85.37804,28.28093],[85.37759,28.28148],[85.37731,28.28193],[85.37714,28.28248],[85.37697,28.28278],[85.37659,28.28313],[85.37631,28.28352],[85.37593,28.28374],[85.3756,28.28408],[85.37494,28.28433],[85.37441,28.28467],[85.37394,28.28483],[85.37338,28.28523],[85.37224,28.28558],[85.37063,28.28633],[85.36987,28.28663],[85.3688,28.28673],[85.36785,28.28662],[85.36708,28.28665],[85.3667,28.28657],[85.3663,28.28633],[85.36587,28.28623],[85.36513,28.28634],[85.36479,28.28631],[85.36398,28.28593],[85.36355,28.286],[85.36225,28.28591],[85.36074,28.28617],[85.35975,28.28621],[85.35859,28.28649],[85.35674,28.28681],[85.35605,28.28708],[85.35499,28.28726],[85.3544,28.28726],[85.35377,28.28708],[85.35324,28.28708],[85.35296,28.28701],[85.35209,28.28703],[85.35121,28.28726],[85.35082,28.28757],[85.35044,28.28776],[85.34992,28.28778],[85.34917,28.28804],[85.34893,28.28826],[85.34889,28.28857],[85.34881,28.28867],[85.34814,28.28886],[85.34775,28.28913],[85.34735,28.28964],[85.34748,28.29014],[85.34749,28.29141],[85.34764,28.29166],[85.348,28.2919],[85.34829,28.29237],[85.34851,28.29317],[85.34853,28.29435],[85.34869,28.29493],[85.34896,28.29518],[85.34895,28.29541],[85.3491,28.29565],[85.34909,28.29586],[85.34886,28.2964],[85.34881,28.29664],[85.3488,28.29703],[85.34888,28.29753],[85.34884,28.2978],[85.34835,28.29842],[85.34841,28.29896],[85.34854,28.29938],[85.34858,28.29979],[85.34848,28.30019],[85.34844,28.30072],[85.34824,28.30147],[85.34831,28.30181],[85.34822,28.302],[85.34818,28.30227],[85.34798,28.30253],[85.34786,28.30286],[85.3475,28.3034],[85.34711,28.30412],[85.34694,28.30463],[85.34674,28.30493],[85.34658,28.30535],[85.34628,28.30577],[85.34624,28.30605],[85.34634,28.30649],[85.34634,28.30671],[85.34622,28.30704],[85.34596,28.30745],[85.34573,28.30832],[85.34575,28.30941],[85.34596,28.30991],[85.34596,28.31025],[85.34601,28.31054],[85.34597,28.31068],[85.34577,28.31093],[85.34574,28.31117],[85.3458,28.31142],[85.34615,28.31187],[85.34612,28.31224],[85.34587,28.31265],[85.34543,28.313],[85.34539,28.31314],[85.34542,28.31345],[85.34535,28.31363],[85.34519,28.31371],[85.34502,28.31361],[85.34495,28.3134],[85.34502,28.31297],[85.34534,28.31255],[85.34572,28.31244],[85.34586,28.31211],[85.34555,28.31143],[85.3455,28.31116],[85.34563,28.31011],[85.34553,28.30967],[85.34552,28.30851],[85.34564,28.30787],[85.34592,28.30732],[85.34598,28.30704],[85.34595,28.30671],[85.34581,28.30637],[85.34576,28.30608],[85.34603,28.30548],[85.34644,28.30515],[85.34655,28.30485],[85.34676,28.30453],[85.34692,28.30394],[85.34754,28.30292],[85.34757,28.3028],[85.3475,28.30252],[85.34759,28.30218],[85.34748,28.30211],[85.34702,28.30217],[85.34613,28.30241],[85.34535,28.30221],[85.34498,28.30218],[85.3446,28.30222],[85.34397,28.30241],[85.34339,28.30267],[85.3427,28.30273],[85.3424,28.30281],[85.34196,28.30315],[85.34142,28.30342],[85.34135,28.30337],[85.34145,28.30316],[85.34157,28.30304],[85.34219,28.30272],[85.3425,28.30242],[85.3432,28.30235],[85.3436,28.30211],[85.34413,28.30197],[85.34533,28.30186],[85.34629,28.30188],[85.34654,28.30173],[85.34691,28.30162],[85.34725,28.30145],[85.34763,28.30112],[85.34765,28.30091],[85.34747,28.30068],[85.34725,28.29964],[85.34732,28.29897],[85.3476,28.29839],[85.34758,28.29793],[85.34787,28.29756],[85.34792,28.29743],[85.34789,28.29723],[85.34775,28.29699],[85.34772,28.29685],[85.34786,28.2963],[85.34777,28.29548],[85.34781,28.29507],[85.3478,28.29423],[85.34758,28.2931],[85.34732,28.29264],[85.34723,28.29236],[85.34693,28.29194],[85.34677,28.2915],[85.34675,28.29091],[85.34683,28.28985],[85.34692,28.28947],[85.34707,28.28916],[85.34744,28.28881],[85.34782,28.2883],[85.34822,28.28799],[85.34854,28.28762],[85.34872,28.28751],[85.34957,28.28741],[85.3504,28.28713],[85.3511,28.287],[85.35187,28.28672],[85.35257,28.28654],[85.35337,28.2861],[85.35378,28.28607],[85.35495,28.28646],[85.35536,28.28646],[85.35631,28.28627],[85.35705,28.28599],[85.35739,28.28581],[85.35812,28.28556],[85.35929,28.28542],[85.36002,28.28551],[85.36093,28.28547],[85.36154,28.2853],[85.36198,28.28512],[85.36273,28.28501],[85.36368,28.28505],[85.36504,28.28536],[85.36669,28.28544],[85.36731,28.28531],[85.36802,28.28528],[85.36916,28.28513],[85.36961,28.28502],[85.37039,28.28464],[85.37111,28.28454],[85.3714,28.28443],[85.37166,28.28424],[85.37202,28.28378],[85.3724,28.28345],[85.37279,28.28322],[85.37335,28.28302],[85.37355,28.28289],[85.37395,28.2822],[85.37421,28.28198],[85.37463,28.28172],[85.37481,28.28119],[85.3748,28.28074],[85.37516,28.28042],[85.37533,28.27965],[85.37548,28.27953],[85.37586,28.27946],[85.376,28.27936],[85.37596,28.27912],[85.37573,28.27877],[85.3757,28.2786],[85.37574,28.27841],[85.37597,28.27811],[85.37603,28.27789],[85.37604,28.27714],[85.37596,28.27701],[85.37552,28.27666],[85.3754,28.27646],[85.37538,28.27624],[85.37559,28.27604],[85.37565,28.2758],[85.37561,28.27565],[85.3754,28.27531],[85.37534,28.275],[85.37541,28.27477],[85.37566,28.27454],[85.37588,28.27422],[85.37608,28.27381],[85.37622,28.27309],[85.37623,28.27265],[85.3762,28.27226],[85.37603,28.27147],[85.37568,28.27077],[85.37575,28.26981],[85.3757,28.26942],[85.37542,28.26901],[85.37513,28.2681],[85.37504,28.2673],[85.37498,28.26722],[85.3748,28.26717],[85.37437,28.26678],[85.37382,28.26662],[85.37347,28.26639],[85.37301,28.26596],[85.37252,28.2653],[85.37201,28.26499],[85.37175,28.26452],[85.37142,28.26433],[85.37134,28.26413],[85.37161,28.26345],[85.37146,28.26288],[85.37059,28.26162],[85.37027,28.26106],[85.37008,28.2609],[85.36959,28.26074],[85.36944,28.26045],[85.36934,28.26039],[85.36867,28.26025],[85.36806,28.26029],[85.36766,28.26013],[85.36747,28.25997],[85.36715,28.25954],[85.36663,28.25919],[85.36634,28.25884],[85.36516,28.25842],[85.36483,28.25812],[85.36452,28.25767],[85.36419,28.25735],[85.36409,28.25708],[85.36401,28.25644],[85.36381,28.25593],[85.36375,28.25558],[85.36378,28.2551],[85.36395,28.25447],[85.36402,28.25379],[85.364,28.25358],[85.36379,28.25306],[85.36364,28.25284],[85.36343,28.25265],[85.36338,28.2525],[85.36351,28.25217],[85.36357,28.25175],[85.36385,28.25113],[85.36394,28.2508],[85.36393,28.24964],[85.36383,28.24944],[85.36319,28.24871],[85.36288,28.24791],[85.36272,28.2477],[85.36254,28.24723],[85.36245,28.24712],[85.36224,28.247],[85.36173,28.24691],[85.36159,28.24683],[85.36106,28.24641],[85.36055,28.2458],[85.36016,28.24544],[85.35981,28.24522],[85.35914,28.24495],[85.35865,28.2446],[85.35841,28.24437],[85.35823,28.24407],[85.35782,28.2438],[85.35754,28.24347],[85.35731,28.24307],[85.35693,28.24218],[85.35681,28.24158],[85.3568,28.24127],[85.35702,28.24007],[85.35706,28.23955],[85.3572,28.23906],[85.3572,28.23851],[85.35706,28.23797],[85.35702,28.23757],[85.35714,28.23654],[85.35726,28.23623],[85.35747,28.23591],[85.35835,28.235],[85.35857,28.23445],[85.359,28.23372],[85.35928,28.23344],[85.35942,28.23323],[85.35957,28.23279],[85.35961,28.23176],[85.3595,28.23141],[85.35951,28.23115],[85.35969,28.23026],[85.35972,28.22979],[85.35993,28.22912],[85.35997,28.22773],[85.36021,28.2272],[85.36038,28.22628],[85.36039,28.22573],[85.36026,28.22506],[85.36025,28.22452],[85.36016,28.22414],[85.35965,28.22312],[85.35908,28.22252],[85.35838,28.22204],[85.35807,28.22174],[85.35783,28.22137],[85.35756,28.22081],[85.35703,28.22001],[85.35686,28.21984],[85.35636,28.2195],[85.35602,28.21916],[85.3557,28.2187],[85.35536,28.21834],[85.35495,28.21757],[85.35445,28.21713],[85.35425,28.21684],[85.35412,28.21656],[85.35404,28.21619],[85.354,28.21537],[85.35392,28.21481],[85.35392,28.21388],[85.35379,28.21318],[85.3539,28.21209],[85.35355,28.21097],[85.35348,28.21059],[85.35326,28.21028],[85.35312,28.20993],[85.35289,28.20961],[85.35271,28.20946],[85.35267,28.20935],[85.35272,28.20922],[85.35296,28.20909],[85.35302,28.20901],[85.35299,28.20861],[85.35314,28.20862],[85.35307,28.2085],[85.35327,28.20843],[85.35306,28.20831],[85.35309,28.20797],[85.35327,28.20791],[85.35326,28.20774],[85.35356,28.20771],[85.35361,28.20766],[85.35362,28.20754],[85.35377,28.20757],[85.35384,28.20745],[85.35387,28.20724],[85.35383,28.20693],[85.35398,28.20676],[85.35381,28.20662],[85.35375,28.20648],[85.35389,28.2064],[85.35393,28.20625],[85.35389,28.20609],[85.35403,28.20602],[85.35405,28.20596],[85.35382,28.20581],[85.35378,28.2052],[85.35336,28.205],[85.35321,28.20467],[85.35289,28.20456],[85.35275,28.20429],[85.35246,28.20396],[85.35235,28.20345],[85.35223,28.2033],[85.35222,28.20313],[85.35194,28.20281],[85.35195,28.2023],[85.35191,28.2019],[85.35196,28.20149],[85.3518,28.20127],[85.35177,28.20115],[85.35191,28.20064],[85.35183,28.20019],[85.35191,28.2],[85.35178,28.19983],[85.35186,28.19958],[85.35169,28.19942],[85.35143,28.1989],[85.35143,28.19866],[85.35127,28.19847],[85.35122,28.19825],[85.35101,28.19813],[85.35069,28.19759],[85.35054,28.19742],[85.35029,28.19733],[85.34981,28.19725],[85.34954,28.19699],[85.34935,28.19635],[85.34949,28.19614],[85.34924,28.1958],[85.34916,28.19556],[85.34917,28.19526],[85.34898,28.19484],[85.349,28.19454],[85.34891,28.19442],[85.34888,28.19425],[85.34847,28.19378],[85.34834,28.1934],[85.34804,28.19286],[85.34801,28.1927],[85.34792,28.19251],[85.34795,28.19228],[85.34774,28.19203],[85.34769,28.19153],[85.34751,28.19126],[85.34732,28.19115],[85.34718,28.19084],[85.34689,28.19067],[85.34701,28.1904],[85.34699,28.19031],[85.34664,28.19009],[85.34619,28.18963],[85.34593,28.18944],[85.34582,28.18878],[85.3456,28.1885],[85.34542,28.18811],[85.34518,28.18789],[85.34517,28.18743],[85.34509,28.18724],[85.34507,28.18695],[85.34489,28.18682],[85.34481,28.18657],[85.34464,28.18638],[85.34438,28.18624],[85.34427,28.18606],[85.3441,28.18593],[85.34407,28.18584],[85.34411,28.18571],[85.34387,28.18544],[85.34391,28.18521],[85.3437,28.18501],[85.34334,28.18477],[85.34332,28.18431],[85.34325,28.18414],[85.34305,28.18398],[85.34293,28.18367],[85.34264,28.18349],[85.34242,28.18327],[85.34242,28.18307],[85.34225,28.18287],[85.34214,28.18257],[85.3419,28.18249],[85.34171,28.18249],[85.34114,28.18266],[85.34057,28.18293],[85.33998,28.18307],[85.33956,28.18303],[85.33946,28.1831],[85.33934,28.18333],[85.33918,28.18334],[85.33904,28.18326],[85.33867,28.18284],[85.33844,28.18269],[85.33764,28.18265],[85.33715,28.18251],[85.33678,28.18227],[85.33656,28.18208],[85.33652,28.18188],[85.33661,28.18159],[85.33655,28.18149],[85.33617,28.18129],[85.33587,28.18121],[85.33567,28.18104],[85.33523,28.18099],[85.33507,28.18088],[85.33513,28.18078],[85.33534,28.18068],[85.33577,28.18069],[85.336,28.18075],[85.33626,28.18093],[85.33679,28.18114],[85.33764,28.18117],[85.33781,28.18126],[85.33796,28.18142],[85.33822,28.18143],[85.33824,28.18137],[85.33829,28.18137],[85.33847,28.18152],[85.33877,28.18151],[85.33913,28.1816],[85.33933,28.18157],[85.3395,28.18165],[85.33998,28.18154],[85.3404,28.18137],[85.34055,28.18113],[85.34065,28.18087],[85.34076,28.18084],[85.34089,28.1807],[85.34107,28.1807],[85.34104,28.18055],[85.34111,28.18043],[85.34133,28.18033],[85.34132,28.18015],[85.34149,28.17983],[85.34148,28.17956],[85.34169,28.17944],[85.34177,28.17927],[85.34174,28.17915],[85.34184,28.17902],[85.34184,28.17889],[85.34205,28.17871],[85.342,28.17837],[85.34212,28.17827],[85.34213,28.17806],[85.34206,28.17792],[85.34209,28.17759],[85.34216,28.1775],[85.34207,28.1774],[85.34205,28.17709],[85.34193,28.17682],[85.34198,28.17654],[85.34179,28.17619],[85.34183,28.17593],[85.34175,28.17574],[85.34192,28.17541],[85.3419,28.17524],[85.34197,28.17493],[85.3419,28.17428],[85.342,28.17395],[85.34202,28.17369],[85.34197,28.17344],[85.34205,28.17324],[85.34189,28.17283],[85.34193,28.17259],[85.34204,28.17238],[85.34194,28.17211],[85.34196,28.17163],[85.34191,28.17144],[85.34195,28.1711],[85.34202,28.17097],[85.3419,28.17081],[85.34191,28.17064],[85.34184,28.1705],[85.34174,28.16989],[85.3416,28.16961],[85.34168,28.16937],[85.34158,28.16907],[85.34158,28.1685],[85.34147,28.16822],[85.34155,28.16793],[85.34153,28.16756],[85.34135,28.16706],[85.34134,28.16695],[85.34117,28.16692],[85.34099,28.16676],[85.34083,28.16649],[85.34102,28.16602],[85.34122,28.16605],[85.34133,28.16587],[85.34131,28.16579],[85.34064,28.16533],[85.34048,28.16509],[85.33922,28.16516],[85.33842,28.16494],[85.33797,28.16466],[85.33761,28.16467],[85.33732,28.16455],[85.33722,28.16463],[85.33711,28.1646],[85.33718,28.16446],[85.33715,28.16435],[85.33705,28.16425],[85.33684,28.16422],[85.33686,28.16402],[85.33657,28.16408],[85.33647,28.16392],[85.33648,28.16384],[85.33663,28.16381],[85.33668,28.16362],[85.33656,28.16268],[85.33653,28.16265],[85.33638,28.16269],[85.33633,28.16262],[85.33635,28.16254],[85.33651,28.16249],[85.33651,28.1624],[85.3364,28.16229],[85.33619,28.16228],[85.33606,28.16201],[85.33553,28.16162],[85.33541,28.16144],[85.33539,28.16125],[85.33527,28.16096],[85.33512,28.16073],[85.33507,28.16037],[85.33489,28.16],[85.33445,28.15949],[85.33345,28.15919],[85.33301,28.15916],[85.3329,28.15904],[85.33283,28.1588],[85.33247,28.15868],[85.33192,28.15837],[85.33177,28.15817],[85.33172,28.15772],[85.33164,28.15763],[85.33072,28.15722],[85.33061,28.15673],[85.33045,28.1565],[85.33032,28.15644],[85.33005,28.15642],[85.3298,28.15627],[85.32919,28.15618],[85.32863,28.15557],[85.32852,28.15539],[85.32838,28.15529],[85.3282,28.15536],[85.32818,28.15557],[85.32811,28.1556],[85.328,28.15546],[85.32812,28.1553],[85.32807,28.15501],[85.32762,28.15442],[85.32729,28.15408],[85.32682,28.15384],[85.32674,28.15375],[85.3267,28.15358],[85.3265,28.15345],[85.32643,28.15331],[85.32624,28.15325],[85.32587,28.15295],[85.3254,28.15271],[85.32525,28.15254],[85.32492,28.15238],[85.32483,28.15222],[85.32464,28.15214],[85.32465,28.15201],[85.32453,28.15187],[85.32456,28.15174],[85.32441,28.15152],[85.32446,28.15132],[85.3244,28.1512],[85.32409,28.15107],[85.32383,28.15118],[85.3235,28.15118],[85.323,28.15114],[85.3227,28.15105],[85.32208,28.15108],[85.32188,28.15102],[85.32085,28.15029],[85.32091,28.15008],[85.32087,28.14999],[85.32056,28.14989],[85.32042,28.14973],[85.32038,28.14961],[85.32017,28.14953],[85.31993,28.14926],[85.31976,28.14924],[85.31934,28.14936],[85.3189,28.14921],[85.31899,28.14909],[85.31913,28.1492],[85.31928,28.14924],[85.31924,28.14916],[85.31925,28.14884],[85.3192,28.14877],[85.31884,28.14875],[85.3186,28.14859],[85.31715,28.14798],[85.31666,28.14768],[85.31677,28.14745],[85.31676,28.14735],[85.3167,28.14729],[85.31621,28.14721],[85.31581,28.14701],[85.31538,28.14662],[85.31505,28.14661],[85.31463,28.14631],[85.31396,28.1461],[85.31302,28.14565],[85.31268,28.14535],[85.31219,28.14474],[85.31173,28.14446],[85.31157,28.14426],[85.31157,28.1441],[85.31178,28.14401],[85.31177,28.14377],[85.31165,28.14351],[85.31155,28.14288],[85.31146,28.14276],[85.31133,28.14281],[85.31138,28.14298],[85.3112,28.14311],[85.31117,28.14335],[85.31094,28.14333],[85.31073,28.14321],[85.31032,28.14314],[85.3102,28.14316],[85.31018,28.14329],[85.31006,28.14332],[85.30993,28.14319],[85.30968,28.14316],[85.30919,28.14281],[85.3091,28.14265],[85.30886,28.14257],[85.30869,28.14244],[85.30867,28.14233],[85.30872,28.14214],[85.30866,28.14205],[85.3085,28.14201],[85.3081,28.14202],[85.30764,28.14188],[85.30723,28.14166],[85.30715,28.14142],[85.30681,28.1411],[85.30603,28.1401],[85.30571,28.13977],[85.30552,28.13935],[85.30514,28.13905],[85.30493,28.13878],[85.30445,28.1387],[85.30429,28.13859],[85.30427,28.13846],[85.30439,28.13799],[85.30452,28.13774],[85.30451,28.13763],[85.30413,28.13721],[85.30398,28.13688],[85.30407,28.13681],[85.30406,28.13671],[85.30378,28.13635],[85.30359,28.13596],[85.30344,28.13581],[85.30285,28.13494],[85.30244,28.13463],[85.30242,28.13435],[85.3022,28.13418],[85.30203,28.13392],[85.30197,28.13364],[85.30187,28.13356],[85.30153,28.13349],[85.30103,28.13327],[85.30067,28.13294],[85.30031,28.13235],[85.2997,28.13219],[85.29955,28.13208],[85.29951,28.13179],[85.29975,28.13117],[85.29957,28.13051],[85.29959,28.12998],[85.29949,28.12952],[85.29931,28.12934],[85.2988,28.12912],[85.29859,28.12895],[85.2978,28.12735],[85.29762,28.12711],[85.29726,28.12678],[85.29666,28.12634],[85.29599,28.12607],[85.29483,28.1258],[85.29458,28.12568],[85.29445,28.12554],[85.29427,28.12518],[85.29385,28.12494],[85.29354,28.12482],[85.29333,28.12457],[85.29242,28.12372],[85.29236,28.12362],[85.29234,28.12341],[85.29209,28.12296],[85.29169,28.12263],[85.29119,28.12232],[85.29081,28.12215],[85.29036,28.12182],[85.28957,28.12151],[85.28908,28.12138],[85.28868,28.1212],[85.28831,28.12111],[85.28809,28.12098],[85.288,28.12073],[85.28803,28.1204],[85.28836,28.11989],[85.28836,28.11971],[85.2883,28.11963],[85.28819,28.11961],[85.28783,28.11976],[85.28757,28.11965],[85.28752,28.11952],[85.28753,28.11909],[85.28742,28.11895],[85.28716,28.11879],[85.28644,28.11856],[85.28573,28.11849],[85.28539,28.1182],[85.28505,28.11807],[85.28464,28.11783],[85.28389,28.11785],[85.28369,28.11767],[85.28361,28.11746],[85.28352,28.11737],[85.28317,28.11723],[85.28297,28.11709],[85.28275,28.11704],[85.28264,28.11676],[85.28254,28.11664],[85.28212,28.11663],[85.2819,28.11656],[85.28183,28.11636],[85.28151,28.11613],[85.28156,28.11591],[85.28147,28.11554],[85.28129,28.11518],[85.28112,28.11503],[85.28107,28.11485],[85.28097,28.11477],[85.28102,28.11468],[85.2809,28.11455],[85.28091,28.11441],[85.28081,28.11425],[85.28081,28.11415],[85.28029,28.11403],[85.28033,28.11378],[85.28053,28.11353],[85.28052,28.11338],[85.2804,28.11324],[85.27997,28.1132],[85.27975,28.11326],[85.27929,28.11288],[85.27893,28.11286],[85.27826,28.1127],[85.27795,28.11279],[85.27765,28.11308],[85.2774,28.11318],[85.27714,28.11321],[85.27689,28.11311],[85.27681,28.11298],[85.27688,28.11262],[85.27682,28.11234],[85.27686,28.11221],[85.27701,28.11206],[85.27696,28.11181],[85.27677,28.11165],[85.27669,28.11142],[85.27645,28.11142],[85.27639,28.11138],[85.27627,28.11097],[85.27578,28.11074],[85.27501,28.11002],[85.27478,28.10957],[85.2747,28.10919],[85.27439,28.10881],[85.27429,28.10844],[85.27404,28.10796],[85.27363,28.10765],[85.27339,28.10761],[85.273,28.10763],[85.27265,28.10739],[85.27217,28.10727],[85.27208,28.10716],[85.272,28.10684],[85.27169,28.10669],[85.27139,28.1063],[85.27104,28.1061],[85.27067,28.10557],[85.2704,28.10496],[85.26985,28.10437],[85.26911,28.10401],[85.26863,28.10371],[85.26735,28.10313],[85.26684,28.1028],[85.26671,28.1027],[85.26644,28.1023],[85.26567,28.1018],[85.26393,28.10038],[85.2634,28.09949],[85.26354,28.09892],[85.26334,28.09839],[85.26324,28.09826],[85.26241,28.09791],[85.26213,28.09798],[85.26181,28.09789],[85.26158,28.09779],[85.26125,28.09741],[85.26091,28.09738],[85.26053,28.09718],[85.2605,28.09712],[85.26055,28.09696],[85.2605,28.09675],[85.25997,28.09624],[85.25981,28.09614],[85.25953,28.09604],[85.25853,28.09585],[85.25724,28.09581],[85.25665,28.09565],[85.25531,28.09546],[85.25418,28.09494],[85.25385,28.09455],[85.25359,28.09436],[85.25205,28.09365],[85.25153,28.09332],[85.25059,28.09323],[85.25017,28.0933],[85.24966,28.0933],[85.24909,28.09303],[85.24798,28.09278],[85.24719,28.09277],[85.24691,28.09291],[85.2463,28.09298],[85.24554,28.09286],[85.24426,28.09282],[85.2423,28.09286],[85.24189,28.09276],[85.2409,28.09273],[85.2407,28.09276],[85.23963,28.09343],[85.23945,28.09322],[85.23934,28.09284],[85.23919,28.09258],[85.23863,28.09226],[85.23735,28.09202],[85.23685,28.09216],[85.23638,28.09223],[85.23536,28.0919],[85.23455,28.09181],[85.23429,28.0914],[85.23418,28.0913],[85.23295,28.09078],[85.23208,28.09061],[85.23148,28.09024],[85.23115,28.09011],[85.23103,28.08999],[85.23085,28.08963],[85.2305,28.08928],[85.23019,28.08907],[85.22974,28.08892],[85.22951,28.08879],[85.22877,28.08824],[85.22851,28.08794],[85.22776,28.08781],[85.22743,28.08769],[85.22731,28.08736],[85.22682,28.08707],[85.22649,28.08681],[85.22632,28.08654],[85.2261,28.08632],[85.22601,28.08551],[85.22587,28.08519],[85.22499,28.0846],[85.2246,28.08425],[85.22439,28.08418],[85.22403,28.08424],[85.22344,28.08409],[85.22307,28.08385],[85.22278,28.08344],[85.22259,28.08327],[85.22129,28.08279],[85.22115,28.08269],[85.22104,28.08249],[85.22089,28.08239],[85.22049,28.08223],[85.22009,28.08222],[85.21955,28.08213],[85.21862,28.08174],[85.21818,28.08125],[85.2177,28.08105],[85.21752,28.0809],[85.21712,28.08022],[85.21696,28.07984],[85.21675,28.07971],[85.21625,28.07957],[85.21617,28.07945],[85.2161,28.07913],[85.21598,28.07896],[85.21577,28.07881],[85.21529,28.07864],[85.21506,28.07838],[85.2144,28.07785],[85.2141,28.07749],[85.21401,28.0773],[85.2138,28.07713],[85.21372,28.07691],[85.21353,28.07676],[85.21283,28.0764],[85.21229,28.07626],[85.21191,28.07609],[85.21165,28.07606],[85.21108,28.07563],[85.20995,28.07529],[85.20947,28.07499],[85.20906,28.07482],[85.20884,28.07466],[85.20864,28.07442],[85.20844,28.07433],[85.20824,28.07412],[85.20781,28.07386],[85.20769,28.07372],[85.20761,28.0735],[85.20724,28.07312],[85.20647,28.07262],[85.20639,28.0723],[85.20641,28.07175],[85.20591,28.07089],[85.20571,28.07045],[85.20484,28.06909],[85.2047,28.06876],[85.2046,28.06828],[85.20461,28.06702],[85.20468,28.06621],[85.20484,28.06545],[85.20503,28.0651],[85.20547,28.06459],[85.20569,28.06414],[85.20592,28.0638],[85.20598,28.06356],[85.20605,28.06259],[85.20636,28.06147],[85.20642,28.06109],[85.20653,28.06083],[85.20683,28.06043],[85.20692,28.06005],[85.20694,28.05955],[85.20702,28.05918],[85.20744,28.05864],[85.20751,28.05849],[85.20758,28.0575],[85.20733,28.05622],[85.20702,28.05533],[85.20684,28.05503],[85.20634,28.05441],[85.206,28.05382],[85.2054,28.05325],[85.20488,28.05264],[85.2043,28.05178],[85.20353,28.0511],[85.20324,28.05064],[85.20284,28.05027],[85.20261,28.04987],[85.20238,28.04966],[85.20204,28.04885],[85.20141,28.04792],[85.20112,28.04722],[85.20088,28.04689],[85.20014,28.04634],[85.19939,28.0456],[85.19841,28.04503],[85.1976,28.04425],[85.19671,28.04376],[85.19622,28.04335],[85.19566,28.04278],[85.19504,28.04242],[85.19479,28.04209],[85.19455,28.04161],[85.19409,28.04114],[85.19374,28.04047],[85.19342,28.04008],[85.19307,28.03934],[85.19308,28.03851],[85.19265,28.03767],[85.19257,28.0373],[85.19255,28.03679],[85.19258,28.03631],[85.19273,28.03547],[85.19289,28.0351],[85.19278,28.03438],[85.19255,28.03393],[85.19249,28.03365],[85.19251,28.03336],[85.19267,28.03294],[85.19268,28.03202],[85.1926,28.03117],[85.19267,28.03056],[85.19247,28.03014],[85.19229,28.02955],[85.19194,28.02915],[85.19155,28.02892],[85.19125,28.02868],[85.19053,28.0284],[85.19004,28.02804],[85.18958,28.02785],[85.18921,28.02759],[85.18886,28.02752],[85.18838,28.02765],[85.18797,28.02767],[85.18765,28.02764],[85.18729,28.02754],[85.18719,28.02742],[85.18711,28.02701],[85.18678,28.02667],[85.18643,28.02653],[85.18618,28.02635],[85.18581,28.02623],[85.18531,28.02596],[85.18503,28.02575],[85.18463,28.02569],[85.18458,28.02561],[85.18459,28.0255],[85.18485,28.02512],[85.18476,28.02479],[85.18479,28.02452],[85.18468,28.02426],[85.18462,28.02389],[85.18435,28.02376],[85.18424,28.02342],[85.18396,28.02323],[85.184,28.02297],[85.18393,28.02248],[85.18401,28.02199],[85.18396,28.02184],[85.18371,28.02153],[85.18367,28.02079],[85.18338,28.02057],[85.18312,28.02053],[85.18274,28.02036],[85.18236,28.02039],[85.18224,28.02023],[85.18224,28.02009],[85.18229,28.01996],[85.18261,28.01974],[85.18322,28.01955],[85.1834,28.01962],[85.18351,28.01978],[85.18365,28.01986],[85.18361,28.01968],[85.18367,28.01957],[85.18405,28.01943],[85.18433,28.01926],[85.18467,28.01886],[85.1846,28.01856],[85.1849,28.01838],[85.18542,28.01785],[85.18553,28.01729],[85.18501,28.01641],[85.1847,28.01612],[85.18455,28.01574],[85.18428,28.01538],[85.18412,28.01471],[85.18399,28.01451],[85.18365,28.01425],[85.18305,28.01394],[85.18278,28.01387],[85.18234,28.01386],[85.18206,28.01359],[85.18195,28.01331],[85.182,28.01285],[85.18196,28.01243],[85.18198,28.01193],[85.18179,28.01155],[85.1816,28.01134],[85.18156,28.0112],[85.18173,28.01027],[85.18215,28.00931],[85.18242,28.00891],[85.1826,28.00824],[85.18267,28.00782],[85.1826,28.00748],[85.1827,28.00705],[85.18268,28.0066],[85.18301,28.00603],[85.18299,28.00556],[85.18314,28.00486],[85.18328,28.00447],[85.18327,28.00409],[85.18308,28.00379],[85.18311,28.00359],[85.18304,28.00338],[85.18308,28.00306],[85.18297,28.00279],[85.18299,28.00261],[85.18322,28.00209],[85.18308,28.00171],[85.18311,28.00133],[85.18305,28.00088],[85.18322,28.00051],[85.1833,28.00004],[85.18376,27.99936],[85.18403,27.99916],[85.18411,27.99904],[85.18414,27.99873],[85.18403,27.99834],[85.18403,27.99817],[85.18433,27.99734],[85.18417,27.99714],[85.18346,27.99673],[85.18301,27.99634],[85.18282,27.99607],[85.18261,27.99555],[85.18234,27.99519],[85.18227,27.99476],[85.18191,27.99403],[85.18181,27.99369],[85.18181,27.99337],[85.18166,27.993],[85.1816,27.99268],[85.18129,27.99211],[85.18102,27.99122],[85.18108,27.99044],[85.18117,27.99008],[85.18102,27.98988],[85.18064,27.98965],[85.18058,27.98952],[85.18058,27.98929],[85.18049,27.98916],[85.18033,27.98904],[85.17996,27.9889],[85.1798,27.98876],[85.17981,27.98838],[85.1797,27.98809],[85.17974,27.98768],[85.17964,27.98745],[85.17943,27.98714],[85.17937,27.98689],[85.17932,27.98555],[85.17878,27.98471],[85.17872,27.9845],[85.17871,27.98415],[85.17859,27.98412],[85.17819,27.98431],[85.17749,27.98423],[85.17678,27.98397],[85.17639,27.98409],[85.17601,27.98413],[85.17543,27.98407],[85.17502,27.98396],[85.17485,27.98383],[85.17451,27.9837],[85.17421,27.98338],[85.17387,27.98311],[85.17356,27.98271],[85.17346,27.98226],[85.17349,27.98212],[85.17356,27.98204],[85.17385,27.98199],[85.17447,27.98217],[85.17495,27.98248],[85.17536,27.98253],[85.17551,27.9825],[85.17587,27.98227],[85.176,27.98228],[85.17621,27.98242],[85.17638,27.98243],[85.1775,27.98232],[85.1777,27.98225],[85.17787,27.98212],[85.17827,27.9814],[85.17833,27.98091],[85.17846,27.98055],[85.17868,27.98022],[85.1791,27.97985],[85.17945,27.97941],[85.17954,27.97908],[85.17975,27.97879],[85.17997,27.97836],[85.18006,27.97798],[85.18038,27.97739],[85.18054,27.97685],[85.18092,27.97609],[85.1812,27.97567],[85.18126,27.97531],[85.18123,27.97506],[85.18112,27.97482],[85.1809,27.97459],[85.18073,27.97426],[85.1806,27.97357],[85.18075,27.9726],[85.18123,27.97223],[85.18128,27.97185],[85.18121,27.97179],[85.18082,27.97171],[85.18077,27.9714],[85.18048,27.97081],[85.17987,27.97012],[85.17961,27.97003],[85.17924,27.97005],[85.17895,27.97],[85.17872,27.97007],[85.17844,27.97008],[85.17794,27.9699],[85.17741,27.96991],[85.17736,27.96966],[85.17727,27.9695],[85.17716,27.96942],[85.17692,27.96941],[85.17664,27.96948],[85.17607,27.96927],[85.17594,27.96887],[85.17562,27.96829],[85.17544,27.96813],[85.17434,27.96778],[85.17353,27.9678],[85.17312,27.96775],[85.17283,27.96747],[85.17261,27.96736],[85.17245,27.96717],[85.17191,27.96698],[85.17176,27.96682],[85.17155,27.96678],[85.17152,27.9667],[85.1716,27.96652],[85.17149,27.96646],[85.17146,27.96637],[85.1716,27.96615],[85.17155,27.96597],[85.17158,27.9658],[85.17135,27.96544],[85.17132,27.96524],[85.17067,27.96503],[85.17046,27.96518],[85.17029,27.96518],[85.17021,27.9651],[85.17032,27.96487],[85.17025,27.96474],[85.16981,27.96466],[85.16943,27.96424],[85.16912,27.96425],[85.16878,27.96417],[85.1686,27.96409],[85.16848,27.96395],[85.1684,27.96376],[85.16831,27.96321],[85.16839,27.96282],[85.16851,27.96258],[85.16833,27.96245],[85.16832,27.96225],[85.16815,27.96203],[85.16834,27.96173],[85.16835,27.96162],[85.16823,27.96142],[85.16812,27.96102],[85.16764,27.96038],[85.16711,27.95928],[85.16638,27.95892],[85.16548,27.95872],[85.16501,27.95829],[85.16392,27.95783],[85.16362,27.95766],[85.16339,27.95742],[85.16322,27.95715],[85.16312,27.95688],[85.16308,27.95645],[85.16289,27.95602],[85.16274,27.95586],[85.16258,27.95578],[85.1625,27.95581],[85.16235,27.95605],[85.1621,27.95672],[85.16174,27.95707],[85.16132,27.9572],[85.16112,27.95707],[85.16109,27.95686],[85.16123,27.95649],[85.16134,27.95629],[85.16163,27.95598],[85.1617,27.95579],[85.16166,27.95532],[85.1613,27.95483],[85.1612,27.95447],[85.16126,27.9543],[85.1615,27.95413],[85.16169,27.95385],[85.16172,27.95311],[85.1618,27.9525],[85.16171,27.95187],[85.16165,27.95102],[85.16127,27.94898],[85.16116,27.94801],[85.16079,27.94751],[85.16011,27.947],[85.15998,27.94684],[85.15967,27.94586],[85.15933,27.94534],[85.15906,27.94479],[85.15843,27.94325],[85.1583,27.94303],[85.15773,27.94245],[85.15748,27.94205],[85.15726,27.94147],[85.15737,27.94103],[85.15737,27.94064],[85.15731,27.94034],[85.1571,27.93989],[85.1571,27.93927],[85.15571,27.93752],[85.15542,27.937],[85.15514,27.93669],[85.15499,27.93645],[85.15469,27.93623],[85.15382,27.9362],[85.15337,27.93609],[85.15311,27.93595],[85.15244,27.93545],[85.15197,27.93522],[85.15133,27.93501],[85.15087,27.93467],[85.14979,27.93442],[85.14916,27.93416],[85.14872,27.93393],[85.14849,27.93374],[85.148,27.93295],[85.14785,27.93261],[85.1475,27.93109],[85.14721,27.93044],[85.14717,27.93011],[85.14728,27.92997],[85.14769,27.92994],[85.14793,27.92977],[85.148,27.92948],[85.14797,27.92901],[85.14801,27.92867],[85.14816,27.92848],[85.14843,27.92841],[85.14853,27.92833],[85.14906,27.92747],[85.1493,27.92682],[85.14935,27.92617],[85.14928,27.926],[85.1487,27.9256],[85.14832,27.92514],[85.14802,27.92456],[85.14795,27.92415],[85.14755,27.92361],[85.14742,27.92307],[85.14724,27.9229],[85.14674,27.92278],[85.14656,27.92262],[85.14647,27.92239],[85.14657,27.92191],[85.14646,27.92171],[85.14628,27.92156],[85.14562,27.92143],[85.14504,27.92122],[85.14423,27.92121],[85.14341,27.92087],[85.14272,27.92073],[85.14252,27.92061],[85.1423,27.92037],[85.14176,27.92002],[85.14146,27.91968],[85.1411,27.9195],[85.14072,27.91921],[85.14051,27.91911],[85.13999,27.91907],[85.13963,27.91895],[85.13942,27.91909],[85.1393,27.91928],[85.13898,27.9196],[85.13879,27.9197],[85.13836,27.91971],[85.13756,27.91958],[85.13728,27.91967],[85.13706,27.91987],[85.13692,27.91994],[85.13656,27.92],[85.13638,27.91996],[85.13627,27.91983],[85.13628,27.91959],[85.13637,27.91934],[85.13657,27.91905],[85.13668,27.91861],[85.13631,27.9177],[85.13607,27.91745],[85.13534,27.9171],[85.13512,27.91687],[85.13485,27.91641],[85.13427,27.91602],[85.13396,27.91558],[85.1336,27.91489],[85.1335,27.91458],[85.1335,27.91444],[85.13369,27.91399],[85.13499,27.91287],[85.13523,27.91256],[85.13537,27.912],[85.13563,27.91153],[85.13587,27.91078],[85.1364,27.90995],[85.13697,27.90874],[85.13704,27.90823],[85.13697,27.90809],[85.1368,27.90795],[85.13679,27.90787],[85.13731,27.90758],[85.13753,27.90732],[85.13769,27.907],[85.1378,27.90663],[85.13799,27.90621],[85.13803,27.90598],[85.13796,27.90492],[85.13775,27.90455],[85.13769,27.90431],[85.1378,27.90324],[85.13774,27.90267],[85.13763,27.90245],[85.13731,27.90211],[85.13708,27.90174],[85.13685,27.90164],[85.13674,27.90153],[85.13666,27.90095],[85.13638,27.90052],[85.1361,27.89994],[85.13604,27.89943],[85.13623,27.89894],[85.13623,27.89859],[85.13599,27.89818],[85.13593,27.89788],[85.1357,27.89739],[85.13565,27.89701],[85.13538,27.89667],[85.1353,27.89645],[85.13531,27.89619],[85.13552,27.89581],[85.13553,27.89561],[85.13545,27.89537],[85.13516,27.89513],[85.13512,27.89495],[85.13526,27.89457],[85.13552,27.89413],[85.13553,27.89393],[85.13544,27.89356],[85.13543,27.89329],[85.13556,27.89281],[85.13577,27.89249],[85.13565,27.89217],[85.13556,27.8921],[85.13539,27.89207],[85.13528,27.8918],[85.13529,27.89128],[85.13544,27.89072],[85.13523,27.89043],[85.13513,27.89013],[85.13484,27.88977],[85.13484,27.88952],[85.13498,27.88928],[85.13417,27.8887],[85.13388,27.88867],[85.13377,27.88842],[85.13348,27.88826],[85.13258,27.88754],[85.13238,27.88723],[85.13223,27.8871],[85.13118,27.88657],[85.13095,27.88637],[85.13058,27.88621],[85.13035,27.88595],[85.12998,27.88574],[85.12932,27.88553],[85.12885,27.88468],[85.12771,27.88375],[85.12695,27.883],[85.1268,27.88279],[85.12666,27.88248],[85.12613,27.88185],[85.12589,27.88135],[85.12556,27.88028],[85.12548,27.8798],[85.12523,27.87922],[85.12511,27.87868],[85.12507,27.87823],[85.12496,27.87811],[85.12463,27.87793],[85.12433,27.87764],[85.12416,27.87736],[85.12403,27.87693],[85.12365,27.8763],[85.12312,27.87604],[85.12293,27.87583],[85.12271,27.87575],[85.12219,27.87587],[85.12155,27.87615],[85.12135,27.87614],[85.1212,27.87599],[85.12107,27.87557],[85.12025,27.87545],[85.11938,27.87511],[85.11905,27.87489],[85.11882,27.87444],[85.11791,27.87389],[85.11752,27.87354],[85.11622,27.8729],[85.11578,27.87276],[85.11548,27.87276],[85.11544,27.87284],[85.11544,27.87297],[85.11563,27.87352],[85.11598,27.87381],[85.11601,27.87398],[85.1159,27.87412],[85.11574,27.87418],[85.11549,27.87416],[85.11533,27.87408],[85.11508,27.87358],[85.11487,27.8734],[85.11472,27.87315],[85.11442,27.87302],[85.11436,27.87282],[85.11414,27.87268],[85.11406,27.8724],[85.11376,27.87199],[85.11366,27.87139],[85.11388,27.87028],[85.11385,27.86999],[85.11376,27.86987],[85.11341,27.86967],[85.11317,27.86936],[85.11292,27.86926],[85.11288,27.86889],[85.11278,27.86864],[85.1128,27.86846],[85.11268,27.86784],[85.11252,27.8676],[85.11223,27.86732],[85.11217,27.86716],[85.11205,27.86707],[85.11199,27.86689],[85.11178,27.86666],[85.11178,27.86648],[85.11133,27.86563],[85.11082,27.86512],[85.1103,27.86478],[85.11015,27.86445],[85.10971,27.86435],[85.10937,27.86408],[85.10922,27.86382],[85.10877,27.86325],[85.10838,27.86292],[85.10835,27.86268],[85.10821,27.86244],[85.10816,27.86224],[85.10789,27.86194],[85.10763,27.86128],[85.10693,27.86058],[85.10676,27.86033],[85.10624,27.85991],[85.10597,27.85958],[85.10559,27.85947],[85.10501,27.85943],[85.10434,27.85941],[85.10385,27.85948],[85.10338,27.85939],[85.10313,27.85941],[85.10285,27.85953],[85.10205,27.85963],[85.10144,27.85985],[85.10104,27.85994],[85.10023,27.85997],[85.0994,27.86031],[85.099,27.86041],[85.09863,27.86062],[85.09826,27.86074],[85.09732,27.86093],[85.09677,27.86091],[85.09669,27.86097],[85.09654,27.86122],[85.096,27.86141],[85.09562,27.86177],[85.09487,27.86224],[85.09478,27.86234],[85.09473,27.8626],[85.09482,27.86295],[85.09529,27.86291],[85.09553,27.86301],[85.09553,27.86309],[85.09532,27.86342],[85.09455,27.86345],[85.0943,27.86301],[85.09416,27.86288],[85.09406,27.86285],[85.09356,27.86327],[85.09294,27.86365],[85.09254,27.86372],[85.09167,27.86372],[85.09085,27.86333],[85.0906,27.86328],[85.09037,27.863],[85.09003,27.86298],[85.08955,27.86263],[85.08912,27.86243],[85.08874,27.86234],[85.08857,27.86219],[85.08848,27.86191],[85.08848,27.86129],[85.08869,27.86072],[85.08891,27.86043],[85.08894,27.86034],[85.08854,27.85979],[85.08849,27.85959],[85.08855,27.85938],[85.08849,27.85912],[85.08853,27.85898],[85.08834,27.8587],[85.08819,27.85836],[85.08807,27.85837],[85.08773,27.85852],[85.08706,27.85841],[85.08651,27.85807],[85.08605,27.85791],[85.08539,27.85783],[85.08518,27.85792],[85.08503,27.85792],[85.08494,27.85783],[85.0849,27.85763],[85.08476,27.8576],[85.08369,27.85772],[85.08353,27.85791],[85.08346,27.85793],[85.08275,27.85763],[85.08244,27.85764],[85.08203,27.85779],[85.08147,27.85768],[85.08132,27.85761],[85.08123,27.85745],[85.08102,27.85728],[85.07938,27.85685],[85.07906,27.8567],[85.07862,27.8564],[85.07806,27.85617],[85.07776,27.85596],[85.07771,27.85566],[85.07753,27.85552],[85.07731,27.85546],[85.07688,27.85545],[85.07559,27.85481],[85.07501,27.85473],[85.0743,27.85453],[85.07373,27.8545],[85.07326,27.8546],[85.07292,27.85479],[85.07255,27.85522],[85.0725,27.85544],[85.07272,27.85579],[85.07292,27.85601],[85.07322,27.85616],[85.07331,27.85626],[85.07334,27.85652],[85.07325,27.85682],[85.07292,27.85722],[85.07265,27.85737],[85.07248,27.85754],[85.07212,27.85805],[85.0718,27.85817],[85.07165,27.85843],[85.07143,27.85858],[85.07138,27.8587],[85.07142,27.85891],[85.07137,27.859],[85.07108,27.85909],[85.07051,27.85916],[85.06996,27.85951],[85.06981,27.85978],[85.06981,27.86011],[85.06995,27.86044],[85.06987,27.86065],[85.06958,27.86082],[85.06929,27.86081],[85.06896,27.86071],[85.06839,27.86034],[85.06822,27.86031],[85.06817,27.86044],[85.06834,27.86072],[85.06833,27.86095],[85.06794,27.86145],[85.06785,27.86172],[85.06771,27.86177],[85.06745,27.86172],[85.06713,27.86157],[85.06704,27.86145],[85.06695,27.86118],[85.06678,27.86095],[85.06595,27.86073],[85.06536,27.86071],[85.06456,27.86061],[85.063,27.86055],[85.06201,27.86061],[85.06176,27.86051],[85.06138,27.86045],[85.06023,27.86039],[85.05971,27.86043],[85.0592,27.86037],[85.0587,27.86017],[85.05803,27.86004],[85.05779,27.85992],[85.05757,27.85972],[85.05738,27.85947],[85.05711,27.859],[85.05685,27.85873],[85.05668,27.85862],[85.05637,27.8586],[85.05624,27.85853],[85.05596,27.85803],[85.05528,27.85797],[85.05463,27.85785],[85.05435,27.85775],[85.05379,27.85729],[85.05359,27.85699],[85.05345,27.85686],[85.05276,27.85652],[85.05201,27.85585],[85.05127,27.85556],[85.05054,27.85562],[85.04968,27.85551],[85.04933,27.85536],[85.04845,27.85513],[85.04814,27.85497],[85.04793,27.85496],[85.04749,27.85521],[85.04704,27.8556],[85.04661,27.85577],[85.04652,27.85595],[85.04644,27.85632],[85.04624,27.85666],[85.04614,27.85707],[85.04601,27.85718],[85.04573,27.85724],[85.04525,27.85724],[85.04476,27.8573],[85.04414,27.85727],[85.0437,27.85738],[85.04347,27.85738],[85.04296,27.85721],[85.04219,27.85717],[85.04156,27.85704],[85.04081,27.85677],[85.04,27.85636],[85.03988,27.85634],[85.03954,27.85645],[85.03912,27.85647],[85.03881,27.85641],[85.03833,27.85621],[85.03819,27.85619],[85.0376,27.85627],[85.03735,27.85637],[85.0373,27.85657],[85.03734,27.85704],[85.03728,27.85716],[85.03716,27.85719],[85.03704,27.85715],[85.03683,27.85694],[85.03648,27.85675],[85.03632,27.85658],[85.03626,27.85635],[85.03638,27.85601],[85.03625,27.8559],[85.03477,27.85567],[85.03399,27.85529],[85.03231,27.85512],[85.03173,27.85499],[85.03136,27.85484],[85.03076,27.85432],[85.03065,27.85392],[85.03053,27.85375],[85.02992,27.85344],[85.02942,27.85308],[85.02929,27.8529],[85.02921,27.85267],[85.02919,27.8523],[85.02903,27.85184],[85.02886,27.851],[85.02887,27.85011],[85.02848,27.84948],[85.02828,27.84936],[85.02779,27.84926],[85.02737,27.84887],[85.02699,27.84877],[85.02687,27.8488],[85.02684,27.84892],[85.02708,27.84912],[85.0271,27.84925],[85.02699,27.84928],[85.02665,27.84923],[85.02657,27.84929],[85.02651,27.84946],[85.0264,27.84956],[85.02624,27.84961],[85.02607,27.84958],[85.02547,27.84925],[85.02526,27.84908],[85.02518,27.84889],[85.02517,27.84848],[85.02499,27.84829],[85.02437,27.84804],[85.02383,27.84792],[85.02292,27.84751],[85.02235,27.84717],[85.02105,27.8467],[85.02052,27.84638],[85.02019,27.84642],[85.02007,27.8464],[85.01994,27.84622],[85.01989,27.84578],[85.01931,27.84506],[85.01911,27.8447],[85.01903,27.84436],[85.01873,27.84389],[85.0185,27.84316],[85.01849,27.84297],[85.01875,27.84218],[85.01881,27.84181],[85.01911,27.84132],[85.01911,27.84111],[85.01903,27.8408],[85.01906,27.84059],[85.01941,27.84012],[85.01969,27.83947],[85.02016,27.83894],[85.02061,27.83822],[85.02083,27.83753],[85.0213,27.83678],[85.02148,27.83637],[85.02149,27.8361],[85.02139,27.83599],[85.02108,27.83589],[85.02045,27.83558],[85.01984,27.83542],[85.01954,27.83526],[85.0189,27.83531],[85.0186,27.83521],[85.01816,27.83487],[85.01763,27.83417],[85.01741,27.83399],[85.01686,27.83369],[85.01678,27.8336],[85.01677,27.83349],[85.01692,27.83334],[85.01726,27.8333],[85.01761,27.83299],[85.01783,27.83297],[85.0181,27.83304],[85.01835,27.83324],[85.01869,27.83338],[85.01928,27.83344],[85.01986,27.83344],[85.02023,27.83351],[85.02056,27.83365],[85.02082,27.8339],[85.02095,27.83395],[85.0211,27.83392],[85.02118,27.83383],[85.02121,27.83332],[85.02082,27.83275],[85.02057,27.83224],[85.02033,27.83193],[85.02024,27.83173],[85.0195,27.83076],[85.01932,27.83043],[85.01921,27.82998],[85.01902,27.82969],[85.01896,27.82947],[85.01846,27.82874],[85.0181,27.82849],[85.01739,27.82837],[85.01694,27.82818],[85.01634,27.82779],[85.01578,27.82712],[85.01578,27.82667],[85.0159,27.82633],[85.01579,27.8259],[85.01584,27.82538],[85.01579,27.8253],[85.01558,27.82521],[85.01552,27.82505],[85.01556,27.82488],[85.01574,27.82464],[85.01575,27.82455],[85.01558,27.82442],[85.01512,27.82439],[85.01504,27.82429],[85.0151,27.82407],[85.01533,27.82392],[85.01561,27.82387],[85.01595,27.82399],[85.01605,27.82388],[85.01596,27.82342],[85.01569,27.82307],[85.01559,27.82282],[85.01575,27.82166],[85.01563,27.82104],[85.01536,27.82044],[85.01512,27.81928],[85.01468,27.81849],[85.01464,27.81785],[85.01447,27.81729],[85.01416,27.81663],[85.01392,27.81635],[85.01383,27.8161],[85.01365,27.81584],[85.01354,27.8155],[85.01335,27.81513],[85.01293,27.81472],[85.01248,27.814],[85.01207,27.81296],[85.0119,27.8123],[85.01157,27.81145],[85.01147,27.81102],[85.01145,27.8104],[85.01161,27.80961],[85.01184,27.8094],[85.01227,27.80924],[85.01271,27.8092],[85.01303,27.80898],[85.01314,27.80885],[85.01319,27.80865],[85.01317,27.8084],[85.01309,27.80817],[85.01293,27.80801],[85.01222,27.80778],[85.01076,27.80703],[85.00937,27.8065],[85.00877,27.80608],[85.0081,27.80591],[85.00738,27.8059],[85.007,27.80584],[85.00592,27.80552],[85.00511,27.80519],[85.00444,27.80478],[85.00387,27.8043],[85.00339,27.80376],[85.0031,27.8032],[85.00265,27.80299],[85.00229,27.80272],[85.0018,27.80254],[85.00111,27.80255],[85.00081,27.80261],[85.00031,27.8026],[84.99972,27.80287],[84.9989,27.80292],[84.99872,27.80301],[84.9984,27.80336],[84.99788,27.80355],[84.99709,27.804],[84.99661,27.80415],[84.99573,27.80418],[84.99519,27.80435],[84.99479,27.80439],[84.9943,27.80436],[84.99382,27.80426],[84.99312,27.80402],[84.99251,27.80374],[84.99172,27.80357],[84.99147,27.80372],[84.99125,27.80397],[84.99112,27.80417],[84.99099,27.80454],[84.99082,27.80476],[84.98963,27.80568],[84.98936,27.80582],[84.98909,27.80589],[84.98792,27.80599],[84.98677,27.80588],[84.98561,27.80552],[84.9848,27.80514],[84.9839,27.80463],[84.98317,27.80411],[84.98275,27.80367],[84.982,27.80325],[84.98156,27.80315],[84.98076,27.80316],[84.98036,27.80306],[84.97959,27.80276],[84.97883,27.80219],[84.97815,27.80198],[84.97758,27.80194],[84.97703,27.80181],[84.97635,27.8019],[84.97521,27.80192],[84.97427,27.80207],[84.97383,27.80234],[84.97297,27.80251],[84.97286,27.80261],[84.9728,27.80276],[84.9729,27.80348],[84.97273,27.80411],[84.97269,27.80457],[84.97271,27.80466],[84.97288,27.80481],[84.97286,27.80502],[84.97262,27.8052],[84.97209,27.80548],[84.97169,27.80557],[84.9713,27.80589],[84.97083,27.80608],[84.97072,27.8062],[84.97055,27.80659],[84.97026,27.80694],[84.97024,27.80751],[84.97007,27.80799],[84.97024,27.80897],[84.97023,27.80961],[84.97004,27.81006],[84.96985,27.81037],[84.96956,27.8111],[84.96952,27.81152],[84.96941,27.81172],[84.96911,27.81193],[84.96872,27.81233],[84.96843,27.81243],[84.96812,27.81246],[84.96773,27.81242],[84.96727,27.81228],[84.96718,27.81216],[84.96715,27.81185],[84.967,27.81173],[84.96657,27.81166],[84.96624,27.81171],[84.96574,27.81234],[84.9655,27.8131],[84.96512,27.81397],[84.96449,27.81477],[84.96419,27.81537],[84.96311,27.81646],[84.96236,27.81712],[84.96191,27.81741],[84.96136,27.81755],[84.96055,27.81796],[84.96013,27.81811],[84.95961,27.81851],[84.95932,27.81864],[84.95796,27.81886],[84.95692,27.81891],[84.95624,27.8188],[84.95578,27.81858],[84.95555,27.81836],[84.9555,27.818],[84.95477,27.81736],[84.95437,27.81708],[84.95345,27.81678],[84.95298,27.81674],[84.95234,27.8168],[84.9512,27.8171],[84.95058,27.81735],[84.95018,27.8174],[84.9495,27.81736],[84.94872,27.81723],[84.94825,27.81712],[84.94793,27.81697],[84.94752,27.81663],[84.94715,27.81647],[84.94685,27.81618],[84.94615,27.81579],[84.94603,27.81561],[84.94579,27.81546],[84.94561,27.81524],[84.94524,27.81439],[84.94507,27.81417],[84.94474,27.8139],[84.94415,27.81365],[84.9438,27.81331],[84.94355,27.81275],[84.94344,27.81207],[84.94312,27.81165],[84.94272,27.81096],[84.94235,27.81069],[84.94188,27.81003],[84.94146,27.80925],[84.94136,27.80891],[84.94121,27.80866],[84.94047,27.80782],[84.94039,27.80752],[84.94036,27.80697],[84.94003,27.80628],[84.93982,27.80571],[84.93967,27.80551],[84.93939,27.80541],[84.939,27.8054],[84.93802,27.80568],[84.93746,27.80573],[84.93635,27.80564],[84.93595,27.80552],[84.9353,27.80508],[84.93402,27.80439],[84.93348,27.80397],[84.93288,27.80343],[84.93226,27.80304],[84.93114,27.80291],[84.93069,27.80275],[84.93036,27.80246],[84.93001,27.80196],[84.92961,27.80163],[84.92916,27.80102],[84.92884,27.80071],[84.92752,27.80007],[84.92727,27.7999],[84.92708,27.79969],[84.92625,27.79913],[84.92574,27.7989],[84.92532,27.7986],[84.925,27.79849],[84.92432,27.79836],[84.92355,27.79838],[84.92323,27.79849],[84.92294,27.7987],[84.92252,27.79874],[84.92191,27.79892],[84.92108,27.79929],[84.92045,27.7995],[84.91973,27.80004],[84.91866,27.80057],[84.91771,27.80088],[84.9174,27.80112],[84.91692,27.80115],[84.9166,27.80134],[84.91597,27.80155],[84.91546,27.80182],[84.91532,27.80195],[84.91524,27.8021],[84.91515,27.80263],[84.91504,27.80295],[84.91473,27.80333],[84.91459,27.80426],[84.91447,27.8046],[84.91432,27.80477],[84.91352,27.80536],[84.91278,27.80555],[84.91257,27.80556],[84.91131,27.80534],[84.91036,27.80505],[84.90972,27.80494],[84.90899,27.80473],[84.90873,27.80472],[84.90827,27.80484],[84.90809,27.80502],[84.90801,27.80533],[84.90828,27.80639],[84.90824,27.80681],[84.90813,27.80713],[84.90792,27.8074],[84.90748,27.80774],[84.90712,27.80793],[84.90652,27.80817],[84.90608,27.80827],[84.90523,27.80826],[84.9043,27.80799],[84.90367,27.80773],[84.90272,27.80752],[84.90208,27.80731],[84.90003,27.80728],[84.89978,27.80723],[84.89957,27.80706],[84.89869,27.80709],[84.89823,27.80718],[84.89753,27.80745],[84.89737,27.80756],[84.89716,27.80784],[84.89685,27.808],[84.89563,27.80819],[84.89452,27.80844],[84.8939,27.80864],[84.8931,27.80899],[84.89266,27.80912],[84.89132,27.80939],[84.88938,27.80962],[84.88797,27.80998],[84.88676,27.81016],[84.88628,27.81014],[84.88572,27.81],[84.88552,27.80987],[84.88535,27.8096],[84.88518,27.80946],[84.88495,27.80935],[84.88468,27.80932],[84.88408,27.80937],[84.88359,27.8095],[84.88334,27.80962],[84.88266,27.8101],[84.88241,27.8102],[84.88068,27.81011],[84.88033,27.81003],[84.88014,27.80992],[84.87969,27.80978],[84.87889,27.80944],[84.87868,27.80929],[84.8768,27.80898],[84.87522,27.80865],[84.8743,27.8084],[84.87233,27.80777],[84.87115,27.8071],[84.87096,27.8069],[84.87088,27.80664],[84.87095,27.80614],[84.8712,27.80548],[84.87147,27.80508],[84.87213,27.80436],[84.87212,27.80418],[84.87198,27.80395],[84.87186,27.80384],[84.87124,27.80354],[84.87014,27.80305],[84.86934,27.80278],[84.86849,27.80258],[84.86788,27.80267],[84.86596,27.80252],[84.86533,27.80264],[84.86486,27.80282],[84.86433,27.80329],[84.86388,27.80425],[84.8632,27.80502],[84.86269,27.80548],[84.8617,27.8062],[84.86087,27.807],[84.86029,27.80738],[84.85976,27.80761],[84.85878,27.80783],[84.85501,27.8083],[84.85236,27.80884],[84.85103,27.80892],[84.85051,27.80886],[84.85008,27.809],[84.84965,27.809],[84.84937,27.80891],[84.84909,27.80877],[84.84863,27.80834],[84.84842,27.80791],[84.84817,27.80707],[84.84798,27.80695],[84.84788,27.80679],[84.84744,27.80554],[84.84683,27.80458],[84.84625,27.80412],[84.84593,27.80376],[84.8447,27.8031],[84.84327,27.8027],[84.84267,27.80241],[84.84143,27.80236],[84.84045,27.80249],[84.84011,27.80261],[84.83978,27.80283],[84.83955,27.80307],[84.83937,27.8034],[84.83905,27.80425],[84.83865,27.80629],[84.83833,27.80709],[84.83811,27.80752],[84.83783,27.80787],[84.83761,27.80807],[84.83708,27.80838],[84.83659,27.80856],[84.83627,27.80905],[84.83623,27.80962],[84.83594,27.8109],[84.83592,27.81255],[84.83583,27.81349],[84.83573,27.81385],[84.83549,27.81429],[84.83531,27.81446],[84.835,27.8146],[84.83453,27.81529],[84.83422,27.81558],[84.83366,27.81598],[84.8332,27.81661],[84.83276,27.81706],[84.83215,27.81756],[84.83133,27.81813],[84.83048,27.81865],[84.82973,27.819],[84.82907,27.81922],[84.82856,27.81929],[84.82813,27.81945],[84.82762,27.81956],[84.82671,27.81954],[84.82589,27.8194],[84.8255,27.81926],[84.82491,27.81893],[84.82396,27.81851],[84.82366,27.81824],[84.82336,27.8178],[84.82286,27.81729],[84.82159,27.81528],[84.82128,27.8147],[84.82105,27.81413],[84.82097,27.81375],[84.82097,27.81331],[84.82104,27.81278],[84.82116,27.81232],[84.82154,27.81172],[84.82169,27.81136],[84.82179,27.81004],[84.82195,27.80947],[84.82197,27.80922],[84.82191,27.80895],[84.82178,27.80876],[84.82135,27.80842],[84.8211,27.80829],[84.81943,27.80831],[84.81864,27.80852],[84.81811,27.80879],[84.81789,27.80902],[84.81782,27.80937],[84.8177,27.80961],[84.81775,27.81062],[84.81757,27.81132],[84.81732,27.81185],[84.81678,27.81267],[84.81655,27.81326],[84.81641,27.81345],[84.81587,27.81384],[84.8152,27.81418],[84.81425,27.81452],[84.81236,27.81508],[84.81177,27.81533],[84.81102,27.81574],[84.8107,27.81596],[84.81047,27.81622],[84.81033,27.81646],[84.81013,27.817],[84.80985,27.8174],[84.80934,27.81771],[84.80858,27.81792],[84.8079,27.81797],[84.80656,27.81783],[84.80571,27.81764],[84.80484,27.81734],[84.80381,27.81711],[84.80353,27.81696],[84.8035,27.81662],[84.80332,27.81644],[84.80233,27.81605],[84.80169,27.81559],[84.8014,27.81545],[84.80112,27.81515],[84.80089,27.81504],[84.80023,27.81493],[84.79938,27.81493],[84.79778,27.81475],[84.79738,27.81467],[84.79699,27.81451],[84.79638,27.81444],[84.79542,27.81411],[84.79471,27.81377],[84.79384,27.81348],[84.79294,27.81309],[84.79267,27.81302],[84.79253,27.81303],[84.79256,27.81314],[84.7925,27.8132],[84.79167,27.81311],[84.79104,27.81327],[84.79063,27.81389],[84.78997,27.81452],[84.78944,27.81481],[84.78873,27.81502],[84.7881,27.81508],[84.78733,27.81503],[84.78652,27.81492],[84.78515,27.81463],[84.78385,27.81469],[84.78325,27.81496],[84.78287,27.81523],[84.78249,27.81562],[84.78173,27.81653],[84.78132,27.8169],[84.78037,27.81748],[84.77972,27.81798],[84.77874,27.81845],[84.77805,27.819],[84.77712,27.82019],[84.777,27.82057],[84.77703,27.82026],[84.7769,27.82067],[84.77617,27.82147],[84.77567,27.82245],[84.77542,27.82306],[84.77485,27.82375],[84.77471,27.82412],[84.77457,27.82494],[84.77443,27.82524],[84.77426,27.82546],[84.77392,27.82649],[84.77383,27.82749],[84.77367,27.82809],[84.77363,27.82841],[84.77365,27.82867],[84.77381,27.82913],[84.77381,27.82991],[84.77398,27.83045],[84.77433,27.83115],[84.77512,27.83216],[84.77538,27.83257],[84.77594,27.83381],[84.77626,27.8347],[84.77665,27.83522],[84.77669,27.83556],[84.77652,27.83597],[84.77632,27.83626],[84.7761,27.83648],[84.77567,27.83675],[84.77547,27.83715],[84.77515,27.83748],[84.77488,27.83769],[84.77443,27.83788],[84.77385,27.83805],[84.77249,27.83819],[84.77168,27.83855],[84.77137,27.83882],[84.77127,27.83905],[84.7712,27.83948],[84.77125,27.84084],[84.77109,27.84147],[84.77106,27.8422],[84.77088,27.84268],[84.77063,27.84294],[84.77019,27.84321],[84.76885,27.84356],[84.76832,27.8438],[84.76807,27.84401],[84.76784,27.8444],[84.76782,27.84467],[84.76789,27.84499],[84.76841,27.84561],[84.7686,27.84613],[84.76869,27.8474],[84.76862,27.84756],[84.76846,27.84758],[84.7681,27.84743],[84.76785,27.84715],[84.76775,27.8469],[84.76761,27.84616],[84.76716,27.84543],[84.76693,27.84461],[84.76706,27.8443],[84.7671,27.844],[84.76756,27.84349],[84.76823,27.84301],[84.76874,27.84277],[84.76944,27.84263],[84.76986,27.84249],[84.77008,27.84236],[84.77028,27.84213],[84.7704,27.84184],[84.77043,27.84147],[84.77014,27.84035],[84.77011,27.83968],[84.77029,27.83914],[84.7707,27.83861],[84.77106,27.83833],[84.7716,27.83807],[84.77299,27.83767],[84.77425,27.8368],[84.77489,27.83657],[84.77519,27.83635],[84.77559,27.83583],[84.77571,27.83555],[84.77571,27.83526],[84.77553,27.83455],[84.77509,27.83371],[84.77461,27.83295],[84.77432,27.83238],[84.77396,27.83197],[84.77343,27.83103],[84.77303,27.83062],[84.77294,27.83037],[84.77293,27.82978],[84.77305,27.82898],[84.77317,27.82851],[84.77318,27.82784],[84.77332,27.82654],[84.77328,27.82535],[84.77343,27.82428],[84.77356,27.82383],[84.77373,27.82346],[84.77395,27.82313],[84.77439,27.82268],[84.77541,27.82146],[84.77559,27.82113],[84.77595,27.82016],[84.77684,27.81889],[84.77738,27.81841],[84.77816,27.81795],[84.77898,27.81736],[84.77943,27.81697],[84.78002,27.81621],[84.78056,27.81594],[84.78076,27.81575],[84.7811,27.81526],[84.78121,27.815],[84.78121,27.81458],[84.78108,27.81425],[84.78089,27.81406],[84.78068,27.81394],[84.7797,27.81371],[84.77944,27.8136],[84.77843,27.81294],[84.7781,27.8126],[84.77774,27.81207],[84.777,27.8115],[84.77666,27.81112],[84.77619,27.81039],[84.77591,27.80976],[84.77561,27.80949],[84.77483,27.80916],[84.77416,27.80934],[84.77301,27.80954],[84.77255,27.80975],[84.77156,27.81053],[84.771,27.81083],[84.77043,27.81142],[84.77006,27.81192],[84.76978,27.81244],[84.76973,27.81294],[84.76982,27.81335],[84.77012,27.81366],[84.77019,27.8138],[84.77027,27.81436],[84.77022,27.81472],[84.77009,27.81492],[84.7698,27.81518],[84.76914,27.81633],[84.76859,27.81715],[84.76813,27.81771],[84.76758,27.81826],[84.76717,27.81855],[84.76663,27.81879],[84.76579,27.81905],[84.76505,27.81921],[84.76424,27.81931],[84.76351,27.81935],[84.76289,27.81931],[84.76215,27.81919],[84.76129,27.81876],[84.76038,27.81804],[84.75913,27.8175],[84.75859,27.81718],[84.75819,27.81677],[84.75784,27.81625],[84.7573,27.81574],[84.75685,27.81512],[84.7563,27.81464],[84.75605,27.81435],[84.75587,27.81396],[84.75581,27.81349],[84.75586,27.81294],[84.75612,27.8116],[84.75613,27.81059],[84.75606,27.81022],[84.75581,27.80945],[84.75529,27.80856],[84.75485,27.80805],[84.75424,27.80752],[84.75341,27.80699],[84.75207,27.80631],[84.75142,27.80604],[84.75067,27.80582],[84.74989,27.80548],[84.74846,27.80604],[84.74774,27.80614],[84.7469,27.80618],[84.74629,27.80602],[84.74588,27.80568],[84.7453,27.80536],[84.74495,27.80502],[84.74478,27.80495],[84.74429,27.80497],[84.7436,27.80509],[84.74169,27.80521],[84.74046,27.80518],[84.74015,27.80513],[84.73953,27.80492],[84.73871,27.80481],[84.73827,27.80466],[84.73799,27.80448],[84.73772,27.80422],[84.73691,27.80317],[84.73688,27.80271],[84.73662,27.80232],[84.73651,27.80187],[84.7365,27.80139],[84.7366,27.80068],[84.73642,27.80041],[84.73621,27.7996],[84.73591,27.79906],[84.73566,27.79884],[84.73537,27.79868],[84.73393,27.79828],[84.7332,27.79796],[84.73262,27.79752],[84.73201,27.79678],[84.73173,27.79652],[84.73129,27.79621],[84.73093,27.79611],[84.7307,27.79616],[84.73032,27.79645],[84.7299,27.79686],[84.72953,27.79732],[84.72904,27.79819],[84.72872,27.79926],[84.72844,27.79987],[84.72816,27.80028],[84.72775,27.80064],[84.72735,27.80086],[84.72697,27.80094],[84.72675,27.8009],[84.72648,27.80066],[84.72622,27.80067],[84.72599,27.80077],[84.72564,27.80104],[84.72534,27.80118],[84.72436,27.80128],[84.72359,27.80144],[84.7232,27.80159],[84.72245,27.80205],[84.72141,27.80233],[84.72124,27.80243],[84.72079,27.80309],[84.72029,27.80357],[84.71961,27.80409],[84.71907,27.80435],[84.71869,27.80443],[84.71829,27.80438],[84.71752,27.80403],[84.71695,27.80371],[84.71635,27.80326],[84.71609,27.80284],[84.71561,27.80242],[84.71522,27.80192],[84.71427,27.80126],[84.71399,27.8012],[84.7135,27.801],[84.71299,27.80093],[84.71172,27.80099],[84.71087,27.80113],[84.71028,27.80136],[84.7097,27.80172],[84.70924,27.80213],[84.70892,27.80259],[84.70884,27.80284],[84.70883,27.80311],[84.70906,27.80358],[84.70911,27.80394],[84.70902,27.80468],[84.70904,27.8054],[84.709,27.80572],[84.70879,27.80626],[84.70842,27.80676],[84.70812,27.80702],[84.708,27.80734],[84.7078,27.80746],[84.70745,27.80754],[84.70694,27.80754],[84.70612,27.8077],[84.70511,27.80773],[84.70413,27.80805],[84.70279,27.80831],[84.70129,27.80841],[84.69967,27.8084],[84.69748,27.80866],[84.69418,27.80969],[84.69373,27.81001],[84.69346,27.81011],[84.6925,27.81005],[84.6917,27.81014],[84.69065,27.81013],[84.6896,27.81033],[84.68872,27.81068],[84.68826,27.8108],[84.6877,27.81085],[84.68625,27.81077],[84.68575,27.81089],[84.68502,27.81095],[84.68415,27.81114],[84.68342,27.81153],[84.68236,27.81252],[84.68182,27.81286],[84.68126,27.8134],[84.68067,27.81382],[84.6802,27.81427],[84.67986,27.81444],[84.67884,27.81475],[84.67837,27.81536],[84.67786,27.81562],[84.67754,27.81592],[84.67727,27.81608],[84.67613,27.81648],[84.67432,27.81681],[84.67366,27.81708],[84.67325,27.81731],[84.67295,27.81733],[84.67238,27.81728],[84.6713,27.8174],[84.6702,27.81765],[84.66966,27.81789],[84.66923,27.81845],[84.66863,27.81884],[84.6683,27.81912],[84.66802,27.81956],[84.66798,27.81979],[84.668,27.82016],[84.66824,27.82116],[84.66825,27.82182],[84.66815,27.8229],[84.66784,27.82361],[84.66726,27.82416],[84.6669,27.82482],[84.66619,27.8257],[84.66513,27.8268],[84.66442,27.82741],[84.664,27.82771],[84.66356,27.82795],[84.66278,27.82827],[84.66228,27.82857],[84.66182,27.82901],[84.66161,27.82937],[84.66159,27.82969],[84.66174,27.83003],[84.66179,27.83034],[84.66168,27.83145],[84.66172,27.83188],[84.66192,27.83242],[84.66223,27.83306],[84.66277,27.83391],[84.66295,27.8341],[84.66322,27.8343],[84.6633,27.83442],[84.6633,27.83485],[84.66355,27.83522],[84.66358,27.83563],[84.66384,27.83612],[84.66386,27.83644],[84.66379,27.83723],[84.66381,27.83753],[84.66408,27.83854],[84.66425,27.83945],[84.66459,27.84031],[84.66467,27.84087],[84.6646,27.84112],[84.66438,27.84139],[84.6643,27.84196],[84.6641,27.84233],[84.66399,27.84267],[84.663,27.84441],[84.6631,27.84491],[84.66306,27.84517],[84.6628,27.84536],[84.66226,27.84554],[84.66206,27.84582],[84.66188,27.84649],[84.66179,27.84711],[84.66159,27.84748],[84.66141,27.8481],[84.66084,27.84933],[84.66065,27.84988],[84.66031,27.85046],[84.65962,27.85113],[84.65895,27.85145],[84.6584,27.85202],[84.6581,27.85217],[84.65744,27.85225],[84.65689,27.85243],[84.6563,27.85248],[84.65547,27.85284],[84.65515,27.85291],[84.65451,27.85289],[84.65388,27.85278],[84.65355,27.85281],[84.65291,27.85277],[84.65188,27.85287],[84.65117,27.853],[84.64979,27.853],[84.64943,27.85308],[84.64895,27.85328],[84.6481,27.85344],[84.64757,27.85365],[84.64737,27.8538],[84.64719,27.8541],[84.64712,27.85456],[84.6472,27.85478],[84.64742,27.85497],[84.64756,27.85532],[84.64784,27.85566],[84.64851,27.85617],[84.64872,27.85651],[84.64988,27.85778],[84.65007,27.85827],[84.65049,27.85853],[84.65066,27.8588],[84.65066,27.85918],[84.6504,27.85965],[84.65036,27.85994],[84.65027,27.86012],[84.65005,27.86038],[84.64959,27.86073],[84.64951,27.86085],[84.64947,27.86105],[84.64952,27.8615],[84.64939,27.86168],[84.64914,27.86168],[84.64863,27.8615],[84.6483,27.86148],[84.64806,27.86154],[84.64758,27.86179],[84.64719,27.8617],[84.64686,27.8618],[84.64665,27.86182],[84.64576,27.86169],[84.64531,27.86202],[84.64499,27.86213],[84.64466,27.86213],[84.64406,27.86201],[84.64302,27.86216],[84.64269,27.86207],[84.64234,27.86186],[84.64225,27.86171],[84.64221,27.86132],[84.64201,27.86114],[84.64171,27.86105],[84.64149,27.86093],[84.64101,27.8609],[84.64048,27.86074],[84.63991,27.8607],[84.63944,27.86057],[84.63918,27.86054],[84.63825,27.86067],[84.63684,27.86062],[84.63618,27.86071],[84.63577,27.86084],[84.63551,27.86116],[84.63505,27.86153],[84.63464,27.86214],[84.63432,27.86327],[84.63414,27.86448],[84.63408,27.86549],[84.63414,27.86613],[84.6343,27.86671],[84.63455,27.86728],[84.63471,27.86753],[84.63502,27.86781],[84.63513,27.86804],[84.63517,27.86883],[84.63505,27.86922],[84.63475,27.86951],[84.63428,27.86975],[84.63391,27.86984],[84.63349,27.86984],[84.63333,27.87014],[84.63322,27.87022],[84.63294,27.87017],[84.6326,27.86999],[84.63233,27.86996],[84.63219,27.87001],[84.63201,27.87023],[84.63183,27.87034],[84.6312,27.87035],[84.6306,27.87082],[84.63004,27.87111],[84.6299,27.87126],[84.62938,27.8714],[84.6289,27.87171],[84.62844,27.87222],[84.62775,27.87264],[84.62753,27.87319],[84.62757,27.87366],[84.62785,27.87399],[84.62817,27.87427],[84.62831,27.87461],[84.62825,27.87484],[84.62803,27.87513],[84.62796,27.87556],[84.62796,27.87613],[84.62808,27.8767],[84.62815,27.87743],[84.62811,27.8777],[84.62797,27.87798],[84.62744,27.87854],[84.62702,27.87879],[84.62678,27.879],[84.6265,27.8794],[84.62621,27.87962],[84.62565,27.8798],[84.62525,27.88002],[84.62474,27.8802],[84.62414,27.88052],[84.62371,27.88061],[84.623,27.88089],[84.62228,27.88109],[84.62195,27.88131],[84.62161,27.88142],[84.62118,27.88145],[84.62074,27.88137],[84.62035,27.88147],[84.61992,27.8815],[84.61894,27.88134],[84.61843,27.88119],[84.61811,27.88103],[84.61753,27.88053],[84.61687,27.88008],[84.61649,27.87989],[84.61567,27.87971],[84.61485,27.87974],[84.61444,27.87956],[84.61418,27.8793],[84.61399,27.87898],[84.61393,27.87874],[84.61391,27.87826],[84.61358,27.87759],[84.61341,27.87694],[84.61333,27.87594],[84.6136,27.87529],[84.61362,27.87471],[84.61367,27.87453],[84.6136,27.87431],[84.6134,27.87397],[84.61333,27.87369],[84.61272,27.87334],[84.61147,27.87297],[84.61098,27.87268],[84.61041,27.87259],[84.60889,27.87212],[84.60797,27.87199],[84.6071,27.87219],[84.60685,27.87244],[84.6063,27.87281],[84.606,27.87308],[84.60584,27.87332],[84.60567,27.87408],[84.60549,27.87443],[84.60509,27.87488],[84.6045,27.87532],[84.6042,27.87563],[84.60399,27.87575],[84.6035,27.87592],[84.60318,27.87613],[84.60284,27.87625],[84.60237,27.87655],[84.60202,27.87664],[84.60149,27.87664],[84.60078,27.87704],[84.60016,27.87722],[84.59937,27.87714],[84.59874,27.87688],[84.5984,27.87682],[84.59821,27.87685],[84.59798,27.87712],[84.5978,27.87715],[84.59758,27.87709],[84.59724,27.87687],[84.59675,27.87669],[84.59628,27.87674],[84.59605,27.87688],[84.5957,27.87693],[84.59507,27.87734],[84.59491,27.87759],[84.59459,27.87783],[84.59454,27.878],[84.59457,27.87847],[84.59443,27.87871],[84.59428,27.87876],[84.59387,27.87874],[84.59369,27.87879],[84.59264,27.87963],[84.59209,27.87985],[84.59144,27.8799],[84.59096,27.88034],[84.59068,27.88048],[84.5904,27.88048],[84.58989,27.88037],[84.58956,27.88024],[84.58891,27.87985],[84.58829,27.87977],[84.58797,27.87951],[84.5872,27.87928],[84.58687,27.8791],[84.58653,27.87872],[84.58617,27.87819],[84.58577,27.87788],[84.58498,27.87694],[84.58458,27.87661],[84.58437,27.87649],[84.58386,27.87634],[84.58308,27.87585],[84.5821,27.8755],[84.58172,27.87525],[84.5811,27.87495],[84.58017,27.87466],[84.57997,27.87447],[84.57959,27.87382],[84.57895,27.87328],[84.57871,27.87297],[84.57833,27.8728],[84.57792,27.87239],[84.5771,27.87211],[84.57691,27.872],[84.57665,27.8714],[84.57652,27.8709],[84.57609,27.86997],[84.57598,27.86926],[84.57602,27.86871],[84.57617,27.86812],[84.57645,27.86772],[84.57656,27.86742],[84.5769,27.86707],[84.57714,27.86643],[84.57712,27.86623],[84.57699,27.86615],[84.57669,27.86615],[84.57626,27.86631],[84.57606,27.86629],[84.57598,27.86621],[84.57604,27.8661],[84.57615,27.86602],[84.57646,27.86594],[84.57685,27.86596],[84.57708,27.86583],[84.57721,27.86549],[84.5772,27.86498],[84.57711,27.86474],[84.57679,27.86437],[84.57572,27.86378],[84.57487,27.86316],[84.57432,27.86294],[84.57368,27.86244],[84.57304,27.86168],[84.57259,27.86143],[84.57239,27.86124],[84.57155,27.86099],[84.57129,27.86083],[84.57071,27.8606],[84.57018,27.86027],[84.56964,27.86011],[84.56925,27.85986],[84.56836,27.85959],[84.56731,27.85913],[84.56633,27.85902],[84.56489,27.85872],[84.56367,27.85866],[84.56302,27.85852],[84.56121,27.85862],[84.56049,27.85846],[84.5599,27.85852],[84.55961,27.8585],[84.55941,27.85863],[84.55903,27.85905],[84.55854,27.85933],[84.55752,27.85958],[84.55612,27.85974],[84.55498,27.86006],[84.55432,27.86047],[84.5529,27.86098],[84.5524,27.8611],[84.55153,27.86153],[84.5508,27.8618],[84.55022,27.86208],[84.5492,27.86238],[84.54892,27.86253],[84.54832,27.86275],[84.54804,27.86298],[84.54791,27.86316],[84.5478,27.86344],[84.54781,27.86398],[84.54823,27.86443],[84.54842,27.86483],[84.54883,27.86525],[84.54909,27.86571],[84.54922,27.8658],[84.54941,27.86584],[84.55004,27.86584],[84.55036,27.86606],[84.55079,27.86619],[84.5509,27.86632],[84.55093,27.86658],[84.55112,27.86685],[84.55249,27.86793],[84.55279,27.86827],[84.55296,27.86858],[84.55305,27.86903],[84.55304,27.86949],[84.55295,27.86984],[84.55276,27.87013],[84.55208,27.87072],[84.55167,27.87099],[84.55125,27.87107],[84.55091,27.87098],[84.55069,27.87074],[84.55066,27.8706],[84.5507,27.87049],[84.55115,27.87038],[84.55164,27.87017],[84.5519,27.86998],[84.55207,27.86974],[84.55215,27.86952],[84.55217,27.86927],[84.55205,27.86877],[84.55181,27.86833],[84.55157,27.86802],[84.5512,27.86767],[84.55072,27.86732],[84.5503,27.86684],[84.54952,27.86641],[84.54868,27.86614],[84.54812,27.86571],[84.54787,27.86522],[84.54726,27.86431],[84.54709,27.86394],[84.547,27.86342],[84.54705,27.86299],[84.54712,27.86277],[84.54748,27.8624],[84.54828,27.86186],[84.54882,27.86165],[84.54989,27.86145],[84.55048,27.86103],[84.55102,27.86083],[84.55137,27.86063],[84.55166,27.86052],[84.55214,27.86019],[84.55317,27.85987],[84.55343,27.85969],[84.55368,27.85958],[84.55447,27.85938],[84.55522,27.8589],[84.55542,27.85885],[84.55614,27.85887],[84.55662,27.85904],[84.5575,27.85884],[84.55767,27.85871],[84.55773,27.85859],[84.55777,27.85822],[84.55772,27.85788],[84.5573,27.85733],[84.55712,27.85701],[84.55707,27.85651],[84.55687,27.85607],[84.5568,27.85578],[84.55676,27.85536],[84.5568,27.85442],[84.55659,27.85363],[84.55646,27.85292],[84.55637,27.85116],[84.55641,27.85089],[84.55652,27.85062],[84.55667,27.85041],[84.557,27.85017],[84.55724,27.84946],[84.5575,27.84908],[84.55782,27.84841],[84.55792,27.84798],[84.55798,27.847],[84.55812,27.84641],[84.55802,27.84603],[84.55768,27.84518],[84.55764,27.84409],[84.55731,27.84326],[84.55725,27.8427],[84.5569,27.84201],[84.55663,27.8412],[84.55659,27.84079],[84.55665,27.83979],[84.55642,27.83857],[84.55607,27.83832],[84.55588,27.83812],[84.55585,27.83799],[84.55589,27.8376],[84.55576,27.8373],[84.55517,27.83668],[84.55472,27.83631],[84.55421,27.83605],[84.55372,27.83594],[84.55351,27.83584],[84.55278,27.83524],[84.55228,27.83495],[84.55159,27.83441],[84.55067,27.83395],[84.54961,27.8332],[84.54903,27.83291],[84.54841,27.83267],[84.54775,27.8325],[84.54708,27.83239],[84.54593,27.8324],[84.54531,27.83234],[84.54475,27.83259],[84.54414,27.83303],[84.5436,27.83328],[84.54331,27.83338],[84.54257,27.83349],[84.54243,27.83362],[84.5422,27.834],[84.54208,27.83409],[84.54186,27.8341],[84.54156,27.83397],[84.54122,27.83399],[84.54077,27.8341],[84.54033,27.83433],[84.54014,27.83437],[84.53978,27.83435],[84.53905,27.83421],[84.53804,27.83422],[84.53732,27.83416],[84.53469,27.83376],[84.53451,27.83378],[84.53426,27.83394],[84.53407,27.83397],[84.5339,27.8339],[84.53359,27.83362],[84.53332,27.83356],[84.53287,27.8336],[84.53214,27.83379],[84.5316,27.83381],[84.53009,27.83404],[84.52968,27.83417],[84.52934,27.83411],[84.5279,27.83422],[84.52667,27.83422],[84.52634,27.83416],[84.52576,27.83385],[84.52447,27.83398],[84.52356,27.83385],[84.52329,27.83402],[84.5225,27.83344],[84.52177,27.83346],[84.52172,27.8334],[84.52172,27.83311],[84.52164,27.83294],[84.52152,27.83288],[84.52117,27.83287],[84.52103,27.83279],[84.52091,27.83265],[84.52071,27.83225],[84.52025,27.83177],[84.52014,27.8315],[84.52013,27.83114],[84.52,27.83083],[84.51994,27.83046],[84.51978,27.82997],[84.51974,27.82943],[84.51986,27.82855],[84.51977,27.82814],[84.51982,27.82736],[84.51973,27.82704],[84.51973,27.82679],[84.51985,27.82591],[84.52007,27.8254],[84.52014,27.82464],[84.52012,27.82408],[84.52025,27.82307],[84.52011,27.82252],[84.51955,27.8212],[84.51948,27.82082],[84.51926,27.82044],[84.5191,27.8197],[84.51887,27.81921],[84.51865,27.81887],[84.51859,27.81867],[84.51829,27.81822],[84.51818,27.81757],[84.51776,27.81715],[84.51683,27.81657],[84.51609,27.81654],[84.51497,27.81629],[84.51454,27.81624],[84.51383,27.81596],[84.51333,27.81585],[84.51275,27.81589],[84.51233,27.81583],[84.51168,27.8159],[84.51138,27.81602],[84.51105,27.81629],[84.51084,27.8164],[84.51002,27.81657],[84.50943,27.81684],[84.50888,27.81691],[84.5086,27.81701],[84.50825,27.81721],[84.50793,27.81751],[84.50782,27.8177],[84.50777,27.81803],[84.50768,27.81817],[84.50708,27.81871],[84.50654,27.8191],[84.50604,27.81937],[84.50552,27.81955],[84.50526,27.81959],[84.50482,27.81956],[84.50449,27.81963],[84.50435,27.81972],[84.50414,27.81997],[84.50362,27.82014],[84.50331,27.82011],[84.50281,27.82014],[84.50169,27.82044],[84.50073,27.8205],[84.4998,27.82069],[84.49868,27.8207],[84.49812,27.82089],[84.49728,27.82131],[84.49666,27.82142],[84.49601,27.82131],[84.49494,27.82069],[84.494,27.82034],[84.49326,27.82021],[84.49268,27.82019],[84.49186,27.82043],[84.49091,27.82055],[84.49053,27.82065],[84.49013,27.82081],[84.48915,27.82139],[84.48851,27.8215],[84.48815,27.82166],[84.48729,27.82153],[84.48708,27.82158],[84.48653,27.82183],[84.48607,27.82192],[84.4855,27.82192],[84.48426,27.82178],[84.48371,27.82176],[84.48322,27.82182],[84.48237,27.82207],[84.48134,27.82206],[84.48097,27.82211],[84.48057,27.82224],[84.48028,27.82244],[84.48004,27.8225],[84.47912,27.82308],[84.47852,27.82322],[84.47778,27.82362],[84.47715,27.82378],[84.47618,27.8239],[84.47509,27.82396],[84.47402,27.82413],[84.47301,27.82412],[84.47251,27.82432],[84.47219,27.82437],[84.47182,27.82452],[84.47121,27.82462],[84.47029,27.82458],[84.46947,27.82438],[84.46897,27.82466],[84.46855,27.82457],[84.46829,27.82459],[84.46806,27.82467],[84.46776,27.8246],[84.46707,27.82489],[84.46673,27.82497],[84.46638,27.82496],[84.46578,27.8248],[84.46504,27.82473],[84.46471,27.82458],[84.46454,27.8244],[84.46451,27.82419],[84.46455,27.82395],[84.46488,27.82352],[84.46504,27.82299],[84.46544,27.82217],[84.4655,27.82173],[84.46551,27.82072],[84.46536,27.82002],[84.46513,27.81986],[84.46467,27.8197],[84.46437,27.81945],[84.46419,27.81942],[84.46394,27.81947],[84.46318,27.81983],[84.46253,27.81996],[84.46192,27.81994],[84.46132,27.81981],[84.46035,27.8199],[84.45786,27.81984],[84.45725,27.81989],[84.45645,27.82008],[84.45593,27.82012],[84.45539,27.82047],[84.45524,27.82069],[84.45523,27.82086],[84.45614,27.82102],[84.4567,27.82117],[84.45716,27.82139],[84.45798,27.82188],[84.45862,27.82235],[84.45922,27.82286],[84.4596,27.82324],[84.46014,27.82402],[84.46051,27.82435],[84.46091,27.82461],[84.46141,27.82486],[84.46193,27.82502],[84.46285,27.82502],[84.46334,27.8251],[84.46425,27.82546],[84.46483,27.82561],[84.46526,27.82582],[84.46591,27.82587],[84.46614,27.826],[84.46631,27.82633],[84.46632,27.82662],[84.46639,27.82691],[84.46639,27.82751],[84.46652,27.82793],[84.4669,27.82852],[84.4676,27.8292],[84.46764,27.82965],[84.46789,27.82998],[84.46795,27.83017],[84.46793,27.83064],[84.46775,27.83111],[84.46738,27.83168],[84.46686,27.83225],[84.4663,27.83268],[84.46571,27.83303],[84.46506,27.83331],[84.46447,27.83346],[84.46322,27.83347],[84.46232,27.8337],[84.46182,27.83376],[84.45983,27.83369],[84.45955,27.83363],[84.45921,27.83346],[84.45904,27.83345],[84.45763,27.83348],[84.45637,27.83364],[84.45594,27.83383],[84.45575,27.8341],[84.45549,27.83429],[84.45348,27.83502],[84.45268,27.83559],[84.45231,27.83579],[84.45158,27.83605],[84.45065,27.83623],[84.44912,27.83633],[84.44807,27.8363],[84.44743,27.83622],[84.44603,27.83589],[84.4454,27.83579],[84.44149,27.83568],[84.44109,27.83562],[84.44027,27.83536],[84.43983,27.83534],[84.43952,27.83539],[84.43894,27.83578],[84.43827,27.83602],[84.43786,27.83627],[84.43732,27.83679],[84.43685,27.83745],[84.43656,27.83803],[84.43633,27.83869],[84.43622,27.83911],[84.43613,27.83984],[84.43604,27.84012],[84.43577,27.84052],[84.43546,27.84075],[84.43519,27.84104],[84.43496,27.84149],[84.43478,27.84207],[84.43468,27.843],[84.43448,27.84413],[84.43429,27.84453],[84.43399,27.84482],[84.43373,27.8449],[84.4334,27.84492],[84.43281,27.84525],[84.43223,27.84543],[84.43066,27.84569],[84.42937,27.84576],[84.42869,27.84599],[84.42809,27.84604],[84.42738,27.84591],[84.42664,27.84591],[84.42615,27.84582],[84.42521,27.84538],[84.42404,27.84512],[84.42335,27.84482],[84.42271,27.84434],[84.42229,27.84428],[84.42221,27.8442],[84.42217,27.84408],[84.42219,27.84399],[84.42231,27.84388],[84.42227,27.84383],[84.42162,27.84366],[84.42089,27.84376],[84.41995,27.84445],[84.41921,27.84486],[84.41888,27.84523],[84.41813,27.84587],[84.41779,27.84629],[84.4173,27.84743],[84.41695,27.8479],[84.41671,27.84812],[84.4162,27.84843],[84.41543,27.84929],[84.41408,27.85031],[84.41371,27.85071],[84.41343,27.85088],[84.41308,27.85096],[84.41264,27.85095],[84.41121,27.85067],[84.41103,27.85054],[84.41085,27.85032],[84.41066,27.84974],[84.41049,27.84951],[84.41028,27.84939],[84.40968,27.84927],[84.40945,27.84933],[84.40905,27.84963],[84.40825,27.84973],[84.4076,27.85022],[84.40707,27.85049],[84.40516,27.85114],[84.40403,27.85142],[84.4029,27.85161],[84.40095,27.8517],[84.40014,27.85196],[84.39993,27.85215],[84.39976,27.85248],[84.39964,27.85282],[84.39951,27.85347],[84.39917,27.85414],[84.39915,27.85463],[84.39908,27.85492],[84.39888,27.85535],[84.39861,27.85576],[84.39796,27.85639],[84.39711,27.85689],[84.3964,27.85753],[84.39549,27.85808],[84.39507,27.85852],[84.39496,27.85856],[84.39484,27.8584],[84.39476,27.85805],[84.39475,27.85765],[84.39481,27.85743],[84.39505,27.85724],[84.39585,27.85696],[84.39661,27.85657],[84.39705,27.85626],[84.39739,27.85592],[84.39763,27.85551],[84.3978,27.85503],[84.39787,27.85399],[84.39825,27.85329],[84.3985,27.8525],[84.39866,27.85226],[84.39915,27.85179],[84.39947,27.85126],[84.39968,27.85103],[84.40053,27.8505],[84.40149,27.85014],[84.40231,27.85003],[84.40394,27.85002],[84.40465,27.84996],[84.40594,27.8497],[84.40677,27.84938],[84.40842,27.84845],[84.40883,27.84808],[84.4089,27.84785],[84.40855,27.8473],[84.40842,27.84692],[84.40842,27.84678],[84.40852,27.84671],[84.40875,27.84672],[84.40944,27.84699],[84.4098,27.84722],[84.41021,27.84763],[84.41041,27.84775],[84.41059,27.84776],[84.41102,27.84764],[84.41152,27.84759],[84.41178,27.84762],[84.412,27.84774],[84.41226,27.84799],[84.41243,27.84836],[84.41242,27.84862],[84.41229,27.84925],[84.41232,27.8495],[84.41254,27.84973],[84.41291,27.84976],[84.4133,27.84968],[84.41355,27.84944],[84.41371,27.84921],[84.41394,27.84851],[84.41423,27.84797],[84.41445,27.84775],[84.41507,27.84736],[84.41553,27.84694],[84.41575,27.84664],[84.41617,27.84583],[84.41675,27.84521],[84.41732,27.84482],[84.41821,27.84443],[84.41905,27.84381],[84.41936,27.84366],[84.41967,27.84334],[84.42012,27.84303],[84.4206,27.84282],[84.42116,27.84271],[84.42132,27.8426],[84.42153,27.8426],[84.42237,27.84282],[84.42335,27.84255],[84.42394,27.84254],[84.42405,27.84266],[84.42403,27.84295],[84.42409,27.84334],[84.42427,27.84363],[84.42448,27.84384],[84.42481,27.84401],[84.4256,27.84429],[84.4266,27.84455],[84.42711,27.84479],[84.42834,27.84473],[84.43026,27.84492],[84.43107,27.8449],[84.4317,27.84472],[84.43266,27.84413],[84.43307,27.84393],[84.43353,27.84348],[84.43355,27.84233],[84.43361,27.84196],[84.43407,27.84094],[84.43437,27.84044],[84.4346,27.83986],[84.4346,27.83907],[84.43483,27.8379],[84.4348,27.83716],[84.43489,27.83661],[84.43529,27.83597],[84.43548,27.83529],[84.43578,27.8346],[84.43614,27.83416],[84.43649,27.83392],[84.43743,27.83375],[84.4378,27.83363],[84.43813,27.83361],[84.43854,27.83373],[84.439,27.83412],[84.43935,27.83433],[84.43975,27.83447],[84.44016,27.83454],[84.44076,27.83453],[84.44139,27.83435],[84.44188,27.83427],[84.4435,27.8342],[84.44414,27.83424],[84.44554,27.83444],[84.4476,27.83444],[84.44881,27.83464],[84.44957,27.83469],[84.44997,27.83461],[84.45029,27.83448],[84.45163,27.83363],[84.45331,27.83309],[84.45363,27.83294],[84.45419,27.83256],[84.45473,27.8323],[84.45532,27.83215],[84.45596,27.83208],[84.45671,27.8321],[84.4574,27.83219],[84.45793,27.83249],[84.45821,27.83257],[84.45906,27.83253],[84.4594,27.83239],[84.45971,27.83237],[84.46201,27.83278],[84.46325,27.83283],[84.46369,27.83275],[84.46419,27.83252],[84.46492,27.83193],[84.46585,27.83142],[84.46618,27.83109],[84.46642,27.83063],[84.46645,27.83018],[84.46636,27.83],[84.46601,27.82966],[84.46586,27.82936],[84.46576,27.82894],[84.46562,27.82774],[84.46552,27.82742],[84.46535,27.82711],[84.465,27.82697],[84.46461,27.82669],[84.46417,27.82648],[84.46279,27.826],[84.46208,27.82586],[84.4614,27.82597],[84.46103,27.82581],[84.4597,27.82476],[84.45864,27.82432],[84.45833,27.82412],[84.45815,27.82391],[84.45791,27.82339],[84.45731,27.82287],[84.45704,27.82232],[84.45669,27.82203],[84.45637,27.82192],[84.45469,27.82157],[84.45396,27.82185],[84.45255,27.82219],[84.45049,27.82252],[84.44991,27.82272],[84.44887,27.82319],[84.44821,27.82338],[84.44765,27.82362],[84.44731,27.82372],[84.44651,27.82371],[84.44613,27.82391],[84.44598,27.82393],[84.4457,27.82385],[84.4452,27.82358],[84.44475,27.82357],[84.44437,27.82351],[84.4442,27.82341],[84.4441,27.82326],[84.44426,27.82299],[84.44424,27.82287],[84.44334,27.82233],[84.44267,27.82182],[84.44245,27.82152],[84.44228,27.82114],[84.44136,27.8201],[84.44074,27.81917],[84.43994,27.81838],[84.43945,27.81764],[84.43891,27.81714],[84.43788,27.81646],[84.43718,27.81632],[84.4366,27.81613],[84.43568,27.81605],[84.43548,27.81596],[84.4351,27.81567],[84.43443,27.81551],[84.43367,27.81497],[84.4329,27.81459],[84.43231,27.81412],[84.43219,27.81394],[84.43218,27.81362],[84.43213,27.81346],[84.4317,27.81291],[84.43167,27.81245],[84.43143,27.8116],[84.43135,27.81026],[84.43109,27.80946],[84.43103,27.80899],[84.43079,27.80845],[84.43074,27.80764],[84.43046,27.8067],[84.43034,27.80576],[84.43008,27.80521],[84.43018,27.80474],[84.43006,27.80366],[84.43008,27.80327],[84.43001,27.80278],[84.43001,27.80226],[84.43008,27.80185],[84.43037,27.80089],[84.43013,27.79942],[84.43005,27.79818],[84.43006,27.79747],[84.42972,27.79654],[84.42972,27.79555],[84.42966,27.7952],[84.42949,27.79482],[84.42897,27.79397],[84.42882,27.79361],[84.42873,27.79305],[84.42873,27.79248],[84.42892,27.79124],[84.42918,27.79018],[84.42938,27.78958],[84.42963,27.78913],[84.43022,27.78845],[84.43044,27.78812],[84.4309,27.78691],[84.43114,27.78647],[84.43127,27.78604],[84.43195,27.78506],[84.43235,27.78396],[84.43265,27.78336],[84.43374,27.78175],[84.43476,27.78047],[84.43573,27.77945],[84.43682,27.77854],[84.43739,27.77825],[84.43778,27.77795],[84.43865,27.7776],[84.43936,27.77738],[84.44009,27.77725],[84.44093,27.7772],[84.4418,27.77722],[84.44519,27.77756],[84.44673,27.7776],[84.44955,27.77728],[84.45211,27.77676],[84.453,27.77643],[84.45398,27.77583],[84.45443,27.77562],[84.45631,27.77503],[84.45698,27.77475],[84.45771,27.7743],[84.45951,27.77333],[84.4606,27.77235],[84.46105,27.77211],[84.46145,27.77181],[84.4618,27.77143],[84.46202,27.7711],[84.46211,27.77078],[84.46225,27.76996],[84.46246,27.76953],[84.46279,27.76918],[84.4634,27.76867],[84.46376,27.76853],[84.46427,27.76785],[84.46485,27.76727],[84.46581,27.76658],[84.46634,27.76614],[84.46684,27.76528],[84.46747,27.76443],[84.46841,27.7628],[84.46889,27.76185],[84.4694,27.7611],[84.46963,27.76097],[84.46981,27.76071],[84.46993,27.7604],[84.47002,27.75977],[84.4705,27.75891],[84.47067,27.75839],[84.47096,27.75674],[84.47105,27.75541],[84.47094,27.75478],[84.47075,27.75425],[84.47047,27.75393],[84.46966,27.75341],[84.46925,27.75343],[84.46881,27.75362],[84.46775,27.75429],[84.4661,27.75557],[84.46541,27.75602],[84.4648,27.75629],[84.46358,27.75659],[84.46303,27.75683],[84.46252,27.75721],[84.46135,27.75828],[84.46099,27.75852],[84.46063,27.75869],[84.45897,27.75918],[84.45812,27.75964],[84.45728,27.75998],[84.45583,27.76032],[84.45516,27.76039],[84.45448,27.76037],[84.45349,27.76024],[84.45288,27.76007],[84.4523,27.76014],[84.45184,27.76033],[84.4516,27.76032],[84.45113,27.76008],[84.45045,27.75997],[84.45026,27.75985],[84.45004,27.75963],[84.44925,27.75926],[84.44889,27.75894],[84.44833,27.75856],[84.44717,27.75714],[84.44663,27.75682],[84.44645,27.75654],[84.44632,27.75621],[84.44563,27.75556],[84.44493,27.7537],[84.44433,27.75271],[84.44416,27.7526],[84.44351,27.75233],[84.44302,27.7519],[84.44256,27.75167],[84.44238,27.7515],[84.44202,27.75085],[84.44153,27.75018],[84.44145,27.74998],[84.44141,27.74962],[84.44081,27.74913],[84.44049,27.74861],[84.43985,27.74796],[84.4393,27.74724],[84.43895,27.7466],[84.43857,27.74561],[84.43835,27.74524],[84.43814,27.74499],[84.43758,27.74458],[84.43712,27.74405],[84.43676,27.74378],[84.43582,27.74328],[84.43501,27.74304],[84.43468,27.74288],[84.43312,27.74265],[84.43229,27.74243],[84.43091,27.74245],[84.42933,27.74266],[84.42881,27.74286],[84.42811,27.74342],[84.42784,27.74352],[84.42757,27.74355],[84.42717,27.74348],[84.42628,27.74347],[84.42558,27.74335],[84.42532,27.74325],[84.42483,27.7429],[84.42423,27.74277],[84.42371,27.74255],[84.42342,27.7427],[84.4233,27.74295],[84.42328,27.74331],[84.42339,27.74386],[84.42358,27.74429],[84.42384,27.74468],[84.42464,27.7449],[84.4249,27.74511],[84.42498,27.74529],[84.42502,27.7456],[84.42502,27.74594],[84.42497,27.74622],[84.42478,27.74671],[84.42438,27.74709],[84.42426,27.74727],[84.42397,27.74804],[84.42374,27.7485],[84.42343,27.74883],[84.42303,27.74898],[84.42253,27.74906],[84.42138,27.74883],[84.42061,27.74881],[84.42031,27.7489],[84.42006,27.74904],[84.41987,27.74923],[84.41969,27.74951],[84.4192,27.75109],[84.41915,27.75154],[84.41917,27.75209],[84.41924,27.75226],[84.41952,27.7524],[84.42011,27.75286],[84.42043,27.75322],[84.42054,27.75361],[84.4206,27.7547],[84.42052,27.75501],[84.42016,27.75585],[84.42015,27.75603],[84.42028,27.75624],[84.42027,27.75637],[84.42018,27.75647],[84.41985,27.75667],[84.41963,27.75694],[84.41942,27.75766],[84.41899,27.75828],[84.41887,27.75884],[84.41866,27.75911],[84.41821,27.75941],[84.41735,27.7598],[84.41659,27.76029],[84.41575,27.76061],[84.4143,27.76093],[84.4127,27.76103],[84.41104,27.7614],[84.40847,27.76174],[84.40723,27.76218],[84.40655,27.76253],[84.40603,27.76292],[84.40558,27.76336],[84.40426,27.76514],[84.40348,27.76575],[84.40297,27.76641],[84.40242,27.76679],[84.402,27.76718],[84.40152,27.76811],[84.40085,27.76898],[84.40049,27.76983],[84.4001,27.77043],[84.3997,27.77069],[84.39942,27.77104],[84.39917,27.77123],[84.39751,27.77204],[84.39706,27.77248],[84.39639,27.77292],[84.39591,27.7734],[84.39527,27.77383],[84.39428,27.77467],[84.39344,27.77529],[84.39284,27.77564],[84.39182,27.77598],[84.39125,27.77625],[84.3905,27.77644],[84.38964,27.77679],[84.38872,27.77697],[84.38847,27.77711],[84.38793,27.77756],[84.38759,27.7777],[84.38703,27.77775],[84.38643,27.7776],[84.38599,27.77756],[84.3844,27.77768],[84.38399,27.77786],[84.38349,27.77799],[84.38292,27.77854],[84.38243,27.77874],[84.38137,27.77932],[84.38059,27.7796],[84.37958,27.77975],[84.37816,27.77968],[84.37729,27.7799],[84.37686,27.77983],[84.37641,27.77967],[84.37573,27.77921],[84.37553,27.77897],[84.37546,27.77874],[84.37547,27.77849],[84.37555,27.7783],[84.37568,27.77817],[84.37583,27.77814],[84.37606,27.77819],[84.37655,27.77849],[84.37703,27.77863],[84.37766,27.77863],[84.3783,27.77853],[84.3803,27.77796],[84.38157,27.77739],[84.38274,27.77722],[84.38338,27.77683],[84.38386,27.77669],[84.38494,27.77654],[84.38569,27.77638],[84.38606,27.77642],[84.3864,27.77658],[84.3867,27.77656],[84.38737,27.77616],[84.38816,27.77582],[84.38904,27.77553],[84.39158,27.77483],[84.39232,27.77456],[84.39318,27.77416],[84.39371,27.77383],[84.39458,27.77321],[84.39484,27.77294],[84.39514,27.77245],[84.39573,27.77204],[84.39613,27.77166],[84.39635,27.77155],[84.39716,27.77135],[84.39761,27.77104],[84.39803,27.77065],[84.39832,27.77031],[84.39858,27.76982],[84.39895,27.76959],[84.39907,27.7692],[84.39933,27.76889],[84.39942,27.7684],[84.39956,27.76813],[84.3998,27.76788],[84.40052,27.76732],[84.4008,27.76704],[84.40188,27.76525],[84.40226,27.76478],[84.4027,27.7644],[84.40307,27.7637],[84.40335,27.76338],[84.40378,27.76302],[84.40399,27.76255],[84.4043,27.76232],[84.40445,27.76208],[84.40476,27.76198],[84.405,27.76172],[84.40516,27.76162],[84.40593,27.76141],[84.40679,27.76094],[84.40782,27.76054],[84.4084,27.76038],[84.40867,27.76017],[84.40911,27.76],[84.40953,27.7597],[84.40976,27.75959],[84.41084,27.75932],[84.41145,27.75911],[84.41248,27.75911],[84.41377,27.75898],[84.41508,27.75871],[84.41618,27.75837],[84.41674,27.75813],[84.41725,27.75783],[84.41756,27.75754],[84.41802,27.75699],[84.41851,27.75622],[84.41871,27.75564],[84.41874,27.7552],[84.41855,27.75436],[84.4184,27.75398],[84.41837,27.7537],[84.41822,27.75359],[84.41754,27.75341],[84.41685,27.7535],[84.41669,27.75344],[84.41669,27.75309],[84.41692,27.75264],[84.41694,27.75239],[84.41686,27.75217],[84.41644,27.75167],[84.41642,27.75125],[84.41654,27.75099],[84.41703,27.75029],[84.41742,27.74905],[84.41775,27.74864],[84.41818,27.74835],[84.41891,27.74813],[84.42002,27.74743],[84.42104,27.74711],[84.42251,27.74586],[84.42263,27.74572],[84.4226,27.74542],[84.42247,27.74524],[84.42226,27.74513],[84.42156,27.74493],[84.42115,27.74464],[84.42091,27.7443],[84.42076,27.7439],[84.42074,27.74351],[84.4208,27.743],[84.42105,27.74187],[84.42129,27.74114],[84.42124,27.73983],[84.4213,27.73882],[84.42152,27.73772],[84.42183,27.73684],[84.42231,27.73602],[84.42294,27.73549],[84.42333,27.73492],[84.42458,27.73157],[84.4248,27.7301],[84.42495,27.72867],[84.42522,27.72739],[84.42528,27.72627],[84.42538,27.72568],[84.42573,27.72472],[84.42671,27.72283],[84.42717,27.7216],[84.42745,27.72062],[84.42755,27.71982],[84.42756,27.71887],[84.42726,27.71591],[84.42721,27.71487],[84.42727,27.71402],[84.42744,27.7132],[84.42749,27.71202],[84.42729,27.7115],[84.42715,27.71053],[84.42652,27.70884],[84.42633,27.70801],[84.42589,27.70735],[84.4257,27.70686],[84.42543,27.70647],[84.4251,27.70568],[84.42462,27.70505],[84.4243,27.70452],[84.42409,27.70407],[84.42393,27.70359],[84.42372,27.70344],[84.4229,27.70308],[84.42187,27.7024],[84.42142,27.70215],[84.41926,27.70147],[84.41747,27.70071],[84.41699,27.70058],[84.41565,27.70036],[84.4151,27.70033],[84.41432,27.69999],[84.4132,27.69975],[84.41184,27.69926],[84.41014,27.69894],[84.40865,27.69846],[84.40647,27.69745],[84.4046,27.69643],[84.40341,27.69562],[84.4021,27.69447],[84.40153,27.69408],[84.39979,27.69347],[84.39794,27.69325],[84.39735,27.69308],[84.39674,27.69284],[84.3958,27.69226],[84.39511,27.69155],[84.39472,27.69124],[84.3927,27.69016],[84.39196,27.68962],[84.39153,27.68918],[84.39067,27.68862],[84.39023,27.68821],[84.38952,27.68723],[84.38907,27.68684],[84.38816,27.68635],[84.38726,27.68609],[84.38629,27.68596],[84.38483,27.68601],[84.38426,27.68599],[84.38197,27.68545],[84.38032,27.68529],[84.37952,27.68515],[84.37897,27.68538],[84.37756,27.68578],[84.37595,27.68662],[84.37524,27.68692],[84.37437,27.68721],[84.37178,27.68792],[84.37098,27.68822],[84.37027,27.68861],[84.3697,27.68903],[84.36899,27.68974],[84.36878,27.69009],[84.36824,27.69123],[84.36701,27.69301],[84.36665,27.69378],[84.36607,27.69548],[84.36559,27.6965],[84.36531,27.69696],[84.36492,27.69738],[84.36386,27.69797],[84.36298,27.69871],[84.36257,27.69893],[84.36189,27.69919],[84.36169,27.69939],[84.36132,27.69989],[84.36093,27.70061],[84.36041,27.70231],[84.35999,27.70325],[84.35962,27.70374],[84.35941,27.70391],[84.35919,27.70402],[84.35839,27.70419],[84.35782,27.70417],[84.35748,27.70399],[84.35716,27.70356],[84.35705,27.70314],[84.35696,27.70189],[84.35628,27.70002],[84.35587,27.69836],[84.3558,27.69762],[84.35584,27.69733],[84.35593,27.6971],[84.35634,27.69663],[84.35748,27.69585],[84.35873,27.69442],[84.3598,27.69345],[84.36009,27.69303],[84.36036,27.69254],[84.36087,27.69126],[84.36119,27.69079],[84.36166,27.69025],[84.36245,27.68963],[84.36461,27.68837],[84.36705,27.68629],[84.36887,27.68509],[84.3696,27.68451],[84.37034,27.6838],[84.37095,27.6831],[84.37216,27.68124],[84.3731,27.67998],[84.37353,27.67957],[84.37416,27.67915],[84.37479,27.67888],[84.37553,27.67877],[84.37594,27.6788],[84.37642,27.67895],[84.37695,27.67904],[84.37768,27.67905],[84.37851,27.67884],[84.38026,27.67818],[84.38104,27.67795],[84.38211,27.67775],[84.38261,27.67781],[84.38347,27.67766],[84.38414,27.67762],[84.38492,27.67767],[84.38565,27.67784],[84.38667,27.67827],[84.38762,27.67886],[84.38833,27.67898],[84.38864,27.67909],[84.38914,27.67941],[84.38959,27.67986],[84.3899,27.68009],[84.39088,27.68067],[84.39135,27.68103],[84.39177,27.68117],[84.39247,27.68183],[84.39285,27.68199],[84.39376,27.68221],[84.39411,27.68238],[84.39432,27.68265],[84.39468,27.68355],[84.39501,27.68389],[84.39545,27.6842],[84.39594,27.68444],[84.39654,27.68454],[84.39683,27.68468],[84.39756,27.68484],[84.39808,27.68501],[84.39979,27.68582],[84.40091,27.68624],[84.40151,27.68652],[84.40244,27.68722],[84.40519,27.68904],[84.40572,27.68931],[84.40767,27.69011],[84.40897,27.69099],[84.41056,27.69181],[84.41262,27.69302],[84.41528,27.69481],[84.41757,27.69663],[84.41899,27.69734],[84.41993,27.69815],[84.42055,27.69855],[84.42113,27.69883],[84.42191,27.69908],[84.42234,27.69938],[84.42329,27.69982],[84.42398,27.70053],[84.42722,27.70254],[84.42819,27.7031],[84.42977,27.70332],[84.43047,27.70381],[84.432,27.70442],[84.43265,27.70502],[84.43302,27.70585],[84.43307,27.70618],[84.43306,27.70711],[84.43315,27.70766],[84.43329,27.70815],[84.43349,27.70856],[84.43416,27.70928],[84.43435,27.70967],[84.43441,27.71038],[84.43427,27.71138],[84.43404,27.71196],[84.43353,27.71253],[84.43317,27.71283],[84.43226,27.71338],[84.4319,27.71371],[84.43169,27.71409],[84.4313,27.71524],[84.43112,27.71548],[84.43076,27.71581],[84.43062,27.71605],[84.43056,27.71653],[84.43065,27.71791],[84.43049,27.71878],[84.43026,27.71961],[84.42984,27.72066],[84.42877,27.72238],[84.42841,27.72308],[84.42805,27.72403],[84.42738,27.72625],[84.42758,27.72707],[84.42752,27.7283],[84.42732,27.72948],[84.42699,27.73067],[84.42691,27.73161],[84.42674,27.73229],[84.42631,27.73342],[84.42554,27.73483],[84.42525,27.73615],[84.42494,27.73694],[84.42434,27.73793],[84.42365,27.73863],[84.42348,27.73895],[84.42344,27.73941],[84.4235,27.73996],[84.42367,27.74044],[84.42399,27.74084],[84.42434,27.74105],[84.42477,27.74118],[84.42546,27.74124],[84.42632,27.7412],[84.42751,27.74144],[84.42805,27.74137],[84.42927,27.74098],[84.43,27.74085],[84.43096,27.74074],[84.43345,27.7406],[84.43447,27.7409],[84.4351,27.7412],[84.43699,27.74194],[84.43761,27.74225],[84.43825,27.74272],[84.43891,27.74336],[84.43932,27.74368],[84.43986,27.74402],[84.44059,27.74436],[84.44087,27.74457],[84.44099,27.74474],[84.44103,27.74486],[84.44089,27.74523],[84.4409,27.74542],[84.44122,27.74573],[84.44135,27.74592],[84.44155,27.74641],[84.44178,27.74721],[84.442,27.74756],[84.44254,27.74827],[84.44284,27.74897],[84.44341,27.74946],[84.44416,27.7504],[84.44452,27.75073],[84.44513,27.75115],[84.44597,27.75154],[84.44677,27.75202],[84.44732,27.75248],[84.44742,27.75263],[84.44768,27.75349],[84.44784,27.75385],[84.44904,27.75554],[84.44959,27.75586],[84.45051,27.75612],[84.45072,27.75625],[84.45081,27.75651],[84.45076,27.7566],[84.45066,27.75663],[84.45042,27.75656],[84.45003,27.7563],[84.44974,27.75618],[84.44955,27.75617],[84.4494,27.75628],[84.44963,27.75682],[84.45015,27.75742],[84.45045,27.75765],[84.45117,27.75796],[84.45138,27.75803],[84.45174,27.75806],[84.45226,27.75826],[84.45369,27.7584],[84.45459,27.75831],[84.45494,27.7582],[84.4554,27.75794],[84.45605,27.75775],[84.45689,27.75731],[84.45782,27.75701],[84.45867,27.7564],[84.45978,27.75547],[84.46137,27.7537],[84.46193,27.75318],[84.46299,27.75248],[84.46408,27.752],[84.46528,27.75171],[84.46772,27.75166],[84.46957,27.75131],[84.47103,27.75122],[84.47172,27.75112],[84.47208,27.75118],[84.47238,27.75148],[84.47274,27.75208],[84.47292,27.75266],[84.47308,27.75389],[84.47308,27.75477],[84.47297,27.75562],[84.47278,27.75603],[84.4727,27.75693],[84.47226,27.75884],[84.47189,27.75989],[84.47181,27.76045],[84.47163,27.76117],[84.47129,27.76199],[84.47055,27.76315],[84.47031,27.76378],[84.4691,27.76545],[84.46834,27.76668],[84.4681,27.76728],[84.4672,27.76801],[84.46645,27.76879],[84.46522,27.76977],[84.46435,27.77085],[84.46406,27.7711],[84.46363,27.77138],[84.46324,27.77203],[84.46283,27.77254],[84.46148,27.77385],[84.46056,27.77466],[84.45978,27.77527],[84.45858,27.77607],[84.45784,27.77647],[84.45716,27.77672],[84.45542,27.7771],[84.45283,27.77815],[84.45103,27.77867],[84.44939,27.77895],[84.44719,27.77898],[84.44432,27.77929],[84.44329,27.77925],[84.44054,27.77894],[84.43969,27.77897],[84.43902,27.7791],[84.43882,27.77943],[84.43861,27.77965],[84.43759,27.78035],[84.43725,27.78066],[84.4369,27.7812],[84.43629,27.78254],[84.43593,27.78313],[84.43538,27.78381],[84.43445,27.78459],[84.43392,27.7852],[84.4338,27.78541],[84.43382,27.78564],[84.43376,27.78588],[84.43355,27.7864],[84.43242,27.78794],[84.43212,27.78855],[84.43165,27.78913],[84.43143,27.78965],[84.43128,27.79022],[84.43093,27.79095],[84.43071,27.79166],[84.43061,27.79235],[84.43062,27.79319],[84.43084,27.79468],[84.43104,27.79554],[84.43124,27.79599],[84.43179,27.79679],[84.43201,27.79726],[84.4321,27.79759],[84.43208,27.79821],[84.4318,27.79898],[84.43185,27.79959],[84.43178,27.80018],[84.43169,27.80054],[84.4314,27.80115],[84.43135,27.80147],[84.43138,27.80212],[84.43149,27.80271],[84.43176,27.80309],[84.43185,27.8034],[84.43181,27.80404],[84.43159,27.80489],[84.4316,27.80572],[84.43168,27.80656],[84.43182,27.80719],[84.43218,27.80796],[84.43243,27.80833],[84.43271,27.8091],[84.43274,27.80933],[84.43267,27.80994],[84.43269,27.81029],[84.43287,27.81065],[84.43292,27.81104],[84.43307,27.81149],[84.43361,27.81234],[84.43387,27.8129],[84.43411,27.81313],[84.43456,27.81344],[84.43516,27.81375],[84.43596,27.81401],[84.43636,27.81423],[84.43664,27.81448],[84.43719,27.81466],[84.43779,27.81468],[84.43848,27.81495],[84.43873,27.81524],[84.43896,27.81522],[84.43932,27.81533],[84.4403,27.81587],[84.4413,27.8166],[84.44154,27.81686],[84.44179,27.81734],[84.44203,27.81748],[84.44222,27.81786],[84.44253,27.81823],[84.44289,27.8184],[84.44316,27.81867],[84.44332,27.81896],[84.44334,27.81935],[84.44348,27.8197],[84.44361,27.81982],[84.444,27.82],[84.44439,27.82043],[84.4445,27.82066],[84.44469,27.82133],[84.4449,27.82159],[84.44514,27.82175],[84.44542,27.82183],[84.4456,27.82202],[84.44586,27.82206],[84.44646,27.82205],[84.44709,27.82189],[84.44789,27.82188],[84.44857,27.82168],[84.44961,27.82128],[84.45055,27.82106],[84.45104,27.82083],[84.4516,27.82081],[84.45193,27.82062],[84.45247,27.82046],[84.45309,27.82017],[84.45383,27.82003],[84.45452,27.81979],[84.45476,27.81967],[84.45502,27.81947],[84.45548,27.81949],[84.45566,27.81931],[84.45612,27.81915],[84.45759,27.81893],[84.45824,27.81889],[84.45885,27.819],[84.45919,27.81924],[84.45953,27.81922],[84.46057,27.81896],[84.46136,27.8189],[84.46203,27.81869],[84.4626,27.81868],[84.46279,27.81851],[84.46287,27.81807],[84.463,27.81798],[84.46315,27.81797],[84.46328,27.81802],[84.46345,27.81823],[84.46396,27.81811],[84.46439,27.81808],[84.4653,27.81828],[84.46559,27.81844],[84.46589,27.81875],[84.46634,27.81904],[84.46648,27.81921],[84.46655,27.81958],[84.46668,27.81985],[84.46677,27.82017],[84.46697,27.82054],[84.46702,27.82093],[84.46698,27.82124],[84.46675,27.82168],[84.46668,27.82206],[84.46652,27.8224],[84.46644,27.82288],[84.46627,27.82324],[84.46627,27.82352],[84.46637,27.82374],[84.46664,27.82384],[84.46703,27.82388],[84.46768,27.82378],[84.46844,27.82378],[84.46908,27.82363],[84.46938,27.82361],[84.47012,27.82378],[84.47084,27.82367],[84.47143,27.82345],[84.47199,27.82346],[84.4725,27.82321],[84.473,27.82309],[84.47381,27.82306],[84.47469,27.82285],[84.47536,27.82292],[84.47608,27.8227],[84.47692,27.82265],[84.47746,27.82232],[84.47782,27.82222],[84.47806,27.82199],[84.47851,27.82191],[84.47917,27.82155],[84.48079,27.82119],[84.48121,27.82101],[84.48168,27.8209],[84.48287,27.82073],[84.48421,27.82075],[84.48504,27.82056],[84.48534,27.82062],[84.48613,27.82064],[84.48669,27.8208],[84.48756,27.82063],[84.4878,27.82053],[84.48818,27.82047],[84.48872,27.82014],[84.48946,27.81995],[84.49009,27.81965],[84.49064,27.81959],[84.4909,27.81952],[84.49187,27.81895],[84.49226,27.81881],[84.49298,27.81886],[84.49342,27.81898],[84.49392,27.81918],[84.49437,27.81921],[84.49457,27.81931],[84.49484,27.81958],[84.49535,27.81967],[84.49553,27.8199],[84.49619,27.81999],[84.4962,27.81961],[84.49606,27.81931],[84.49583,27.81909],[84.49504,27.81852],[84.49456,27.81786],[84.49446,27.81763],[84.49441,27.81719],[84.49418,27.8168],[84.49419,27.81654],[84.49428,27.81644],[84.49451,27.81652],[84.49467,27.81674],[84.49474,27.81702],[84.49471,27.81754],[84.49497,27.81804],[84.49534,27.81843],[84.49574,27.81874],[84.49611,27.81894],[84.49657,27.81909],[84.49662,27.81919],[84.49663,27.81951],[84.49669,27.81966],[84.49696,27.81995],[84.49716,27.81998],[84.49869,27.81987],[84.5002,27.81965],[84.5014,27.81939],[84.5031,27.8189],[84.50378,27.81877],[84.50482,27.81837],[84.50514,27.81821],[84.5056,27.81783],[84.50598,27.81729],[84.5066,27.81685],[84.50778,27.81641],[84.50813,27.81616],[84.50866,27.81588],[84.50919,27.81543],[84.50973,27.81535],[84.51027,27.81507],[84.51107,27.81501],[84.51238,27.81503],[84.51301,27.81491],[84.51357,27.8149],[84.51434,27.815],[84.51516,27.81526],[84.51583,27.81529],[84.51641,27.81543],[84.5168,27.81541],[84.51732,27.81545],[84.51776,27.81588],[84.51811,27.81604],[84.51842,27.81627],[84.5186,27.81646],[84.51876,27.81673],[84.51921,27.81705],[84.5193,27.81729],[84.51932,27.8177],[84.52028,27.81951],[84.52047,27.82045],[84.52096,27.82127],[84.52101,27.822],[84.52122,27.82254],[84.52131,27.82304],[84.52133,27.82359],[84.52121,27.8241],[84.52118,27.8245],[84.52124,27.82489],[84.52142,27.82541],[84.52139,27.8255],[84.52124,27.82564],[84.52072,27.82686],[84.52071,27.82719],[84.52081,27.8276],[84.52082,27.82789],[84.52066,27.82833],[84.52074,27.82874],[84.52065,27.82905],[84.52063,27.82942],[84.52089,27.83006],[84.52088,27.83042],[84.52096,27.83061],[84.52138,27.8311],[84.52191,27.83186],[84.52246,27.83225],[84.52347,27.83264],[84.52393,27.83275],[84.52433,27.83279],[84.52459,27.83289],[84.52576,27.83287],[84.52694,27.83316],[84.52871,27.83335],[84.53027,27.83323],[84.5309,27.83297],[84.53139,27.83294],[84.53179,27.83281],[84.53253,27.83267],[84.53316,27.83261],[84.53359,27.83262],[84.53418,27.83274],[84.53774,27.8329],[84.53898,27.83311],[84.53955,27.83312],[84.54025,27.83306],[84.54079,27.83292],[84.54162,27.8325],[84.54271,27.8322],[84.54358,27.83168],[84.54408,27.83147],[84.54482,27.83139],[84.54578,27.8314],[84.54684,27.83122],[84.54766,27.83121],[84.54827,27.83136],[84.54897,27.83174],[84.54969,27.83188],[84.54998,27.83199],[84.55074,27.83258],[84.5514,27.83291],[84.55174,27.83334],[84.55234,27.83387],[84.55294,27.83417],[84.5539,27.83478],[84.55499,27.83515],[84.55561,27.83563],[84.55617,27.83594],[84.5565,27.83635],[84.55682,27.83706],[84.55727,27.83771],[84.55739,27.83805],[84.55741,27.83826],[84.55727,27.83886],[84.55734,27.83921],[84.55734,27.83993],[84.55761,27.84046],[84.55763,27.84093],[84.55773,27.8413],[84.55803,27.84188],[84.55802,27.84243],[84.55824,27.84269],[84.55833,27.84291],[84.55834,27.84317],[84.55818,27.84341],[84.55815,27.84354],[84.55834,27.84437],[84.55839,27.84506],[84.55867,27.84584],[84.55876,27.84624],[84.55896,27.84667],[84.55898,27.84724],[84.55874,27.84773],[84.55874,27.84826],[84.55853,27.84881],[84.55849,27.84937],[84.55815,27.85008],[84.55772,27.85072],[84.55759,27.85104],[84.5575,27.85169],[84.55747,27.85245],[84.55751,27.85302],[84.5576,27.85354],[84.558,27.85455],[84.55813,27.85507],[84.55837,27.85538],[84.5585,27.85608],[84.55888,27.8565],[84.55911,27.85703],[84.55973,27.85755],[84.56023,27.85766],[84.56067,27.85788],[84.56146,27.85783],[84.56191,27.85788],[84.56221,27.85781],[84.56341,27.85776],[84.56384,27.85787],[84.56528,27.85795],[84.56564,27.85807],[84.56596,27.85801],[84.56616,27.85807],[84.56636,27.85821],[84.56662,27.85823],[84.56684,27.85838],[84.56735,27.85848],[84.56767,27.85844],[84.56786,27.8586],[84.56812,27.85861],[84.56853,27.85872],[84.56886,27.8589],[84.5692,27.85895],[84.56954,27.85922],[84.57,27.85937],[84.57031,27.85961],[84.57062,27.8597],[84.57086,27.85987],[84.5711,27.85991],[84.57144,27.86009],[84.57215,27.86023],[84.57253,27.8604],[84.57289,27.86048],[84.57307,27.8606],[84.57331,27.86093],[84.57382,27.86106],[84.57391,27.86117],[84.57401,27.86152],[84.5743,27.86182],[84.57529,27.86256],[84.57546,27.86274],[84.57613,27.86317],[84.57633,27.86338],[84.57656,27.86349],[84.57681,27.8635],[84.57699,27.86371],[84.57743,27.86394],[84.57789,27.86437],[84.57786,27.8649],[84.57815,27.86526],[84.57803,27.86563],[84.57805,27.86595],[84.57797,27.86632],[84.57799,27.86659],[84.5778,27.86734],[84.57749,27.86789],[84.57724,27.86862],[84.5771,27.86974],[84.57714,27.87006],[84.57727,27.87042],[84.57758,27.8709],[84.57797,27.87169],[84.57821,27.87183],[84.57875,27.87188],[84.57918,27.87255],[84.57958,27.8729],[84.57981,27.87318],[84.58004,27.87328],[84.58036,27.87328],[84.58054,27.87339],[84.58064,27.87357],[84.58071,27.87388],[84.58083,27.87403],[84.58143,27.87422],[84.58164,27.87414],[84.58179,27.87415],[84.58184,27.87426],[84.58175,27.87442],[84.58181,27.8745],[84.5821,27.87452],[84.58241,27.8748],[84.5829,27.87492],[84.5833,27.87519],[84.58361,27.87527],[84.58413,27.8755],[84.58454,27.8758],[84.58525,27.8762],[84.58569,27.87657],[84.5862,27.87714],[84.58672,27.87734],[84.58683,27.87775],[84.58723,27.87807],[84.58752,27.8782],[84.58791,27.87825],[84.58825,27.87843],[84.58885,27.87854],[84.58916,27.87875],[84.58941,27.87878],[84.5897,27.87895],[84.5903,27.87888],[84.59068,27.87893],[84.59089,27.87891],[84.59118,27.87879],[84.59151,27.8785],[84.5924,27.87832],[84.59257,27.8782],[84.5927,27.87788],[84.59292,27.87757],[84.59364,27.87697],[84.59422,27.87669],[84.5948,27.87627],[84.59513,27.87619],[84.59599,27.87581],[84.59683,27.87561],[84.5971,27.8756],[84.59854,27.87584],[84.59919,27.87601],[84.59954,27.87603],[84.59984,27.87599],[84.60047,27.87577],[84.60096,27.87574],[84.60112,27.87569],[84.60158,27.8754],[84.60203,27.87522],[84.60246,27.87498],[84.60326,27.8743],[84.60346,27.87381],[84.60385,27.87326],[84.60393,27.87269],[84.60406,27.87232],[84.60425,27.87202],[84.60446,27.87181],[84.60495,27.87156],[84.60573,27.87136],[84.60686,27.87092],[84.60724,27.87084],[84.60772,27.87082],[84.60883,27.87088],[84.60951,27.87099],[84.61109,27.87148],[84.61181,27.87155],[84.61249,27.87171],[84.61308,27.87193],[84.61362,27.87223],[84.61417,27.87261],[84.61456,27.87302],[84.61522,27.87354],[84.61565,27.87362],[84.6158,27.87373],[84.61582,27.87438],[84.61556,27.87471],[84.61577,27.87529],[84.61581,27.87555],[84.61579,27.87583],[84.61557,27.87623],[84.61551,27.87646],[84.61551,27.87667],[84.61565,27.87683],[84.6159,27.87703],[84.61631,27.87721],[84.61662,27.87753],[84.61764,27.87819],[84.61813,27.87869],[84.61874,27.87896],[84.61934,27.87936],[84.61976,27.8795],[84.62017,27.87954],[84.62067,27.8795],[84.6211,27.87938],[84.62161,27.87908],[84.62216,27.87865],[84.62266,27.87801],[84.62341,27.87673],[84.62445,27.87584],[84.6253,27.87479],[84.62556,27.87423],[84.62596,27.87375],[84.62602,27.87319],[84.62626,27.87265],[84.62764,27.87106],[84.62834,27.87055],[84.62872,27.87039],[84.62948,27.8698],[84.63,27.8696],[84.63046,27.8695],[84.63068,27.86922],[84.63102,27.86931],[84.63117,27.86929],[84.63149,27.86917],[84.63178,27.86888],[84.63198,27.86877],[84.63281,27.86859],[84.63289,27.86809],[84.63267,27.8677],[84.6326,27.86747],[84.6326,27.8671],[84.63241,27.86628],[84.63247,27.86544],[84.6323,27.86444],[84.63233,27.86397],[84.63252,27.86344],[84.6325,27.86293],[84.63256,27.86282],[84.63291,27.86252],[84.6333,27.86175],[84.63346,27.86164],[84.6339,27.8615],[84.6342,27.86109],[84.63438,27.86071],[84.63467,27.86063],[84.63486,27.86007],[84.63501,27.85988],[84.63551,27.8597],[84.63638,27.85969],[84.63764,27.85945],[84.63856,27.85941],[84.63965,27.85947],[84.64051,27.85929],[84.64145,27.85922],[84.64181,27.85925],[84.64251,27.85943],[84.64291,27.85944],[84.64327,27.85958],[84.644,27.85974],[84.64427,27.85975],[84.64456,27.85999],[84.64534,27.86007],[84.646,27.86026],[84.64648,27.8602],[84.64748,27.85981],[84.6477,27.85969],[84.64807,27.85936],[84.64843,27.85927],[84.64892,27.85893],[84.64906,27.85875],[84.64908,27.85855],[84.64894,27.85816],[84.64852,27.85757],[84.64825,27.85729],[84.64788,27.85704],[84.64765,27.85672],[84.64725,27.85637],[84.64683,27.85568],[84.64635,27.85521],[84.64625,27.85507],[84.64621,27.85478],[84.64631,27.85422],[84.64658,27.85346],[84.64675,27.85324],[84.64716,27.85307],[84.64756,27.8528],[84.64778,27.85275],[84.64832,27.85275],[84.6488,27.85252],[84.64931,27.85248],[84.64982,27.85229],[84.65033,27.85217],[84.65092,27.85215],[84.65134,27.85229],[84.65164,27.85231],[84.65214,27.85224],[84.65299,27.85187],[84.65322,27.85182],[84.65343,27.85184],[84.65371,27.85208],[84.654,27.85214],[84.65424,27.85211],[84.65475,27.85191],[84.65569,27.85191],[84.6563,27.85178],[84.6574,27.85139],[84.65778,27.85117],[84.6581,27.85088],[84.65861,27.85069],[84.65899,27.85029],[84.65969,27.84974],[84.66,27.84926],[84.66007,27.84874],[84.66016,27.84849],[84.66066,27.84769],[84.66081,27.84733],[84.66097,27.84662],[84.66096,27.84549],[84.66109,27.84496],[84.66142,27.8443],[84.66181,27.84388],[84.66205,27.84354],[84.66218,27.84304],[84.66263,27.84248],[84.66292,27.84181],[84.66313,27.84099],[84.66325,27.83992],[84.66323,27.83975],[84.66309,27.83938],[84.66303,27.83908],[84.66303,27.83867],[84.66315,27.83813],[84.66316,27.83779],[84.66293,27.83666],[84.66293,27.8358],[84.66287,27.83544],[84.66264,27.83485],[84.66162,27.83352],[84.66116,27.83267],[84.66087,27.83158],[84.66076,27.83098],[84.66037,27.83045],[84.66022,27.82989],[84.6602,27.82957],[84.6603,27.82888],[84.66038,27.82869],[84.66078,27.82825],[84.66157,27.82766],[84.66212,27.82716],[84.66317,27.82649],[84.66366,27.8261],[84.66409,27.82554],[84.6643,27.82538],[84.66456,27.82527],[84.66472,27.82495],[84.66484,27.8248],[84.66503,27.82473],[84.66524,27.82471],[84.66553,27.82488],[84.6657,27.82491],[84.6658,27.82485],[84.66594,27.82468],[84.66628,27.82405],[84.66636,27.82331],[84.66652,27.82278],[84.66668,27.82245],[84.66696,27.82205],[84.66702,27.82184],[84.667,27.82155],[84.66689,27.82125],[84.66643,27.82059],[84.6663,27.82026],[84.66625,27.81968],[84.66636,27.81911],[84.66664,27.81861],[84.6671,27.81818],[84.66765,27.81781],[84.66837,27.8175],[84.66857,27.81735],[84.6687,27.81718],[84.66882,27.81652],[84.66879,27.81624],[84.66868,27.81593],[84.66823,27.8153],[84.66805,27.81512],[84.66769,27.81494],[84.66719,27.81457],[84.66706,27.8144],[84.66703,27.81415],[84.66717,27.81336],[84.66671,27.81292],[84.66645,27.81247],[84.66627,27.81176],[84.66621,27.81095],[84.66528,27.81079],[84.66496,27.81079],[84.66457,27.81094],[84.66417,27.8113],[84.66394,27.81142],[84.6636,27.81148],[84.66334,27.81137],[84.66326,27.81104],[84.66342,27.81057],[84.66341,27.8104],[84.6633,27.8103],[84.66278,27.81011],[84.66264,27.80996],[84.66258,27.80979],[84.66269,27.80934],[84.66316,27.80874],[84.66392,27.80848],[84.6645,27.80844],[84.66501,27.80845],[84.66536,27.8083],[84.66573,27.80827],[84.66584,27.80832],[84.66587,27.80842],[84.6657,27.80869],[84.66607,27.80892],[84.66628,27.80899],[84.66697,27.80901],[84.6674,27.80888],[84.66794,27.80877],[84.66823,27.80874],[84.66842,27.80878],[84.66852,27.80886],[84.66857,27.80904],[84.66848,27.80946],[84.66868,27.80963],[84.66899,27.80975],[84.66928,27.80962],[84.66944,27.80947],[84.66962,27.8092],[84.66974,27.80883],[84.66986,27.80879],[84.66999,27.80886],[84.67003,27.80901],[84.66995,27.80952],[84.66961,27.81023],[84.66933,27.81052],[84.6689,27.81067],[84.66879,27.81087],[84.66883,27.8111],[84.66904,27.81138],[84.66968,27.81181],[84.66974,27.81198],[84.66972,27.81216],[84.66953,27.81233],[84.66923,27.8124],[84.66893,27.81236],[84.66857,27.81219],[84.66835,27.81221],[84.6683,27.81232],[84.66834,27.81253],[84.66873,27.81299],[84.66879,27.81332],[84.66869,27.81337],[84.66848,27.81333],[84.66793,27.81303],[84.66785,27.81304],[84.6677,27.81322],[84.66756,27.81393],[84.66772,27.8142],[84.6679,27.81429],[84.66806,27.81425],[84.66828,27.81397],[84.66844,27.81395],[84.66854,27.81401],[84.6686,27.81423],[84.66844,27.81464],[84.66848,27.81491],[84.66872,27.81525],[84.66914,27.81566],[84.66964,27.81593],[84.6697,27.81617],[84.66956,27.81655],[84.6696,27.81692],[84.66979,27.81708],[84.67003,27.81708],[84.67021,27.81701],[84.6705,27.81679],[84.67077,27.81669],[84.67213,27.81664],[84.67257,27.81654],[84.67294,27.81635],[84.67315,27.816],[84.67328,27.81592],[84.67348,27.81596],[84.6737,27.81618],[84.6738,27.81622],[84.67491,27.81605],[84.67536,27.81586],[84.67641,27.81527],[84.67705,27.81508],[84.67754,27.81476],[84.6781,27.81409],[84.67839,27.81385],[84.67881,27.81364],[84.67971,27.81345],[84.68002,27.81327],[84.6803,27.81302],[84.68058,27.81287],[84.6807,27.81273],[84.68094,27.81225],[84.68147,27.81194],[84.68173,27.81145],[84.6819,27.81136],[84.68242,27.81122],[84.68287,27.81078],[84.68326,27.81059],[84.68359,27.81031],[84.68383,27.81019],[84.68487,27.80998],[84.68583,27.8099],[84.68687,27.80994],[84.68776,27.8101],[84.68853,27.8101],[84.68875,27.81006],[84.68894,27.80995],[84.69,27.80958],[84.69077,27.80938],[84.69129,27.80932],[84.69169,27.80934],[84.69236,27.80917],[84.69306,27.80925],[84.69334,27.8092],[84.69391,27.8088],[84.69453,27.80847],[84.69508,27.80824],[84.69557,27.80812],[84.69576,27.80798],[84.69618,27.80788],[84.6963,27.80781],[84.69633,27.8077],[84.69628,27.80758],[84.69581,27.80737],[84.69526,27.80694],[84.69501,27.80668],[84.695,27.80662],[84.69506,27.80658],[84.69578,27.80664],[84.6971,27.80699],[84.69757,27.80724],[84.69769,27.80743],[84.6977,27.80775],[84.69797,27.80784],[84.69929,27.80756],[84.70004,27.80747],[84.70079,27.80721],[84.70351,27.80711],[84.70461,27.80691],[84.70529,27.80663],[84.70629,27.80668],[84.70676,27.80657],[84.70714,27.8063],[84.70734,27.80596],[84.70735,27.80547],[84.70719,27.8048],[84.70719,27.80435],[84.70749,27.80373],[84.70768,27.8026],[84.70783,27.80218],[84.70804,27.80175],[84.70831,27.80138],[84.70861,27.80115],[84.70935,27.80079],[84.71026,27.80049],[84.71116,27.80028],[84.71202,27.80019],[84.71356,27.80026],[84.71413,27.80036],[84.71449,27.80049],[84.71479,27.80077],[84.71523,27.80103],[84.71585,27.80163],[84.71671,27.80203],[84.71726,27.80239],[84.71754,27.80263],[84.71779,27.80304],[84.71792,27.80317],[84.71829,27.80326],[84.71878,27.80317],[84.71921,27.80295],[84.71965,27.80255],[84.72017,27.80221],[84.72057,27.80172],[84.72107,27.80138],[84.72133,27.80106],[84.72147,27.80097],[84.72214,27.80083],[84.72299,27.80048],[84.72403,27.80042],[84.72484,27.80009],[84.72563,27.80012],[84.72594,27.80004],[84.72623,27.7999],[84.72655,27.79963],[84.72685,27.79926],[84.72734,27.7982],[84.72809,27.79699],[84.72862,27.79633],[84.72952,27.79536],[84.72981,27.79521],[84.7308,27.79517],[84.73139,27.79521],[84.73168,27.79534],[84.73196,27.79537],[84.73229,27.79549],[84.73338,27.79612],[84.73368,27.79644],[84.73392,27.79685],[84.73411,27.797],[84.73449,27.79717],[84.73546,27.79731],[84.73601,27.79746],[84.73663,27.79775],[84.73706,27.79809],[84.73744,27.79865],[84.73769,27.79939],[84.73784,27.8003],[84.7378,27.80128],[84.73803,27.8018],[84.73816,27.80244],[84.73832,27.80276],[84.73841,27.80311],[84.73856,27.80334],[84.73872,27.80345],[84.73924,27.80362],[84.74036,27.80375],[84.74161,27.80359],[84.74404,27.8034],[84.74447,27.80354],[84.74523,27.80403],[84.74555,27.80419],[84.7462,27.80435],[84.7469,27.80442],[84.74729,27.8044],[84.74777,27.80422],[84.74814,27.80419],[84.74852,27.80419],[84.7491,27.80431],[84.74941,27.80432],[84.74972,27.80414],[84.74983,27.80386],[84.74998,27.80372],[84.75017,27.80366],[84.75046,27.80368],[84.75086,27.80381],[84.75258,27.80477],[84.75314,27.80513],[84.75374,27.80561],[84.75446,27.806],[84.75527,27.80674],[84.75615,27.80776],[84.75674,27.80859],[84.75711,27.80933],[84.75734,27.81008],[84.75744,27.81102],[84.75756,27.81139],[84.75752,27.81163],[84.75731,27.81199],[84.75725,27.81222],[84.75731,27.81324],[84.75745,27.81379],[84.75774,27.81428],[84.75821,27.81477],[84.7587,27.81508],[84.75886,27.8151],[84.75932,27.81495],[84.75956,27.815],[84.75975,27.8151],[84.76013,27.81553],[84.76049,27.81609],[84.7608,27.81648],[84.76146,27.81699],[84.76189,27.81749],[84.76211,27.81767],[84.76235,27.81779],[84.76287,27.81786],[84.76345,27.8181],[84.76389,27.81815],[84.76494,27.81806],[84.7655,27.81787],[84.7661,27.81747],[84.76713,27.81662],[84.76777,27.8162],[84.76818,27.81572],[84.76867,27.81488],[84.7688,27.8142],[84.76871,27.81381],[84.76852,27.81336],[84.76795,27.8125],[84.76788,27.81217],[84.76791,27.81183],[84.76804,27.81152],[84.76828,27.81119],[84.76905,27.81067],[84.7696,27.80996],[84.77,27.80966],[84.77066,27.80927],[84.77251,27.8085],[84.77319,27.80836],[84.77398,27.80833],[84.77513,27.80815],[84.77558,27.80818],[84.7761,27.80831],[84.77634,27.80854],[84.77676,27.80883],[84.77722,27.80928],[84.77782,27.81007],[84.77855,27.81089],[84.77881,27.8111],[84.77934,27.8114],[84.77968,27.81183],[84.78006,27.81208],[84.78047,27.81248],[84.78182,27.81302],[84.78292,27.81355],[84.78347,27.81341],[84.78427,27.81337],[84.7848,27.81342],[84.78543,27.81358],[84.78587,27.81377],[84.78613,27.81395],[84.78638,27.81428],[84.78652,27.81437],[84.78746,27.81442],[84.78808,27.81426],[84.78872,27.81394],[84.7893,27.81353],[84.79008,27.81274],[84.79073,27.81242],[84.79136,27.81234],[84.79306,27.81249],[84.79382,27.81264],[84.79448,27.81285],[84.79584,27.81357],[84.79636,27.81372],[84.79726,27.81381],[84.79852,27.81428],[84.79895,27.81419],[84.79983,27.81415],[84.80034,27.81423],[84.80125,27.81448],[84.80234,27.81436],[84.80253,27.81445],[84.80313,27.81447],[84.80346,27.81453],[84.80383,27.81469],[84.80418,27.81494],[84.80467,27.81547],[84.80509,27.81578],[84.80554,27.81636],[84.8058,27.81652],[84.80655,27.81681],[84.80729,27.8172],[84.80771,27.81723],[84.80845,27.81715],[84.80891,27.81697],[84.80938,27.81659],[84.80963,27.81627],[84.81011,27.81534],[84.81056,27.81486],[84.81095,27.81455],[84.81126,27.81441],[84.81192,27.81425],[84.81299,27.81376],[84.81438,27.81352],[84.81499,27.81325],[84.81531,27.81303],[84.81604,27.81219],[84.81612,27.81174],[84.81639,27.8109],[84.81647,27.80996],[84.81684,27.809],[84.81687,27.80856],[84.81697,27.80828],[84.81741,27.80777],[84.81783,27.8074],[84.81826,27.80716],[84.8187,27.80708],[84.81891,27.80712],[84.81932,27.80737],[84.81956,27.80744],[84.8199,27.80743],[84.82057,27.80732],[84.82127,27.80733],[84.82279,27.8082],[84.82321,27.80854],[84.82338,27.80883],[84.82345,27.80911],[84.82346,27.80946],[84.8234,27.80989],[84.82272,27.81193],[84.82253,27.81237],[84.82231,27.81273],[84.82229,27.81286],[84.82237,27.81347],[84.82297,27.81491],[84.82318,27.81589],[84.82359,27.81645],[84.82397,27.81672],[84.82468,27.8175],[84.82516,27.81788],[84.82558,27.81815],[84.82603,27.81833],[84.82663,27.81843],[84.82721,27.81844],[84.82796,27.81838],[84.829,27.81812],[84.8295,27.81782],[84.83008,27.81729],[84.83044,27.81702],[84.83134,27.81651],[84.83185,27.8161],[84.83246,27.81584],[84.83281,27.81557],[84.83286,27.81546],[84.83288,27.81497],[84.83314,27.81417],[84.83328,27.81396],[84.83384,27.81342],[84.83418,27.81262],[84.83457,27.81189],[84.83485,27.81047],[84.83484,27.8102],[84.8347,27.80958],[84.83479,27.80922],[84.83512,27.80877],[84.83562,27.80833],[84.83584,27.80801],[84.83655,27.80731],[84.83686,27.80667],[84.83729,27.80524],[84.83757,27.80457],[84.83816,27.80345],[84.83882,27.80248],[84.83911,27.80213],[84.8394,27.80188],[84.8401,27.80151],[84.84055,27.80137],[84.84134,27.80124],[84.84198,27.80119],[84.84267,27.8012],[84.84336,27.80127],[84.84401,27.80141],[84.84475,27.80164],[84.8455,27.80197],[84.84591,27.80222],[84.8462,27.8025],[84.84664,27.80317],[84.84686,27.80341],[84.84703,27.80351],[84.84759,27.80365],[84.8479,27.80377],[84.84822,27.80401],[84.84844,27.80427],[84.84907,27.80543],[84.84927,27.80596],[84.8493,27.80635],[84.84917,27.80721],[84.84924,27.80762],[84.84945,27.808],[84.84971,27.80816],[84.85014,27.80816],[84.85158,27.80833],[84.85202,27.80832],[84.8526,27.80801],[84.85376,27.80779],[84.85471,27.80737],[84.85516,27.80723],[84.85586,27.80715],[84.85789,27.80712],[84.85895,27.80689],[84.85962,27.80666],[84.86053,27.80612],[84.86092,27.8058],[84.86129,27.80541],[84.86168,27.80486],[84.86205,27.80405],[84.86294,27.80321],[84.86328,27.80243],[84.86356,27.80207],[84.86364,27.80182],[84.86377,27.80166],[84.86426,27.80131],[84.86453,27.80118],[84.86504,27.80107],[84.86551,27.80105],[84.86678,27.8012],[84.86728,27.80138],[84.86776,27.80146],[84.86872,27.80133],[84.87004,27.80157],[84.8707,27.8019],[84.87124,27.80245],[84.87211,27.80275],[84.87273,27.80311],[84.87296,27.80331],[84.87327,27.80371],[84.87356,27.80388],[84.87367,27.804],[84.87386,27.80438],[84.87386,27.80467],[84.87379,27.80489],[84.87362,27.80507],[84.87298,27.80548],[84.87261,27.80558],[84.87247,27.80568],[84.87213,27.80616],[84.87209,27.80629],[84.87212,27.8064],[84.87234,27.80664],[84.87308,27.80687],[84.87473,27.80767],[84.87542,27.80779],[84.87696,27.80763],[84.87756,27.80768],[84.878,27.80786],[84.87859,27.80799],[84.87929,27.80838],[84.87989,27.80848],[84.88007,27.8086],[84.88043,27.80896],[84.88064,27.8091],[84.88109,27.80928],[84.88151,27.80934],[84.88191,27.80922],[84.88208,27.80912],[84.88218,27.80896],[84.88237,27.80841],[84.88274,27.80811],[84.88395,27.80768],[84.88442,27.80761],[84.88483,27.8076],[84.88525,27.80775],[84.88609,27.80843],[84.88693,27.80864],[84.88751,27.80896],[84.88856,27.80903],[84.88918,27.80893],[84.88993,27.80866],[84.89026,27.80848],[84.89099,27.80797],[84.89138,27.80779],[84.89205,27.80766],[84.89318,27.80768],[84.8934,27.80764],[84.8947,27.8072],[84.8951,27.80702],[84.89546,27.80691],[84.89572,27.80676],[84.89631,27.80664],[84.89686,27.80636],[84.89776,27.80612],[84.89883,27.80568],[84.89953,27.80554],[84.90044,27.80548],[84.9007,27.80551],[84.90121,27.80567],[84.90178,27.80566],[84.90202,27.80579],[84.90226,27.80611],[84.90262,27.80614],[84.90287,27.80622],[84.90403,27.80694],[84.9046,27.807],[84.90518,27.8069],[84.90566,27.80668],[84.90609,27.80636],[84.90645,27.80596],[84.90674,27.8055],[84.90679,27.80513],[84.90657,27.80478],[84.90664,27.80442],[84.9065,27.80396],[84.90656,27.80379],[84.9068,27.80352],[84.90714,27.80337],[84.90753,27.80328],[84.90835,27.80328],[84.90957,27.80357],[84.9099,27.80373],[84.91076,27.80399],[84.91115,27.80419],[84.91135,27.80422],[84.91159,27.8044],[84.91199,27.80437],[84.91242,27.80415],[84.91284,27.80421],[84.9132,27.80383],[84.91326,27.8033],[84.91364,27.80284],[84.91393,27.80213],[84.91436,27.80176],[84.91482,27.80115],[84.91596,27.80034],[84.91668,27.80001],[84.91757,27.79982],[84.91862,27.79926],[84.91923,27.79864],[84.91981,27.79819],[84.92012,27.79767],[84.92033,27.79749],[84.9211,27.79738],[84.92196,27.79717],[84.92352,27.79706],[84.92427,27.79709],[84.92566,27.79726],[84.92682,27.79779],[84.92795,27.7981],[84.92837,27.79828],[84.92874,27.79854],[84.92899,27.79879],[84.92937,27.79959],[84.92965,27.79989],[84.93019,27.80023],[84.93054,27.80058],[84.93079,27.80075],[84.93177,27.80116],[84.93234,27.80151],[84.93285,27.80194],[84.93387,27.80299],[84.93468,27.80364],[84.93498,27.8038],[84.93606,27.80412],[84.93655,27.80435],[84.93682,27.80439],[84.93774,27.80439],[84.93856,27.80422],[84.9393,27.80413],[84.93962,27.80416],[84.93994,27.80431],[84.9402,27.80466],[84.9406,27.80498],[84.94113,27.80555],[84.94144,27.8061],[84.94193,27.80719],[84.94248,27.80766],[84.94271,27.80822],[84.94327,27.80886],[84.94353,27.8095],[84.94381,27.81082],[84.94396,27.81107],[84.94431,27.81144],[84.9447,27.8115],[84.94518,27.81169],[84.94555,27.81172],[84.94585,27.81192],[84.94618,27.81187],[84.94645,27.81197],[84.94677,27.81198],[84.94708,27.81211],[84.94722,27.81208],[84.9475,27.81189],[84.94779,27.81185],[84.94787,27.81197],[84.94785,27.81229],[84.948,27.81248],[84.9483,27.81261],[84.94881,27.81259],[84.9492,27.8128],[84.94928,27.813],[84.94924,27.81328],[84.94928,27.81358],[84.94932,27.81366],[84.94942,27.81369],[84.94992,27.81361],[84.95054,27.81367],[84.95095,27.81357],[84.95097,27.81326],[84.95083,27.81273],[84.9508,27.81238],[84.95081,27.81194],[84.95085,27.81189],[84.95093,27.8119],[84.95116,27.81214],[84.95122,27.81246],[84.95143,27.81265],[84.95152,27.81322],[84.95174,27.81365],[84.95191,27.81384],[84.95229,27.81402],[84.95234,27.81414],[84.95229,27.81431],[84.95236,27.8144],[84.95264,27.81447],[84.95302,27.81439],[84.95321,27.81445],[84.95423,27.81513],[84.95434,27.81526],[84.9544,27.81547],[84.95448,27.81557],[84.95491,27.81578],[84.95515,27.816],[84.95539,27.81608],[84.95553,27.81623],[84.95609,27.81644],[84.95657,27.81679],[84.95713,27.81688],[84.95778,27.81706],[84.95893,27.81721],[84.95963,27.817],[84.96028,27.8165],[84.96127,27.81606],[84.96169,27.81569],[84.96198,27.81529],[84.96229,27.81462],[84.96261,27.81414],[84.96256,27.81373],[84.96277,27.81349],[84.96269,27.81331],[84.9623,27.81308],[84.96226,27.81298],[84.96228,27.81287],[84.96251,27.81276],[84.96295,27.81276],[84.96336,27.81269],[84.96367,27.81259],[84.96388,27.81245],[84.96428,27.81195],[84.96474,27.81153],[84.96476,27.81133],[84.96457,27.81115],[84.96449,27.81095],[84.96456,27.81072],[84.96476,27.81048],[84.96508,27.81033],[84.96539,27.81008],[84.9658,27.80998],[84.96634,27.81008],[84.96677,27.80998],[84.96703,27.81],[84.9672,27.81009],[84.96738,27.81035],[84.96752,27.81043],[84.96771,27.81041],[84.96786,27.81031],[84.9683,27.80956],[84.96836,27.80938],[84.9686,27.8091],[84.96887,27.80843],[84.96894,27.80818],[84.96897,27.80764],[84.96892,27.807],[84.96903,27.80663],[84.96911,27.80653],[84.96932,27.80642],[84.96986,27.80582],[84.97045,27.80535],[84.97086,27.80508],[84.97136,27.8049],[84.97146,27.80481],[84.97161,27.80445],[84.97168,27.80394],[84.97158,27.80351],[84.97128,27.80315],[84.97145,27.80241],[84.97163,27.80209],[84.97189,27.80182],[84.97289,27.80124],[84.97343,27.80111],[84.97471,27.80104],[84.97508,27.80091],[84.97538,27.80066],[84.97577,27.80057],[84.97611,27.80061],[84.97631,27.80049],[84.97672,27.80048],[84.97685,27.80053],[84.97709,27.80081],[84.97743,27.80094],[84.97912,27.80118],[84.97976,27.80117],[84.97993,27.80128],[84.98002,27.80158],[84.98011,27.80172],[84.98022,27.80179],[84.98099,27.80211],[84.98219,27.80216],[84.98304,27.80247],[84.98372,27.80297],[84.98419,27.80324],[84.98481,27.80384],[84.98525,27.80413],[84.98561,27.8043],[84.98653,27.80449],[84.98688,27.80467],[84.9872,27.80492],[84.98742,27.80496],[84.9877,27.80492],[84.98807,27.80476],[84.98844,27.80471],[84.98903,27.80444],[84.98936,27.80423],[84.98972,27.80391],[84.98995,27.80377],[84.99017,27.80353],[84.99026,27.80337],[84.99035,27.80295],[84.99044,27.80277],[84.99086,27.8024],[84.99117,27.80224],[84.9917,27.80216],[84.99221,27.80221],[84.99245,27.80233],[84.99298,27.80278],[84.99332,27.80287],[84.99387,27.80286],[84.99517,27.8027],[84.99682,27.80268],[84.9972,27.80257],[84.99761,27.80235],[84.99832,27.80221],[84.99891,27.80192],[84.99936,27.80162],[85.00034,27.80069],[85.00072,27.80049],[85.00098,27.80047],[85.00112,27.80055],[85.00125,27.80075],[85.00183,27.80102],[85.00234,27.80153],[85.00266,27.80164],[85.00314,27.80169],[85.00344,27.80193],[85.0037,27.80206],[85.00442,27.80272],[85.00484,27.80324],[85.00543,27.80347],[85.00582,27.80384],[85.00624,27.804],[85.00656,27.80426],[85.00675,27.80431],[85.00732,27.80431],[85.00801,27.80442],[85.00967,27.8049],[85.01038,27.80524],[85.01066,27.80534],[85.01134,27.80575],[85.0126,27.8062],[85.01328,27.8065],[85.01349,27.80664],[85.01396,27.80681],[85.01416,27.80695],[85.01446,27.8073],[85.01479,27.80741],[85.01487,27.80748],[85.01491,27.80774],[85.01481,27.80822],[85.01482,27.80889],[85.01475,27.80986],[85.01499,27.80987],[85.01562,27.80972],[85.01588,27.80971],[85.01613,27.80983],[85.01616,27.81006],[85.01607,27.8102],[85.01584,27.81025],[85.0149,27.81025],[85.01432,27.81016],[85.01356,27.81019],[85.01315,27.81043],[85.01307,27.8115],[85.01345,27.81245],[85.01346,27.81273],[85.01356,27.8131],[85.01355,27.8133],[85.01348,27.81347],[85.01351,27.8136],[85.01361,27.81387],[85.01372,27.81402],[85.0142,27.81424],[85.01433,27.81436],[85.01468,27.81521],[85.0151,27.81554],[85.01544,27.81594],[85.01557,27.81646],[85.01578,27.81668],[85.01573,27.81704],[85.01584,27.81748],[85.01601,27.81785],[85.0162,27.81803],[85.0165,27.81822],[85.01677,27.8185],[85.01756,27.81902],[85.01768,27.81914],[85.01773,27.81945],[85.018,27.82015],[85.0182,27.82051],[85.01848,27.82087],[85.01855,27.82125],[85.0187,27.82158],[85.01869,27.82246],[85.01901,27.82315],[85.01908,27.82342],[85.01909,27.82373],[85.01924,27.82387],[85.01943,27.82386],[85.01947,27.82391],[85.01945,27.82404],[85.01928,27.82421],[85.01927,27.82446],[85.01944,27.82529],[85.01992,27.82624],[85.02033,27.82673],[85.02067,27.82737],[85.0211,27.82779],[85.02125,27.82803],[85.02151,27.82875],[85.02172,27.829],[85.02188,27.82932],[85.02203,27.83004],[85.02238,27.83071],[85.02245,27.83124],[85.02269,27.83164],[85.02289,27.83209],[85.02306,27.83268],[85.02337,27.83296],[85.02356,27.83326],[85.02372,27.83366],[85.02371,27.83398],[85.02387,27.83433],[85.02385,27.8345],[85.02365,27.83475],[85.02369,27.83519],[85.02375,27.83531],[85.02401,27.83549],[85.02406,27.83567],[85.02386,27.83624],[85.02391,27.83699],[85.02364,27.83785],[85.02373,27.83884],[85.02357,27.83952],[85.02345,27.84038],[85.02333,27.84068],[85.02308,27.8411],[85.02298,27.8414],[85.02276,27.8415],[85.02237,27.84149],[85.02215,27.8416],[85.02203,27.84174],[85.02192,27.84208],[85.02146,27.84234],[85.02143,27.84246],[85.02152,27.84281],[85.02178,27.84335],[85.022,27.84362],[85.02215,27.844],[85.02227,27.84416],[85.02245,27.8443],[85.0229,27.84449],[85.02327,27.84476],[85.02362,27.8449],[85.02407,27.84527],[85.02445,27.84538],[85.02469,27.84556],[85.02539,27.84575],[85.02625,27.84618],[85.0265,27.8465],[85.02703,27.84669],[85.0273,27.84685],[85.02764,27.8472],[85.02787,27.84756],[85.02809,27.84774],[85.02862,27.84785],[85.02897,27.84801],[85.02956,27.84818],[85.03013,27.84847],[85.03092,27.8486],[85.03115,27.84875],[85.03129,27.84895],[85.0316,27.84905],[85.0317,27.84925],[85.03176,27.84972],[85.03188,27.85004],[85.0322,27.85037],[85.03236,27.85068],[85.03264,27.85085],[85.03282,27.85113],[85.03286,27.85151],[85.03274,27.85207],[85.03273,27.85241],[85.03285,27.85274],[85.03307,27.85297],[85.0341,27.85312],[85.0346,27.85331],[85.03538,27.85339],[85.03622,27.85322],[85.03662,27.85327],[85.03732,27.85322],[85.03782,27.85327],[85.03844,27.85314],[85.03907,27.85276],[85.0393,27.8527],[85.03955,27.85271],[85.04008,27.85287],[85.04041,27.85284],[85.04049,27.85288],[85.04065,27.8531],[85.04092,27.85312],[85.04107,27.85327],[85.04138,27.85343],[85.04143,27.85357],[85.04143,27.85392],[85.04151,27.85417],[85.04203,27.85498],[85.04213,27.85505],[85.04232,27.85486],[85.04235,27.85463],[85.04226,27.85455],[85.042,27.85454],[85.04187,27.85446],[85.04183,27.85433],[85.04193,27.85412],[85.04171,27.85389],[85.04167,27.85379],[85.04169,27.85367],[85.04192,27.85332],[85.04199,27.85299],[85.04212,27.85281],[85.04227,27.85273],[85.04241,27.85276],[85.04261,27.85294],[85.04276,27.85293],[85.04277,27.85278],[85.04261,27.85252],[85.04287,27.85237],[85.04291,27.85199],[85.04318,27.85172],[85.04327,27.85138],[85.04346,27.85106],[85.04376,27.85075],[85.0438,27.85043],[85.04398,27.85032],[85.04435,27.85034],[85.04485,27.85049],[85.04509,27.85076],[85.04519,27.85081],[85.04624,27.85091],[85.04756,27.85124],[85.04796,27.85145],[85.04851,27.85165],[85.0488,27.85194],[85.04909,27.8518],[85.04936,27.85179],[85.04973,27.85192],[85.04992,27.85212],[85.05009,27.85223],[85.05077,27.85244],[85.0511,27.85245],[85.05131,27.85251],[85.05168,27.8525],[85.05202,27.85257],[85.05231,27.85255],[85.05283,27.85284],[85.05384,27.85314],[85.05473,27.85354],[85.05523,27.85361],[85.05593,27.85385],[85.05614,27.85403],[85.05629,27.85456],[85.057,27.85529],[85.05756,27.85612],[85.05781,27.85629],[85.05854,27.85665],[85.05931,27.8573],[85.05953,27.8576],[85.05987,27.8578],[85.06,27.85774],[85.06022,27.85747],[85.06051,27.85735],[85.06065,27.85716],[85.06099,27.85707],[85.06164,27.85669],[85.06201,27.85656],[85.06222,27.85623],[85.06248,27.8561],[85.06261,27.85587],[85.06302,27.85578],[85.06329,27.85556],[85.06373,27.85535],[85.06395,27.85512],[85.0645,27.85502],[85.06497,27.85479],[85.0654,27.85478],[85.06575,27.85429],[85.06612,27.85422],[85.06647,27.85404],[85.06667,27.85368],[85.06679,27.85357],[85.06693,27.85358],[85.06713,27.85375],[85.06729,27.85379],[85.06792,27.8536],[85.06857,27.8537],[85.06904,27.85351],[85.0695,27.85344],[85.07031,27.85341],[85.07061,27.85349],[85.07081,27.85329],[85.07116,27.85317],[85.07138,27.85298],[85.07235,27.85267],[85.07366,27.85248],[85.0739,27.85238],[85.07411,27.85219],[85.07446,27.85214],[85.0749,27.85194],[85.07586,27.85186],[85.07636,27.85193],[85.07673,27.85204],[85.07771,27.85255],[85.07821,27.85308],[85.07888,27.85358],[85.07911,27.85393],[85.08005,27.85464],[85.0806,27.85448],[85.08074,27.85429],[85.08112,27.85396],[85.08148,27.85333],[85.08159,27.85326],[85.0817,27.85329],[85.08178,27.85342],[85.0816,27.85385],[85.08157,27.85442],[85.08163,27.85481],[85.08147,27.855],[85.08133,27.85542],[85.08142,27.85548],[85.08171,27.85541],[85.08191,27.85554],[85.08208,27.85555],[85.0825,27.8557],[85.08276,27.85558],[85.08349,27.85558],[85.08402,27.85548],[85.08411,27.85539],[85.08411,27.85524],[85.08443,27.85465],[85.08513,27.85421],[85.08592,27.854],[85.08642,27.85395],[85.08704,27.85402],[85.08765,27.85422],[85.08802,27.85447],[85.0882,27.85475],[85.08832,27.8548],[85.08843,27.85493],[85.08854,27.85525],[85.08847,27.85564],[85.08852,27.85578],[85.08888,27.85595],[85.08926,27.856],[85.08951,27.8561],[85.08964,27.8563],[85.09007,27.85668],[85.09026,27.85693],[85.09058,27.8571],[85.09111,27.85727],[85.09126,27.85808],[85.09116,27.85869],[85.09123,27.85884],[85.09167,27.859],[85.09192,27.85883],[85.09213,27.85883],[85.09222,27.8589],[85.09225,27.85911],[85.09261,27.85923],[85.09271,27.85943],[85.09289,27.85951],[85.09305,27.85948],[85.09317,27.8593],[85.09326,27.85926],[85.09355,27.85935],[85.09405,27.85935],[85.09427,27.85903],[85.09454,27.85892],[85.09467,27.85892],[85.0948,27.85911],[85.09495,27.85913],[85.09529,27.85899],[85.09571,27.85892],[85.0959,27.85882],[85.09625,27.85881],[85.09659,27.85863],[85.0973,27.85854],[85.09743,27.85846],[85.09761,27.85814],[85.09821,27.85796],[85.0984,27.85794],[85.09852,27.85798],[85.09856,27.85826],[85.09862,27.85833],[85.09884,27.85839],[85.09909,27.85853],[85.09929,27.85853],[85.09987,27.85824],[85.10045,27.85818],[85.10091,27.85793],[85.10144,27.85779],[85.10207,27.85772],[85.10223,27.85758],[85.1023,27.85734],[85.10274,27.85754],[85.10339,27.85765],[85.10361,27.85782],[85.10397,27.85769],[85.10404,27.85786],[85.10446,27.85804],[85.10476,27.85796],[85.10534,27.85794],[85.10554,27.85796],[85.10581,27.85806],[85.10612,27.85796],[85.10661,27.85809],[85.10772,27.85813],[85.1086,27.85842],[85.10971,27.85813],[85.11004,27.85794],[85.11042,27.85782],[85.11062,27.85785],[85.11089,27.85802],[85.11113,27.85808],[85.11188,27.85798],[85.11235,27.85802],[85.11266,27.85763],[85.11262,27.85747],[85.11271,27.85733],[85.11301,27.85706],[85.11331,27.85695],[85.11378,27.85696],[85.11468,27.85721],[85.11499,27.85719],[85.11546,27.85701],[85.11621,27.85716],[85.11666,27.85709],[85.11811,27.85705],[85.11894,27.85691],[85.11947,27.85669],[85.11993,27.85662],[85.12038,27.85669],[85.12097,27.85691],[85.12129,27.85715],[85.1219,27.85793],[85.12256,27.85834],[85.12285,27.85845],[85.12304,27.85844],[85.12362,27.85815],[85.12426,27.858],[85.12476,27.85779],[85.12551,27.85775],[85.12578,27.85778],[85.12652,27.85818],[85.12704,27.8589],[85.12736,27.85918],[85.12773,27.85935],[85.12864,27.8593],[85.12921,27.85911],[85.1297,27.85904],[85.13024,27.85888],[85.13083,27.85885],[85.13168,27.85892],[85.13306,27.85882],[85.13343,27.85895],[85.13388,27.859],[85.13476,27.85951],[85.13519,27.86007],[85.1353,27.8604],[85.13546,27.86071],[85.13554,27.86172],[85.13518,27.8622],[85.13517,27.8624],[85.13528,27.86258],[85.13576,27.86294],[85.13725,27.86378],[85.13813,27.86415],[85.13863,27.86446],[85.1389,27.86471],[85.13903,27.86509],[85.13933,27.86556],[85.13983,27.86604],[85.14027,27.86617],[85.14076,27.86617],[85.14217,27.86583],[85.14263,27.86576],[85.14336,27.8655],[85.14376,27.86544],[85.14417,27.86551],[85.14481,27.8659],[85.14518,27.86642],[85.14521,27.86663],[85.14517,27.86683],[85.145,27.86709],[85.14448,27.8677],[85.14382,27.86838],[85.14369,27.86866],[85.14374,27.86909],[85.14407,27.86968],[85.14414,27.87002],[85.14424,27.87012],[85.14457,27.87026],[85.14467,27.87046],[85.14417,27.87143],[85.14387,27.87243],[85.14368,27.87365],[85.14369,27.87398],[85.14377,27.87417],[85.14425,27.87462],[85.14528,27.87511],[85.14628,27.87539],[85.14717,27.87545],[85.14769,27.87539],[85.1483,27.87507],[85.14841,27.87493],[85.1484,27.87464],[85.14846,27.87457],[85.14893,27.87475],[85.1494,27.87452],[85.14987,27.87443],[85.15066,27.87465],[85.15102,27.87444],[85.1513,27.87438],[85.15152,27.87443],[85.15177,27.87459],[85.15224,27.87508],[85.1525,27.87569],[85.15304,27.87628],[85.15358,27.87646],[85.15375,27.87693],[85.15404,27.87716],[85.15414,27.87735],[85.15412,27.87798],[85.1543,27.87927],[85.15433,27.88104],[85.15439,27.88185],[85.15417,27.88277],[85.15401,27.88377],[85.15385,27.88429],[85.15388,27.88455],[85.15404,27.88491],[85.15428,27.88517],[85.15469,27.88539],[85.15469,27.88572],[85.15474,27.88588],[85.15542,27.88678],[85.15559,27.88693],[85.15755,27.88802],[85.15867,27.88892],[85.15902,27.88914],[85.16062,27.88964],[85.1612,27.88997],[85.16181,27.89023],[85.16225,27.89024],[85.16325,27.89002],[85.1639,27.88974],[85.16424,27.88948],[85.16469,27.88936],[85.16494,27.88923],[85.16622,27.88912],[85.16674,27.88892],[85.16734,27.88895],[85.16777,27.88912],[85.1685,27.88922],[85.16899,27.88937],[85.16935,27.88934],[85.17046,27.88822],[85.17093,27.88752],[85.17137,27.88718],[85.17159,27.88679],[85.17209,27.88619],[85.17223,27.88611],[85.1726,27.88606],[85.17274,27.88596],[85.17277,27.88569],[85.17242,27.88522],[85.17235,27.88479],[85.17242,27.88454],[85.17269,27.88424],[85.17301,27.88413],[85.17369,27.88429],[85.17411,27.88428],[85.17465,27.8842],[85.17518,27.88443],[85.1759,27.88462],[85.17692,27.88503],[85.17729,27.88502],[85.17819,27.88467],[85.17876,27.8842],[85.18125,27.88346],[85.18148,27.88335],[85.18168,27.88309],[85.18184,27.8827],[85.18188,27.88248],[85.18184,27.88231],[85.1815,27.882],[85.18148,27.88185],[85.18154,27.88177],[85.18163,27.88179],[85.18202,27.88203],[85.18269,27.882],[85.18322,27.88209],[85.18366,27.88229],[85.18464,27.88288],[85.18521,27.88348],[85.18589,27.88397],[85.18617,27.8841],[85.18692,27.88416],[85.18776,27.88412],[85.18878,27.88374],[85.18913,27.88366],[85.1894,27.88347],[85.18966,27.88336],[85.19008,27.88324],[85.19029,27.88324],[85.19061,27.88332],[85.19131,27.88364],[85.19223,27.8844],[85.19278,27.88471],[85.19321,27.88484],[85.19366,27.88484],[85.19425,27.88471],[85.19458,27.88446],[85.19515,27.88371],[85.1955,27.88295],[85.19577,27.88262],[85.19593,27.88253],[85.19623,27.88252],[85.19653,27.88258],[85.19766,27.88308],[85.19846,27.88331],[85.19912,27.88337],[85.19979,27.88332],[85.20002,27.88322],[85.20032,27.88302],[85.20046,27.88286],[85.20102,27.88129],[85.20124,27.88087],[85.20176,27.88026],[85.2024,27.87984],[85.20308,27.87927],[85.20321,27.87925],[85.20325,27.87935],[85.20322,27.87948],[85.20292,27.87986],[85.20268,27.88004],[85.20191,27.88043],[85.20165,27.88072],[85.20122,27.88147],[85.20097,27.88253],[85.20066,27.88304],[85.20016,27.88345],[85.1997,27.88363],[85.19921,27.88368],[85.19806,27.8835],[85.19776,27.88339],[85.1974,27.88317],[85.19684,27.88292],[85.19631,27.88275],[85.19606,27.88275],[85.19592,27.88285],[85.19571,27.88331],[85.19497,27.88445],[85.19432,27.885],[85.19412,27.8851],[85.19391,27.88511],[85.19341,27.88507],[85.19251,27.8849],[85.19181,27.88446],[85.191,27.88382],[85.19044,27.88359],[85.19018,27.88358],[85.18995,27.88364],[85.18887,27.88411],[85.18839,27.88427],[85.18775,27.88432],[85.18701,27.88453],[85.18628,27.88451],[85.18592,27.88445],[85.18571,27.88437],[85.18527,27.88404],[85.18432,27.8832],[85.1841,27.88306],[85.18389,27.88302],[85.18353,27.88309],[85.18298,27.88313],[85.18268,27.88322],[85.18247,27.88336],[85.18205,27.88381],[85.18185,27.88416],[85.1817,27.88427],[85.18105,27.88424],[85.17995,27.88452],[85.17889,27.88504],[85.17727,27.88551],[85.17628,27.88547],[85.17576,27.88523],[85.17547,27.88526],[85.17522,27.8854],[85.175,27.8856],[85.17474,27.88594],[85.17459,27.88625],[85.17447,27.88636],[85.17413,27.88648],[85.17311,27.88645],[85.1728,27.88673],[85.17234,27.88732],[85.17205,27.88755],[85.1719,27.88763],[85.17152,27.88766],[85.17139,27.88778],[85.17109,27.88828],[85.17087,27.88892],[85.17053,27.88928],[85.17048,27.88944],[85.17071,27.89034],[85.1708,27.89094],[85.17112,27.89164],[85.17163,27.8921],[85.17222,27.8925],[85.17326,27.89272],[85.17471,27.89269],[85.17494,27.89275],[85.1751,27.89285],[85.17519,27.89296],[85.17518,27.89305],[85.17488,27.89305],[85.17483,27.89311],[85.17508,27.89347],[85.17516,27.89372],[85.17513,27.89395],[85.17522,27.8942],[85.17544,27.89452],[85.17548,27.89505],[85.17575,27.89561],[85.17611,27.89596],[85.17612,27.89614],[85.1763,27.89607],[85.17656,27.89615],[85.17633,27.89623],[85.17636,27.89632],[85.17657,27.89633],[85.17692,27.896],[85.17724,27.896],[85.17732,27.8959],[85.17729,27.89571],[85.1774,27.89567],[85.17759,27.89585],[85.17748,27.89607],[85.1775,27.89614],[85.17791,27.89631],[85.17793,27.89654],[85.17818,27.89659],[85.17837,27.89676],[85.17848,27.89697],[85.17871,27.89712],[85.17882,27.89713],[85.1792,27.89671],[85.17922,27.89661],[85.17855,27.89586],[85.17851,27.89568],[85.17859,27.89561],[85.1788,27.89578],[85.179,27.8961],[85.17928,27.89638],[85.17942,27.8967],[85.17964,27.89701],[85.17971,27.89728],[85.17981,27.8974],[85.18008,27.89753],[85.18118,27.89782],[85.18193,27.89846],[85.18243,27.89869],[85.18298,27.89905],[85.18322,27.89913],[85.18342,27.89904],[85.18377,27.89936],[85.18435,27.89952],[85.18485,27.89961],[85.18533,27.89963],[85.18672,27.89993],[85.18769,27.89995],[85.18914,27.90054],[85.1895,27.90064],[85.19049,27.90071],[85.19123,27.90043],[85.19154,27.9004],[85.19179,27.90027],[85.19217,27.90021],[85.19234,27.90013],[85.19275,27.89977],[85.1929,27.8997],[85.19416,27.89954],[85.1947,27.89963],[85.19499,27.89977],[85.19568,27.89969],[85.19631,27.89978],[85.19648,27.89973],[85.19678,27.89949],[85.19709,27.89939],[85.19784,27.89941],[85.19799,27.89932],[85.19823,27.89894],[85.19869,27.89874],[85.19925,27.89823],[85.19948,27.89795],[85.20021,27.89734],[85.2005,27.89726],[85.20081,27.8973],[85.20127,27.89716],[85.20175,27.89722],[85.2021,27.89711],[85.20255,27.89723],[85.2032,27.89718],[85.20341,27.89721],[85.20363,27.89712],[85.2039,27.89719],[85.20424,27.89708],[85.20481,27.89708],[85.20593,27.8976],[85.20622,27.89765],[85.20679,27.89785],[85.20773,27.89795],[85.20831,27.89773],[85.20858,27.89772],[85.20902,27.89782],[85.20983,27.89817],[85.21043,27.89828],[85.2109,27.89847],[85.21123,27.89839],[85.21147,27.89841],[85.2124,27.89828],[85.213,27.89832],[85.21374,27.89825],[85.21412,27.89807],[85.21423,27.8979],[85.21473,27.89751],[85.21532,27.89736],[85.21591,27.89703],[85.21625,27.89692],[85.21745,27.89692],[85.21806,27.89707],[85.21839,27.89704],[85.21909,27.89721],[85.21942,27.89693],[85.22013,27.89682],[85.22047,27.89653],[85.22084,27.89661],[85.2211,27.89675],[85.22153,27.89675],[85.22172,27.89664],[85.22202,27.89631],[85.22268,27.89609],[85.22338,27.89575],[85.22365,27.89567],[85.22455,27.89564],[85.22497,27.89553],[85.22521,27.89555],[85.22586,27.89542],[85.22619,27.8954],[85.22643,27.89529],[85.22673,27.89532],[85.22728,27.8951],[85.22857,27.89532],[85.229,27.89534],[85.22997,27.89562],[85.2304,27.89562],[85.23089,27.89542],[85.23116,27.89546],[85.23153,27.89537],[85.23189,27.89539],[85.23218,27.89531],[85.2328,27.89502],[85.23335,27.89424],[85.2338,27.89373],[85.23393,27.89338],[85.23414,27.89322],[85.23447,27.89306],[85.23506,27.89258],[85.23534,27.89244],[85.23551,27.89209],[85.23587,27.89188],[85.23603,27.89154],[85.2364,27.89116],[85.23685,27.89112],[85.23735,27.89119],[85.23785,27.89101],[85.23809,27.89085],[85.23829,27.89102],[85.2385,27.89111],[85.23878,27.89111],[85.2391,27.89098],[85.23957,27.89118],[85.23998,27.89122],[85.2402,27.89134],[85.24093,27.89158],[85.24118,27.89165],[85.24167,27.89169],[85.242,27.89182],[85.2425,27.89193],[85.24264,27.89203],[85.24283,27.89227],[85.24305,27.89237],[85.24316,27.89234],[85.24318,27.89224],[85.24298,27.89219],[85.24294,27.89212],[85.24303,27.89202],[85.24316,27.892],[85.24341,27.89209],[85.24387,27.89237],[85.24434,27.89245],[85.24458,27.89242],[85.24485,27.8926],[85.24518,27.89265],[85.24547,27.89279],[85.24564,27.89277],[85.24597,27.89263],[85.24624,27.89264],[85.24648,27.89275],[85.24681,27.89269],[85.24718,27.89255],[85.24771,27.89261],[85.24831,27.89227],[85.24846,27.89213],[85.2489,27.89144],[85.24958,27.89099],[85.24997,27.89011],[85.25048,27.88964],[85.25088,27.88939],[85.25205,27.88888],[85.25225,27.88871],[85.25233,27.88861],[85.25234,27.88851],[85.25215,27.88837],[85.25287,27.88797],[85.25296,27.88781],[85.25301,27.88751],[85.25316,27.88735],[85.25371,27.88703],[85.25413,27.88696],[85.2546,27.88656],[85.25492,27.88649],[85.25509,27.88636],[85.25518,27.88618],[85.25509,27.88599],[85.25514,27.88582],[85.25543,27.8853],[85.25603,27.88496],[85.25625,27.88465],[85.25618,27.88439],[85.25591,27.88421],[85.25568,27.88394],[85.25596,27.88339],[85.25617,27.88313],[85.25633,27.88311],[85.2568,27.88332],[85.25694,27.88333],[85.25705,27.88327],[85.25722,27.88306],[85.25753,27.88291],[85.25775,27.88275],[85.25785,27.88273],[85.2579,27.88277],[85.25783,27.8829],[85.25736,27.88316],[85.25695,27.8838],[85.25692,27.88413],[85.25676,27.88444],[85.25676,27.88461],[85.25686,27.88468],[85.25725,27.88469],[85.25732,27.88474],[85.25717,27.88487],[85.25707,27.88503],[85.25688,27.88487],[85.25669,27.88488],[85.25631,27.88519],[85.25596,27.88536],[85.25573,27.8856],[85.25557,27.88567],[85.25532,27.88637],[85.25532,27.8865],[85.25537,27.88655],[85.25585,27.88639],[85.25639,27.88593],[85.25647,27.88578],[85.25642,27.88553],[85.25649,27.88544],[85.25671,27.8854],[85.25709,27.88544],[85.25735,27.88531],[85.25778,27.88484],[85.25775,27.8848],[85.25751,27.8848],[85.25757,27.88458],[85.25777,27.88434],[85.25796,27.88426],[85.25811,27.8841],[85.25862,27.88406],[85.25871,27.88411],[85.25874,27.88424],[85.2587,27.88435],[85.25862,27.88442],[85.25833,27.8844],[85.25809,27.8845],[85.25801,27.88467],[85.25806,27.88482],[85.25832,27.88483],[85.25865,27.88462],[85.25897,27.88466],[85.25907,27.88447],[85.25918,27.8844],[85.25942,27.88431],[85.25977,27.88426],[85.26002,27.88387],[85.26021,27.88386],[85.26055,27.8837],[85.26095,27.88371],[85.26178,27.88321],[85.26194,27.88307],[85.2621,27.88274],[85.26266,27.88229],[85.26317,27.88196],[85.26344,27.88169],[85.26367,27.8816],[85.26453,27.88149],[85.26492,27.88109],[85.26543,27.88109],[85.26596,27.88068],[85.26622,27.88057],[85.26697,27.87999],[85.26727,27.87964],[85.26775,27.87922],[85.26976,27.87776],[85.27141,27.8763],[85.27182,27.87559],[85.27206,27.87479],[85.2726,27.87392],[85.27294,27.8736],[85.27413,27.87304],[85.27451,27.87299],[85.27555,27.87234],[85.27703,27.87171],[85.27738,27.87133],[85.27774,27.87079],[85.27818,27.87041],[85.27881,27.8701],[85.2808,27.86938],[85.28144,27.86929],[85.28226,27.86927],[85.28359,27.86891],[85.28395,27.86886],[85.285,27.86834],[85.28527,27.86809],[85.28565,27.86757],[85.28592,27.8675],[85.28618,27.86732],[85.28672,27.86708],[85.28732,27.86691],[85.28771,27.8669],[85.28803,27.86682],[85.28912,27.86682],[85.2895,27.86672],[85.29001,27.86638],[85.29049,27.86616],[85.29091,27.86589],[85.29228,27.8646],[85.29294,27.86424],[85.29334,27.86392],[85.29368,27.86375],[85.29438,27.86314],[85.2947,27.86278],[85.29509,27.86263],[85.29561,27.86257],[85.29632,27.86262],[85.29657,27.86268],[85.29693,27.86267],[85.29732,27.86259],[85.29768,27.8624],[85.29846,27.86214],[85.29882,27.86214],[85.29945,27.86223],[85.29988,27.86238],[85.30005,27.86249],[85.30038,27.86288],[85.30073,27.86357],[85.30104,27.86392],[85.30183,27.86462],[85.30217,27.86498],[85.30243,27.86505],[85.30309,27.86477],[85.30332,27.86472],[85.30356,27.86474],[85.30395,27.86463],[85.30398,27.86469],[85.30394,27.86486],[85.30401,27.86507],[85.30421,27.8653],[85.30421,27.86537],[85.30403,27.8653],[85.30373,27.86496],[85.30351,27.86488],[85.30258,27.86522],[85.30219,27.86517],[85.30197,27.86521],[85.30194,27.8654],[85.30203,27.86572],[85.30197,27.86582],[85.30186,27.86564],[85.30172,27.86486],[85.30145,27.86456],[85.30084,27.86406],[85.30074,27.86375],[85.30044,27.86337],[85.30019,27.86295],[85.29966,27.86248],[85.29909,27.86238],[85.2985,27.86238],[85.29793,27.8626],[85.29725,27.86277],[85.29545,27.86279],[85.2951,27.8629],[85.2947,27.86325],[85.29389,27.86381],[85.29332,27.86431],[85.29228,27.86492],[85.29195,27.86529],[85.29089,27.86623],[85.29035,27.86655],[85.29016,27.8668],[85.28993,27.86697],[85.28933,27.86713],[85.28887,27.86715],[85.28856,27.86722],[85.28765,27.86723],[85.28633,27.86765],[85.28608,27.86778],[85.28481,27.86888],[85.28276,27.86958],[85.28219,27.86961],[85.28199,27.86968],[85.28191,27.86978],[85.28187,27.87014],[85.28152,27.87036],[85.2813,27.87029],[85.28105,27.87045],[85.28076,27.87052],[85.28047,27.87043],[85.28031,27.87024],[85.28065,27.87002],[85.28099,27.87001],[85.28122,27.87013],[85.28137,27.86988],[85.28166,27.86973],[85.28163,27.86969],[85.28127,27.86971],[85.28107,27.86979],[85.28088,27.86979],[85.28067,27.8699],[85.27964,27.87017],[85.27924,27.87035],[85.27881,27.87064],[85.2784,27.87099],[85.27833,27.8711],[85.27827,27.87139],[85.27799,27.87146],[85.27768,27.87163],[85.27721,27.87213],[85.27639,27.87268],[85.27616,27.87277],[85.27539,27.87288],[85.27475,27.87316],[85.27405,27.87336],[85.27342,27.87365],[85.27268,27.87432],[85.27241,27.87498],[85.27222,27.87563],[85.2721,27.87628],[85.27196,27.87656],[85.2719,27.8768],[85.2717,27.87715],[85.27111,27.87768],[85.27034,27.87809],[85.26961,27.87838],[85.26943,27.8786],[85.26914,27.87879],[85.2691,27.87901],[85.26887,27.87906],[85.26882,27.87918],[85.26886,27.87938],[85.26881,27.87946],[85.26861,27.87943],[85.26854,27.87962],[85.26819,27.87991],[85.26758,27.88018],[85.26702,27.88052],[85.26608,27.88124],[85.26532,27.88162],[85.26434,27.88223],[85.26408,27.88247],[85.26394,27.88274],[85.26362,27.88298],[85.26326,27.88336],[85.26327,27.88345],[85.26342,27.88339],[85.26348,27.88342],[85.26347,27.88353],[85.26339,27.88362],[85.26322,27.88366],[85.2629,27.88363],[85.26266,27.88386],[85.2619,27.88409],[85.26151,27.88441],[85.26119,27.88456],[85.26095,27.88474],[85.26027,27.88505],[85.25952,27.88555],[85.25911,27.8859],[85.2588,27.88602],[85.25866,27.88643],[85.2584,27.88657],[85.2582,27.88646],[85.2581,27.88648],[85.25804,27.88656],[85.25804,27.88672],[85.25783,27.88681],[85.25766,27.88701],[85.25737,27.8872],[85.25727,27.88731],[85.25722,27.88744],[85.25682,27.88756],[85.25654,27.88776],[85.25622,27.88791],[85.25554,27.88854],[85.25521,27.88878],[85.25494,27.88886],[85.25461,27.88886],[85.25433,27.8891],[85.2542,27.88932],[85.25401,27.88916],[85.25383,27.88917],[85.25346,27.88962],[85.25318,27.88976],[85.25274,27.89052],[85.25267,27.89101],[85.25191,27.89132],[85.25168,27.89166],[85.25133,27.89203],[85.2509,27.89228],[85.25044,27.89233],[85.2497,27.89261],[85.24882,27.8928],[85.24807,27.89317],[85.24749,27.89328],[85.24724,27.89341],[85.24637,27.89343],[85.2458,27.89357],[85.24517,27.89366],[85.24447,27.89353],[85.2441,27.89357],[85.24361,27.89348],[85.24328,27.89336],[85.24266,27.89326],[85.24244,27.89328],[85.24209,27.89342],[85.24167,27.89342],[85.24145,27.89328],[85.24136,27.89298],[85.24124,27.89288],[85.24049,27.89278],[85.2401,27.89263],[85.23899,27.89262],[85.23866,27.89241],[85.23844,27.8924],[85.23804,27.89249],[85.23784,27.89261],[85.23739,27.89273],[85.23692,27.89293],[85.23596,27.89295],[85.23567,27.89305],[85.23515,27.89351],[85.23499,27.89409],[85.23481,27.89441],[85.23423,27.89511],[85.23397,27.89533],[85.23327,27.89566],[85.23283,27.89593],[85.23241,27.89601],[85.23189,27.89646],[85.23166,27.89673],[85.2305,27.89708],[85.23018,27.89727],[85.23,27.89746],[85.22966,27.89762],[85.22901,27.89763],[85.22837,27.89754],[85.22727,27.89719],[85.22605,27.89723],[85.2256,27.89719],[85.22525,27.89708],[85.22426,27.89707],[85.22366,27.89689],[85.22328,27.89669],[85.22297,27.8966],[85.22255,27.8966],[85.22221,27.8967],[85.22181,27.89695],[85.22163,27.89718],[85.22168,27.89731],[85.22186,27.89748],[85.22316,27.89823],[85.22372,27.89873],[85.22403,27.89909],[85.22436,27.89967],[85.22484,27.90021],[85.22502,27.90052],[85.22512,27.90085],[85.22497,27.90104],[85.22495,27.90124],[85.22517,27.9017],[85.22526,27.90167],[85.22525,27.90148],[85.22534,27.90133],[85.22545,27.90129],[85.22555,27.90133],[85.22553,27.90172],[85.2253,27.90182],[85.22529,27.90193],[85.22565,27.90232],[85.2259,27.90249],[85.22598,27.90274],[85.22617,27.90285],[85.22618,27.90308],[85.22642,27.90318],[85.22686,27.90355],[85.22752,27.9038],[85.22788,27.90382],[85.22835,27.90368],[85.22856,27.90367],[85.22888,27.90378],[85.22917,27.90405],[85.22979,27.90414],[85.2304,27.90407],[85.23087,27.9042],[85.23091,27.90414],[85.23082,27.90393],[85.23083,27.90381],[85.23125,27.90355],[85.2315,27.90348],[85.23209,27.90351],[85.23275,27.90388],[85.23326,27.90382],[85.23393,27.90391],[85.2343,27.90405],[85.23539,27.90415],[85.23579,27.90435],[85.23598,27.90434],[85.23626,27.90444],[85.23656,27.90439],[85.23697,27.90452],[85.23827,27.90477],[85.23907,27.90478],[85.23945,27.90486],[85.23983,27.90479],[85.24,27.90488],[85.2405,27.90495],[85.24093,27.90509],[85.24127,27.90509],[85.24172,27.90499],[85.24193,27.90507],[85.2425,27.90503],[85.24281,27.90512],[85.24352,27.90546],[85.24374,27.90546],[85.24396,27.9056],[85.24478,27.90587],[85.24513,27.90591],[85.24562,27.90613],[85.24568,27.90623],[85.24555,27.90647],[85.24574,27.90682],[85.24702,27.90793],[85.24781,27.9084],[85.24815,27.90855],[85.24897,27.90874],[85.24934,27.90878],[85.24988,27.9087],[85.25024,27.90875],[85.25065,27.90873],[85.25179,27.90829],[85.25317,27.90796],[85.25429,27.90787],[85.25478,27.90778],[85.25519,27.90769],[85.25565,27.9075],[85.25571,27.90752],[85.25564,27.90765],[85.25568,27.9077],[85.25619,27.90772],[85.25689,27.90787],[85.25738,27.90788],[85.25792,27.90817],[85.25801,27.90815],[85.25809,27.90805],[85.25807,27.90774],[85.25795,27.90765],[85.25759,27.90762],[85.25754,27.90758],[85.2579,27.90751],[85.25849,27.90765],[85.25897,27.90785],[85.25931,27.90782],[85.25978,27.90806],[85.25993,27.90822],[85.26039,27.90821],[85.2608,27.90854],[85.26101,27.90865],[85.26149,27.90877],[85.26272,27.90928],[85.26332,27.90945],[85.26385,27.90951],[85.26405,27.90949],[85.26407,27.90957],[85.2639,27.90967],[85.264,27.90979],[85.26505,27.91023],[85.26516,27.91024],[85.2652,27.91019],[85.26502,27.90984],[85.26537,27.90997],[85.26556,27.91012],[85.26585,27.91045],[85.26642,27.91089],[85.26676,27.91142],[85.26704,27.91169],[85.26737,27.91213],[85.26883,27.91347],[85.26928,27.9138],[85.27024,27.91374],[85.27065,27.91382],[85.27118,27.91383],[85.27166,27.91397],[85.27204,27.914],[85.27239,27.91413],[85.27296,27.91416],[85.27333,27.91432],[85.27361,27.91452],[85.27418,27.91454],[85.27456,27.91447],[85.27488,27.9146],[85.27555,27.91472],[85.27572,27.91492],[85.27578,27.91508],[85.27592,27.91514],[85.27625,27.91508],[85.27643,27.91496],[85.2767,27.91501],[85.27698,27.915],[85.27877,27.91447],[85.27901,27.91447],[85.27942,27.91456],[85.27991,27.91473],[85.28118,27.91546],[85.28161,27.91584],[85.28188,27.91624],[85.28203,27.91658],[85.28227,27.91688],[85.28271,27.91726],[85.28316,27.91747],[85.28408,27.91746],[85.28467,27.91725],[85.28498,27.91722],[85.28542,27.91709],[85.28592,27.91704],[85.28618,27.91687],[85.28716,27.91658],[85.28795,27.91597],[85.28851,27.9153],[85.28869,27.91521],[85.28903,27.91487],[85.28939,27.91465],[85.28965,27.91455],[85.29012,27.91453],[85.29076,27.91444],[85.29115,27.91426],[85.29145,27.91394],[85.29182,27.91386],[85.29232,27.91394],[85.29267,27.9141],[85.29294,27.91432],[85.29302,27.91443],[85.29316,27.91482],[85.29354,27.91556],[85.29429,27.91623],[85.295,27.91664],[85.29561,27.91706],[85.29588,27.91708],[85.29624,27.91698],[85.29644,27.91689],[85.29653,27.91679],[85.29664,27.91631],[85.29664,27.91593],[85.29651,27.91559],[85.29613,27.91499],[85.29599,27.91445],[85.29578,27.91413],[85.29567,27.91385],[85.29566,27.91295],[85.29585,27.91282],[85.29667,27.9125],[85.29703,27.91255],[85.29775,27.91255],[85.29784,27.91252],[85.29793,27.91237],[85.29801,27.91234],[85.29909,27.91272],[85.29938,27.91296],[85.29966,27.91337],[85.29986,27.91389],[85.30005,27.91477],[85.29997,27.91525],[85.30026,27.91578],[85.30055,27.91607],[85.30107,27.91682],[85.30136,27.91709],[85.30156,27.91741],[85.30222,27.91783],[85.3029,27.91814],[85.3033,27.9181],[85.30363,27.91792],[85.30432,27.91715],[85.30462,27.9163],[85.30466,27.91593],[85.30506,27.91542],[85.30521,27.91503],[85.30557,27.91441],[85.30589,27.91424],[85.30596,27.9143],[85.30594,27.91449],[85.306,27.91453],[85.30632,27.91453],[85.30655,27.91443],[85.30689,27.91458],[85.30702,27.91453],[85.30703,27.9144],[85.3069,27.91424],[85.30623,27.91422],[85.3061,27.91417],[85.30614,27.91408],[85.30637,27.91402],[85.30706,27.91415],[85.3072,27.91423],[85.30746,27.91446],[85.30813,27.91528],[85.30842,27.91548],[85.30848,27.91562],[85.3087,27.91546],[85.30886,27.91554],[85.30915,27.91551],[85.30973,27.91571],[85.31032,27.91583],[85.31069,27.91607],[85.31079,27.91622],[85.31078,27.91643],[85.31114,27.91713],[85.31152,27.91759],[85.31169,27.91794],[85.31193,27.9181],[85.31212,27.91832],[85.31227,27.91834],[85.31244,27.91828],[85.31269,27.91802],[85.31291,27.91791],[85.31346,27.9178],[85.31393,27.91781],[85.31419,27.9179],[85.31425,27.91803],[85.31425,27.91844],[85.3142,27.91855],[85.314,27.91848],[85.3135,27.91808],[85.31341,27.91805],[85.31312,27.91813],[85.31296,27.91826],[85.31291,27.91837],[85.31288,27.91869],[85.31279,27.9188],[85.31258,27.91883],[85.31222,27.91872],[85.31152,27.91833],[85.31124,27.91802],[85.31086,27.91744],[85.3107,27.91701],[85.31042,27.91676],[85.31015,27.91633],[85.3099,27.91609],[85.30961,27.91604],[85.30893,27.91629],[85.30855,27.91636],[85.3083,27.91636],[85.30808,27.91618],[85.30803,27.91571],[85.30785,27.91552],[85.30727,27.91527],[85.30634,27.91503],[85.30603,27.91502],[85.30572,27.91513],[85.30555,27.91525],[85.30552,27.91654],[85.30525,27.9174],[85.30483,27.91781],[85.3044,27.9181],[85.30344,27.91854],[85.3032,27.91859],[85.30286,27.91858],[85.30254,27.91849],[85.3016,27.91807],[85.30147,27.91831],[85.30132,27.91844],[85.30087,27.91858],[85.30056,27.91879],[85.30025,27.9189],[85.29992,27.91949],[85.29988,27.91941],[85.29995,27.91919],[85.29997,27.91883],[85.30009,27.9186],[85.3003,27.91844],[85.30105,27.9183],[85.30121,27.91814],[85.30138,27.91777],[85.30122,27.91759],[85.30078,27.91729],[85.30029,27.9167],[85.30023,27.91668],[85.30002,27.9168],[85.29983,27.91682],[85.29966,27.91677],[85.29955,27.91664],[85.2995,27.91649],[85.2995,27.91616],[85.29942,27.91585],[85.29946,27.91567],[85.29968,27.91544],[85.29969,27.91519],[85.29945,27.91482],[85.29926,27.91425],[85.29924,27.91378],[85.29913,27.91346],[85.29903,27.9133],[85.29881,27.91318],[85.29816,27.91319],[85.29718,27.91308],[85.29661,27.91313],[85.29638,27.91333],[85.29629,27.9135],[85.29628,27.91375],[85.29639,27.91417],[85.29651,27.91438],[85.29686,27.91474],[85.29711,27.91492],[85.29732,27.9152],[85.29728,27.91555],[85.2974,27.91583],[85.29738,27.91604],[85.29747,27.91616],[85.29733,27.91627],[85.29743,27.91654],[85.29742,27.91671],[85.2972,27.91703],[85.29692,27.91723],[85.29625,27.91747],[85.29592,27.91742],[85.29566,27.91748],[85.29536,27.91746],[85.29477,27.91729],[85.29427,27.91701],[85.2939,27.91664],[85.29365,27.91646],[85.29346,27.91615],[85.29325,27.91593],[85.29307,27.91562],[85.29301,27.91537],[85.2928,27.91506],[85.29263,27.9147],[85.29242,27.9145],[85.29225,27.91446],[85.29175,27.91448],[85.29121,27.91475],[85.29025,27.91512],[85.28988,27.91519],[85.28966,27.91528],[85.28913,27.91566],[85.2889,27.91594],[85.28826,27.91651],[85.28791,27.91698],[85.28756,27.9172],[85.28657,27.91747],[85.28592,27.91748],[85.28534,27.91757],[85.2845,27.91773],[85.28407,27.91786],[85.2835,27.91794],[85.28302,27.91793],[85.28263,27.91772],[85.28191,27.91743],[85.28175,27.91728],[85.28142,27.91663],[85.28118,27.91632],[85.28085,27.91611],[85.27994,27.91531],[85.2795,27.91519],[85.2791,27.9152],[85.27886,27.91526],[85.27878,27.91532],[85.27865,27.91562],[85.27855,27.9157],[85.27821,27.91575],[85.27798,27.91587],[85.27727,27.91605],[85.27706,27.91601],[85.27699,27.91593],[85.27699,27.91586],[85.27762,27.91571],[85.27799,27.91556],[85.27816,27.91543],[85.27817,27.91533],[85.27804,27.91526],[85.27777,27.91525],[85.27731,27.91535],[85.27661,27.91587],[85.27637,27.91575],[85.27622,27.91573],[85.27566,27.91585],[85.27518,27.91567],[85.27466,27.91555],[85.27378,27.91551],[85.27335,27.91534],[85.27247,27.91533],[85.27206,27.91525],[85.27195,27.91529],[85.27186,27.91538],[85.27178,27.91572],[85.27182,27.91589],[85.27178,27.91593],[85.2717,27.91585],[85.27164,27.91561],[85.27154,27.91545],[85.27121,27.91539],[85.27106,27.91528],[85.27081,27.9152],[85.27045,27.91515],[85.26986,27.91488],[85.2692,27.91447],[85.26904,27.91424],[85.26854,27.91389],[85.26831,27.9136],[85.26767,27.91316],[85.26703,27.91263],[85.26646,27.91243],[85.26604,27.91222],[85.26517,27.91152],[85.26461,27.91117],[85.26331,27.91057],[85.2627,27.91016],[85.26187,27.91001],[85.26122,27.90978],[85.26043,27.9097],[85.2598,27.90979],[85.25921,27.90997],[85.25904,27.9102],[85.25899,27.90979],[85.25892,27.90971],[85.25857,27.90962],[85.25766,27.90963],[85.25708,27.90977],[85.25649,27.90979],[85.25592,27.90993],[85.25531,27.90995],[85.25464,27.91031],[85.25424,27.9104],[85.25421,27.91037],[85.25429,27.91011],[85.25453,27.91003],[85.25466,27.9099],[85.25463,27.9098],[85.25446,27.90978],[85.25311,27.91039],[85.25233,27.91051],[85.25229,27.9106],[85.25239,27.91076],[85.25234,27.91079],[85.25201,27.91059],[85.25147,27.91053],[85.25121,27.91015],[85.25095,27.90995],[85.25013,27.90993],[85.24964,27.90984],[85.24944,27.90974],[85.24914,27.90989],[85.24884,27.90965],[85.24838,27.9096],[85.24789,27.90943],[85.2471,27.909],[85.24633,27.90892],[85.24564,27.90864],[85.24547,27.90849],[85.24539,27.90822],[85.245,27.908],[85.2441,27.90794],[85.24325,27.90777],[85.24278,27.90761],[85.24256,27.90751],[85.24234,27.90732],[85.242,27.90681],[85.24174,27.90654],[85.24147,27.90609],[85.24127,27.90592],[85.2407,27.90563],[85.24027,27.90556],[85.23841,27.90561],[85.23754,27.90579],[85.23746,27.90575],[85.23737,27.90555],[85.23707,27.90542],[85.23664,27.90575],[85.23599,27.90586],[85.2355,27.90609],[85.23467,27.90578],[85.23419,27.90565],[85.234,27.90566],[85.23331,27.90587],[85.23265,27.90597],[85.23238,27.90589],[85.23183,27.90587],[85.23153,27.90577],[85.23101,27.90543],[85.23026,27.90526],[85.22959,27.90517],[85.22847,27.9052],[85.22785,27.9049],[85.22746,27.90458],[85.22704,27.90459],[85.22661,27.90432],[85.22625,27.90419],[85.2258,27.90396],[85.22409,27.903],[85.22328,27.90246],[85.22258,27.90176],[85.22237,27.9014],[85.22188,27.89999],[85.22168,27.89963],[85.22127,27.89934],[85.22099,27.89902],[85.22053,27.8987],[85.21989,27.89835],[85.21937,27.8984],[85.21909,27.89829],[85.21848,27.89836],[85.21733,27.89865],[85.21594,27.8989],[85.21558,27.8989],[85.21515,27.89882],[85.21476,27.89898],[85.21409,27.89898],[85.21375,27.89906],[85.21312,27.89907],[85.21229,27.89929],[85.21182,27.89931],[85.21147,27.89945],[85.21087,27.89947],[85.21063,27.89969],[85.21055,27.89966],[85.21055,27.8995],[85.21046,27.89941],[85.21007,27.89938],[85.21001,27.89943],[85.21001,27.89955],[85.21023,27.9],[85.21027,27.90026],[85.21022,27.90038],[85.21,27.90044],[85.20983,27.90023],[85.20974,27.89964],[85.2095,27.89926],[85.20899,27.89914],[85.20884,27.89916],[85.20863,27.89928],[85.20851,27.89928],[85.20837,27.89909],[85.20814,27.89894],[85.20755,27.89861],[85.20731,27.89853],[85.20684,27.8985],[85.20657,27.89843],[85.20596,27.89842],[85.20517,27.89827],[85.20475,27.89826],[85.20401,27.89804],[85.20363,27.89806],[85.20353,27.89791],[85.20341,27.89787],[85.2027,27.89795],[85.20216,27.89787],[85.20175,27.89787],[85.20126,27.89798],[85.2006,27.8984],[85.20038,27.89859],[85.19991,27.89935],[85.19998,27.89952],[85.20015,27.8997],[85.20014,27.89989],[85.20003,27.9],[85.19968,27.90013],[85.19977,27.9003],[85.19974,27.90039],[85.19949,27.90054],[85.19918,27.90061],[85.19913,27.90068],[85.19912,27.90084],[85.1988,27.90102],[85.19879,27.9011],[85.19903,27.90116],[85.19904,27.90124],[85.1986,27.90139],[85.1984,27.9015],[85.19807,27.90154],[85.19756,27.90175],[85.19638,27.90176],[85.19608,27.90169],[85.19546,27.90168],[85.19506,27.9016],[85.19485,27.90161],[85.19463,27.90171],[85.1944,27.90162],[85.19428,27.90169],[85.19427,27.90187],[85.19421,27.9019],[85.19347,27.90162],[85.19308,27.90168],[85.19276,27.9016],[85.19248,27.9016],[85.19234,27.90164],[85.19226,27.90175],[85.19226,27.90195],[85.19233,27.90218],[85.1923,27.90227],[85.19219,27.90213],[85.19202,27.90159],[85.19187,27.90152],[85.19151,27.90152],[85.19077,27.9017],[85.19048,27.90189],[85.19023,27.90198],[85.18971,27.9021],[85.18939,27.90222],[85.18891,27.90225],[85.18869,27.90237],[85.18815,27.90254],[85.18747,27.90256],[85.18707,27.90263],[85.1864,27.90254],[85.1859,27.90236],[85.18568,27.90225],[85.18526,27.90189],[85.18513,27.90184],[85.1843,27.90202],[85.18359,27.90237],[85.18344,27.9024],[85.18252,27.90238],[85.18241,27.9023],[85.18226,27.90205],[85.18216,27.902],[85.18158,27.90192],[85.18125,27.90199],[85.18099,27.90198],[85.18034,27.90165],[85.17982,27.90128],[85.1793,27.90067],[85.17883,27.90038],[85.1785,27.90004],[85.17757,27.89938],[85.17738,27.89916],[85.17654,27.89878],[85.17589,27.89814],[85.17509,27.89782],[85.17505,27.89776],[85.17506,27.89759],[85.17497,27.89741],[85.17444,27.89698],[85.17434,27.8971],[85.17426,27.89708],[85.17401,27.89671],[85.17369,27.89651],[85.17307,27.89595],[85.17279,27.89545],[85.17264,27.89499],[85.17231,27.89442],[85.1716,27.89368],[85.17116,27.89354],[85.17048,27.89344],[85.16968,27.89317],[85.16888,27.89308],[85.16843,27.89312],[85.16769,27.89344],[85.16738,27.89352],[85.16693,27.89358],[85.1665,27.89354],[85.16609,27.89338],[85.16584,27.89335],[85.16548,27.89308],[85.16537,27.89283],[85.16552,27.89244],[85.16542,27.89225],[85.16527,27.89214],[85.16384,27.89177],[85.16266,27.8913],[85.16223,27.89118],[85.16135,27.89108],[85.15982,27.89107],[85.15934,27.89099],[85.15765,27.89031],[85.15683,27.89006],[85.15665,27.88996],[85.15622,27.88924],[85.15549,27.88818],[85.15375,27.88597],[85.15326,27.88562],[85.15308,27.88535],[85.15306,27.88495],[85.15324,27.88435],[85.15331,27.88384],[85.15343,27.8834],[85.15349,27.88291],[85.15348,27.88114],[85.15338,27.88024],[85.15259,27.8785],[85.15232,27.87761],[85.15106,27.87611],[85.15078,27.87583],[85.15031,27.8756],[85.14971,27.87544],[85.14915,27.87535],[85.14898,27.87538],[85.14861,27.87555],[85.14805,27.87587],[85.14772,27.87595],[85.14691,27.87602],[85.14575,27.87589],[85.14414,27.87552],[85.14344,27.87515],[85.14323,27.87492],[85.14295,27.87409],[85.14294,27.87369],[85.14317,27.87247],[85.1434,27.87176],[85.14377,27.87095],[85.14381,27.87071],[85.14365,27.87016],[85.143,27.86925],[85.143,27.86872],[85.14307,27.86859],[85.14341,27.86828],[85.14358,27.86789],[85.14381,27.86751],[85.14404,27.8664],[85.14401,27.86615],[85.14375,27.86599],[85.1434,27.86597],[85.14308,27.86609],[85.14208,27.86665],[85.14173,27.86669],[85.14127,27.86688],[85.14056,27.86704],[85.14007,27.86702],[85.13954,27.86679],[85.13948,27.86684],[85.13939,27.8671],[85.13931,27.86714],[85.13922,27.86712],[85.13914,27.86698],[85.13918,27.86665],[85.13885,27.86627],[85.13876,27.8656],[85.13858,27.8654],[85.13814,27.86511],[85.13796,27.86472],[85.13782,27.86457],[85.13724,27.86419],[85.13638,27.86378],[85.13599,27.86369],[85.13525,27.86372],[85.13507,27.86365],[85.13492,27.86347],[85.13464,27.86279],[85.1346,27.8623],[85.13465,27.8621],[85.13487,27.86183],[85.13498,27.8616],[85.13505,27.86098],[85.13495,27.86043],[85.13471,27.86017],[85.13432,27.86002],[85.13391,27.85978],[85.1334,27.85959],[85.13283,27.85946],[85.13229,27.85942],[85.13091,27.85943],[85.13044,27.85954],[85.12978,27.85958],[85.12823,27.85992],[85.12794,27.85991],[85.12727,27.85969],[85.12641,27.85931],[85.12615,27.85913],[85.12595,27.85882],[85.12546,27.85843],[85.1251,27.85829],[85.12475,27.8583],[85.12458,27.85836],[85.12449,27.85846],[85.12438,27.85879],[85.12406,27.85899],[85.1231,27.85914],[85.1221,27.85881],[85.12154,27.85852],[85.12124,27.85819],[85.1208,27.8575],[85.12032,27.85721],[85.12016,27.85716],[85.12003,27.85719],[85.11967,27.85743],[85.11932,27.85748],[85.11879,27.85765],[85.11818,27.85768],[85.1177,27.8578],[85.11678,27.85782],[85.11579,27.85755],[85.11468,27.85764],[85.1141,27.8575],[85.11374,27.8575],[85.11338,27.85768],[85.11326,27.85798],[85.11232,27.85898],[85.112,27.85909],[85.11116,27.85915],[85.11106,27.8592],[85.11101,27.85928],[85.11107,27.85944],[85.11119,27.85952],[85.11156,27.85993],[85.1116,27.86006],[85.11159,27.86038],[85.11189,27.86066],[85.11229,27.86169],[85.11256,27.86197],[85.11268,27.86218],[85.11287,27.86235],[85.1129,27.86255],[85.11276,27.863],[85.11276,27.86315],[85.11264,27.8633],[85.11275,27.86345],[85.11301,27.86357],[85.11348,27.86406],[85.11348,27.86413],[85.11338,27.86414],[85.11311,27.86388],[85.11299,27.86385],[85.11315,27.86412],[85.11359,27.86448],[85.11361,27.86457],[85.11355,27.86493],[85.11378,27.8651],[85.11398,27.86544],[85.114,27.86569],[85.11423,27.86601],[85.11451,27.86629],[85.11459,27.86656],[85.11495,27.86697],[85.11513,27.86744],[85.11521,27.86797],[85.11519,27.86819],[85.11523,27.86829],[85.11545,27.86834],[85.11564,27.86847],[85.11591,27.86843],[85.11608,27.8685],[85.11632,27.86878],[85.11701,27.86919],[85.11711,27.86943],[85.11724,27.86955],[85.11742,27.86963],[85.11773,27.86969],[85.11794,27.86983],[85.11871,27.87011],[85.11928,27.87054],[85.11952,27.87088],[85.11965,27.87117],[85.11997,27.87149],[85.12033,27.87164],[85.12096,27.87182],[85.12154,27.87211],[85.12181,27.87214],[85.12192,27.87226],[85.12204,27.87254],[85.12273,27.8729],[85.12291,27.87287],[85.12323,27.87255],[85.12338,27.87252],[85.12344,27.87258],[85.12344,27.87271],[85.12335,27.8729],[85.12317,27.8731],[85.12321,27.87319],[85.12413,27.87358],[85.12503,27.87374],[85.12531,27.87373],[85.12553,27.87366],[85.1258,27.8737],[85.12593,27.87378],[85.12626,27.87414],[85.1266,27.87423],[85.12699,27.87441],[85.12749,27.87472],[85.12815,27.87526],[85.12835,27.87561],[85.12837,27.87578],[85.12851,27.87599],[85.12845,27.87604],[85.12835,27.87595],[85.12809,27.87587],[85.12829,27.87617],[85.12824,27.87622],[85.12811,27.87613],[85.12794,27.87618],[85.12787,27.87638],[85.12787,27.87669],[85.12797,27.87696],[85.12792,27.87718],[85.12796,27.87737],[85.12829,27.87797],[85.12801,27.87886],[85.1281,27.87956],[85.12853,27.88013],[85.12864,27.88041],[85.12867,27.88062],[85.12861,27.88078],[85.12886,27.8809],[85.12913,27.88065],[85.12941,27.88064],[85.1299,27.88048],[85.13016,27.88057],[85.13046,27.88101],[85.13049,27.88114],[85.13043,27.88133],[85.13014,27.88154],[85.13013,27.8817],[85.13035,27.88202],[85.13053,27.88238],[85.13083,27.88277],[85.13127,27.88306],[85.13247,27.8842],[85.13379,27.88575],[85.13409,27.88596],[85.13456,27.88615],[85.13548,27.88682],[85.13665,27.88788],[85.13689,27.88823],[85.13711,27.88843],[85.13741,27.88856],[85.13801,27.88861],[85.1382,27.88872],[85.13834,27.88889],[85.13847,27.8894],[85.13844,27.88987],[85.13835,27.89036],[85.13836,27.89128],[85.13847,27.89219],[85.13853,27.89229],[85.1388,27.89249],[85.13947,27.89285],[85.13956,27.89308],[85.13944,27.89401],[85.13921,27.89487],[85.13867,27.89536],[85.13857,27.89561],[85.13847,27.89625],[85.13832,27.89645],[85.13801,27.89671],[85.13804,27.89683],[85.13816,27.89694],[85.13862,27.8971],[85.1387,27.89718],[85.13861,27.89725],[85.13825,27.89723],[85.13814,27.89727],[85.13813,27.89739],[85.13825,27.89759],[85.13816,27.89783],[85.13859,27.89857],[85.13867,27.89888],[85.13877,27.89963],[85.13899,27.90014],[85.13915,27.90032],[85.13943,27.90046],[85.13987,27.90086],[85.14007,27.90096],[85.14035,27.901],[85.14048,27.90109],[85.1407,27.90139],[85.14119,27.90187],[85.1415,27.90261],[85.14169,27.90289],[85.14176,27.90317],[85.14175,27.9035],[85.14146,27.9049],[85.14144,27.90523],[85.14153,27.90572],[85.14177,27.90621],[85.1418,27.90654],[85.1417,27.90704],[85.14146,27.90751],[85.14096,27.90798],[85.14061,27.90843],[85.14023,27.90874],[85.14006,27.90924],[85.13971,27.90964],[85.13935,27.91022],[85.13876,27.91073],[85.138,27.91163],[85.13776,27.9122],[85.13691,27.91309],[85.13682,27.9134],[85.13683,27.91363],[85.13697,27.91379],[85.13831,27.91483],[85.13874,27.91501],[85.13925,27.91534],[85.1395,27.91539],[85.14001,27.91562],[85.14041,27.91567],[85.14062,27.91575],[85.14086,27.91595],[85.14115,27.9164],[85.14129,27.91655],[85.14203,27.91676],[85.14231,27.91707],[85.14275,27.91725],[85.14317,27.91762],[85.14342,27.91778],[85.14415,27.91797],[85.14461,27.91817],[85.14543,27.91889],[85.14618,27.91899],[85.14657,27.91915],[85.14701,27.91911],[85.14723,27.91916],[85.1473,27.91923],[85.14734,27.91942],[85.14755,27.91969],[85.14765,27.9201],[85.14869,27.92033],[85.14899,27.92056],[85.14939,27.92077],[85.1497,27.92107],[85.15007,27.92132],[85.15048,27.92151],[85.1509,27.92161],[85.15113,27.92173],[85.15142,27.92195],[85.15162,27.92217],[85.15174,27.9224],[85.15186,27.92287],[85.15183,27.924],[85.15205,27.9246],[85.15209,27.92508],[85.15223,27.92545],[85.15226,27.92586],[85.15214,27.92648],[85.15129,27.92769],[85.15093,27.92842],[85.15089,27.92864],[85.15087,27.92919],[85.15067,27.92973],[85.15085,27.93032],[85.15123,27.93076],[85.15137,27.931],[85.15143,27.93127],[85.1514,27.93164],[85.15181,27.93205],[85.15193,27.93205],[85.15207,27.93197],[85.15235,27.93163],[85.15271,27.93138],[85.1531,27.93126],[85.15453,27.93142],[85.15517,27.93162],[85.15531,27.93171],[85.15559,27.93217],[85.15593,27.93328],[85.15635,27.93383],[85.15664,27.93449],[85.15681,27.93468],[85.15688,27.93505],[85.15723,27.9359],[85.15731,27.93661],[85.15754,27.93739],[85.15783,27.93807],[85.15852,27.93847],[85.15894,27.93878],[85.15946,27.93901],[85.15984,27.93924],[85.16022,27.93961],[85.16072,27.94026],[85.16083,27.94054],[85.16089,27.94086],[85.16082,27.94158],[85.16106,27.94213],[85.16136,27.94326],[85.16177,27.94435],[85.16234,27.94528],[85.16285,27.94633],[85.16298,27.94679],[85.16309,27.94694],[85.16363,27.9473],[85.16413,27.94777],[85.16437,27.94807],[85.16453,27.9484],[85.16454,27.94881],[85.1644,27.94929],[85.16434,27.94992],[85.16414,27.95048],[85.16413,27.9509],[85.16403,27.95137],[85.16408,27.95208],[85.16401,27.95268],[85.16409,27.95292],[85.1643,27.95328],[85.16441,27.95372],[85.16458,27.9538],[85.1649,27.95415],[85.165,27.95419],[85.16549,27.95516],[85.16567,27.95536],[85.16577,27.95543],[85.16594,27.9554],[85.16604,27.95546],[85.16605,27.95584],[85.16611,27.95583],[85.16615,27.95574],[85.16634,27.95567],[85.1664,27.95547],[85.16652,27.95559],[85.16664,27.95558],[85.16668,27.95578],[85.16684,27.95582],[85.16676,27.9559],[85.16679,27.95597],[85.1669,27.95597],[85.16709,27.95608],[85.16743,27.95646],[85.16831,27.9568],[85.16839,27.9569],[85.16843,27.95716],[85.1685,27.95729],[85.16863,27.95736],[85.16899,27.9574],[85.16929,27.95765],[85.16937,27.95786],[85.16924,27.95837],[85.16929,27.95856],[85.16953,27.95871],[85.16983,27.95871],[85.17,27.95881],[85.17021,27.95879],[85.17041,27.95883],[85.17049,27.95903],[85.17048,27.95931],[85.17066,27.95962],[85.17093,27.95988],[85.17111,27.96033],[85.17137,27.96047],[85.17153,27.96072],[85.17175,27.96084],[85.1717,27.96092],[85.17173,27.96102],[85.17217,27.96138],[85.17213,27.96156],[85.17227,27.9618],[85.17248,27.96195],[85.17265,27.96222],[85.17324,27.96262],[85.1733,27.96279],[85.17364,27.96316],[85.17404,27.96328],[85.17423,27.96356],[85.1744,27.96369],[85.17579,27.96398],[85.17612,27.96418],[85.17646,27.9642],[85.17663,27.96427],[85.1773,27.96479],[85.1774,27.96521],[85.17771,27.96536],[85.17794,27.96558],[85.17831,27.9658],[85.1788,27.96659],[85.17951,27.96706],[85.18004,27.96711],[85.18038,27.9675],[85.18119,27.96799],[85.18151,27.96838],[85.18222,27.96836],[85.18268,27.96854],[85.1834,27.96863],[85.18366,27.96878],[85.18397,27.96882],[85.18469,27.96904],[85.18506,27.96934],[85.18516,27.96973],[85.18528,27.96989],[85.1858,27.97005],[85.18634,27.97039],[85.18665,27.97031],[85.1868,27.97033],[85.18685,27.9704],[85.18685,27.9705],[85.18659,27.97081],[85.18652,27.97103],[85.18651,27.97129],[85.18623,27.97172],[85.18618,27.97209],[85.18621,27.97222],[85.18641,27.97241],[85.18661,27.9727],[85.18698,27.9729],[85.18807,27.97309],[85.1887,27.97343],[85.18912,27.97338],[85.18924,27.97341],[85.18949,27.97375],[85.19014,27.97408],[85.19034,27.97424],[85.19045,27.9744],[85.19054,27.97471],[85.19113,27.97547],[85.19139,27.97559],[85.1918,27.97558],[85.19197,27.97571],[85.19197,27.97584],[85.19182,27.97601],[85.19117,27.9763],[85.19081,27.97667],[85.19049,27.97686],[85.19012,27.97693],[85.18913,27.97688],[85.18889,27.97683],[85.18846,27.9766],[85.18786,27.9764],[85.18647,27.97542],[85.18555,27.97522],[85.18507,27.975],[85.18437,27.97486],[85.18423,27.97489],[85.18414,27.97506],[85.18414,27.97548],[85.18377,27.97601],[85.18366,27.97631],[85.18334,27.9768],[85.18293,27.97765],[85.18277,27.97865],[85.18257,27.97924],[85.18264,27.97961],[85.18252,27.97981],[85.18241,27.9802],[85.18214,27.98045],[85.18196,27.98077],[85.1819,27.98097],[85.18188,27.98139],[85.18169,27.98176],[85.1816,27.98215],[85.1816,27.98243],[85.18168,27.98268],[85.18197,27.98316],[85.18211,27.98355],[85.18235,27.98397],[85.18246,27.98405],[85.18279,27.98408],[85.18293,27.98429],[85.18295,27.98458],[85.18284,27.985],[85.18282,27.98532],[85.18287,27.98638],[85.1831,27.98688],[85.18303,27.98745],[85.18306,27.9878],[85.1834,27.98865],[85.1839,27.98943],[85.18395,27.98966],[85.1839,27.98999],[85.18401,27.99026],[85.18405,27.99067],[85.18414,27.99084],[85.18444,27.99113],[85.18448,27.99131],[85.18447,27.99175],[85.18473,27.99217],[85.18474,27.99238],[85.18468,27.99269],[85.1847,27.99296],[85.18455,27.99335],[85.18456,27.99358],[85.18507,27.99445],[85.18593,27.99468],[85.1859,27.9948],[85.18567,27.99489],[85.18557,27.99497],[85.18557,27.99508],[85.18565,27.99521],[85.18657,27.99576],[85.18675,27.99597],[85.18689,27.9966],[85.18688,27.99736],[85.18703,27.99775],[85.18704,27.99843],[85.18723,27.99918],[85.18722,27.99935],[85.18707,27.99962],[85.18699,27.99989],[85.18702,28.00065],[85.18697,28.00105],[85.18685,28.00126],[85.18687,28.00163],[85.18678,28.00243],[85.18667,28.00265],[85.18638,28.00283],[85.18625,28.00301],[85.18629,28.00365],[85.18603,28.00409],[85.18607,28.00427],[85.18632,28.00447],[85.18647,28.00473],[85.18639,28.00479],[85.18611,28.00474],[85.18594,28.00481],[85.18574,28.00515],[85.18567,28.00544],[85.1857,28.00551],[85.18599,28.00576],[85.1862,28.00609],[85.18628,28.00632],[85.18629,28.00654],[85.18606,28.00692],[85.18566,28.0073],[85.18553,28.0077],[85.18553,28.0086],[85.18514,28.00962],[85.18513,28.00978],[85.18525,28.01013],[85.18513,28.01038],[85.18517,28.01065],[85.18502,28.01088],[85.18499,28.01102],[85.18502,28.0112],[85.18522,28.01151],[85.18521,28.01203],[85.18539,28.01244],[85.18539,28.0131],[85.18554,28.01347],[85.18556,28.01372],[85.18665,28.01463],[85.18695,28.01519],[85.1872,28.01552],[85.18749,28.01572],[85.18793,28.01591],[85.18831,28.01633],[85.18859,28.01648],[85.18867,28.01669],[85.18867,28.01691],[85.18853,28.01742],[85.18867,28.01769],[85.18858,28.01796],[85.18874,28.01814],[85.18877,28.0183],[85.1887,28.01844],[85.18849,28.01863],[85.18844,28.01877],[85.18864,28.01954],[85.18862,28.01984],[85.18851,28.02003],[85.18856,28.02052],[85.18843,28.02079],[85.18804,28.02113],[85.18775,28.02167],[85.18728,28.02201],[85.18676,28.02226],[85.18689,28.02302],[85.18689,28.02364],[85.187,28.02399],[85.18716,28.02422],[85.18737,28.02439],[85.18781,28.0246],[85.18862,28.02483],[85.19021,28.02509],[85.1905,28.02529],[85.19079,28.02534],[85.19106,28.0255],[85.19156,28.02565],[85.19195,28.02599],[85.19258,28.02604],[85.19291,28.02615],[85.19416,28.02739],[85.1947,28.02811],[85.19504,28.02861],[85.19514,28.02887],[85.19513,28.0291],[85.19501,28.02948],[85.19511,28.03054],[85.19503,28.03207],[85.19533,28.03265],[85.19539,28.03298],[85.19539,28.0357],[85.19532,28.03642],[85.19515,28.03723],[85.19504,28.03814],[85.19504,28.03903],[85.19515,28.03942],[85.19518,28.03993],[85.19531,28.04023],[85.19582,28.04098],[85.19715,28.04229],[85.19818,28.0431],[85.1992,28.04367],[85.19964,28.04399],[85.20064,28.04511],[85.20109,28.04549],[85.20189,28.04604],[85.20204,28.0462],[85.20228,28.04661],[85.20299,28.04714],[85.20317,28.04738],[85.20388,28.04868],[85.20418,28.04897],[85.20471,28.04927],[85.20507,28.0496],[85.20557,28.0503],[85.20574,28.0508],[85.2059,28.05101],[85.20643,28.05138],[85.20679,28.05189],[85.2073,28.0524],[85.20752,28.05275],[85.20766,28.05313],[85.20841,28.05397],[85.20883,28.05469],[85.20891,28.05493],[85.20896,28.05539],[85.20909,28.05582],[85.20899,28.05699],[85.2087,28.05826],[85.20879,28.0594],[85.20872,28.05995],[85.20854,28.06059],[85.20806,28.06151],[85.208,28.06194],[85.20775,28.0624],[85.20758,28.0632],[85.20719,28.0644],[85.20704,28.06523],[85.20697,28.06596],[85.20686,28.0664],[85.20665,28.06688],[85.20623,28.06739],[85.2061,28.06766],[85.20605,28.0681],[85.20623,28.06842],[85.20693,28.06892],[85.20746,28.06894],[85.20766,28.06903],[85.20784,28.06917],[85.208,28.0694],[85.20811,28.06971],[85.20833,28.06993],[85.2085,28.07033],[85.20867,28.07052],[85.20884,28.07098],[85.2092,28.07116],[85.20951,28.07154],[85.21005,28.07196],[85.21021,28.07222],[85.21054,28.07305],[85.2108,28.07323],[85.21092,28.0734],[85.21154,28.07377],[85.2119,28.07381],[85.21222,28.07406],[85.21278,28.07402],[85.21324,28.0742],[85.21353,28.07449],[85.21376,28.07458],[85.21389,28.07479],[85.21426,28.07484],[85.21441,28.07507],[85.21459,28.07516],[85.21488,28.07549],[85.21521,28.07596],[85.21546,28.07595],[85.21554,28.07587],[85.21567,28.07591],[85.21586,28.07613],[85.21568,28.07617],[85.21568,28.07626],[85.21608,28.07663],[85.21614,28.07662],[85.21623,28.07652],[85.21663,28.07645],[85.21675,28.07636],[85.21683,28.07638],[85.21686,28.07645],[85.21681,28.07655],[85.21662,28.07672],[85.21638,28.07673],[85.21636,28.07683],[85.21646,28.07688],[85.21673,28.07676],[85.21693,28.07679],[85.21692,28.07714],[85.21708,28.07746],[85.21736,28.07771],[85.21747,28.07801],[85.21768,28.07817],[85.21797,28.07828],[85.21822,28.07866],[85.21849,28.07874],[85.21853,28.07886],[85.2187,28.07906],[85.21869,28.07922],[85.21882,28.07942],[85.21886,28.07968],[85.21929,28.08003],[85.21951,28.08011],[85.2197,28.08026],[85.22007,28.08037],[85.22039,28.08063],[85.22069,28.08076],[85.221,28.08068],[85.22115,28.08043],[85.22127,28.08067],[85.22146,28.08052],[85.22158,28.08048],[85.2217,28.08051],[85.22181,28.08066],[85.22219,28.08058],[85.22221,28.08061],[85.22216,28.08072],[85.22197,28.08087],[85.22186,28.08108],[85.22188,28.08116],[85.2222,28.08156],[85.2228,28.08175],[85.22316,28.0817],[85.22327,28.08186],[85.22358,28.08204],[85.22387,28.08211],[85.22403,28.08232],[85.22426,28.08239],[85.22456,28.08233],[85.22496,28.08237],[85.22503,28.08244],[85.22516,28.08222],[85.22533,28.08219],[85.22562,28.08228],[85.22598,28.0823],[85.22616,28.08242],[85.22614,28.08258],[85.22619,28.08269],[85.22687,28.08301],[85.22692,28.0834],[85.22699,28.08352],[85.22715,28.08356],[85.22745,28.08348],[85.22762,28.0835],[85.22795,28.0838],[85.22858,28.08424],[85.22881,28.0845],[85.22924,28.08481],[85.22945,28.08557],[85.22996,28.08585],[85.23009,28.08598],[85.23013,28.08618],[85.23034,28.08646],[85.23034,28.08657],[85.23023,28.08671],[85.23026,28.08704],[85.23035,28.08721],[85.23071,28.08749],[85.2309,28.08773],[85.2311,28.08779],[85.23121,28.08798],[85.23125,28.08815],[85.2315,28.08845],[85.23227,28.08909],[85.23277,28.08932],[85.23302,28.08954],[85.23381,28.08976],[85.23468,28.0898],[85.23517,28.08994],[85.23569,28.08984],[85.23602,28.08997],[85.23634,28.09022],[85.23675,28.09036],[85.2391,28.09059],[85.23943,28.09077],[85.23992,28.09077],[85.24084,28.09089],[85.24096,28.09093],[85.24109,28.09105],[85.24166,28.09131],[85.24298,28.09164],[85.2443,28.09165],[85.24504,28.09142],[85.24545,28.09142],[85.24621,28.09156],[85.24708,28.09147],[85.24747,28.09152],[85.24784,28.09151],[85.24846,28.09139],[85.2489,28.09137],[85.24926,28.09143],[85.25,28.09168],[85.25089,28.09177],[85.25124,28.09173],[85.25168,28.09181],[85.2521,28.09204],[85.25241,28.09236],[85.25287,28.09245],[85.25329,28.09268],[85.25432,28.09299],[85.25524,28.09336],[85.25571,28.09348],[85.25607,28.09373],[85.25676,28.09386],[85.25802,28.0943],[85.25884,28.09446],[85.26048,28.09519],[85.26119,28.0954],[85.26157,28.09567],[85.26202,28.09621],[85.26243,28.0964],[85.26283,28.09672],[85.26369,28.09705],[85.26445,28.09711],[85.26462,28.09717],[85.26472,28.09727],[85.26482,28.09757],[85.2649,28.09834],[85.26477,28.09866],[85.2646,28.09887],[85.26459,28.09901],[85.26527,28.09967],[85.26591,28.10007],[85.2663,28.10025],[85.26698,28.10093],[85.26721,28.10141],[85.26754,28.10148],[85.26801,28.10133],[85.26868,28.10133],[85.26887,28.10139],[85.2693,28.10173],[85.26992,28.10243],[85.27073,28.10289],[85.27149,28.10347],[85.27154,28.10367],[85.27177,28.10384],[85.27182,28.10437],[85.272,28.1045],[85.27211,28.10469],[85.2724,28.10482],[85.2726,28.105],[85.27272,28.1052],[85.27278,28.10568],[85.27305,28.10588],[85.27323,28.10611],[85.27342,28.10617],[85.27351,28.10626],[85.27369,28.10632],[85.27403,28.10653],[85.27456,28.10658],[85.27486,28.1069],[85.2752,28.10712],[85.27539,28.10736],[85.27646,28.10806],[85.27677,28.10817],[85.27703,28.1081],[85.27736,28.10818],[85.2777,28.10858],[85.27781,28.10891],[85.27791,28.10903],[85.27812,28.1091],[85.27849,28.10938],[85.27868,28.10962],[85.27911,28.10975],[85.27928,28.11019],[85.27947,28.11046],[85.27967,28.11057],[85.27961,28.11064],[85.27963,28.11071],[85.28013,28.11108],[85.28008,28.11129],[85.28036,28.11151],[85.28064,28.11157],[85.28077,28.11183],[85.28096,28.11185],[85.28144,28.11209],[85.28179,28.11236],[85.28217,28.11291],[85.28267,28.11329],[85.2829,28.11355],[85.28311,28.11387],[85.28316,28.11413],[85.28334,28.11445],[85.28343,28.11455],[85.28366,28.11467],[85.28376,28.11505],[85.28417,28.11512],[85.28444,28.11532],[85.28449,28.11538],[85.28455,28.11582],[85.28475,28.11604],[85.28497,28.11614],[85.2852,28.11645],[85.28547,28.11664],[85.28579,28.11676],[85.28598,28.11694],[85.28624,28.11699],[85.28641,28.11717],[85.28694,28.11752],[85.28747,28.11769],[85.28766,28.11791],[85.28787,28.11791],[85.28813,28.11803],[85.28843,28.11806],[85.28863,28.1184],[85.2889,28.11872],[85.28891,28.11881],[85.28885,28.11892],[85.28892,28.11912],[85.28912,28.11924],[85.28919,28.11941],[85.28952,28.11944],[85.28996,28.1197],[85.29037,28.1202],[85.2906,28.1204],[85.29097,28.12057],[85.29203,28.12127],[85.29236,28.12159],[85.29268,28.12204],[85.29328,28.12255],[85.29373,28.12268],[85.29407,28.12298],[85.29427,28.12303],[85.29453,28.12319],[85.29459,28.12352],[85.29471,28.12366],[85.29519,28.12385],[85.29628,28.12462],[85.29659,28.12472],[85.2972,28.12512],[85.2977,28.12533],[85.29816,28.12627],[85.29897,28.12703],[85.29938,28.12735],[85.29982,28.12801],[85.30022,28.12845],[85.30054,28.129],[85.30132,28.1298],[85.30193,28.13109],[85.30216,28.13138],[85.30239,28.13154],[85.30296,28.13173],[85.30317,28.13191],[85.30334,28.13224],[85.30341,28.1326],[85.30351,28.13284],[85.30396,28.13329],[85.30401,28.13401],[85.30409,28.13427],[85.3047,28.13491],[85.305,28.1354],[85.30518,28.13548],[85.30535,28.13572],[85.30538,28.13605],[85.30544,28.13637],[85.30553,28.13654],[85.30554,28.13672],[85.30588,28.13696],[85.30594,28.13719],[85.30616,28.13715],[85.30626,28.13721],[85.30632,28.13745],[85.30624,28.13756],[85.30624,28.13772],[85.30632,28.1378],[85.3065,28.13779],[85.30661,28.13799],[85.30677,28.13844],[85.30676,28.13854],[85.3067,28.13852],[85.30663,28.13858],[85.30666,28.13888],[85.30698,28.13943],[85.30714,28.13947],[85.30751,28.13941],[85.30789,28.13965],[85.30809,28.13965],[85.30832,28.13974],[85.30859,28.13994],[85.30874,28.13978],[85.30888,28.13974],[85.30901,28.13963],[85.30912,28.13962],[85.30921,28.14002],[85.30916,28.14027],[85.30919,28.14039],[85.30969,28.14073],[85.31068,28.14064],[85.31099,28.14052],[85.31156,28.14068],[85.31192,28.14104],[85.31234,28.14132],[85.31257,28.1416],[85.31301,28.14234],[85.31313,28.14278],[85.31313,28.14317],[85.31349,28.14357],[85.31408,28.14381],[85.31438,28.1442],[85.31448,28.14426],[85.31468,28.14427],[85.3149,28.14441],[85.31513,28.14446],[85.31521,28.14443],[85.31532,28.14428],[85.31543,28.14424],[85.31589,28.14456],[85.3165,28.14479],[85.31736,28.14538],[85.31745,28.14553],[85.31757,28.14559],[85.31755,28.14562],[85.31742,28.1456],[85.31739,28.14564],[85.31754,28.14593],[85.3178,28.14596],[85.31789,28.14613],[85.31797,28.14619],[85.3185,28.14618],[85.31863,28.14637],[85.31887,28.14647],[85.31951,28.147],[85.31967,28.14697],[85.31986,28.14722],[85.32009,28.14733],[85.32048,28.14763],[85.32058,28.14776],[85.32078,28.14778],[85.32092,28.14789],[85.32147,28.14805],[85.32141,28.14841],[85.3216,28.14856],[85.3217,28.14889],[85.32204,28.14926],[85.32213,28.14944],[85.32275,28.14969],[85.32305,28.14966],[85.32347,28.14976],[85.32393,28.14974],[85.32414,28.14994],[85.32432,28.14987],[85.3247,28.14985],[85.32488,28.14994],[85.32528,28.15],[85.32554,28.15012],[85.32591,28.15045],[85.32596,28.1506],[85.32614,28.15074],[85.32636,28.15107],[85.32668,28.15126],[85.32685,28.15124],[85.32696,28.15138],[85.32718,28.15152],[85.32743,28.15154],[85.32773,28.15165],[85.32775,28.15174],[85.32764,28.15189],[85.32734,28.15203],[85.3274,28.15219],[85.32763,28.15239],[85.32783,28.15241],[85.32794,28.15263],[85.32811,28.15259],[85.3283,28.15299],[85.32938,28.15384],[85.32954,28.15408],[85.32957,28.15428],[85.32974,28.15452],[85.33,28.15468],[85.33041,28.15512],[85.33108,28.15551],[85.33138,28.15552],[85.33188,28.1559],[85.33229,28.15596],[85.33264,28.1565],[85.33317,28.1568],[85.33339,28.15703],[85.33368,28.15721],[85.3342,28.15768],[85.33467,28.15779],[85.33509,28.1578],[85.33579,28.15818],[85.3364,28.15794],[85.33717,28.15748],[85.33767,28.15697],[85.33809,28.15667],[85.33862,28.15617],[85.33896,28.15561],[85.33938,28.15519],[85.34027,28.15472],[85.3407,28.1543],[85.34173,28.15419],[85.34182,28.15453],[85.34176,28.15461],[85.34085,28.15521],[85.33991,28.1555],[85.33935,28.15587],[85.33849,28.1571],[85.33829,28.15726],[85.33797,28.1574],[85.33712,28.15805],[85.33664,28.15877],[85.33658,28.15892],[85.3366,28.15909],[85.3367,28.15924],[85.33724,28.15947],[85.33751,28.1598],[85.3378,28.15991],[85.33806,28.1601],[85.33815,28.16026],[85.33819,28.16065],[85.33846,28.16116],[85.33896,28.16167],[85.33911,28.16189],[85.33934,28.16206],[85.33969,28.16214],[85.34037,28.16288],[85.34072,28.163],[85.34092,28.163],[85.34117,28.16281],[85.34137,28.16279],[85.34149,28.1627],[85.34163,28.16268],[85.34217,28.16278],[85.34238,28.16273],[85.34258,28.16275],[85.34269,28.16269],[85.34277,28.16285],[85.34351,28.16292],[85.34407,28.16263],[85.34431,28.16258],[85.3445,28.16241],[85.34473,28.16239],[85.34475,28.16222],[85.34487,28.16207],[85.34503,28.16206],[85.34514,28.16196],[85.34543,28.16183],[85.34582,28.16175],[85.34598,28.16144],[85.34666,28.16079],[85.34691,28.16062],[85.34732,28.16052],[85.34774,28.1603],[85.34804,28.15989],[85.34806,28.1598],[85.34799,28.15965],[85.34801,28.15956],[85.34834,28.15959],[85.34876,28.15936],[85.3489,28.15921],[85.34895,28.15899],[85.34906,28.15887],[85.34924,28.15833],[85.3501,28.15771],[85.35028,28.15726],[85.35031,28.15702],[85.35024,28.15694],[85.34997,28.15683],[85.34975,28.15662],[85.34944,28.15645],[85.34945,28.15625],[85.34958,28.15607],[85.34965,28.15604],[85.34976,28.15608],[85.35013,28.1564],[85.35067,28.15665],[85.35093,28.15667],[85.35138,28.15624],[85.35181,28.15591],[85.3521,28.15579],[85.35256,28.15547],[85.35349,28.15511],[85.35365,28.15488],[85.35399,28.15457],[85.35511,28.15391],[85.35558,28.15344],[85.35575,28.15337],[85.35595,28.15337],[85.35634,28.15341],[85.35651,28.15349],[85.3565,28.15357],[85.35642,28.15362],[85.3558,28.15374],[85.35537,28.15411],[85.35514,28.15416],[85.35459,28.15445],[85.35405,28.15491],[85.35375,28.15528],[85.35279,28.15579],[85.35243,28.15624],[85.35167,28.15694],[85.351,28.15797],[85.35059,28.15816],[85.35002,28.15823],[85.34966,28.15837],[85.3495,28.15853],[85.34945,28.15874],[85.34923,28.15901],[85.34919,28.15916],[85.34905,28.15927],[85.34901,28.15952],[85.34867,28.15978],[85.34864,28.16007],[85.34853,28.16028],[85.34848,28.16087],[85.3484,28.16106],[85.34803,28.16124],[85.3479,28.16139],[85.34748,28.16147],[85.34735,28.16163],[85.34708,28.16181],[85.34699,28.16204],[85.3467,28.16238],[85.34655,28.16278],[85.34639,28.16282],[85.34616,28.16307],[85.34577,28.16324],[85.34573,28.16337],[85.3458,28.1635],[85.34554,28.1634],[85.34513,28.16359],[85.34488,28.16364],[85.3448,28.16386],[85.34464,28.16395],[85.34446,28.16419],[85.34406,28.16444],[85.34384,28.16447],[85.34377,28.1647],[85.34364,28.16487],[85.34357,28.16537],[85.34367,28.16582],[85.34382,28.16592],[85.34393,28.16609],[85.34395,28.16662],[85.34403,28.16685],[85.344,28.16697],[85.34385,28.16707],[85.34369,28.16729],[85.3435,28.16781],[85.34342,28.16824],[85.34343,28.16866],[85.34367,28.16909],[85.3435,28.16944],[85.3435,28.16955],[85.34372,28.16974],[85.34376,28.16989],[85.34368,28.17066],[85.34358,28.17097],[85.34361,28.17129],[85.34356,28.17144],[85.34358,28.17161],[85.34347,28.17189],[85.34375,28.17229],[85.34375,28.17241],[85.34362,28.1725],[85.3436,28.17259],[85.34371,28.17283],[85.34372,28.17342],[85.34382,28.17364],[85.34372,28.17385],[85.34374,28.17398],[85.34364,28.17422],[85.34364,28.17466],[85.34355,28.17483],[85.34351,28.175],[85.34358,28.17514],[85.34356,28.17533],[85.34359,28.17542],[85.34407,28.17554],[85.34424,28.1758],[85.34415,28.17585],[85.34398,28.17575],[85.34386,28.17577],[85.34378,28.17583],[85.34367,28.17612],[85.34368,28.17624],[85.34383,28.1766],[85.34382,28.17682],[85.34395,28.17714],[85.34393,28.17738],[85.34398,28.17758],[85.34374,28.17787],[85.34373,28.1781],[85.34378,28.17822],[85.34369,28.17852],[85.34379,28.17901],[85.34378,28.17915],[85.34385,28.17926],[85.34382,28.17937],[85.34385,28.17953],[85.34371,28.17985],[85.34371,28.18011],[85.34343,28.18034],[85.34347,28.18067],[85.34339,28.18091],[85.34354,28.18108],[85.34359,28.18143],[85.34376,28.18157],[85.34383,28.18171],[85.34409,28.18174],[85.3443,28.18192],[85.34437,28.18214],[85.34453,28.18239],[85.34464,28.18271],[85.34489,28.18316],[85.34492,28.18335],[85.34509,28.18345],[85.34512,28.18364],[85.34527,28.18382],[85.34527,28.18398],[85.34538,28.18432],[85.34551,28.18452],[85.34555,28.18481],[85.34598,28.18547],[85.34623,28.18556],[85.34655,28.18555],[85.34665,28.18563],[85.34669,28.18584],[85.34665,28.18597],[85.3468,28.18621],[85.34673,28.18637],[85.34691,28.18654],[85.34691,28.1867],[85.34709,28.18708],[85.34708,28.18724],[85.34714,28.1874],[85.34752,28.18769],[85.34756,28.18778],[85.34752,28.18791],[85.34773,28.18808],[85.34777,28.18823],[85.3479,28.18837],[85.34798,28.18857],[85.34813,28.18872],[85.34835,28.18925],[85.34843,28.18936],[85.34851,28.18968],[85.34868,28.18965],[85.34876,28.18969],[85.34894,28.18996],[85.34897,28.19015],[85.34922,28.19031],[85.34924,28.1904],[85.34916,28.19064],[85.34922,28.19079],[85.34936,28.1909],[85.34973,28.19087],[85.34993,28.19092],[85.34985,28.191],[85.34944,28.19106],[85.34932,28.19116],[85.34931,28.19124],[85.34941,28.19146],[85.34943,28.19166],[85.3496,28.19177],[85.34976,28.19199],[85.34988,28.19234],[85.35013,28.1927],[85.35026,28.19302],[85.35057,28.19333],[85.35073,28.19389],[85.35093,28.19406],[85.35117,28.1945],[85.35116,28.19463],[85.35096,28.19488],[85.35107,28.19517],[85.35109,28.19589],[85.35156,28.19653],[85.35201,28.19664],[85.35201,28.19672],[85.35186,28.19677],[85.35188,28.19686],[85.35234,28.19727],[85.35245,28.19749],[85.3527,28.19759],[85.35285,28.19789],[85.35309,28.19793],[85.35296,28.19812],[85.35303,28.19841],[85.35302,28.19868],[85.35334,28.19912],[85.35355,28.19933],[85.35357,28.19945],[85.35352,28.19978],[85.35356,28.19993],[85.35372,28.20019],[85.35419,28.20042],[85.35437,28.20061],[85.35438,28.20072],[85.35429,28.20079],[85.35391,28.20072],[85.35382,28.20076],[85.35356,28.20119],[85.35362,28.20146],[85.35383,28.20184],[85.35399,28.20199],[85.35409,28.20251],[85.35438,28.20341],[85.355,28.2041],[85.35582,28.20517],[85.35579,28.20543],[85.3559,28.20567],[85.35586,28.20577],[85.35595,28.20589],[85.35583,28.20621],[85.3559,28.20639],[85.35572,28.20659],[85.35578,28.20679],[85.35574,28.20704],[85.35557,28.20731],[85.35545,28.20776],[85.35523,28.20812],[85.35514,28.20852],[85.35521,28.20901],[85.3552,28.20932],[85.3549,28.21015],[85.35509,28.21068],[85.35527,28.21083],[85.35552,28.21091],[85.35558,28.21102],[85.35549,28.21154],[85.35551,28.21209],[85.35539,28.21256],[85.35535,28.21299],[85.35537,28.21391],[85.35548,28.21436],[85.35594,28.21511],[85.3563,28.21542],[85.35652,28.21574],[85.35733,28.21829],[85.35752,28.21857],[85.35765,28.21888],[85.3579,28.21916],[85.35826,28.2197],[85.35882,28.22023],[85.36014,28.22128],[85.36092,28.22172],[85.3612,28.22196],[85.36158,28.22255],[85.36187,28.22352],[85.36209,28.22389],[85.36211,28.22464],[85.36202,28.22567],[85.36188,28.22639],[85.36162,28.22721],[85.36154,28.22785],[85.36143,28.22821],[85.36142,28.22868],[85.36128,28.22951],[85.36127,28.23024],[85.36105,28.23103],[85.36122,28.23187],[85.36119,28.23291],[85.36108,28.23344],[85.36077,28.23419],[85.36057,28.23488],[85.36029,28.23545],[85.36011,28.23601],[85.3599,28.23637],[85.36,28.23674],[85.35997,28.2372],[85.3598,28.23806],[85.35956,28.23855],[85.35949,28.2388],[85.35951,28.23919],[85.35969,28.23943],[85.35972,28.23956],[85.35966,28.23983],[85.35938,28.24028],[85.35953,28.24088],[85.35951,28.24118],[85.35939,28.24162],[85.35948,28.24231],[85.35969,28.24289],[85.35998,28.24315],[85.36033,28.24364],[85.36153,28.24441],[85.36194,28.24483],[85.36208,28.24488],[85.36262,28.24484],[85.36285,28.24488],[85.36313,28.24507],[85.36382,28.24568],[85.36413,28.24607],[85.3643,28.24643],[85.3645,28.24671],[85.36461,28.24703],[85.36479,28.24729],[85.36551,28.24777],[85.36574,28.24806],[85.36597,28.24845],[85.36629,28.2488],[85.36642,28.24906],[85.36654,28.24952],[85.36685,28.24987],[85.36678,28.25027],[85.36694,28.25036],[85.36728,28.25046],[85.36724,28.25056],[85.36701,28.25074],[85.36696,28.25097],[85.36699,28.25126],[85.36713,28.25167],[85.36709,28.25205],[85.36714,28.25261],[85.36711,28.25361],[85.36731,28.25434],[85.36735,28.25466],[85.36732,28.25516],[85.36718,28.25579],[85.36717,28.25603],[85.36728,28.25684],[85.3676,28.25743],[85.36827,28.25782],[85.36871,28.25824],[85.36942,28.25874],[85.36972,28.25865],[85.36988,28.25867],[85.37013,28.25887],[85.37055,28.25902],[85.37076,28.25926],[85.37119,28.25949],[85.37165,28.25987],[85.37215,28.26006],[85.37233,28.26018],[85.37245,28.26033],[85.37246,28.26063],[85.37254,28.26078],[85.37283,28.26113],[85.3732,28.26125],[85.37333,28.26135],[85.37354,28.26171],[85.3738,28.26237],[85.37416,28.26274],[85.37441,28.26314],[85.37482,28.26352],[85.37493,28.26375],[85.37528,28.26387],[85.37581,28.26391],[85.37633,28.26415],[85.37673,28.26422],[85.37701,28.26441],[85.37725,28.26445],[85.37764,28.26461],[85.37838,28.26476],[85.37871,28.26492],[85.37885,28.26505],[85.37887,28.2652],[85.37879,28.2653],[85.37847,28.26538],[85.37791,28.26572],[85.37737,28.2659],[85.37708,28.26643],[85.37735,28.26745],[85.37787,28.26778],[85.3781,28.26809],[85.37818,28.26837],[85.37817,28.26878],[85.37822,28.26891],[85.37916,28.26983],[85.3794,28.27021],[85.37965,28.27029],[85.3798,28.27063],[85.38006,28.27085],[85.38012,28.27098],[85.38002,28.27118],[85.37961,28.27144],[85.37967,28.27186],[85.37947,28.27218],[85.37941,28.27284],[85.37933,28.27303],[85.3791,28.2733],[85.37903,28.27348],[85.37903,28.27408],[85.37891,28.27447],[85.37884,28.27524],[85.37877,28.27545],[85.37855,28.27578],[85.37851,28.27594],[85.37852,28.27611],[85.37865,28.27638],[85.37869,28.27666],[85.3786,28.27781],[85.37898,28.2782],[85.37944,28.27846],[85.37983,28.27887],[85.38028,28.2792],[85.38081,28.27949],[85.38148,28.27971],[85.38188,28.28001],[85.38261,28.28033],[85.38318,28.28072],[85.38397,28.28148],[85.38487,28.28258],[85.38526,28.28294],[85.38547,28.28324],[85.38636,28.28385],[85.38648,28.28399],[85.38661,28.28428],[85.38683,28.28447],[85.38718,28.28459],[85.38821,28.2847],[85.3885,28.28483],[85.38893,28.28493],[85.38928,28.28514],[85.38946,28.2852],[85.38976,28.28522],[85.39009,28.28512],[85.39022,28.28514],[85.39045,28.28547],[85.39059,28.28587],[85.39097,28.28627],[85.39139,28.28687],[85.39186,28.28726],[85.39228,28.28748],[85.39264,28.28755],[85.39306,28.28752],[85.39441,28.28713],[85.394,28.28741],[85.39377,28.28768],[85.39342,28.28795],[85.39329,28.28823],[85.39331,28.28848],[85.39395,28.28884],[85.39457,28.28943],[85.39474,28.28964],[85.39491,28.29009],[85.39514,28.29042],[85.39545,28.29071],[85.39615,28.29111],[85.39651,28.2914],[85.39682,28.29179],[85.39709,28.2923],[85.39732,28.29241],[85.39795,28.29252],[85.39813,28.29261],[85.39829,28.29277],[85.39878,28.29353],[85.39884,28.29382],[85.39873,28.2943],[85.39877,28.29481],[85.39885,28.29513],[85.3991,28.29538],[85.39914,28.29553],[85.39905,28.29594],[85.39856,28.29706],[85.39861,28.29727],[85.39871,28.29743],[85.39913,28.29771],[85.39989,28.29796],[85.40044,28.29829],[85.40087,28.29868],[85.40146,28.29948],[85.40181,28.29979],[85.40217,28.29992],[85.40312,28.30009],[85.40385,28.30052],[85.40459,28.30065],[85.40517,28.30102],[85.40549,28.30132],[85.4059,28.30197],[85.40646,28.30249],[85.40672,28.30265],[85.40723,28.30276],[85.40755,28.30293],[85.4077,28.30314],[85.40803,28.30387],[85.40873,28.30455],[85.40908,28.30475],[85.40966,28.30492],[85.41019,28.30532],[85.41066,28.30537],[85.41083,28.30547],[85.41097,28.30566],[85.41101,28.30599],[85.41111,28.30622],[85.41142,28.3066],[85.41169,28.30703],[85.41199,28.30731],[85.41227,28.30743],[85.41271,28.30739],[85.41288,28.30742],[85.41341,28.30786],[85.41358,28.30795],[85.41405,28.30795],[85.41437,28.30805],[85.4148,28.30806],[85.41494,28.30813],[85.4149,28.30831],[85.4145,28.30869],[85.41406,28.30892],[85.41336,28.30907],[85.41314,28.30925],[85.41308,28.30941],[85.41315,28.30962],[85.41345,28.31011],[85.41381,28.31049],[85.41429,28.31133],[85.4144,28.31165],[85.41442,28.31219],[85.41544,28.31439],[85.4155,28.31487],[85.41547,28.31549],[85.41525,28.31593],[85.41525,28.31635],[85.41512,28.3172],[85.41485,28.31805],[85.41466,28.31919],[85.41436,28.31991],[85.4143,28.32042],[85.41433,28.32072],[85.41449,28.32138],[85.41463,28.32254],[85.41514,28.32386],[85.41521,28.32469],[85.41549,28.32515],[85.4157,28.32524],[85.41614,28.32515],[85.41658,28.32517],[85.41697,28.32525],[85.41731,28.32538],[85.41777,28.32575],[85.41814,28.32587],[85.41879,28.32629],[85.41928,28.32671],[85.41945,28.32707],[85.41962,28.32713],[85.41991,28.32716],[85.42024,28.32705],[85.42051,28.32707],[85.42089,28.32717],[85.42149,28.32745],[85.42188,28.32728],[85.42247,28.32721],[85.42307,28.32719],[85.42384,28.32723],[85.42442,28.32738],[85.42524,28.32785],[85.42562,28.32795],[85.426,28.32798],[85.42721,28.32793],[85.42755,28.32801],[85.4283,28.32836],[85.42906,28.32853],[85.43021,28.32866],[85.43134,28.3287],[85.43217,28.32888],[85.43297,28.32881],[85.43327,28.32884],[85.43366,28.32908],[85.43407,28.32972],[85.43428,28.33024],[85.43445,28.33115],[85.43467,28.3316],[85.43486,28.33184],[85.4354,28.33234],[85.43575,28.33288],[85.43633,28.33303],[85.43728,28.33303],[85.43761,28.33289],[85.43828,28.33283],[85.43935,28.333],[85.43977,28.33315],[85.44022,28.33348],[85.44072,28.33368],[85.44103,28.33387],[85.44144,28.33396],[85.44207,28.3342],[85.44239,28.33426],[85.44408,28.33425],[85.44478,28.33415],[85.44545,28.33398],[85.44557,28.33391],[85.44568,28.33376],[85.44606,28.33342],[85.44628,28.33328],[85.44665,28.33316],[85.44711,28.33319],[85.44763,28.33286],[85.44808,28.33273],[85.44835,28.33243],[85.44878,28.33206],[85.44941,28.33154],[85.44979,28.33133],[85.45006,28.33107],[85.45012,28.3311],[85.45013,28.33118],[85.45001,28.33159],[85.44996,28.33212],[85.44975,28.33261],[85.44971,28.33282],[85.44975,28.3331],[85.44992,28.33335],[85.4501,28.33351],[85.45028,28.33359],[85.45088,28.33354],[85.45167,28.33364],[85.45251,28.33407],[85.45305,28.33428],[85.45349,28.33434],[85.45413,28.33453],[85.45482,28.33462],[85.45515,28.33479],[85.456,28.33475],[85.45651,28.33478],[85.45704,28.33487],[85.45752,28.33506],[85.45792,28.33501],[85.45861,28.33479],[85.45898,28.33472],[85.45957,28.33472],[85.46034,28.33482],[85.4604,28.33479],[85.46069,28.33436],[85.46087,28.33385],[85.46103,28.33357],[85.46117,28.33342],[85.46133,28.33337],[85.46144,28.3334],[85.46156,28.33354],[85.46205,28.33387],[85.4624,28.33435],[85.46303,28.33433],[85.46351,28.33442],[85.4637,28.33441],[85.46458,28.33402],[85.46537,28.33335],[85.46587,28.33305],[85.4665,28.33283],[85.4676,28.33268],[85.46784,28.33259],[85.46805,28.33237],[85.46821,28.33203],[85.46857,28.33166],[85.46865,28.33136],[85.46893,28.33107],[85.46907,28.33074],[85.46945,28.33048],[85.47053,28.33017],[85.47129,28.3298],[85.4717,28.32973],[85.47226,28.32971],[85.47267,28.32952],[85.47368,28.32925],[85.47429,28.32918],[85.47513,28.32926],[85.47563,28.32877],[85.47613,28.328],[85.47669,28.32728],[85.47698,28.32658],[85.47702,28.32598],[85.47727,28.3257],[85.47789,28.32552],[85.47804,28.32533],[85.47805,28.32506],[85.47786,28.32461],[85.47797,28.32443],[85.4783,28.32419],[85.4788,28.324],[85.47915,28.32409],[85.47945,28.32429],[85.47972,28.32424],[85.47991,28.32409],[85.4801,28.32413],[85.48036,28.32427],[85.48065,28.32474],[85.48078,28.32483],[85.48097,28.32516],[85.48116,28.32564],[85.48156,28.32617],[85.48153,28.32674],[85.48188,28.32776],[85.48185,28.32826],[85.4819,28.32861],[85.48219,28.32887],[85.48241,28.32934],[85.48249,28.32966],[85.48245,28.32993],[85.48258,28.33018],[85.48274,28.33024],[85.4829,28.32968],[85.48284,28.32803],[85.48271,28.32757],[85.4825,28.32713],[85.48258,28.32654],[85.48255,28.32593],[85.48236,28.32513],[85.48217,28.32475],[85.48209,28.32442],[85.48188,28.32394],[85.48181,28.32314],[85.48146,28.32264],[85.48134,28.32215],[85.48134,28.32178],[85.48144,28.32119],[85.48178,28.32024],[85.48196,28.31997],[85.48238,28.31967],[85.48314,28.31865],[85.48375,28.31807],[85.48396,28.31772],[85.484,28.31747],[85.4841,28.31746],[85.4847,28.31714],[85.48504,28.31686],[85.48544,28.3157],[85.48567,28.31543],[85.4864,28.31492],[85.48752,28.31427],[85.48836,28.3139],[85.489,28.31373],[85.48964,28.31324],[85.49033,28.31311],[85.49056,28.31297],[85.49096,28.31217],[85.49086,28.31178],[85.49088,28.31165],[85.4911,28.3111],[85.49152,28.31046],[85.49168,28.31037],[85.4922,28.3099],[85.49245,28.30959],[85.49258,28.30934],[85.49266,28.30897],[85.49288,28.30872],[85.49303,28.30845],[85.49331,28.30825],[85.49397,28.30792],[85.49531,28.30755],[85.49602,28.30731],[85.49644,28.30711],[85.49677,28.30689],[85.49765,28.30581],[85.49784,28.30541],[85.49811,28.30435],[85.49809,28.30347],[85.49798,28.30277],[85.49776,28.30191],[85.49808,28.30122],[85.49842,28.30024],[85.49851,28.29901],[85.49865,28.29847],[85.49885,28.29805],[85.49883,28.29722],[85.49895,28.29658],[85.4993,28.29552],[85.49956,28.2949],[85.50088,28.29266],[85.50132,28.29179],[85.50251,28.29084],[85.50423,28.29054],[85.50571,28.29041],[85.50683,28.28997],[85.50771,28.2892],[85.5086,28.28854],[85.50973,28.28746],[85.51006,28.28693],[85.5109,28.2862],[85.51219,28.28533],[85.51295,28.28499],[85.51516,28.28413],[85.51588,28.28379],[85.51676,28.28316],[85.51764,28.28278],[85.51861,28.28254],[85.52039,28.2826],[85.52134,28.28298],[85.52225,28.28294],[85.52336,28.28308],[85.52439,28.28388],[85.52486,28.28441],[85.52595,28.2849],[85.52732,28.28534],[85.52883,28.28541],[85.52924,28.28601],[85.52977,28.28654],[85.52982,28.28668],[85.52993,28.28968],[85.52977,28.2916],[85.52953,28.29333],[85.52945,28.29346],[85.52834,28.29418],[85.52666,28.29485],[85.52491,28.29546],[85.52328,28.29578],[85.52028,28.29576],[85.51972,28.29564],[85.51703,28.2958],[85.51679,28.29605],[85.5165,28.29622],[85.51595,28.29645],[85.5153,28.29663],[85.51492,28.29705],[85.51455,28.29733],[85.51412,28.29788],[85.51377,28.29812],[85.51386,28.29845],[85.51376,28.29866],[85.51361,28.29873],[85.51319,28.29874],[85.51306,28.29882],[85.51287,28.29942],[85.51238,28.29991],[85.51216,28.30039],[85.51181,28.30074],[85.5115,28.30093],[85.511,28.30105],[85.51052,28.30123],[85.50987,28.30159],[85.50966,28.30176],[85.50958,28.30194],[85.50959,28.30216],[85.50966,28.30224],[85.50992,28.3024],[85.50999,28.30255],[85.50998,28.30267],[85.50971,28.30284],[85.50917,28.30296],[85.50892,28.30312],[85.5086,28.30355],[85.50835,28.30415],[85.5083,28.3048],[85.50814,28.3055],[85.50819,28.30634],[85.50813,28.30693],[85.50823,28.30733],[85.50825,28.30768],[85.50787,28.30817],[85.50742,28.30837],[85.50697,28.30871],[85.50601,28.31012],[85.50531,28.31072],[85.50408,28.31199],[85.50403,28.31231],[85.50396,28.31246],[85.50379,28.31316],[85.50377,28.3133],[85.50381,28.31345],[85.50367,28.3136],[85.50351,28.31395],[85.50335,28.31394],[85.50306,28.31404],[85.50266,28.3143],[85.50236,28.31504],[85.50216,28.31536],[85.50159,28.31581],[85.50089,28.31648],[85.50061,28.31669],[85.50029,28.31734],[85.50008,28.31754],[85.49961,28.31778],[85.49952,28.31789],[85.49906,28.31916],[85.49881,28.31941],[85.49764,28.32017],[85.49723,28.32055],[85.49702,28.32111],[85.49686,28.32127],[85.49638,28.32151],[85.49521,28.32233],[85.49512,28.32308],[85.49507,28.32317],[85.49416,28.32338],[85.49368,28.32375],[85.49302,28.32526],[85.49263,28.32574],[85.49231,28.32601],[85.49196,28.32642],[85.49173,28.32704],[85.49103,28.32843],[85.49081,28.32906],[85.49038,28.32955],[85.49027,28.32983],[85.49021,28.33024],[85.49026,28.33047],[85.4908,28.33074],[85.49134,28.33083],[85.49174,28.3308],[85.49246,28.33065],[85.49258,28.33059],[85.49276,28.33039],[85.493,28.33032],[85.49317,28.33032],[85.49426,28.33109],[85.49436,28.33126],[85.49439,28.33148],[85.4943,28.33169],[85.49406,28.33183],[85.49342,28.33198],[85.49221,28.3321],[85.49127,28.33253],[85.49113,28.33303],[85.49109,28.33387],[85.49135,28.33418],[85.49171,28.33441],[85.49192,28.33465],[85.4921,28.33502],[85.49215,28.33545],[85.49208,28.33569],[85.49197,28.33583],[85.49174,28.33589],[85.49115,28.33584],[85.49062,28.33635],[85.49056,28.33658],[85.49058,28.33683],[85.49083,28.33731],[85.49091,28.33765],[85.4909,28.3379],[85.49082,28.33811],[85.49039,28.33856],[85.48969,28.339],[85.48937,28.33935],[85.48923,28.33944],[85.48902,28.33948],[85.48873,28.33946],[85.48809,28.33935],[85.48744,28.33917],[85.48703,28.33913],[85.48558,28.34013]],[[85.35315,28.20807],[85.35314,28.2081],[85.3532,28.20809],[85.35315,28.20807]],[[85.30595,28.13726],[85.30594,28.13729],[85.30599,28.13728],[85.30595,28.13726]],[[85.30554,28.13704],[85.30549,28.1371],[85.30565,28.13717],[85.30565,28.13708],[85.30554,28.13704]],[[85.27097,28.10382],[85.27098,28.10385],[85.27098,28.10383],[85.27097,28.10382]],[[85.12822,27.87786],[85.12818,27.87791],[85.12824,27.87791],[85.12822,27.87786]],[[84.8339,27.81493],[84.83437,27.81472],[84.83455,27.81454],[84.8346,27.81437],[84.83448,27.81399],[84.8344,27.81405],[84.8339,27.81493]],[[84.80217,27.81492],[84.80214,27.81518],[84.80221,27.8154],[84.80276,27.81589],[84.80316,27.8161],[84.8036,27.81625],[84.80393,27.8163],[84.8041,27.81625],[84.80419,27.81587],[84.80417,27.81577],[84.80395,27.81537],[84.80367,27.8151],[84.80326,27.81489],[84.80286,27.81479],[84.80229,27.81477],[84.80217,27.81492]],[[84.42811,27.70625],[84.42869,27.70864],[84.42891,27.71025],[84.42899,27.71032],[84.42922,27.71037],[84.4293,27.71027],[84.42939,27.70989],[84.42949,27.70888],[84.42937,27.70711],[84.42925,27.70644],[84.42907,27.70597],[84.4289,27.7057],[84.42814,27.70511],[84.42768,27.70461],[84.4276,27.7046],[84.42751,27.70467],[84.42745,27.70481],[84.42743,27.70519],[84.42786,27.70571],[84.42811,27.70625]],[[84.42591,27.70623],[84.42621,27.70616],[84.42625,27.70602],[84.42612,27.70493],[84.42596,27.70452],[84.42565,27.70411],[84.42527,27.70381],[84.42479,27.70362],[84.42441,27.70363],[84.4248,27.7047],[84.42511,27.70534],[84.42563,27.70602],[84.42581,27.7062],[84.42591,27.70623]],[[84.41393,27.6968],[84.41421,27.69683],[84.41451,27.69648],[84.41486,27.69619],[84.41488,27.69605],[84.41481,27.69551],[84.41439,27.69507],[84.41394,27.69469],[84.4126,27.69375],[84.41068,27.6927],[84.40687,27.69089],[84.40494,27.68979],[84.40412,27.68939],[84.40341,27.68916],[84.4025,27.68902],[84.40225,27.68908],[84.40191,27.68939],[84.40197,27.68969],[84.40192,27.69025],[84.40195,27.69047],[84.40224,27.69094],[84.40262,27.69139],[84.40366,27.69228],[84.40494,27.69304],[84.40583,27.69395],[84.40606,27.6941],[84.40668,27.69437],[84.40705,27.69478],[84.40732,27.69498],[84.40796,27.69525],[84.40933,27.69555],[84.40987,27.69572],[84.41029,27.69592],[84.41121,27.69652],[84.41168,27.69672],[84.41225,27.69679],[84.41345,27.69676],[84.41393,27.6968]],[[84.39762,27.68597],[84.39779,27.68619],[84.3984,27.68659],[84.39987,27.68708],[84.40058,27.68744],[84.40173,27.68718],[84.40117,27.68672],[84.39992,27.6861],[84.39887,27.68586],[84.39828,27.68553],[84.3973,27.68532],[84.39762,27.68597]],[[84.39264,27.68544],[84.39292,27.68533],[84.39291,27.68523],[84.39259,27.68474],[84.39112,27.6829],[84.39024,27.68208],[84.389,27.68123],[84.38815,27.68073],[84.38706,27.68025],[84.38648,27.67983],[84.3863,27.67977],[84.38525,27.67963],[84.38484,27.67964],[84.38449,27.6798],[84.38407,27.68022],[84.38404,27.68034],[84.38436,27.68069],[84.38499,27.68174],[84.38554,27.68227],[84.38606,27.68266],[84.3867,27.68297],[84.38851,27.68362],[84.39038,27.6847],[84.39153,27.68509],[84.3921,27.68538],[84.39264,27.68544]],[[84.38056,27.67994],[84.38098,27.6799],[84.38128,27.67979],[84.38169,27.6795],[84.38176,27.67934],[84.38065,27.67929],[84.38026,27.67931],[84.37948,27.67954],[84.37895,27.67987],[84.38056,27.67994]],[[84.37649,27.68263],[84.37602,27.68251],[84.37546,27.68231],[84.37473,27.68264],[84.37407,27.68304],[84.3735,27.68351],[84.37311,27.68398],[84.37278,27.68458],[84.37382,27.68455],[84.37484,27.68433],[84.37567,27.68404],[84.37712,27.68343],[84.37764,27.68313],[84.37757,27.68284],[84.3774,27.68264],[84.37649,27.68263]],[[84.66528,27.80914],[84.66509,27.80924],[84.665,27.8094],[84.66498,27.80968],[84.66506,27.80993],[84.66519,27.81011],[84.66543,27.81027],[84.66578,27.81039],[84.66596,27.81039],[84.666,27.81021],[84.66596,27.80997],[84.66588,27.80983],[84.66569,27.8097],[84.66563,27.80955],[84.66565,27.80944],[84.66582,27.80932],[84.66528,27.80914]],[[85.10964,27.8582],[85.1096,27.85823],[85.10965,27.8582],[85.10964,27.8582]],[[85.16674,27.88955],[85.16652,27.88962],[85.16593,27.89003],[85.16565,27.89042],[85.16538,27.89067],[85.16525,27.89087],[85.16479,27.89109],[85.16456,27.89137],[85.16457,27.89146],[85.16465,27.89153],[85.16505,27.89162],[85.16525,27.89177],[85.16574,27.89232],[85.16593,27.89282],[85.16616,27.89306],[85.16664,27.89334],[85.16724,27.89338],[85.16762,27.89331],[85.16838,27.89291],[85.16936,27.89279],[85.17014,27.89307],[85.17059,27.89317],[85.17123,27.89322],[85.17139,27.89317],[85.17142,27.89302],[85.17135,27.89283],[85.1708,27.89231],[85.16999,27.89178],[85.16856,27.89114],[85.16837,27.89093],[85.16814,27.89045],[85.16778,27.89008],[85.16743,27.88984],[85.16696,27.8896],[85.16674,27.88955]],[[85.16582,27.89296],[85.1658,27.8929],[85.16578,27.89286],[85.16582,27.89296]],[[85.17311,27.88431],[85.17273,27.88437],[85.17263,27.88452],[85.17259,27.88472],[85.17263,27.88504],[85.17291,27.88525],[85.17307,27.88557],[85.17326,27.88569],[85.17342,27.88574],[85.17376,27.88567],[85.17415,27.88568],[85.17433,27.88561],[85.17452,27.88515],[85.17471,27.88484],[85.17468,27.88462],[85.17457,27.88455],[85.17399,27.88449],[85.17342,27.88433],[85.17311,27.88431]],[[85.18076,27.88391],[85.18027,27.88399],[85.18007,27.8841],[85.17997,27.88423],[85.18074,27.88406],[85.18145,27.88406],[85.18155,27.88396],[85.18147,27.88387],[85.18076,27.88391]],[[85.17363,27.89592],[85.17367,27.89577],[85.17363,27.8956],[85.17343,27.89544],[85.17328,27.89518],[85.17318,27.89513],[85.17311,27.89514],[85.17303,27.89529],[85.17307,27.89555],[85.17335,27.89594],[85.17351,27.89597],[85.17363,27.89592]],[[85.17444,27.89592],[85.17438,27.89601],[85.1744,27.89622],[85.17477,27.89675],[85.17558,27.89737],[85.17615,27.89761],[85.1763,27.8976],[85.17625,27.89737],[85.17598,27.89686],[85.17573,27.89671],[85.17559,27.89656],[85.17552,27.89654],[85.17541,27.8967],[85.17552,27.89695],[85.17541,27.89703],[85.17515,27.89667],[85.17522,27.89649],[85.17508,27.89655],[85.17499,27.89653],[85.1747,27.89619],[85.1746,27.89599],[85.17444,27.89592]],[[85.17707,27.89731],[85.17691,27.89739],[85.1769,27.89769],[85.17715,27.898],[85.17732,27.89836],[85.1777,27.89857],[85.1783,27.89866],[85.17846,27.89863],[85.17826,27.89836],[85.17818,27.89813],[85.17819,27.89795],[85.17803,27.89767],[85.17765,27.89741],[85.17707,27.89731]],[[85.17904,27.89866],[85.17884,27.89869],[85.17881,27.8988],[85.1789,27.89885],[85.17908,27.89878],[85.17913,27.89901],[85.17963,27.89943],[85.18072,27.89961],[85.18086,27.8996],[85.18092,27.89955],[85.18089,27.89941],[85.18036,27.89919],[85.18031,27.89892],[85.17952,27.89868],[85.17904,27.89866]],[[85.17821,27.89914],[85.17824,27.89908],[85.17817,27.89906],[85.17815,27.89912],[85.17821,27.89914]],[[85.18212,27.89945],[85.18203,27.89951],[85.18217,27.89954],[85.18227,27.89951],[85.18212,27.89945]],[[85.18172,27.89922],[85.18188,27.8992],[85.18198,27.89912],[85.18199,27.89903],[85.1819,27.89891],[85.18154,27.89874],[85.18136,27.89875],[85.18125,27.89882],[85.18122,27.89893],[85.18131,27.89904],[85.18172,27.89922]],[[85.18104,27.89922],[85.1811,27.89916],[85.18096,27.89908],[85.18095,27.89919],[85.18104,27.89922]],[[85.17915,27.89788],[85.17927,27.89801],[85.17946,27.89799],[85.17929,27.89781],[85.17918,27.89781],[85.17915,27.89788]],[[85.17865,27.89787],[85.17869,27.89781],[85.17862,27.89779],[85.1786,27.89785],[85.17865,27.89787]],[[85.17827,27.89747],[85.17818,27.89749],[85.17819,27.89755],[85.17829,27.89762],[85.1784,27.89761],[85.1784,27.8975],[85.17827,27.89747]],[[85.17756,27.89668],[85.17753,27.89674],[85.17759,27.89675],[85.17761,27.8967],[85.17756,27.89668]],[[85.17504,27.8962],[85.17501,27.89626],[85.17508,27.89628],[85.1751,27.89622],[85.17504,27.8962]],[[85.18448,27.89993],[85.18417,27.89989],[85.18396,27.89996],[85.18392,27.90004],[85.18408,27.90016],[85.18465,27.90024],[85.18477,27.90021],[85.1848,27.90012],[85.18476,27.90004],[85.18448,27.89993]],[[85.18138,27.90027],[85.18131,27.90026],[85.1813,27.90031],[85.18137,27.90032],[85.18138,27.90027]],[[85.18235,27.90027],[85.18193,27.90036],[85.18179,27.90043],[85.18177,27.90052],[85.18197,27.90063],[85.18259,27.90078],[85.18262,27.9007],[85.1825,27.90052],[85.18245,27.90032],[85.18235,27.90027]],[[85.18045,27.90078],[85.18046,27.90069],[85.18037,27.90065],[85.18023,27.90068],[85.18016,27.90077],[85.18026,27.90086],[85.18045,27.90078]],[[85.18286,27.90065],[85.18283,27.90071],[85.18289,27.90072],[85.18291,27.90067],[85.18286,27.90065]],[[85.19497,27.9004],[85.19485,27.90043],[85.19482,27.90048],[85.19506,27.90061],[85.19526,27.90054],[85.19519,27.90043],[85.19497,27.9004]],[[85.19638,27.90041],[85.1966,27.90049],[85.19686,27.90047],[85.1969,27.9004],[85.19681,27.90028],[85.19686,27.90012],[85.19664,27.90011],[85.19657,27.9003],[85.1964,27.90024],[85.19634,27.90034],[85.19638,27.90041]],[[85.19746,27.90012],[85.1974,27.90022],[85.19715,27.90029],[85.19715,27.90037],[85.19732,27.90039],[85.19771,27.90022],[85.19781,27.90011],[85.19781,27.89998],[85.19773,27.8999],[85.19762,27.8999],[85.19751,27.89997],[85.19746,27.90012]],[[85.19599,27.90023],[85.19618,27.90012],[85.19605,27.90011],[85.19596,27.90019],[85.19599,27.90023]],[[85.194,27.89969],[85.19396,27.89975],[85.19403,27.89977],[85.19405,27.89972],[85.194,27.89969]],[[85.19805,27.89962],[85.19803,27.89971],[85.19811,27.89975],[85.19833,27.89964],[85.19876,27.89955],[85.1989,27.89937],[85.19888,27.89904],[85.19878,27.89905],[85.19834,27.89944],[85.19805,27.89962]],[[85.19727,27.89962],[85.1974,27.8996],[85.19742,27.89955],[85.19723,27.89946],[85.19706,27.89955],[85.1971,27.89961],[85.19727,27.89962]],[[85.19948,27.89844],[85.19937,27.89856],[85.19951,27.89849],[85.19948,27.89844]],[[85.22064,27.89688],[85.22069,27.89692],[85.22073,27.89688],[85.22069,27.89684],[85.22064,27.89688]],[[85.22694,27.89648],[85.22689,27.89654],[85.22691,27.89658],[85.22752,27.8969],[85.22792,27.89693],[85.22845,27.89708],[85.22865,27.89706],[85.22872,27.89699],[85.22866,27.89682],[85.22832,27.89655],[85.22832,27.89633],[85.22799,27.89647],[85.22779,27.89637],[85.22746,27.89642],[85.22735,27.89637],[85.22735,27.89615],[85.22773,27.89619],[85.22795,27.89609],[85.22813,27.89609],[85.22818,27.89601],[85.22811,27.89589],[85.22738,27.8955],[85.22725,27.89551],[85.22706,27.89562],[85.22678,27.8957],[85.22643,27.89559],[85.22609,27.8958],[85.22575,27.89573],[85.22514,27.89574],[85.22419,27.8959],[85.22398,27.896],[85.2239,27.8961],[85.22394,27.89618],[85.22429,27.89634],[85.22481,27.89648],[85.22511,27.89648],[85.22557,27.89636],[85.22654,27.89636],[85.22697,27.8962],[85.22719,27.89626],[85.22724,27.89636],[85.22723,27.89641],[85.22694,27.89648]],[[85.22885,27.89633],[85.22895,27.89642],[85.22928,27.89657],[85.22971,27.89666],[85.22997,27.89657],[85.23012,27.89639],[85.22998,27.89611],[85.22985,27.89605],[85.22958,27.89612],[85.22904,27.89614],[85.22886,27.89623],[85.22885,27.89633]],[[85.22733,27.89533],[85.22744,27.89532],[85.22746,27.89528],[85.22732,27.89525],[85.22729,27.89529],[85.22733,27.89533]],[[85.23707,27.89231],[85.23664,27.89242],[85.2365,27.8925],[85.23648,27.89256],[85.23655,27.89262],[85.23686,27.89267],[85.23714,27.89261],[85.23731,27.89251],[85.23733,27.89244],[85.23728,27.89237],[85.23707,27.89231]],[[85.24898,27.89168],[85.24894,27.89174],[85.24901,27.89175],[85.24903,27.8917],[85.24898,27.89168]],[[85.25005,27.89121],[85.24995,27.8913],[85.24995,27.89135],[85.25009,27.89133],[85.2501,27.89125],[85.25005,27.89121]],[[85.25027,27.89065],[85.25013,27.89075],[85.25015,27.89086],[85.25025,27.89087],[85.25035,27.89078],[85.25036,27.89069],[85.25027,27.89065]],[[85.25057,27.89066],[85.25071,27.89077],[85.2508,27.89075],[85.25076,27.89066],[85.25051,27.89053],[85.2505,27.89059],[85.25057,27.89066]],[[85.25101,27.88957],[85.25039,27.88996],[85.25023,27.89011],[85.25023,27.8902],[85.2504,27.89023],[85.25094,27.89003],[85.25109,27.88975],[85.25108,27.88961],[85.25101,27.88957]],[[85.25418,27.88835],[85.25415,27.88845],[85.2542,27.8885],[85.25424,27.88841],[85.25418,27.88835]],[[85.2544,27.88772],[85.25429,27.88779],[85.25411,27.88803],[85.25412,27.88816],[85.25428,27.88815],[85.25447,27.88793],[85.2545,27.88779],[85.2544,27.88772]],[[85.26357,27.8827],[85.26351,27.88272],[85.26351,27.88277],[85.26366,27.88276],[85.26365,27.88272],[85.26357,27.8827]],[[85.22308,27.89952],[85.22315,27.8994],[85.22305,27.89903],[85.22296,27.89887],[85.22286,27.89885],[85.22278,27.89892],[85.22275,27.89903],[85.223,27.89948],[85.22308,27.89952]],[[85.2295,27.90436],[85.22941,27.90423],[85.22929,27.90425],[85.2295,27.90436]],[[85.24201,27.90538],[85.24195,27.90534],[85.24186,27.90536],[85.24201,27.90538]],[[85.24237,27.90541],[85.24235,27.90541],[85.24233,27.90541],[85.24237,27.90541]],[[85.243,27.90552],[85.24296,27.90549],[85.24289,27.90549],[85.243,27.90552]],[[85.27164,27.91446],[85.2714,27.9144],[85.27133,27.91448],[85.27142,27.91465],[85.27156,27.91473],[85.2719,27.91466],[85.27188,27.91456],[85.27164,27.91446]],[[85.27332,27.91447],[85.27328,27.91456],[85.27333,27.91462],[85.27338,27.91453],[85.27332,27.91447]],[[85.27501,27.91502],[85.27515,27.91497],[85.27515,27.91482],[85.27501,27.91477],[85.27486,27.9148],[85.27481,27.91488],[85.27483,27.91497],[85.27501,27.91502]],[[85.29993,27.91651],[85.30001,27.91646],[85.30001,27.91638],[85.29981,27.91612],[85.29967,27.91607],[85.29966,27.9162],[85.29974,27.91639],[85.29983,27.91648],[85.29993,27.91651]],[[85.18321,27.90176],[85.18339,27.90169],[85.18337,27.90157],[85.1832,27.90152],[85.18305,27.9016],[85.18304,27.90172],[85.18321,27.90176]]]]}}]}