{"type":"FeatureCollection","features":[{"type":"Feature","properties":{"name":"M5.5 · 153 km S of Isangel, Vanuatu","magnitude":5.5,"depth_km":22,"depth_class":"Shallow","time":"2025-01-01T04:39:18.208Z","pager_alert":"green","felt_reports":1,"url":"https://earthquake.usgs.gov/earthquakes/eventpage/us6000pgsd","marker-color":"#ef4444","marker-size":"small"},"geometry":{"type":"Point","coordinates":[169.382,-20.927]}},{"type":"Feature","properties":{"name":"M6.1 · South Sandwich Islands region","magnitude":6.1,"depth_km":70,"depth_class":"Intermediate","time":"2025-01-01T13:48:24.752Z","pager_alert":"green","url":"https://earthquake.usgs.gov/earthquakes/eventpage/us6000pgv4","marker-color":"#f59e0b","marker-size":"small"},"geometry":{"type":"Point","coordinates":[-26.706,-56.409]}},{"type":"Feature","properties":{"name":"M5.5 · Balleny Islands region","magnitude":5.5,"depth_km":10,"depth_class":"Shallow","time":"2025-01-02T02:54:17.931Z","pager_alert":"green","url":"https://earthquake.usgs.gov/earthquakes/eventpage/us6000pgzq","marker-color":"#ef4444","marker-size":"small"},"geometry":{"type":"Point","coordinates":[155.705,-62.334]}},{"type":"Feature","properties":{"name":"M6.1 · 84 km NNW of Calama, Chile","magnitude":6.1,"depth_km":99,"depth_class":"Intermediate","time":"2025-01-02T20:43:35.253Z","pager_alert":"green","felt_reports":54,"url":"https://earthquake.usgs.gov/earthquakes/eventpage/us6000phap","marker-color":"#f59e0b","marker-size":"small"},"geometry":{"type":"Point","coordinates":[-69.107,-21.711]}},{"type":"Feature","properties":{"name":"M5.5 · South Sandwich Islands region","magnitude":5.5,"depth_km":86,"depth_class":"Intermediate","time":"2025-01-03T02:33:17.419Z","pager_alert":"green","url":"https://earthquake.usgs.gov/earthquakes/eventpage/us6000phce","marker-color":"#f59e0b","marker-size":"small"},"geometry":{"type":"Point","coordinates":[-25.958,-58.77]}},{"type":"Feature","properties":{"name":"M5.5 · 45 km NNE of Āwash, Ethiopia","magnitude":5.5,"depth_km":10,"depth_class":"Shallow","time":"2025-01-03T17:01:46.324Z","pager_alert":"green","felt_reports":20,"url":"https://earthquake.usgs.gov/earthquakes/eventpage/us6000phnz","marker-color":"#ef4444","marker-size":"small"},"geometry":{"type":"Point","coordinates":[40.346,9.358]}},{"type":"Feature","properties":{"name":"M5.7 · 52 km N of Āwash, Ethiopia","magnitude":5.7,"depth_km":8,"depth_class":"Shallow","time":"2025-01-04T00:52:21.078Z","pager_alert":"green","felt_reports":211,"url":"https://earthquake.usgs.gov/earthquakes/eventpage/us6000phrk","marker-color":"#ef4444","marker-size":"small"},"geometry":{"type":"Point","coordinates":[40.122,9.459]}},{"type":"Feature","properties":{"name":"M6.2 · 56 km SSE of La Libertad, El Salvador","magnitude":6.2,"depth_km":46,"depth_class":"Shallow","time":"2025-01-05T17:18:45.784Z","pager_alert":"green","felt_reports":132,"url":"https://earthquake.usgs.gov/earthquakes/eventpage/us6000pi09","marker-color":"#ef4444","marker-size":"small"},"geometry":{"type":"Point","coordinates":[-89.177,13.001]}},{"type":"Feature","properties":{"name":"M7.1 · 2025 Southern Tibetan Plateau Earthquake","magnitude":7.1,"depth_km":10,"depth_class":"Shallow","time":"2025-01-07T01:05:16.734Z","pager_alert":"red","felt_reports":865,"url":"https://earthquake.usgs.gov/earthquakes/eventpage/us6000pi9w","marker-color":"#ef4444","marker-size":"large"},"geometry":{"type":"Point","coordinates":[87.378,28.604]}},{"type":"Feature","properties":{"name":"M5.6 · Izu Islands, Japan region","magnitude":5.6,"depth_km":358,"depth_class":"Deep","time":"2025-01-07T08:31:30.553Z","pager_alert":"green","felt_reports":8,"url":"https://earthquake.usgs.gov/earthquakes/eventpage/us6000pida","marker-color":"#8b5cf6","marker-size":"small"},"geometry":{"type":"Point","coordinates":[138.429,31.619]}},{"type":"Feature","properties":{"name":"M5.5 · Southern Qinghai, China","magnitude":5.5,"depth_km":10,"depth_class":"Shallow","time":"2025-01-08T07:44:22.866Z","pager_alert":"yellow","felt_reports":4,"url":"https://earthquake.usgs.gov/earthquakes/eventpage/us6000pijd","marker-color":"#ef4444","marker-size":"small"},"geometry":{"type":"Point","coordinates":[97.469,34.801]}},{"type":"Feature","properties":{"name":"M5.8 · 10 km E of Acajutla, El Salvador","magnitude":5.8,"depth_km":95,"depth_class":"Intermediate","time":"2025-01-09T16:31:45.323Z","pager_alert":"green","felt_reports":52,"url":"https://earthquake.usgs.gov/earthquakes/eventpage/us6000pixh","marker-color":"#f59e0b","marker-size":"small"},"geometry":{"type":"Point","coordinates":[-89.734,13.599]}},{"type":"Feature","properties":{"name":"M5.6 · 31 km SSW of Bahía Solano, Colombia","magnitude":5.6,"depth_km":18,"depth_class":"Shallow","time":"2025-01-10T08:14:32.949Z","pager_alert":"green","felt_reports":1,"url":"https://earthquake.usgs.gov/earthquakes/eventpage/us6000pj4s","marker-color":"#ef4444","marker-size":"small"},"geometry":{"type":"Point","coordinates":[-77.468,5.946]}},{"type":"Feature","properties":{"name":"M6.2 · 18 km SE of Aquila, Mexico","magnitude":6.2,"depth_km":39,"depth_class":"Shallow","time":"2025-01-12T08:32:49.944Z","pager_alert":"green","felt_reports":658,"url":"https://earthquake.usgs.gov/earthquakes/eventpage/us6000pjig","marker-color":"#ef4444","marker-size":"small"},"geometry":{"type":"Point","coordinates":[-103.363,18.502]}},{"type":"Feature","properties":{"name":"M6.8 · 15 km SE of Miyazaki, Japan","magnitude":6.8,"depth_km":39,"depth_class":"Shallow","time":"2025-01-13T12:19:32.252Z","pager_alert":"green","tsunami_flag":true,"felt_reports":41,"url":"https://earthquake.usgs.gov/earthquakes/eventpage/us6000pjny","marker-color":"#ef4444","marker-size":"medium"},"geometry":{"type":"Point","coordinates":[131.553,31.833]}},{"type":"Feature","properties":{"name":"M5.6 · central Mid-Atlantic Ridge","magnitude":5.6,"depth_km":10,"depth_class":"Shallow","time":"2025-01-14T19:02:04.457Z","pager_alert":"green","felt_reports":1,"url":"https://earthquake.usgs.gov/earthquakes/eventpage/us6000pjym","marker-color":"#ef4444","marker-size":"small"},"geometry":{"type":"Point","coordinates":[-35.456,7.266]}},{"type":"Feature","properties":{"name":"M5.7 · 26 km SE of Lata, Solomon Islands","magnitude":5.7,"depth_km":42,"depth_class":"Shallow","time":"2025-01-15T21:37:01.080Z","pager_alert":"green","url":"https://earthquake.usgs.gov/earthquakes/eventpage/us6000pk9u","marker-color":"#ef4444","marker-size":"small"},"geometry":{"type":"Point","coordinates":[165.998,-10.858]}},{"type":"Feature","properties":{"name":"M5.5 · 62 km S of Lata, Solomon Islands","magnitude":5.5,"depth_km":36.4,"depth_class":"Shallow","time":"2025-01-20T08:38:42.816Z","pager_alert":"green","url":"https://earthquake.usgs.gov/earthquakes/eventpage/us6000pl6q","marker-color":"#ef4444","marker-size":"small"},"geometry":{"type":"Point","coordinates":[165.861,-11.283]}},{"type":"Feature","properties":{"name":"M6.0 · 10 km NE of Yujing, Taiwan","magnitude":6,"depth_km":16,"depth_class":"Shallow","time":"2025-01-20T16:17:26.812Z","pager_alert":"green","felt_reports":244,"url":"https://earthquake.usgs.gov/earthquakes/eventpage/us6000pl8h","marker-color":"#ef4444","marker-size":"small"},"geometry":{"type":"Point","coordinates":[120.545,23.182]}},{"type":"Feature","properties":{"name":"M5.5 · 33 km WNW of Agat Village, Guam","magnitude":5.5,"depth_km":130,"depth_class":"Intermediate","time":"2025-01-21T05:47:50.406Z","pager_alert":"green","felt_reports":45,"url":"https://earthquake.usgs.gov/earthquakes/eventpage/us6000pldf","marker-color":"#f59e0b","marker-size":"small"},"geometry":{"type":"Point","coordinates":[144.36,13.445]}},{"type":"Feature","properties":{"name":"M5.5 · southern Mid-Atlantic Ridge","magnitude":5.5,"depth_km":10,"depth_class":"Shallow","time":"2025-01-21T06:05:14.046Z","pager_alert":"green","url":"https://earthquake.usgs.gov/earthquakes/eventpage/us6000pldh","marker-color":"#ef4444","marker-size":"small"},"geometry":{"type":"Point","coordinates":[-13.423,-27.52]}},{"type":"Feature","properties":{"name":"M5.5 · 83 km NW of Rabaul, Papua New Guinea","magnitude":5.5,"depth_km":10,"depth_class":"Shallow","time":"2025-01-21T11:15:29.924Z","pager_alert":"green","url":"https://earthquake.usgs.gov/earthquakes/eventpage/us6000plel","marker-color":"#ef4444","marker-size":"small"},"geometry":{"type":"Point","coordinates":[151.551,-3.766]}},{"type":"Feature","properties":{"name":"M5.7 · 3 km NNW of San Francisco, Philippines","magnitude":5.7,"depth_km":9,"depth_class":"Shallow","time":"2025-01-22T23:39:46.093Z","pager_alert":"green","felt_reports":30,"url":"https://earthquake.usgs.gov/earthquakes/eventpage/us6000plql","marker-color":"#ef4444","marker-size":"small"},"geometry":{"type":"Point","coordinates":[125.149,10.09]}},{"type":"Feature","properties":{"name":"M5.6 · 190 km NE of Sola, Vanuatu","magnitude":5.6,"depth_km":598,"depth_class":"Deep","time":"2025-01-23T11:14:02.382Z","pager_alert":"green","url":"https://earthquake.usgs.gov/earthquakes/eventpage/us6000plst","marker-color":"#8b5cf6","marker-size":"small"},"geometry":{"type":"Point","coordinates":[168.895,-12.771]}},{"type":"Feature","properties":{"name":"M5.7 · 150 km S of Kavieng, Papua New Guinea","magnitude":5.7,"depth_km":10,"depth_class":"Shallow","time":"2025-01-24T18:26:51.860Z","pager_alert":"green","url":"https://earthquake.usgs.gov/earthquakes/eventpage/us6000pm5y","marker-color":"#ef4444","marker-size":"small"},"geometry":{"type":"Point","coordinates":[150.758,-3.938]}},{"type":"Feature","properties":{"name":"M5.6 · 86 km SSW of Unalaska, Alaska","magnitude":5.6,"depth_km":59,"depth_class":"Shallow","time":"2025-01-26T22:39:13.301Z","pager_alert":"green","tsunami_flag":true,"felt_reports":44,"url":"https://earthquake.usgs.gov/earthquakes/eventpage/us6000pmgt","marker-color":"#ef4444","marker-size":"small"},"geometry":{"type":"Point","coordinates":[-167.2,53.206]}},{"type":"Feature","properties":{"name":"M5.6 · southeast of Easter Island","magnitude":5.6,"depth_km":10,"depth_class":"Shallow","time":"2025-01-28T00:59:48.054Z","pager_alert":"green","url":"https://earthquake.usgs.gov/earthquakes/eventpage/us6000pmpq","marker-color":"#ef4444","marker-size":"small"},"geometry":{"type":"Point","coordinates":[-90.224,-41.198]}},{"type":"Feature","properties":{"name":"M5.8 · Kermadec Islands region","magnitude":5.8,"depth_km":13,"depth_class":"Shallow","time":"2025-01-28T06:52:38.866Z","pager_alert":"green","url":"https://earthquake.usgs.gov/earthquakes/eventpage/us6000pmqw","marker-color":"#ef4444","marker-size":"small"},"geometry":{"type":"Point","coordinates":[-176.486,-28.01]}},{"type":"Feature","properties":{"name":"M5.7 · central Mid-Atlantic Ridge","magnitude":5.7,"depth_km":10,"depth_class":"Shallow","time":"2025-01-31T09:04:50.646Z","pager_alert":"green","url":"https://earthquake.usgs.gov/earthquakes/eventpage/us7000pa8p","marker-color":"#ef4444","marker-size":"small"},"geometry":{"type":"Point","coordinates":[-25.145,0.43]}},{"type":"Feature","properties":{"name":"M5.7 · 58 km SSE of Blangpidie, Indonesia","magnitude":5.7,"depth_km":53,"depth_class":"Shallow","time":"2025-01-31T11:03:41.859Z","pager_alert":"green","felt_reports":4,"url":"https://earthquake.usgs.gov/earthquakes/eventpage/us7000pa9d","marker-color":"#ef4444","marker-size":"small"},"geometry":{"type":"Point","coordinates":[97.124,3.292]}},{"type":"Feature","properties":{"name":"M5.5 · 32 km W of Archidona, Ecuador","magnitude":5.5,"depth_km":8,"depth_class":"Shallow","time":"2025-01-31T23:02:28.845Z","pager_alert":"green","felt_reports":26,"url":"https://earthquake.usgs.gov/earthquakes/eventpage/us7000pahy","marker-color":"#ef4444","marker-size":"small"},"geometry":{"type":"Point","coordinates":[-78.096,-0.861]}},{"type":"Feature","properties":{"name":"M5.5 · southeast of the Loyalty Islands","magnitude":5.5,"depth_km":10,"depth_class":"Shallow","time":"2025-02-03T13:02:17.933Z","pager_alert":"green","url":"https://earthquake.usgs.gov/earthquakes/eventpage/us7000pb0i","marker-color":"#ef4444","marker-size":"small"},"geometry":{"type":"Point","coordinates":[171.389,-22.825]}},{"type":"Feature","properties":{"name":"M5.9 · 146 km N of Tobelo, Indonesia","magnitude":5.9,"depth_km":103,"depth_class":"Intermediate","time":"2025-02-03T21:35:51.094Z","pager_alert":"green","url":"https://earthquake.usgs.gov/earthquakes/eventpage/us7000pb3j","marker-color":"#f59e0b","marker-size":"small"},"geometry":{"type":"Point","coordinates":[128.225,3.038]}},{"type":"Feature","properties":{"name":"M5.7 · West Chile Rise","magnitude":5.7,"depth_km":10,"depth_class":"Shallow","time":"2025-02-04T01:40:33.905Z","pager_alert":"green","url":"https://earthquake.usgs.gov/earthquakes/eventpage/us7000pb59","marker-color":"#ef4444","marker-size":"small"},"geometry":{"type":"Point","coordinates":[-92.397,-38.893]}},{"type":"Feature","properties":{"name":"M5.5 · 96 km NNW of Ternate, Indonesia","magnitude":5.5,"depth_km":99,"depth_class":"Intermediate","time":"2025-02-05T03:12:30.192Z","pager_alert":"green","felt_reports":2,"url":"https://earthquake.usgs.gov/earthquakes/eventpage/us7000pbdp","marker-color":"#f59e0b","marker-size":"small"},"geometry":{"type":"Point","coordinates":[127.118,1.617]}},{"type":"Feature","properties":{"name":"M5.6 · 44 km SW of Nueva Concepción, Guatemala","magnitude":5.6,"depth_km":58.2,"depth_class":"Shallow","time":"2025-02-05T07:01:18.108Z","pager_alert":"green","felt_reports":163,"url":"https://earthquake.usgs.gov/earthquakes/eventpage/us7000pbfb","marker-color":"#ef4444","marker-size":"small"},"geometry":{"type":"Point","coordinates":[-91.598,13.924]}},{"type":"Feature","properties":{"name":"M5.8 · southwest of Sumatra, Indonesia","magnitude":5.8,"depth_km":21,"depth_class":"Shallow","time":"2025-02-07T04:31:58.218Z","pager_alert":"green","url":"https://earthquake.usgs.gov/earthquakes/eventpage/us7000pc0e","marker-color":"#ef4444","marker-size":"small"},"geometry":{"type":"Point","coordinates":[97.57,-9.707]}},{"type":"Feature","properties":{"name":"M5.9 · south of the Fiji Islands","magnitude":5.9,"depth_km":65,"depth_class":"Shallow","time":"2025-02-07T10:27:01.952Z","pager_alert":"green","url":"https://earthquake.usgs.gov/earthquakes/eventpage/us7000pc2p","marker-color":"#ef4444","marker-size":"small"},"geometry":{"type":"Point","coordinates":[-176.226,-23.935]}},{"type":"Feature","properties":{"name":"M7.6 · 210 km SSW of George Town, Cayman Islands","magnitude":7.6,"depth_km":14.3,"depth_class":"Shallow","time":"2025-02-08T23:23:14.697Z","pager_alert":"green","tsunami_flag":true,"felt_reports":402,"url":"https://earthquake.usgs.gov/earthquakes/eventpage/us7000pcdl","marker-color":"#ef4444","marker-size":"large"},"geometry":{"type":"Point","coordinates":[-82.395,17.651]}},{"type":"Feature","properties":{"name":"M5.9 · 53 km WNW of Port-Vila, Vanuatu","magnitude":5.9,"depth_km":18,"depth_class":"Shallow","time":"2025-02-10T00:09:42.753Z","pager_alert":"green","felt_reports":9,"url":"https://earthquake.usgs.gov/earthquakes/eventpage/us7000pcjx","marker-color":"#ef4444","marker-size":"small"},"geometry":{"type":"Point","coordinates":[167.876,-17.501]}},{"type":"Feature","properties":{"name":"M5.7 · 155 km SSW of Akhiok, Alaska","magnitude":5.7,"depth_km":13.3,"depth_class":"Shallow","time":"2025-02-13T23:59:27.899Z","pager_alert":"green","tsunami_flag":true,"felt_reports":3,"url":"https://earthquake.usgs.gov/earthquakes/eventpage/ak025215oy3m","marker-color":"#ef4444","marker-size":"small"},"geometry":{"type":"Point","coordinates":[-154.918,55.615]}},{"type":"Feature","properties":{"name":"M5.9 · 5 km NNW of Metahāra, Ethiopia","magnitude":5.9,"depth_km":25,"depth_class":"Shallow","time":"2025-02-14T20:28:25.423Z","pager_alert":"green","felt_reports":9,"url":"https://earthquake.usgs.gov/earthquakes/eventpage/us7000pdu6","marker-color":"#ef4444","marker-size":"small"},"geometry":{"type":"Point","coordinates":[39.906,8.945]}},{"type":"Feature","properties":{"name":"M5.7 · 32 km W of Kosh-Agach, Russia","magnitude":5.7,"depth_km":13,"depth_class":"Shallow","time":"2025-02-15T01:48:11.119Z","pager_alert":"green","felt_reports":15,"url":"https://earthquake.usgs.gov/earthquakes/eventpage/us7000pdvt","marker-color":"#ef4444","marker-size":"small"},"geometry":{"type":"Point","coordinates":[88.224,49.999]}},{"type":"Feature","properties":{"name":"M5.5 · 66 km S of San Juan, Peru","magnitude":5.5,"depth_km":10,"depth_class":"Shallow","time":"2025-02-17T04:30:56.551Z","pager_alert":"green","felt_reports":1,"url":"https://earthquake.usgs.gov/earthquakes/eventpage/us7000pe6v","marker-color":"#ef4444","marker-size":"small"},"geometry":{"type":"Point","coordinates":[-75.117,-15.962]}},{"type":"Feature","properties":{"name":"M5.6 · 94 km W of Diego de Almagro, Chile","magnitude":5.6,"depth_km":31,"depth_class":"Shallow","time":"2025-02-18T17:18:48.127Z","pager_alert":"green","felt_reports":2,"url":"https://earthquake.usgs.gov/earthquakes/eventpage/us7000peiq","marker-color":"#ef4444","marker-size":"small"},"geometry":{"type":"Point","coordinates":[-70.982,-26.253]}},{"type":"Feature","properties":{"name":"M5.7 · 148 km WSW of Fakfak, Indonesia","magnitude":5.7,"depth_km":13,"depth_class":"Shallow","time":"2025-02-18T23:39:10.674Z","pager_alert":"green","url":"https://earthquake.usgs.gov/earthquakes/eventpage/us7000pemi","marker-color":"#ef4444","marker-size":"small"},"geometry":{"type":"Point","coordinates":[131.039,-3.366]}},{"type":"Feature","properties":{"name":"M5.5 · 285 km NE of Samarai, Papua New Guinea","magnitude":5.5,"depth_km":10,"depth_class":"Shallow","time":"2025-02-19T02:49:44.019Z","pager_alert":"green","url":"https://earthquake.usgs.gov/earthquakes/eventpage/us7000penh","marker-color":"#ef4444","marker-size":"small"},"geometry":{"type":"Point","coordinates":[152.773,-9.097]}},{"type":"Feature","properties":{"name":"M5.5 · 71 km NNW of Hihifo, Tonga","magnitude":5.5,"depth_km":111,"depth_class":"Intermediate","time":"2025-02-20T10:31:20.780Z","pager_alert":"green","felt_reports":5,"url":"https://earthquake.usgs.gov/earthquakes/eventpage/us7000pexc","marker-color":"#f59e0b","marker-size":"small"},"geometry":{"type":"Point","coordinates":[-173.947,-15.329]}},{"type":"Feature","properties":{"name":"M5.6 · 126 km WNW of Gizo, Solomon Islands","magnitude":5.6,"depth_km":35,"depth_class":"Shallow","time":"2025-02-23T01:31:52.085Z","pager_alert":"green","url":"https://earthquake.usgs.gov/earthquakes/eventpage/us7000pfjc","marker-color":"#ef4444","marker-size":"small"},"geometry":{"type":"Point","coordinates":[155.872,-7.486]}},{"type":"Feature","properties":{"name":"M6.0 · 85 km SE of Lata, Solomon Islands","magnitude":6,"depth_km":36,"depth_class":"Shallow","time":"2025-02-23T18:16:18.073Z","pager_alert":"green","felt_reports":1,"url":"https://earthquake.usgs.gov/earthquakes/eventpage/us7000pfmk","marker-color":"#ef4444","marker-size":"small"},"geometry":{"type":"Point","coordinates":[166.29,-11.319]}},{"type":"Feature","properties":{"name":"M5.9 · 102 km NNE of Punta Cana, Dominican Republic","magnitude":5.9,"depth_km":46,"depth_class":"Shallow","time":"2025-02-25T05:48:55.100Z","pager_alert":"green","felt_reports":393,"url":"https://earthquake.usgs.gov/earthquakes/eventpage/pr2025056002","marker-color":"#ef4444","marker-size":"small"},"geometry":{"type":"Point","coordinates":[-68.085,19.457]}},{"type":"Feature","properties":{"name":"M6.1 · 45 km E of Modisi, Indonesia","magnitude":6.1,"depth_km":21.7,"depth_class":"Shallow","time":"2025-02-25T22:55:45.917Z","pager_alert":"green","felt_reports":1,"url":"https://earthquake.usgs.gov/earthquakes/eventpage/us6000pvgx","marker-color":"#ef4444","marker-size":"small"},"geometry":{"type":"Point","coordinates":[124.841,0.399]}},{"type":"Feature","properties":{"name":"M5.8 · 38 km ESE of Shingū, Japan","magnitude":5.8,"depth_km":388,"depth_class":"Deep","time":"2025-02-26T05:53:24.392Z","pager_alert":"green","felt_reports":5,"url":"https://earthquake.usgs.gov/earthquakes/eventpage/us6000pvj5","marker-color":"#8b5cf6","marker-size":"small"},"geometry":{"type":"Point","coordinates":[136.365,33.604]}},{"type":"Feature","properties":{"name":"M5.8 · 153 km ESE of Ust’-Kamchatsk Staryy, Russia","magnitude":5.8,"depth_km":8.1,"depth_class":"Shallow","time":"2025-02-26T16:15:29.941Z","pager_alert":"green","url":"https://earthquake.usgs.gov/earthquakes/eventpage/us6000pvm4","marker-color":"#ef4444","marker-size":"small"},"geometry":{"type":"Point","coordinates":[164.54,55.482]}},{"type":"Feature","properties":{"name":"M5.6 · 236 km W of Tual, Indonesia","magnitude":5.6,"depth_km":126,"depth_class":"Intermediate","time":"2025-02-28T21:58:38.554Z","pager_alert":"green","felt_reports":2,"url":"https://earthquake.usgs.gov/earthquakes/eventpage/us6000pw69","marker-color":"#f59e0b","marker-size":"small"},"geometry":{"type":"Point","coordinates":[130.652,-6.023]}},{"type":"Feature","properties":{"name":"M5.5 · 60 km SSE of Santa Gertrudis Miramar, Mexico","magnitude":5.5,"depth_km":28.7,"depth_class":"Shallow","time":"2025-03-05T09:43:12.169Z","pager_alert":"green","felt_reports":5,"url":"https://earthquake.usgs.gov/earthquakes/eventpage/us6000px0a","marker-color":"#ef4444","marker-size":"small"},"geometry":{"type":"Point","coordinates":[-95.094,15.6]}},{"type":"Feature","properties":{"name":"M6.0 · 98 km S of Calama, Chile","magnitude":6,"depth_km":96,"depth_class":"Intermediate","time":"2025-03-06T16:21:39.333Z","pager_alert":"green","felt_reports":36,"url":"https://earthquake.usgs.gov/earthquakes/eventpage/us6000px89","marker-color":"#f59e0b","marker-size":"small"},"geometry":{"type":"Point","coordinates":[-69.064,-23.34]}},{"type":"Feature","properties":{"name":"M5.7 · 63 km ENE of Tatsugō, Japan","magnitude":5.7,"depth_km":24,"depth_class":"Shallow","time":"2025-03-08T18:54:04.724Z","pager_alert":"green","url":"https://earthquake.usgs.gov/earthquakes/eventpage/us6000pxnp","marker-color":"#ef4444","marker-size":"small"},"geometry":{"type":"Point","coordinates":[130.192,28.687]}},{"type":"Feature","properties":{"name":"M5.7 · 74 km ENE of Tatsugō, Japan","magnitude":5.7,"depth_km":26,"depth_class":"Shallow","time":"2025-03-08T23:42:55.012Z","pager_alert":"green","felt_reports":1,"url":"https://earthquake.usgs.gov/earthquakes/eventpage/us6000pxpv","marker-color":"#ef4444","marker-size":"small"},"geometry":{"type":"Point","coordinates":[130.292,28.73]}},{"type":"Feature","properties":{"name":"M6.5 · 34 km NE of Olonkinbyen, Svalbard and Jan Mayen","magnitude":6.5,"depth_km":10,"depth_class":"Shallow","time":"2025-03-10T02:33:14.609Z","pager_alert":"green","tsunami_flag":true,"felt_reports":7,"url":"https://earthquake.usgs.gov/earthquakes/eventpage/us6000pxvx","marker-color":"#ef4444","marker-size":"medium"},"geometry":{"type":"Point","coordinates":[-8.173,71.176]}},{"type":"Feature","properties":{"name":"M5.6 · 126 km WNW of Iñapari, Peru","magnitude":5.6,"depth_km":648.3,"depth_class":"Deep","time":"2025-03-11T14:08:08.434Z","pager_alert":"green","url":"https://earthquake.usgs.gov/earthquakes/eventpage/us6000py4l","marker-color":"#8b5cf6","marker-size":"small"},"geometry":{"type":"Point","coordinates":[-70.635,-10.479]}},{"type":"Feature","properties":{"name":"M6.0 · Nicobar Islands, India region","magnitude":6,"depth_km":23,"depth_class":"Shallow","time":"2025-03-12T05:42:11.676Z","pager_alert":"green","url":"https://earthquake.usgs.gov/earthquakes/eventpage/us6000py97","marker-color":"#ef4444","marker-size":"small"},"geometry":{"type":"Point","coordinates":[92.555,6.97]}},{"type":"Feature","properties":{"name":"M5.5 · 105 km E of Barcelona, Philippines","magnitude":5.5,"depth_km":9,"depth_class":"Shallow","time":"2025-03-12T15:09:44.490Z","pager_alert":"green","felt_reports":1,"url":"https://earthquake.usgs.gov/earthquakes/eventpage/us6000pybu","marker-color":"#ef4444","marker-size":"small"},"geometry":{"type":"Point","coordinates":[127.381,8.311]}},{"type":"Feature","properties":{"name":"M5.9 · South Sandwich Islands region","magnitude":5.9,"depth_km":13,"depth_class":"Shallow","time":"2025-03-14T23:42:32.269Z","pager_alert":"green","url":"https://earthquake.usgs.gov/earthquakes/eventpage/us6000pyxv","marker-color":"#ef4444","marker-size":"small"},"geometry":{"type":"Point","coordinates":[-27.07,-55.818]}},{"type":"Feature","properties":{"name":"M5.6 · 5 km W of San Pedro Tidaá, Mexico","magnitude":5.6,"depth_km":62,"depth_class":"Shallow","time":"2025-03-15T03:19:27.274Z","pager_alert":"green","felt_reports":51,"url":"https://earthquake.usgs.gov/earthquakes/eventpage/us6000pyyq","marker-color":"#ef4444","marker-size":"small"},"geometry":{"type":"Point","coordinates":[-97.425,17.336]}},{"type":"Feature","properties":{"name":"M5.5 · Revilla Gigedo Islands region","magnitude":5.5,"depth_km":10,"depth_class":"Shallow","time":"2025-03-17T09:50:24.150Z","pager_alert":"green","felt_reports":1,"url":"https://earthquake.usgs.gov/earthquakes/eventpage/us6000pzam","marker-color":"#ef4444","marker-size":"small"},"geometry":{"type":"Point","coordinates":[-109.083,19.444]}},{"type":"Feature","properties":{"name":"M5.8 · 142 km ENE of Masohi, Indonesia","magnitude":5.8,"depth_km":18,"depth_class":"Shallow","time":"2025-03-17T17:32:18.505Z","pager_alert":"green","url":"https://earthquake.usgs.gov/earthquakes/eventpage/us6000pzdn","marker-color":"#ef4444","marker-size":"small"},"geometry":{"type":"Point","coordinates":[130.162,-2.831]}},{"type":"Feature","properties":{"name":"M5.6 · South Sandwich Islands region","magnitude":5.6,"depth_km":36.8,"depth_class":"Shallow","time":"2025-03-18T22:52:34.157Z","pager_alert":"green","url":"https://earthquake.usgs.gov/earthquakes/eventpage/us6000pznk","marker-color":"#ef4444","marker-size":"small"},"geometry":{"type":"Point","coordinates":[-28.905,-55.378]}},{"type":"Feature","properties":{"name":"M5.6 · 93 km SSE of Adak, Alaska","magnitude":5.6,"depth_km":17,"depth_class":"Shallow","time":"2025-03-20T04:28:51.980Z","pager_alert":"green","tsunami_flag":true,"felt_reports":4,"url":"https://earthquake.usgs.gov/earthquakes/eventpage/us6000pzwb","marker-color":"#ef4444","marker-size":"small"},"geometry":{"type":"Point","coordinates":[-176.064,51.109]}},{"type":"Feature","properties":{"name":"M5.7 · South Sandwich Islands region","magnitude":5.7,"depth_km":24.1,"depth_class":"Shallow","time":"2025-03-20T06:30:19.231Z","pager_alert":"green","url":"https://earthquake.usgs.gov/earthquakes/eventpage/us6000pzxi","marker-color":"#ef4444","marker-size":"small"},"geometry":{"type":"Point","coordinates":[-27.255,-60.429]}},{"type":"Feature","properties":{"name":"M6.2 · 124 km SSE of Burica, Panama","magnitude":6.2,"depth_km":10,"depth_class":"Shallow","time":"2025-03-21T14:50:51.364Z","pager_alert":"green","tsunami_flag":true,"felt_reports":82,"url":"https://earthquake.usgs.gov/earthquakes/eventpage/us7000pllt","marker-color":"#ef4444","marker-size":"small"},"geometry":{"type":"Point","coordinates":[-82.467,6.986]}},{"type":"Feature","properties":{"name":"M6.2 · 88 km SSE of Adak, Alaska","magnitude":6.2,"depth_km":17,"depth_class":"Shallow","time":"2025-03-21T14:53:41.774Z","pager_alert":"green","tsunami_flag":true,"felt_reports":7,"url":"https://earthquake.usgs.gov/earthquakes/eventpage/us7000pllu","marker-color":"#ef4444","marker-size":"small"},"geometry":{"type":"Point","coordinates":[-176.07,51.156]}},{"type":"Feature","properties":{"name":"M5.9 · 87 km SSE of Adak, Alaska","magnitude":5.9,"depth_km":26.7,"depth_class":"Shallow","time":"2025-03-21T14:58:28.059Z","pager_alert":"green","url":"https://earthquake.usgs.gov/earthquakes/eventpage/us7000pllx","marker-color":"#ef4444","marker-size":"small"},"geometry":{"type":"Point","coordinates":[-176.11,51.156]}},{"type":"Feature","properties":{"name":"M5.5 · south of the Fiji Islands","magnitude":5.5,"depth_km":347.3,"depth_class":"Deep","time":"2025-03-22T01:15:13.647Z","pager_alert":"green","url":"https://earthquake.usgs.gov/earthquakes/eventpage/us7000plrn","marker-color":"#8b5cf6","marker-size":"small"},"geometry":{"type":"Point","coordinates":[-178.764,-26.022]}},{"type":"Feature","properties":{"name":"M5.6 · 88 km SSE of Adak, Alaska","magnitude":5.6,"depth_km":20,"depth_class":"Shallow","time":"2025-03-22T09:49:21.891Z","pager_alert":"green","tsunami_flag":true,"url":"https://earthquake.usgs.gov/earthquakes/eventpage/us7000plu1","marker-color":"#ef4444","marker-size":"small"},"geometry":{"type":"Point","coordinates":[-176.107,51.155]}},{"type":"Feature","properties":{"name":"M6.7 · 170 km WSW of Riverton, New Zealand","magnitude":6.7,"depth_km":21,"depth_class":"Shallow","time":"2025-03-25T01:43:11.796Z","pager_alert":"green","tsunami_flag":true,"felt_reports":71,"url":"https://earthquake.usgs.gov/earthquakes/eventpage/us7000pmem","marker-color":"#ef4444","marker-size":"medium"},"geometry":{"type":"Point","coordinates":[165.863,-46.73]}},{"type":"Feature","properties":{"name":"M5.7 · South Sandwich Islands region","magnitude":5.7,"depth_km":123.6,"depth_class":"Intermediate","time":"2025-03-27T00:41:25.987Z","pager_alert":"green","felt_reports":1,"url":"https://earthquake.usgs.gov/earthquakes/eventpage/us7000pmxp","marker-color":"#f59e0b","marker-size":"small"},"geometry":{"type":"Point","coordinates":[-27.426,-56.193]}},{"type":"Feature","properties":{"name":"M6.1 · central Mid-Atlantic Ridge","magnitude":6.1,"depth_km":10,"depth_class":"Shallow","time":"2025-03-28T00:34:21.875Z","pager_alert":"green","url":"https://earthquake.usgs.gov/earthquakes/eventpage/us7000pn7g","marker-color":"#ef4444","marker-size":"small"},"geometry":{"type":"Point","coordinates":[-29.665,0.706]}},{"type":"Feature","properties":{"name":"M5.7 · 61 km NW of Isangel, Vanuatu","magnitude":5.7,"depth_km":37,"depth_class":"Shallow","time":"2025-03-28T01:20:04.771Z","pager_alert":"green","felt_reports":2,"url":"https://earthquake.usgs.gov/earthquakes/eventpage/us7000pn8m","marker-color":"#ef4444","marker-size":"small"},"geometry":{"type":"Point","coordinates":[168.818,-19.209]}},{"type":"Feature","properties":{"name":"M7.7 · 2025 Mandalay, Burma (Myanmar) Earthquake","magnitude":7.7,"depth_km":10,"depth_class":"Shallow","time":"2025-03-28T06:20:52.715Z","pager_alert":"red","felt_reports":2545,"url":"https://earthquake.usgs.gov/earthquakes/eventpage/us7000pn9s","marker-color":"#ef4444","marker-size":"large"},"geometry":{"type":"Point","coordinates":[95.936,22.011]}},{"type":"Feature","properties":{"name":"M6.7 · Burma (Myanmar)","magnitude":6.7,"depth_km":10,"depth_class":"Shallow","time":"2025-03-28T06:32:04.777Z","pager_alert":"red","felt_reports":115,"url":"https://earthquake.usgs.gov/earthquakes/eventpage/us7000pn9z","marker-color":"#ef4444","marker-size":"medium"},"geometry":{"type":"Point","coordinates":[95.969,21.698]}},{"type":"Feature","properties":{"name":"M6.6 · central Mid-Atlantic Ridge","magnitude":6.6,"depth_km":12.3,"depth_class":"Shallow","time":"2025-03-28T17:17:27.868Z","pager_alert":"green","felt_reports":8,"url":"https://earthquake.usgs.gov/earthquakes/eventpage/us7000pnf2","marker-color":"#ef4444","marker-size":"medium"},"geometry":{"type":"Point","coordinates":[-29.763,0.756]}},{"type":"Feature","properties":{"name":"M7.0 · 61 km SSE of Pangai, Tonga","magnitude":7,"depth_km":29,"depth_class":"Shallow","time":"2025-03-30T12:18:50.362Z","pager_alert":"green","tsunami_flag":true,"felt_reports":27,"url":"https://earthquake.usgs.gov/earthquakes/eventpage/us7000pntq","marker-color":"#ef4444","marker-size":"large"},"geometry":{"type":"Point","coordinates":[-174.072,-20.304]}},{"type":"Feature","properties":{"name":"M6.2 · 72 km SSE of Pangai, Tonga","magnitude":6.2,"depth_km":17,"depth_class":"Shallow","time":"2025-03-30T15:04:54.834Z","pager_alert":"green","url":"https://earthquake.usgs.gov/earthquakes/eventpage/us7000pnvp","marker-color":"#ef4444","marker-size":"small"},"geometry":{"type":"Point","coordinates":[-174.011,-20.382]}},{"type":"Feature","properties":{"name":"M5.9 · 53 km SSE of Pangai, Tonga","magnitude":5.9,"depth_km":27.1,"depth_class":"Shallow","time":"2025-03-30T15:33:49.612Z","pager_alert":"green","url":"https://earthquake.usgs.gov/earthquakes/eventpage/us7000pnvv","marker-color":"#ef4444","marker-size":"small"},"geometry":{"type":"Point","coordinates":[-174.081,-20.225]}},{"type":"Feature","properties":{"name":"M5.6 · 67 km SSW of Tambolaka, Indonesia","magnitude":5.6,"depth_km":11.9,"depth_class":"Shallow","time":"2025-03-31T15:54:17.424Z","pager_alert":"green","felt_reports":3,"url":"https://earthquake.usgs.gov/earthquakes/eventpage/us7000pp13","marker-color":"#ef4444","marker-size":"small"},"geometry":{"type":"Point","coordinates":[119.049,-10.007]}},{"type":"Feature","properties":{"name":"M5.7 · 207 km NE of Lospalos, Timor Leste","magnitude":5.7,"depth_km":143.6,"depth_class":"Intermediate","time":"2025-04-01T10:15:56.075Z","pager_alert":"green","felt_reports":9,"url":"https://earthquake.usgs.gov/earthquakes/eventpage/us7000pp7n","marker-color":"#f59e0b","marker-size":"small"},"geometry":{"type":"Point","coordinates":[128.529,-7.436]}},{"type":"Feature","properties":{"name":"M6.3 · Pacific-Antarctic Ridge","magnitude":6.3,"depth_km":10,"depth_class":"Shallow","time":"2025-04-02T00:29:22.306Z","pager_alert":"green","felt_reports":1,"url":"https://earthquake.usgs.gov/earthquakes/eventpage/us7000ppd9","marker-color":"#ef4444","marker-size":"medium"},"geometry":{"type":"Point","coordinates":[-142.286,-57.008]}},{"type":"Feature","properties":{"name":"M6.1 · 56 km ENE of Nishinoomote, Japan","magnitude":6.1,"depth_km":29,"depth_class":"Shallow","time":"2025-04-02T14:03:57.825Z","pager_alert":"green","felt_reports":13,"url":"https://earthquake.usgs.gov/earthquakes/eventpage/us7000ppfy","marker-color":"#ef4444","marker-size":"small"},"geometry":{"type":"Point","coordinates":[131.522,30.979]}},{"type":"Feature","properties":{"name":"M5.5 · 46 km NNW of Attu Station, Alaska","magnitude":5.5,"depth_km":14,"depth_class":"Shallow","time":"2025-04-02T16:26:35.709Z","pager_alert":"green","tsunami_flag":true,"url":"https://earthquake.usgs.gov/earthquakes/eventpage/us7000ppga","marker-color":"#ef4444","marker-size":"small"},"geometry":{"type":"Point","coordinates":[172.961,53.241]}},{"type":"Feature","properties":{"name":"M5.8 · 149 km WNW of Tobelo, Indonesia","magnitude":5.8,"depth_km":44,"depth_class":"Shallow","time":"2025-04-02T21:03:40.049Z","pager_alert":"green","felt_reports":1,"url":"https://earthquake.usgs.gov/earthquakes/eventpage/us6000q3iu","marker-color":"#ef4444","marker-size":"small"},"geometry":{"type":"Point","coordinates":[126.726,2.132]}},{"type":"Feature","properties":{"name":"M5.5 · Balleny Islands region","magnitude":5.5,"depth_km":10,"depth_class":"Shallow","time":"2025-04-03T04:18:17.878Z","pager_alert":"green","url":"https://earthquake.usgs.gov/earthquakes/eventpage/us6000q3l2","marker-color":"#ef4444","marker-size":"small"},"geometry":{"type":"Point","coordinates":[179.337,-65.172]}},{"type":"Feature","properties":{"name":"M6.9 · Reykjanes Ridge","magnitude":6.9,"depth_km":10,"depth_class":"Shallow","time":"2025-04-03T14:09:29.739Z","pager_alert":"green","tsunami_flag":true,"url":"https://earthquake.usgs.gov/earthquakes/eventpage/us6000q3nw","marker-color":"#ef4444","marker-size":"medium"},"geometry":{"type":"Point","coordinates":[-32.107,52.454]}},{"type":"Feature","properties":{"name":"M5.6 · 81 km WNW of Hihifo, Tonga","magnitude":5.6,"depth_km":201,"depth_class":"Intermediate","time":"2025-04-04T08:01:06.751Z","pager_alert":"green","url":"https://earthquake.usgs.gov/earthquakes/eventpage/us6000q3w4","marker-color":"#f59e0b","marker-size":"small"},"geometry":{"type":"Point","coordinates":[-174.474,-15.627]}},{"type":"Feature","properties":{"name":"M6.9 · 184 km ESE of Kimbe, Papua New Guinea","magnitude":6.9,"depth_km":9,"depth_class":"Shallow","time":"2025-04-04T20:04:38.129Z","pager_alert":"green","tsunami_flag":true,"felt_reports":13,"url":"https://earthquake.usgs.gov/earthquakes/eventpage/us6000q41n","marker-color":"#ef4444","marker-size":"medium"},"geometry":{"type":"Point","coordinates":[151.626,-6.302]}},{"type":"Feature","properties":{"name":"M5.5 · Reykjanes Ridge","magnitude":5.5,"depth_km":10,"depth_class":"Shallow","time":"2025-04-05T07:57:09.413Z","pager_alert":"green","url":"https://earthquake.usgs.gov/earthquakes/eventpage/us6000q47k","marker-color":"#ef4444","marker-size":"small"},"geometry":{"type":"Point","coordinates":[-32.088,52.488]}},{"type":"Feature","properties":{"name":"M5.5 · South Sandwich Islands region","magnitude":5.5,"depth_km":28,"depth_class":"Shallow","time":"2025-04-05T11:29:12.069Z","pager_alert":"green","url":"https://earthquake.usgs.gov/earthquakes/eventpage/us6000q48d","marker-color":"#ef4444","marker-size":"small"},"geometry":{"type":"Point","coordinates":[-25.624,-57.267]}},{"type":"Feature","properties":{"name":"M5.6 · South Sandwich Islands region","magnitude":5.6,"depth_km":24.6,"depth_class":"Shallow","time":"2025-04-05T11:32:09.400Z","pager_alert":"green","url":"https://earthquake.usgs.gov/earthquakes/eventpage/us6000q48h","marker-color":"#ef4444","marker-size":"small"},"geometry":{"type":"Point","coordinates":[-25.508,-57.244]}},{"type":"Feature","properties":{"name":"M5.8 · 64 km SE of Sinabang, Indonesia","magnitude":5.8,"depth_km":18,"depth_class":"Shallow","time":"2025-04-07T19:49:20.552Z","pager_alert":"green","felt_reports":1,"url":"https://earthquake.usgs.gov/earthquakes/eventpage/us6000q4lv","marker-color":"#ef4444","marker-size":"small"},"geometry":{"type":"Point","coordinates":[96.762,2.039]}},{"type":"Feature","properties":{"name":"M6.1 · 104 km ESE of Kokopo, Papua New Guinea","magnitude":6.1,"depth_km":52,"depth_class":"Shallow","time":"2025-04-12T03:47:08.682Z","pager_alert":"green","felt_reports":4,"url":"https://earthquake.usgs.gov/earthquakes/eventpage/us6000q5ka","marker-color":"#ef4444","marker-size":"small"},"geometry":{"type":"Point","coordinates":[153.142,-4.707]}},{"type":"Feature","properties":{"name":"M5.8 · 42 km ESE of Rasht, Tajikistan","magnitude":5.8,"depth_km":8,"depth_class":"Shallow","time":"2025-04-13T04:24:00.966Z","pager_alert":"yellow","felt_reports":31,"url":"https://earthquake.usgs.gov/earthquakes/eventpage/us6000q5q8","marker-color":"#ef4444","marker-size":"small"},"geometry":{"type":"Point","coordinates":[70.833,38.899]}},{"type":"Feature","properties":{"name":"M5.9 · northwest of the Kuril Islands","magnitude":5.9,"depth_km":369,"depth_class":"Deep","time":"2025-04-13T09:13:32.789Z","pager_alert":"green","url":"https://earthquake.usgs.gov/earthquakes/eventpage/us6000q5re","marker-color":"#8b5cf6","marker-size":"small"},"geometry":{"type":"Point","coordinates":[149.793,48.733]}},{"type":"Feature","properties":{"name":"M6.5 · south of the Fiji Islands","magnitude":6.5,"depth_km":271,"depth_class":"Intermediate","time":"2025-04-13T20:03:22.841Z","pager_alert":"green","tsunami_flag":true,"felt_reports":5,"url":"https://earthquake.usgs.gov/earthquakes/eventpage/us6000q5tp","marker-color":"#f59e0b","marker-size":"medium"},"geometry":{"type":"Point","coordinates":[-178.331,-25.981]}},{"type":"Feature","properties":{"name":"M5.6 · 37 km SSW of Maguling, Philippines","magnitude":5.6,"depth_km":10,"depth_class":"Shallow","time":"2025-04-15T21:42:42.326Z","pager_alert":"green","felt_reports":12,"url":"https://earthquake.usgs.gov/earthquakes/eventpage/us6000q6br","marker-color":"#ef4444","marker-size":"small"},"geometry":{"type":"Point","coordinates":[124.236,5.804]}},{"type":"Feature","properties":{"name":"M5.6 · 66 km NNW of Pārūn, Afghanistan","magnitude":5.6,"depth_km":99,"depth_class":"Intermediate","time":"2025-04-15T23:13:59.048Z","pager_alert":"green","felt_reports":115,"url":"https://earthquake.usgs.gov/earthquakes/eventpage/us6000q6c3","marker-color":"#f59e0b","marker-size":"small"},"geometry":{"type":"Point","coordinates":[70.579,35.949]}},{"type":"Feature","properties":{"name":"M6.6 · southeast Indian Ridge","magnitude":6.6,"depth_km":10,"depth_class":"Shallow","time":"2025-04-16T01:42:59.524Z","pager_alert":"green","felt_reports":2,"url":"https://earthquake.usgs.gov/earthquakes/eventpage/us6000q6cs","marker-color":"#ef4444","marker-size":"medium"},"geometry":{"type":"Point","coordinates":[99.613,-47.809]}},{"type":"Feature","properties":{"name":"M5.6 · southern Mid-Atlantic Ridge","magnitude":5.6,"depth_km":10,"depth_class":"Shallow","time":"2025-04-16T12:41:01.865Z","pager_alert":"green","url":"https://earthquake.usgs.gov/earthquakes/eventpage/us6000q6fi","marker-color":"#ef4444","marker-size":"small"},"geometry":{"type":"Point","coordinates":[-14.272,-32.483]}},{"type":"Feature","properties":{"name":"M5.5 · 48 km ESE of Modisi, Indonesia","magnitude":5.5,"depth_km":21.7,"depth_class":"Shallow","time":"2025-04-17T00:51:24.547Z","pager_alert":"green","url":"https://earthquake.usgs.gov/earthquakes/eventpage/us6000q6n2","marker-color":"#ef4444","marker-size":"small"},"geometry":{"type":"Point","coordinates":[124.857,0.35]}},{"type":"Feature","properties":{"name":"M5.6 · 66 km SSE of San Pedro de Atacama, Chile","magnitude":5.6,"depth_km":137,"depth_class":"Intermediate","time":"2025-04-18T00:10:18.965Z","pager_alert":"green","felt_reports":5,"url":"https://earthquake.usgs.gov/earthquakes/eventpage/us6000q6xh","marker-color":"#f59e0b","marker-size":"small"},"geometry":{"type":"Point","coordinates":[-68,-23.483]}},{"type":"Feature","properties":{"name":"M5.7 · 58 km SSW of Ashkāsham, Afghanistan","magnitude":5.7,"depth_km":98,"depth_class":"Intermediate","time":"2025-04-19T06:47:55.932Z","pager_alert":"green","felt_reports":20,"url":"https://earthquake.usgs.gov/earthquakes/eventpage/us6000q76g","marker-color":"#f59e0b","marker-size":"small"},"geometry":{"type":"Point","coordinates":[71.225,36.222]}},{"type":"Feature","properties":{"name":"M5.6 · central Mid-Atlantic Ridge","magnitude":5.6,"depth_km":10,"depth_class":"Shallow","time":"2025-04-19T13:50:22.145Z","pager_alert":"green","url":"https://earthquake.usgs.gov/earthquakes/eventpage/us6000q787","marker-color":"#ef4444","marker-size":"small"},"geometry":{"type":"Point","coordinates":[-34.358,7.222]}},{"type":"Feature","properties":{"name":"M5.9 · 39 km SW of Malisbeng, Philippines","magnitude":5.9,"depth_km":12,"depth_class":"Shallow","time":"2025-04-19T16:11:14.518Z","pager_alert":"green","felt_reports":34,"url":"https://earthquake.usgs.gov/earthquakes/eventpage/us6000q78l","marker-color":"#ef4444","marker-size":"small"},"geometry":{"type":"Point","coordinates":[124.146,5.833]}},{"type":"Feature","properties":{"name":"M5.5 · 96 km NNE of Hihifo, Tonga","magnitude":5.5,"depth_km":36.9,"depth_class":"Shallow","time":"2025-04-19T16:55:05.702Z","pager_alert":"green","felt_reports":4,"url":"https://earthquake.usgs.gov/earthquakes/eventpage/us6000q78n","marker-color":"#ef4444","marker-size":"small"},"geometry":{"type":"Point","coordinates":[-173.508,-15.132]}},{"type":"Feature","properties":{"name":"M6.2 · 271 km SE of Pondaguitan, Philippines","magnitude":6.2,"depth_km":104,"depth_class":"Intermediate","time":"2025-04-22T10:17:11.888Z","pager_alert":"green","felt_reports":8,"url":"https://earthquake.usgs.gov/earthquakes/eventpage/us7000pu62","marker-color":"#f59e0b","marker-size":"small"},"geometry":{"type":"Point","coordinates":[127.831,4.554]}},{"type":"Feature","properties":{"name":"M5.7 · 135 km N of Lae, Papua New Guinea","magnitude":5.7,"depth_km":199,"depth_class":"Intermediate","time":"2025-04-22T13:29:08.956Z","pager_alert":"green","felt_reports":5,"url":"https://earthquake.usgs.gov/earthquakes/eventpage/us7000pu7q","marker-color":"#f59e0b","marker-size":"small"},"geometry":{"type":"Point","coordinates":[146.991,-5.498]}},{"type":"Feature","properties":{"name":"M5.7 · 92 km NNW of Sola, Vanuatu","magnitude":5.7,"depth_km":197,"depth_class":"Intermediate","time":"2025-04-22T16:55:32.564Z","pager_alert":"green","url":"https://earthquake.usgs.gov/earthquakes/eventpage/us7000pua3","marker-color":"#f59e0b","marker-size":"small"},"geometry":{"type":"Point","coordinates":[167.176,-13.124]}},{"type":"Feature","properties":{"name":"M6.2 · 24 km SE of Marmara Ereğlisi, Turkey","magnitude":6.2,"depth_km":12.7,"depth_class":"Shallow","time":"2025-04-23T09:49:11.631Z","pager_alert":"orange","felt_reports":937,"url":"https://earthquake.usgs.gov/earthquakes/eventpage/us7000pufs","marker-color":"#ef4444","marker-size":"small"},"geometry":{"type":"Point","coordinates":[28.19,40.834]}},{"type":"Feature","properties":{"name":"M5.7 · southeast Indian Ridge","magnitude":5.7,"depth_km":10,"depth_class":"Shallow","time":"2025-04-24T22:22:57.397Z","pager_alert":"green","url":"https://earthquake.usgs.gov/earthquakes/eventpage/us7000pux2","marker-color":"#ef4444","marker-size":"small"},"geometry":{"type":"Point","coordinates":[95.976,-46.355]}},{"type":"Feature","properties":{"name":"M6.3 · 19 km NE of Esmeraldas, Ecuador","magnitude":6.3,"depth_km":18,"depth_class":"Shallow","time":"2025-04-25T11:44:52.634Z","pager_alert":"yellow","felt_reports":61,"url":"https://earthquake.usgs.gov/earthquakes/eventpage/us7000pv06","marker-color":"#ef4444","marker-size":"medium"},"geometry":{"type":"Point","coordinates":[-79.532,1.084]}},{"type":"Feature","properties":{"name":"M5.9 · west of Macquarie Island","magnitude":5.9,"depth_km":10,"depth_class":"Shallow","time":"2025-04-27T09:22:42.704Z","pager_alert":"green","url":"https://earthquake.usgs.gov/earthquakes/eventpage/us7000pvd8","marker-color":"#ef4444","marker-size":"small"},"geometry":{"type":"Point","coordinates":[147.079,-56.156]}},{"type":"Feature","properties":{"name":"M5.5 · 66 km N of Claveria, Philippines","magnitude":5.5,"depth_km":20,"depth_class":"Shallow","time":"2025-04-27T16:54:25.986Z","pager_alert":"green","url":"https://earthquake.usgs.gov/earthquakes/eventpage/us7000pvfb","marker-color":"#ef4444","marker-size":"small"},"geometry":{"type":"Point","coordinates":[121.09,19.209]}},{"type":"Feature","properties":{"name":"M5.6 · 65 km N of Namuac, Philippines","magnitude":5.6,"depth_km":18,"depth_class":"Shallow","time":"2025-04-27T17:18:27.488Z","pager_alert":"green","felt_reports":4,"url":"https://earthquake.usgs.gov/earthquakes/eventpage/us7000pvfd","marker-color":"#ef4444","marker-size":"small"},"geometry":{"type":"Point","coordinates":[121.157,19.207]}},{"type":"Feature","properties":{"name":"M6.2 · 285 km SW of Bluff, New Zealand","magnitude":6.2,"depth_km":10.6,"depth_class":"Shallow","time":"2025-04-29T13:16:32.562Z","pager_alert":"green","url":"https://earthquake.usgs.gov/earthquakes/eventpage/us7000pvt7","marker-color":"#ef4444","marker-size":"small"},"geometry":{"type":"Point","coordinates":[165.357,-48.182]}},{"type":"Feature","properties":{"name":"M5.6 · Kermadec Islands region","magnitude":5.6,"depth_km":10,"depth_class":"Shallow","time":"2025-04-29T13:30:30.110Z","pager_alert":"green","url":"https://earthquake.usgs.gov/earthquakes/eventpage/us7000pvta","marker-color":"#ef4444","marker-size":"small"},"geometry":{"type":"Point","coordinates":[-175.297,-28.14]}},{"type":"Feature","properties":{"name":"M6.8 · Macquarie Island region","magnitude":6.8,"depth_km":19,"depth_class":"Shallow","time":"2025-04-29T14:53:37.897Z","pager_alert":"green","tsunami_flag":true,"url":"https://earthquake.usgs.gov/earthquakes/eventpage/us7000pvtr","marker-color":"#ef4444","marker-size":"medium"},"geometry":{"type":"Point","coordinates":[155.645,-54.262]}},{"type":"Feature","properties":{"name":"M5.8 · 118 km SE of Panguna, Papua New Guinea","magnitude":5.8,"depth_km":43,"depth_class":"Shallow","time":"2025-05-02T10:59:19.540Z","pager_alert":"green","felt_reports":1,"url":"https://earthquake.usgs.gov/earthquakes/eventpage/us7000pwjw","marker-color":"#ef4444","marker-size":"small"},"geometry":{"type":"Point","coordinates":[156.138,-7.164]}},{"type":"Feature","properties":{"name":"M7.4 · 2025 Drake Passage Earthquake","magnitude":7.4,"depth_km":10,"depth_class":"Shallow","time":"2025-05-02T12:58:26.014Z","pager_alert":"green","tsunami_flag":true,"felt_reports":53,"url":"https://earthquake.usgs.gov/earthquakes/eventpage/us7000pwkn","marker-color":"#ef4444","marker-size":"large"},"geometry":{"type":"Point","coordinates":[-68.102,-56.809]}},{"type":"Feature","properties":{"name":"M5.5 · 256 km SSE of Ushuaia, Argentina","magnitude":5.5,"depth_km":10,"depth_class":"Shallow","time":"2025-05-02T13:03:16.417Z","pager_alert":"green","url":"https://earthquake.usgs.gov/earthquakes/eventpage/us7000pwt4","marker-color":"#ef4444","marker-size":"small"},"geometry":{"type":"Point","coordinates":[-67.395,-57.057]}},{"type":"Feature","properties":{"name":"M5.7 · 278 km SSE of Ushuaia, Argentina","magnitude":5.7,"depth_km":10,"depth_class":"Shallow","time":"2025-05-02T13:09:40.634Z","pager_alert":"green","url":"https://earthquake.usgs.gov/earthquakes/eventpage/us7000pwkz","marker-color":"#ef4444","marker-size":"small"},"geometry":{"type":"Point","coordinates":[-67.202,-57.236]}},{"type":"Feature","properties":{"name":"M5.6 · 262 km SSE of Ushuaia, Argentina","magnitude":5.6,"depth_km":10,"depth_class":"Shallow","time":"2025-05-02T13:10:08.321Z","pager_alert":"green","url":"https://earthquake.usgs.gov/earthquakes/eventpage/us7000pwl0","marker-color":"#ef4444","marker-size":"small"},"geometry":{"type":"Point","coordinates":[-67.499,-57.121]}},{"type":"Feature","properties":{"name":"M6.4 · 289 km SSE of Ushuaia, Argentina","magnitude":6.4,"depth_km":8,"depth_class":"Shallow","time":"2025-05-02T17:59:07.662Z","pager_alert":"green","tsunami_flag":true,"felt_reports":6,"url":"https://earthquake.usgs.gov/earthquakes/eventpage/us7000pwpu","marker-color":"#ef4444","marker-size":"medium"},"geometry":{"type":"Point","coordinates":[-67.017,-57.304]}},{"type":"Feature","properties":{"name":"M5.9 · 158 km W of Gorontalo, Indonesia","magnitude":5.9,"depth_km":92,"depth_class":"Intermediate","time":"2025-05-03T12:51:43.462Z","pager_alert":"green","felt_reports":8,"url":"https://earthquake.usgs.gov/earthquakes/eventpage/us7000pwvy","marker-color":"#f59e0b","marker-size":"small"},"geometry":{"type":"Point","coordinates":[121.636,0.505]}},{"type":"Feature","properties":{"name":"M5.6 · 88 km NE of Cruz Bay, U.S. Virgin Islands","magnitude":5.6,"depth_km":20,"depth_class":"Shallow","time":"2025-05-04T06:58:24.280Z","felt_reports":343,"url":"https://earthquake.usgs.gov/earthquakes/eventpage/pr2025124000","marker-color":"#ef4444","marker-size":"small"},"geometry":{"type":"Point","coordinates":[-64.316,18.986]}},{"type":"Feature","properties":{"name":"M6.0 · southern East Pacific Rise","magnitude":6,"depth_km":10,"depth_class":"Shallow","time":"2025-05-05T03:55:39.960Z","pager_alert":"green","url":"https://earthquake.usgs.gov/earthquakes/eventpage/us7000px6v","marker-color":"#ef4444","marker-size":"small"},"geometry":{"type":"Point","coordinates":[-107.42,-35.143]}},{"type":"Feature","properties":{"name":"M5.8 · 5 km NNE of Nuevo León, Mexico","magnitude":5.8,"depth_km":261,"depth_class":"Intermediate","time":"2025-05-05T08:28:13.833Z","pager_alert":"green","felt_reports":7,"url":"https://earthquake.usgs.gov/earthquakes/eventpage/us7000px7i","marker-color":"#f59e0b","marker-size":"small"},"geometry":{"type":"Point","coordinates":[-92.553,16.529]}},{"type":"Feature","properties":{"name":"M5.6 · 37 km ESE of Hualien City, Taiwan","magnitude":5.6,"depth_km":27,"depth_class":"Shallow","time":"2025-05-05T10:53:27.776Z","pager_alert":"green","felt_reports":12,"url":"https://earthquake.usgs.gov/earthquakes/eventpage/us7000px8h","marker-color":"#ef4444","marker-size":"small"},"geometry":{"type":"Point","coordinates":[121.967,23.909]}},{"type":"Feature","properties":{"name":"M5.5 · 50 km SSE of Isangel, Vanuatu","magnitude":5.5,"depth_km":102,"depth_class":"Intermediate","time":"2025-05-06T17:45:31.436Z","pager_alert":"green","felt_reports":1,"url":"https://earthquake.usgs.gov/earthquakes/eventpage/us7000pxj7","marker-color":"#f59e0b","marker-size":"small"},"geometry":{"type":"Point","coordinates":[169.479,-19.961]}},{"type":"Feature","properties":{"name":"M5.7 · central East Pacific Rise","magnitude":5.7,"depth_km":10,"depth_class":"Shallow","time":"2025-05-06T18:15:10.547Z","pager_alert":"green","url":"https://earthquake.usgs.gov/earthquakes/eventpage/us7000pxjh","marker-color":"#ef4444","marker-size":"small"},"geometry":{"type":"Point","coordinates":[-104.196,-4.045]}},{"type":"Feature","properties":{"name":"M5.7 · Macquarie Island region","magnitude":5.7,"depth_km":10,"depth_class":"Shallow","time":"2025-05-08T22:01:10.028Z","pager_alert":"green","url":"https://earthquake.usgs.gov/earthquakes/eventpage/us7000py39","marker-color":"#ef4444","marker-size":"small"},"geometry":{"type":"Point","coordinates":[160.025,-60.547]}},{"type":"Feature","properties":{"name":"M5.7 · 19 km ENE of Blangpidie, Indonesia","magnitude":5.7,"depth_km":85.8,"depth_class":"Intermediate","time":"2025-05-11T08:57:43.494Z","pager_alert":"green","felt_reports":47,"url":"https://earthquake.usgs.gov/earthquakes/eventpage/us7000pyjn","marker-color":"#f59e0b","marker-size":"small"},"geometry":{"type":"Point","coordinates":[97.007,3.793]}},{"type":"Feature","properties":{"name":"M5.9 · 5 km N of Port-Vila, Vanuatu","magnitude":5.9,"depth_km":60,"depth_class":"Shallow","time":"2025-05-11T11:22:21.597Z","pager_alert":"green","felt_reports":57,"url":"https://earthquake.usgs.gov/earthquakes/eventpage/us7000pyn1","marker-color":"#ef4444","marker-size":"small"},"geometry":{"type":"Point","coordinates":[168.309,-17.688]}},{"type":"Feature","properties":{"name":"M5.5 · 126 km W of Rikaze, China","magnitude":5.5,"depth_km":9,"depth_class":"Shallow","time":"2025-05-11T21:11:22.060Z","pager_alert":"yellow","felt_reports":17,"url":"https://earthquake.usgs.gov/earthquakes/eventpage/us7000pyq7","marker-color":"#ef4444","marker-size":"small"},"geometry":{"type":"Point","coordinates":[87.607,29.054]}},{"type":"Feature","properties":{"name":"M5.6 · Bonin Islands, Japan region","magnitude":5.6,"depth_km":445.2,"depth_class":"Deep","time":"2025-05-13T16:52:34.486Z","pager_alert":"green","url":"https://earthquake.usgs.gov/earthquakes/eventpage/us7000pyzs","marker-color":"#8b5cf6","marker-size":"small"},"geometry":{"type":"Point","coordinates":[140.058,27.223]}},{"type":"Feature","properties":{"name":"M5.9 · 240 km SW of La Cruz de Loreto, Mexico","magnitude":5.9,"depth_km":11.9,"depth_class":"Shallow","time":"2025-05-13T20:43:04.081Z","pager_alert":"green","felt_reports":6,"url":"https://earthquake.usgs.gov/earthquakes/eventpage/us7000pz23","marker-color":"#ef4444","marker-size":"small"},"geometry":{"type":"Point","coordinates":[-107.268,18.682]}},{"type":"Feature","properties":{"name":"M6.0 · 20 km SSE of Fry, Greece","magnitude":6,"depth_km":76.2,"depth_class":"Intermediate","time":"2025-05-13T22:51:15.880Z","pager_alert":"green","felt_reports":931,"url":"https://earthquake.usgs.gov/earthquakes/eventpage/us7000pz2p","marker-color":"#f59e0b","marker-size":"small"},"geometry":{"type":"Point","coordinates":[26.995,35.237]}},{"type":"Feature","properties":{"name":"M6.4 · 142 km W of Neiafu, Tonga","magnitude":6.4,"depth_km":260,"depth_class":"Intermediate","time":"2025-05-14T04:15:40.513Z","pager_alert":"green","felt_reports":8,"url":"https://earthquake.usgs.gov/earthquakes/eventpage/us7000pz41","marker-color":"#f59e0b","marker-size":"medium"},"geometry":{"type":"Point","coordinates":[-175.334,-18.713]}},{"type":"Feature","properties":{"name":"M5.9 · 152 km NNW of Baukau, Timor Leste","magnitude":5.9,"depth_km":476.6,"depth_class":"Deep","time":"2025-05-15T00:50:52.272Z","pager_alert":"green","felt_reports":3,"url":"https://earthquake.usgs.gov/earthquakes/eventpage/us7000pzaa","marker-color":"#8b5cf6","marker-size":"small"},"geometry":{"type":"Point","coordinates":[126.133,-7.136]}},{"type":"Feature","properties":{"name":"M5.5 · Pacific-Antarctic Ridge","magnitude":5.5,"depth_km":10,"depth_class":"Shallow","time":"2025-05-15T12:59:19.020Z","pager_alert":"green","url":"https://earthquake.usgs.gov/earthquakes/eventpage/us7000pzcp","marker-color":"#ef4444","marker-size":"small"},"geometry":{"type":"Point","coordinates":[-135.341,-54.55]}},{"type":"Feature","properties":{"name":"M5.9 · 5 km W of San Pedro, Peru","magnitude":5.9,"depth_km":101,"depth_class":"Intermediate","time":"2025-05-17T10:22:14.394Z","pager_alert":"green","felt_reports":31,"url":"https://earthquake.usgs.gov/earthquakes/eventpage/us7000pztw","marker-color":"#f59e0b","marker-size":"small"},"geometry":{"type":"Point","coordinates":[-74.144,-14.761]}},{"type":"Feature","properties":{"name":"M5.6 · northern Mid-Atlantic Ridge","magnitude":5.6,"depth_km":10,"depth_class":"Shallow","time":"2025-05-20T05:11:32.589Z","pager_alert":"green","url":"https://earthquake.usgs.gov/earthquakes/eventpage/us7000q09z","marker-color":"#ef4444","marker-size":"small"},"geometry":{"type":"Point","coordinates":[-36.01,35.344]}},{"type":"Feature","properties":{"name":"M6.5 · 89 km ENE of Angoram, Papua New Guinea","magnitude":6.5,"depth_km":16.8,"depth_class":"Shallow","time":"2025-05-20T15:05:59.387Z","pager_alert":"green","tsunami_flag":true,"felt_reports":16,"url":"https://earthquake.usgs.gov/earthquakes/eventpage/us7000q0bm","marker-color":"#ef4444","marker-size":"medium"},"geometry":{"type":"Point","coordinates":[144.812,-3.757]}},{"type":"Feature","properties":{"name":"M6.2 · 66 km SE of Emporeío, Greece","magnitude":6.2,"depth_km":64,"depth_class":"Shallow","time":"2025-05-22T03:19:35.518Z","pager_alert":"yellow","felt_reports":819,"url":"https://earthquake.usgs.gov/earthquakes/eventpage/us7000q0pq","marker-color":"#ef4444","marker-size":"small"},"geometry":{"type":"Point","coordinates":[25.916,35.892]}},{"type":"Feature","properties":{"name":"M5.7 · South Indian Ocean","magnitude":5.7,"depth_km":10,"depth_class":"Shallow","time":"2025-05-22T08:34:36.774Z","pager_alert":"green","url":"https://earthquake.usgs.gov/earthquakes/eventpage/us7000q0re","marker-color":"#ef4444","marker-size":"small"},"geometry":{"type":"Point","coordinates":[51.361,-37.486]}},{"type":"Feature","properties":{"name":"M5.7 · 21 km S of Bengkulu, Indonesia","magnitude":5.7,"depth_km":47,"depth_class":"Shallow","time":"2025-05-22T19:52:36.892Z","pager_alert":"green","felt_reports":11,"url":"https://earthquake.usgs.gov/earthquakes/eventpage/us7000q0w7","marker-color":"#ef4444","marker-size":"small"},"geometry":{"type":"Point","coordinates":[102.254,-3.991]}},{"type":"Feature","properties":{"name":"M6.1 · west of Macquarie Island","magnitude":6.1,"depth_km":10,"depth_class":"Shallow","time":"2025-05-23T16:33:25.438Z","pager_alert":"green","url":"https://earthquake.usgs.gov/earthquakes/eventpage/us7000q14k","marker-color":"#ef4444","marker-size":"small"},"geometry":{"type":"Point","coordinates":[147.666,-56.554]}},{"type":"Feature","properties":{"name":"M6.0 · 187 km SSW of ‘Ohonua, Tonga","magnitude":6,"depth_km":48,"depth_class":"Shallow","time":"2025-05-25T10:49:59.192Z","pager_alert":"green","felt_reports":5,"url":"https://earthquake.usgs.gov/earthquakes/eventpage/us7000q1e7","marker-color":"#ef4444","marker-size":"small"},"geometry":{"type":"Point","coordinates":[-175.802,-22.837]}},{"type":"Feature","properties":{"name":"M5.7 · 33 km S of Camiña, Chile","magnitude":5.7,"depth_km":105,"depth_class":"Intermediate","time":"2025-05-26T03:50:25.655Z","pager_alert":"green","felt_reports":50,"url":"https://earthquake.usgs.gov/earthquakes/eventpage/us7000q1h3","marker-color":"#f59e0b","marker-size":"small"},"geometry":{"type":"Point","coordinates":[-69.45,-19.617]}},{"type":"Feature","properties":{"name":"M5.8 · Revilla Gigedo Islands region","magnitude":5.8,"depth_km":10,"depth_class":"Shallow","time":"2025-05-27T21:59:11.398Z","pager_alert":"green","url":"https://earthquake.usgs.gov/earthquakes/eventpage/us6000qga6","marker-color":"#ef4444","marker-size":"small"},"geometry":{"type":"Point","coordinates":[-109.194,19.688]}},{"type":"Feature","properties":{"name":"M5.8 · Revilla Gigedo Islands region","magnitude":5.8,"depth_km":10,"depth_class":"Shallow","time":"2025-05-28T01:30:37.701Z","pager_alert":"green","url":"https://earthquake.usgs.gov/earthquakes/eventpage/us6000qgb5","marker-color":"#ef4444","marker-size":"small"},"geometry":{"type":"Point","coordinates":[-109.159,19.561]}},{"type":"Feature","properties":{"name":"M5.9 · 41 km SW of Sola, Vanuatu","magnitude":5.9,"depth_km":190,"depth_class":"Intermediate","time":"2025-05-28T08:57:47.561Z","pager_alert":"green","url":"https://earthquake.usgs.gov/earthquakes/eventpage/us6000qgd9","marker-color":"#f59e0b","marker-size":"small"},"geometry":{"type":"Point","coordinates":[167.331,-14.183]}},{"type":"Feature","properties":{"name":"M5.8 · 63 km SSE of Inarajan Village, Guam","magnitude":5.8,"depth_km":28,"depth_class":"Shallow","time":"2025-05-28T13:34:13.998Z","pager_alert":"green","felt_reports":99,"url":"https://earthquake.usgs.gov/earthquakes/eventpage/us6000qgeq","marker-color":"#ef4444","marker-size":"small"},"geometry":{"type":"Point","coordinates":[144.957,12.735]}},{"type":"Feature","properties":{"name":"M6.2 · southwest of Africa","magnitude":6.2,"depth_km":10,"depth_class":"Shallow","time":"2025-05-30T05:36:38.351Z","pager_alert":"green","url":"https://earthquake.usgs.gov/earthquakes/eventpage/us6000qgts","marker-color":"#ef4444","marker-size":"small"},"geometry":{"type":"Point","coordinates":[9.105,-53.284]}},{"type":"Feature","properties":{"name":"M6.0 · 78 km S of Kushiro, Japan","magnitude":6,"depth_km":21,"depth_class":"Shallow","time":"2025-05-31T08:37:17.097Z","pager_alert":"green","felt_reports":1,"url":"https://earthquake.usgs.gov/earthquakes/eventpage/us6000qh1r","marker-color":"#ef4444","marker-size":"small"},"geometry":{"type":"Point","coordinates":[144.49,42.271]}},{"type":"Feature","properties":{"name":"M6.1 · Kermadec Islands region","magnitude":6.1,"depth_km":10,"depth_class":"Shallow","time":"2025-05-31T14:28:49.890Z","pager_alert":"green","url":"https://earthquake.usgs.gov/earthquakes/eventpage/us6000qh35","marker-color":"#ef4444","marker-size":"small"},"geometry":{"type":"Point","coordinates":[-177.95,-27.74]}},{"type":"Feature","properties":{"name":"M6.0 · Kermadec Islands region","magnitude":6,"depth_km":10,"depth_class":"Shallow","time":"2025-05-31T21:21:11.250Z","pager_alert":"green","url":"https://earthquake.usgs.gov/earthquakes/eventpage/us6000qh59","marker-color":"#ef4444","marker-size":"small"},"geometry":{"type":"Point","coordinates":[-178.539,-28.186]}},{"type":"Feature","properties":{"name":"M6.2 · Kermadec Islands region","magnitude":6.2,"depth_km":10,"depth_class":"Shallow","time":"2025-05-31T22:26:22.460Z","pager_alert":"green","url":"https://earthquake.usgs.gov/earthquakes/eventpage/us6000qh5j","marker-color":"#ef4444","marker-size":"small"},"geometry":{"type":"Point","coordinates":[-178.123,-27.849]}},{"type":"Feature","properties":{"name":"M5.8 · 68 km SSE of Hiroo, Japan","magnitude":5.8,"depth_km":27,"depth_class":"Shallow","time":"2025-06-01T18:51:52.960Z","pager_alert":"green","url":"https://earthquake.usgs.gov/earthquakes/eventpage/us6000qhaf","marker-color":"#ef4444","marker-size":"small"},"geometry":{"type":"Point","coordinates":[143.687,41.743]}},{"type":"Feature","properties":{"name":"M5.8 · 8 km SSW of İçmeler, Turkey","magnitude":5.8,"depth_km":72,"depth_class":"Intermediate","time":"2025-06-02T23:17:28.209Z","pager_alert":"green","felt_reports":406,"url":"https://earthquake.usgs.gov/earthquakes/eventpage/us6000qhiq","marker-color":"#f59e0b","marker-size":"small"},"geometry":{"type":"Point","coordinates":[28.189,36.726]}},{"type":"Feature","properties":{"name":"M5.6 · 297 km S of Burica, Panama","magnitude":5.6,"depth_km":10,"depth_class":"Shallow","time":"2025-06-05T00:09:18.730Z","pager_alert":"green","url":"https://earthquake.usgs.gov/earthquakes/eventpage/us6000qi0w","marker-color":"#ef4444","marker-size":"small"},"geometry":{"type":"Point","coordinates":[-82.672,5.35]}},{"type":"Feature","properties":{"name":"M6.4 · 45 km SW of Diego de Almagro, Chile","magnitude":6.4,"depth_km":75,"depth_class":"Intermediate","time":"2025-06-06T17:15:06.807Z","pager_alert":"yellow","tsunami_flag":true,"felt_reports":46,"url":"https://earthquake.usgs.gov/earthquakes/eventpage/us6000qigd","marker-color":"#f59e0b","marker-size":"medium"},"geometry":{"type":"Point","coordinates":[-70.404,-26.639]}},{"type":"Feature","properties":{"name":"M5.9 · 299 km WSW of Houma, Tonga","magnitude":5.9,"depth_km":359,"depth_class":"Deep","time":"2025-06-06T19:28:30.995Z","pager_alert":"green","felt_reports":1,"url":"https://earthquake.usgs.gov/earthquakes/eventpage/us6000qiig","marker-color":"#8b5cf6","marker-size":"small"},"geometry":{"type":"Point","coordinates":[-178.045,-22.033]}},{"type":"Feature","properties":{"name":"M5.5 · Mid-Indian Ridge","magnitude":5.5,"depth_km":10,"depth_class":"Shallow","time":"2025-06-07T07:33:40.295Z","pager_alert":"green","url":"https://earthquake.usgs.gov/earthquakes/eventpage/us6000qinr","marker-color":"#ef4444","marker-size":"small"},"geometry":{"type":"Point","coordinates":[66.795,-14.922]}},{"type":"Feature","properties":{"name":"M6.2 · western Indian-Antarctic Ridge","magnitude":6.2,"depth_km":10,"depth_class":"Shallow","time":"2025-06-07T23:20:45.671Z","pager_alert":"green","url":"https://earthquake.usgs.gov/earthquakes/eventpage/us6000qisj","marker-color":"#ef4444","marker-size":"small"},"geometry":{"type":"Point","coordinates":[115.996,-47.827]}},{"type":"Feature","properties":{"name":"M6.3 · 15 km NE of Paratebueno, Colombia","magnitude":6.3,"depth_km":9,"depth_class":"Shallow","time":"2025-06-08T13:08:05.797Z","pager_alert":"yellow","felt_reports":394,"url":"https://earthquake.usgs.gov/earthquakes/eventpage/us6000qixr","marker-color":"#ef4444","marker-size":"medium"},"geometry":{"type":"Point","coordinates":[-73.125,4.485]}},{"type":"Feature","properties":{"name":"M5.9 · western Indian-Antarctic Ridge","magnitude":5.9,"depth_km":9,"depth_class":"Shallow","time":"2025-06-08T21:15:06.129Z","pager_alert":"green","url":"https://earthquake.usgs.gov/earthquakes/eventpage/us6000qj0h","marker-color":"#ef4444","marker-size":"small"},"geometry":{"type":"Point","coordinates":[116.049,-47.803]}},{"type":"Feature","properties":{"name":"M5.5 · western Indian-Antarctic Ridge","magnitude":5.5,"depth_km":10,"depth_class":"Shallow","time":"2025-06-08T21:28:08.469Z","pager_alert":"green","felt_reports":1,"url":"https://earthquake.usgs.gov/earthquakes/eventpage/us6000qj0l","marker-color":"#ef4444","marker-size":"small"},"geometry":{"type":"Point","coordinates":[115.958,-47.888]}},{"type":"Feature","properties":{"name":"M5.6 · South Sandwich Islands region","magnitude":5.6,"depth_km":11.6,"depth_class":"Shallow","time":"2025-06-10T04:07:20.359Z","pager_alert":"green","url":"https://earthquake.usgs.gov/earthquakes/eventpage/us6000qja6","marker-color":"#ef4444","marker-size":"small"},"geometry":{"type":"Point","coordinates":[-28.037,-55.352]}},{"type":"Feature","properties":{"name":"M5.9 · 67 km S of Hualien City, Taiwan","magnitude":5.9,"depth_km":29.3,"depth_class":"Shallow","time":"2025-06-11T11:00:28.001Z","pager_alert":"green","felt_reports":63,"url":"https://earthquake.usgs.gov/earthquakes/eventpage/us6000qjj5","marker-color":"#ef4444","marker-size":"small"},"geometry":{"type":"Point","coordinates":[121.624,23.366]}},{"type":"Feature","properties":{"name":"M5.7 · Pacific-Antarctic Ridge","magnitude":5.7,"depth_km":10,"depth_class":"Shallow","time":"2025-06-12T04:58:26.463Z","pager_alert":"green","url":"https://earthquake.usgs.gov/earthquakes/eventpage/us6000qjr3","marker-color":"#ef4444","marker-size":"small"},"geometry":{"type":"Point","coordinates":[-163.758,-63.241]}},{"type":"Feature","properties":{"name":"M5.5 · Pacific-Antarctic Ridge","magnitude":5.5,"depth_km":10,"depth_class":"Shallow","time":"2025-06-12T06:14:26.535Z","pager_alert":"green","url":"https://earthquake.usgs.gov/earthquakes/eventpage/us6000qjrq","marker-color":"#ef4444","marker-size":"small"},"geometry":{"type":"Point","coordinates":[-164.423,-63.208]}},{"type":"Feature","properties":{"name":"M6.0 · Kuril Islands","magnitude":6,"depth_km":35,"depth_class":"Shallow","time":"2025-06-13T18:35:14.935Z","pager_alert":"green","url":"https://earthquake.usgs.gov/earthquakes/eventpage/us6000qk4v","marker-color":"#ef4444","marker-size":"small"},"geometry":{"type":"Point","coordinates":[153.426,46.184]}},{"type":"Feature","properties":{"name":"M5.7 · southern East Pacific Rise","magnitude":5.7,"depth_km":10,"depth_class":"Shallow","time":"2025-06-14T03:10:59.726Z","pager_alert":"green","url":"https://earthquake.usgs.gov/earthquakes/eventpage/us6000qk7h","marker-color":"#ef4444","marker-size":"small"},"geometry":{"type":"Point","coordinates":[-110.814,-36.397]}},{"type":"Feature","properties":{"name":"M5.6 · southern East Pacific Rise","magnitude":5.6,"depth_km":10,"depth_class":"Shallow","time":"2025-06-14T06:43:33.708Z","pager_alert":"green","url":"https://earthquake.usgs.gov/earthquakes/eventpage/us6000qk90","marker-color":"#ef4444","marker-size":"small"},"geometry":{"type":"Point","coordinates":[-110.569,-36.598]}},{"type":"Feature","properties":{"name":"M5.6 · 37 km WSW of Callao, Peru","magnitude":5.6,"depth_km":40,"depth_class":"Shallow","time":"2025-06-15T16:35:29.241Z","pager_alert":"yellow","felt_reports":195,"url":"https://earthquake.usgs.gov/earthquakes/eventpage/us6000qkg7","marker-color":"#ef4444","marker-size":"small"},"geometry":{"type":"Point","coordinates":[-77.443,-12.176]}},{"type":"Feature","properties":{"name":"M5.8 · 123 km SW of El Palmarcito, Mexico","magnitude":5.8,"depth_km":9,"depth_class":"Shallow","time":"2025-06-18T09:49:22.518Z","pager_alert":"green","felt_reports":1,"url":"https://earthquake.usgs.gov/earthquakes/eventpage/us6000qkzh","marker-color":"#ef4444","marker-size":"small"},"geometry":{"type":"Point","coordinates":[-94.088,14.773]}},{"type":"Feature","properties":{"name":"M5.9 · 84 km ESE of Nemuro, Japan","magnitude":5.9,"depth_km":19,"depth_class":"Shallow","time":"2025-06-18T23:08:06.586Z","pager_alert":"green","felt_reports":1,"url":"https://earthquake.usgs.gov/earthquakes/eventpage/us6000ql4i","marker-color":"#ef4444","marker-size":"small"},"geometry":{"type":"Point","coordinates":[146.479,42.94]}},{"type":"Feature","properties":{"name":"M5.5 · 42 km N of Finschhafen, Papua New Guinea","magnitude":5.5,"depth_km":37,"depth_class":"Shallow","time":"2025-06-19T16:37:42.503Z","pager_alert":"green","url":"https://earthquake.usgs.gov/earthquakes/eventpage/us6000ql8u","marker-color":"#ef4444","marker-size":"small"},"geometry":{"type":"Point","coordinates":[147.856,-6.171]}},{"type":"Feature","properties":{"name":"M6.0 · 82 km SE of Nemuro, Japan","magnitude":6,"depth_km":18,"depth_class":"Shallow","time":"2025-06-21T21:23:18.562Z","pager_alert":"green","felt_reports":1,"url":"https://earthquake.usgs.gov/earthquakes/eventpage/us6000qlnz","marker-color":"#ef4444","marker-size":"small"},"geometry":{"type":"Point","coordinates":[146.404,42.895]}},{"type":"Feature","properties":{"name":"M6.2 · east of the Philippine Islands","magnitude":6.2,"depth_km":10,"depth_class":"Shallow","time":"2025-06-24T01:58:06.248Z","pager_alert":"green","felt_reports":14,"url":"https://earthquake.usgs.gov/earthquakes/eventpage/us7000q8bd","marker-color":"#ef4444","marker-size":"small"},"geometry":{"type":"Point","coordinates":[129.961,7.977]}},{"type":"Feature","properties":{"name":"M5.5 · 95 km SE of Kirakira, Solomon Islands","magnitude":5.5,"depth_km":39.9,"depth_class":"Shallow","time":"2025-06-24T01:58:41.616Z","pager_alert":"green","url":"https://earthquake.usgs.gov/earthquakes/eventpage/us7000q8be","marker-color":"#ef4444","marker-size":"small"},"geometry":{"type":"Point","coordinates":[162.625,-10.965]}},{"type":"Feature","properties":{"name":"M5.7 · 77 km NNE of Punta Cana, Dominican Republic","magnitude":5.7,"depth_km":68,"depth_class":"Shallow","time":"2025-06-24T02:45:43.620Z","pager_alert":"green","felt_reports":1340,"url":"https://earthquake.usgs.gov/earthquakes/eventpage/pr2025175000","marker-color":"#ef4444","marker-size":"small"},"geometry":{"type":"Point","coordinates":[-68.11,19.225]}},{"type":"Feature","properties":{"name":"M6.2 · southern Mid-Atlantic Ridge","magnitude":6.2,"depth_km":10,"depth_class":"Shallow","time":"2025-06-25T22:16:13.700Z","pager_alert":"green","url":"https://earthquake.usgs.gov/earthquakes/eventpage/us7000q8tw","marker-color":"#ef4444","marker-size":"small"},"geometry":{"type":"Point","coordinates":[-17.044,-35.722]}},{"type":"Feature","properties":{"name":"M6.0 · 65 km E of Sarangani, Philippines","magnitude":6,"depth_km":99.8,"depth_class":"Intermediate","time":"2025-06-27T23:07:10.371Z","pager_alert":"green","felt_reports":64,"url":"https://earthquake.usgs.gov/earthquakes/eventpage/us7000q97d","marker-color":"#f59e0b","marker-size":"small"},"geometry":{"type":"Point","coordinates":[126.043,5.289]}},{"type":"Feature","properties":{"name":"M5.5 · 161 km NNW of Houma, Tonga","magnitude":5.5,"depth_km":229,"depth_class":"Intermediate","time":"2025-06-28T04:17:08.545Z","pager_alert":"green","url":"https://earthquake.usgs.gov/earthquakes/eventpage/us7000q99p","marker-color":"#f59e0b","marker-size":"small"},"geometry":{"type":"Point","coordinates":[-176.033,-19.882]}},{"type":"Feature","properties":{"name":"M6.6 · Scotia Sea","magnitude":6.6,"depth_km":10,"depth_class":"Shallow","time":"2025-06-28T08:32:20.957Z","pager_alert":"green","tsunami_flag":true,"url":"https://earthquake.usgs.gov/earthquakes/eventpage/us7000q9b5","marker-color":"#ef4444","marker-size":"medium"},"geometry":{"type":"Point","coordinates":[-38.967,-60.979]}},{"type":"Feature","properties":{"name":"M5.5 · 88 km W of San Antonio, Chile","magnitude":5.5,"depth_km":10,"depth_class":"Shallow","time":"2025-07-02T01:39:39.205Z","pager_alert":"green","felt_reports":4,"url":"https://earthquake.usgs.gov/earthquakes/eventpage/us7000qa3y","marker-color":"#ef4444","marker-size":"small"},"geometry":{"type":"Point","coordinates":[-72.563,-33.602]}},{"type":"Feature","properties":{"name":"M5.6 · 98 km NNW of Tatsugō, Japan","magnitude":5.6,"depth_km":10,"depth_class":"Shallow","time":"2025-07-02T06:26:48.945Z","pager_alert":"green","felt_reports":1,"url":"https://earthquake.usgs.gov/earthquakes/eventpage/us7000qa5e","marker-color":"#ef4444","marker-size":"small"},"geometry":{"type":"Point","coordinates":[129.167,29.252]}},{"type":"Feature","properties":{"name":"M5.6 · 189 km ENE of Levuka, Fiji","magnitude":5.6,"depth_km":526.9,"depth_class":"Deep","time":"2025-07-02T07:15:26.742Z","pager_alert":"green","url":"https://earthquake.usgs.gov/earthquakes/eventpage/us7000qa5h","marker-color":"#8b5cf6","marker-size":"small"},"geometry":{"type":"Point","coordinates":[-178.946,-17.655]}},{"type":"Feature","properties":{"name":"M5.5 · 104 km N of Tatsugō, Japan","magnitude":5.5,"depth_km":10,"depth_class":"Shallow","time":"2025-07-03T07:13:00.356Z","pager_alert":"green","url":"https://earthquake.usgs.gov/earthquakes/eventpage/us7000qadp","marker-color":"#ef4444","marker-size":"small"},"geometry":{"type":"Point","coordinates":[129.409,29.381]}},{"type":"Feature","properties":{"name":"M5.6 · 256 km SSE of Ushuaia, Argentina","magnitude":5.6,"depth_km":10,"depth_class":"Shallow","time":"2025-07-04T15:47:45.649Z","pager_alert":"green","felt_reports":1,"url":"https://earthquake.usgs.gov/earthquakes/eventpage/us7000qamr","marker-color":"#ef4444","marker-size":"small"},"geometry":{"type":"Point","coordinates":[-67.416,-57.054]}},{"type":"Feature","properties":{"name":"M5.5 · 50 km NNW of Sabang, Indonesia","magnitude":5.5,"depth_km":10,"depth_class":"Shallow","time":"2025-07-05T19:42:20.755Z","pager_alert":"green","url":"https://earthquake.usgs.gov/earthquakes/eventpage/us7000qavc","marker-color":"#ef4444","marker-size":"small"},"geometry":{"type":"Point","coordinates":[95.088,6.284]}},{"type":"Feature","properties":{"name":"M5.5 · 103 km N of Tatsugō, Japan","magnitude":5.5,"depth_km":10,"depth_class":"Shallow","time":"2025-07-06T05:07:02.820Z","pager_alert":"green","url":"https://earthquake.usgs.gov/earthquakes/eventpage/us7000qayf","marker-color":"#ef4444","marker-size":"small"},"geometry":{"type":"Point","coordinates":[129.541,29.381]}},{"type":"Feature","properties":{"name":"M5.5 · 77 km NE of ‘Ohonua, Tonga","magnitude":5.5,"depth_km":10,"depth_class":"Shallow","time":"2025-07-06T20:31:42.999Z","pager_alert":"green","url":"https://earthquake.usgs.gov/earthquakes/eventpage/us7000qb20","marker-color":"#ef4444","marker-size":"small"},"geometry":{"type":"Point","coordinates":[-174.35,-20.935]}},{"type":"Feature","properties":{"name":"M6.2 · 213 km WSW of Riverton, New Zealand","magnitude":6.2,"depth_km":22,"depth_class":"Shallow","time":"2025-07-07T12:53:44.013Z","pager_alert":"green","felt_reports":23,"url":"https://earthquake.usgs.gov/earthquakes/eventpage/us7000qb4s","marker-color":"#ef4444","marker-size":"small"},"geometry":{"type":"Point","coordinates":[165.496,-47.173]}},{"type":"Feature","properties":{"name":"M5.7 · 3 km SSW of Amatitlán, Guatemala","magnitude":5.7,"depth_km":10,"depth_class":"Shallow","time":"2025-07-08T21:41:31.063Z","pager_alert":"yellow","felt_reports":160,"url":"https://earthquake.usgs.gov/earthquakes/eventpage/us7000qbfv","marker-color":"#ef4444","marker-size":"small"},"geometry":{"type":"Point","coordinates":[-90.648,14.45]}},{"type":"Feature","properties":{"name":"M6.7 · 180 km WSW of Tual, Indonesia","magnitude":6.7,"depth_km":70.7,"depth_class":"Intermediate","time":"2025-07-14T05:49:58.119Z","pager_alert":"green","tsunami_flag":true,"felt_reports":50,"url":"https://earthquake.usgs.gov/earthquakes/eventpage/us7000qcik","marker-color":"#f59e0b","marker-size":"medium"},"geometry":{"type":"Point","coordinates":[131.233,-6.22]}},{"type":"Feature","properties":{"name":"M6.2 · 206 km S of Burica, Panama","magnitude":6.2,"depth_km":10,"depth_class":"Shallow","time":"2025-07-14T17:16:49.051Z","pager_alert":"green","tsunami_flag":true,"felt_reports":3,"url":"https://earthquake.usgs.gov/earthquakes/eventpage/us7000qclp","marker-color":"#ef4444","marker-size":"small"},"geometry":{"type":"Point","coordinates":[-82.737,6.171]}},{"type":"Feature","properties":{"name":"M5.8 · Kuril Islands","magnitude":5.8,"depth_km":74,"depth_class":"Intermediate","time":"2025-07-14T21:37:59.420Z","pager_alert":"green","url":"https://earthquake.usgs.gov/earthquakes/eventpage/us7000qcp2","marker-color":"#f59e0b","marker-size":"small"},"geometry":{"type":"Point","coordinates":[151.431,46.546]}},{"type":"Feature","properties":{"name":"M5.7 · Kermadec Islands, New Zealand","magnitude":5.7,"depth_km":48.2,"depth_class":"Shallow","time":"2025-07-15T09:55:01.981Z","pager_alert":"green","felt_reports":1,"url":"https://earthquake.usgs.gov/earthquakes/eventpage/us7000qcrv","marker-color":"#ef4444","marker-size":"small"},"geometry":{"type":"Point","coordinates":[-177.943,-30.066]}},{"type":"Feature","properties":{"name":"M5.8 · near the north coast of Greenland","magnitude":5.8,"depth_km":8,"depth_class":"Shallow","time":"2025-07-15T17:15:55.394Z","pager_alert":"green","url":"https://earthquake.usgs.gov/earthquakes/eventpage/us7000qctd","marker-color":"#ef4444","marker-size":"small"},"geometry":{"type":"Point","coordinates":[-33.136,83.27]}},{"type":"Feature","properties":{"name":"M7.3 · 2025 Sand Point, Alaska Earthquake","magnitude":7.3,"depth_km":38,"depth_class":"Shallow","time":"2025-07-16T20:37:41.667Z","pager_alert":"green","tsunami_flag":true,"felt_reports":192,"url":"https://earthquake.usgs.gov/earthquakes/eventpage/us7000qd1y","marker-color":"#ef4444","marker-size":"large"},"geometry":{"type":"Point","coordinates":[-160.469,54.565]}},{"type":"Feature","properties":{"name":"M5.6 · 96 km SSE of Sand Point, Alaska","magnitude":5.6,"depth_km":35,"depth_class":"Shallow","time":"2025-07-17T04:30:37.038Z","pager_alert":"green","tsunami_flag":true,"url":"https://earthquake.usgs.gov/earthquakes/eventpage/us7000qd4n","marker-color":"#ef4444","marker-size":"small"},"geometry":{"type":"Point","coordinates":[-160.118,54.501]}},{"type":"Feature","properties":{"name":"M5.6 · 76 km S of Tambolaka, Indonesia","magnitude":5.6,"depth_km":24,"depth_class":"Shallow","time":"2025-07-17T09:04:25.461Z","pager_alert":"green","felt_reports":2,"url":"https://earthquake.usgs.gov/earthquakes/eventpage/us7000qd6b","marker-color":"#ef4444","marker-size":"small"},"geometry":{"type":"Point","coordinates":[119.193,-10.119]}},{"type":"Feature","properties":{"name":"M5.6 · northern East Pacific Rise","magnitude":5.6,"depth_km":10,"depth_class":"Shallow","time":"2025-07-19T15:55:07.768Z","pager_alert":"green","url":"https://earthquake.usgs.gov/earthquakes/eventpage/us7000qdue","marker-color":"#ef4444","marker-size":"small"},"geometry":{"type":"Point","coordinates":[-103.016,8.347]}},{"type":"Feature","properties":{"name":"M5.5 · 100 km SSW of Basco, Philippines","magnitude":5.5,"depth_km":45.9,"depth_class":"Shallow","time":"2025-07-20T05:45:33.448Z","pager_alert":"green","felt_reports":1,"url":"https://earthquake.usgs.gov/earthquakes/eventpage/us7000qdxz","marker-color":"#ef4444","marker-size":"small"},"geometry":{"type":"Point","coordinates":[121.505,19.65]}},{"type":"Feature","properties":{"name":"M6.6 · 134 km E of Petropavlovsk-Kamchatsky, Russia","magnitude":6.6,"depth_km":23,"depth_class":"Shallow","time":"2025-07-20T06:28:17.860Z","pager_alert":"green","tsunami_flag":true,"felt_reports":1,"url":"https://earthquake.usgs.gov/earthquakes/eventpage/us7000qdye","marker-color":"#ef4444","marker-size":"medium"},"geometry":{"type":"Point","coordinates":[160.623,52.929]}},{"type":"Feature","properties":{"name":"M7.4 · 2025 Eastern Kamchatka, Russia Earthquake","magnitude":7.4,"depth_km":34,"depth_class":"Shallow","time":"2025-07-20T06:49:04.327Z","pager_alert":"red","tsunami_flag":true,"felt_reports":24,"url":"https://earthquake.usgs.gov/earthquakes/eventpage/us7000qdyl","marker-color":"#ef4444","marker-size":"large"},"geometry":{"type":"Point","coordinates":[160.682,52.83]}},{"type":"Feature","properties":{"name":"M5.6 · 150 km ESE of Petropavlovsk-Kamchatsky, Russia","magnitude":5.6,"depth_km":10,"depth_class":"Shallow","time":"2025-07-20T06:56:03.710Z","pager_alert":"green","url":"https://earthquake.usgs.gov/earthquakes/eventpage/us6000qxca","marker-color":"#ef4444","marker-size":"small"},"geometry":{"type":"Point","coordinates":[160.755,52.664]}},{"type":"Feature","properties":{"name":"M6.6 · 153 km ESE of Petropavlovsk-Kamchatsky, Russia","magnitude":6.6,"depth_km":10,"depth_class":"Shallow","time":"2025-07-20T07:07:42.573Z","pager_alert":"green","felt_reports":1,"url":"https://earthquake.usgs.gov/earthquakes/eventpage/us7000qdyw","marker-color":"#ef4444","marker-size":"medium"},"geometry":{"type":"Point","coordinates":[160.833,52.698]}},{"type":"Feature","properties":{"name":"M5.6 · 162 km E of Petropavlovsk-Kamchatsky, Russia","magnitude":5.6,"depth_km":10,"depth_class":"Shallow","time":"2025-07-20T07:09:47.134Z","pager_alert":"green","url":"https://earthquake.usgs.gov/earthquakes/eventpage/us7000qdzf","marker-color":"#ef4444","marker-size":"small"},"geometry":{"type":"Point","coordinates":[161.018,52.842]}},{"type":"Feature","properties":{"name":"M5.7 · 162 km ESE of Petropavlovsk-Kamchatsky, Russia","magnitude":5.7,"depth_km":10,"depth_class":"Shallow","time":"2025-07-20T07:12:58.030Z","pager_alert":"green","url":"https://earthquake.usgs.gov/earthquakes/eventpage/us7000qdz0","marker-color":"#ef4444","marker-size":"small"},"geometry":{"type":"Point","coordinates":[160.982,52.733]}},{"type":"Feature","properties":{"name":"M6.5 · 143 km E of Petropavlovsk-Kamchatsky, Russia","magnitude":6.5,"depth_km":35,"depth_class":"Shallow","time":"2025-07-20T07:23:02.065Z","pager_alert":"green","felt_reports":1,"url":"https://earthquake.usgs.gov/earthquakes/eventpage/us7000qdz2","marker-color":"#ef4444","marker-size":"medium"},"geometry":{"type":"Point","coordinates":[160.746,52.892]}},{"type":"Feature","properties":{"name":"M5.9 · 163 km E of Petropavlovsk-Kamchatsky, Russia","magnitude":5.9,"depth_km":10,"depth_class":"Shallow","time":"2025-07-20T07:26:17.432Z","pager_alert":"green","url":"https://earthquake.usgs.gov/earthquakes/eventpage/us7000qdz8","marker-color":"#ef4444","marker-size":"small"},"geometry":{"type":"Point","coordinates":[161.06,52.966]}},{"type":"Feature","properties":{"name":"M5.5 · 128 km ESE of Petropavlovsk-Kamchatsky, Russia","magnitude":5.5,"depth_km":10,"depth_class":"Shallow","time":"2025-07-20T17:10:20.329Z","url":"https://earthquake.usgs.gov/earthquakes/eventpage/us7000qe30","marker-color":"#ef4444","marker-size":"small"},"geometry":{"type":"Point","coordinates":[160.506,52.843]}},{"type":"Feature","properties":{"name":"M6.2 · 91 km SSE of Sand Point, Alaska","magnitude":6.2,"depth_km":40,"depth_class":"Shallow","time":"2025-07-20T22:28:00.041Z","pager_alert":"green","tsunami_flag":true,"felt_reports":25,"url":"https://earthquake.usgs.gov/earthquakes/eventpage/us7000qe51","marker-color":"#ef4444","marker-size":"small"},"geometry":{"type":"Point","coordinates":[-159.838,54.605]}},{"type":"Feature","properties":{"name":"M5.8 · 94 km ENE of Kainantu, Papua New Guinea","magnitude":5.8,"depth_km":94,"depth_class":"Intermediate","time":"2025-07-21T16:41:07.858Z","pager_alert":"green","felt_reports":16,"url":"https://earthquake.usgs.gov/earthquakes/eventpage/us6000qtxh","marker-color":"#f59e0b","marker-size":"small"},"geometry":{"type":"Point","coordinates":[146.604,-5.862]}},{"type":"Feature","properties":{"name":"M6.0 · 154 km ESE of Petropavlovsk-Kamchatsky, Russia","magnitude":6,"depth_km":12.3,"depth_class":"Shallow","time":"2025-07-22T01:59:28.404Z","pager_alert":"green","url":"https://earthquake.usgs.gov/earthquakes/eventpage/us6000qu2r","marker-color":"#ef4444","marker-size":"small"},"geometry":{"type":"Point","coordinates":[160.645,52.413]}},{"type":"Feature","properties":{"name":"M5.5 · Chagos Archipelago region","magnitude":5.5,"depth_km":10,"depth_class":"Shallow","time":"2025-07-22T05:04:08.123Z","pager_alert":"green","url":"https://earthquake.usgs.gov/earthquakes/eventpage/us6000qu2u","marker-color":"#ef4444","marker-size":"small"},"geometry":{"type":"Point","coordinates":[68.799,-4.827]}},{"type":"Feature","properties":{"name":"M5.6 · south of the Fiji Islands","magnitude":5.6,"depth_km":532.7,"depth_class":"Deep","time":"2025-07-23T03:24:00.770Z","pager_alert":"green","url":"https://earthquake.usgs.gov/earthquakes/eventpage/us6000quaf","marker-color":"#8b5cf6","marker-size":"small"},"geometry":{"type":"Point","coordinates":[-179.91,-23.456]}},{"type":"Feature","properties":{"name":"M6.3 · 109 km W of Gorontalo, Indonesia","magnitude":6.3,"depth_km":142,"depth_class":"Intermediate","time":"2025-07-23T20:50:43.792Z","pager_alert":"green","felt_reports":5,"url":"https://earthquake.usgs.gov/earthquakes/eventpage/us6000qugg","marker-color":"#f59e0b","marker-size":"medium"},"geometry":{"type":"Point","coordinates":[122.087,0.441]}},{"type":"Feature","properties":{"name":"M5.5 · 64 km S of Poso, Indonesia","magnitude":5.5,"depth_km":10,"depth_class":"Shallow","time":"2025-07-24T13:06:57.472Z","pager_alert":"green","felt_reports":2,"url":"https://earthquake.usgs.gov/earthquakes/eventpage/us6000qulb","marker-color":"#ef4444","marker-size":"small"},"geometry":{"type":"Point","coordinates":[120.757,-1.976]}},{"type":"Feature","properties":{"name":"M5.6 · 69 km NNE of Masamba, Indonesia","magnitude":5.6,"depth_km":10,"depth_class":"Shallow","time":"2025-07-24T13:08:16.319Z","pager_alert":"green","felt_reports":1,"url":"https://earthquake.usgs.gov/earthquakes/eventpage/us6000qulk","marker-color":"#ef4444","marker-size":"small"},"geometry":{"type":"Point","coordinates":[120.66,-2.023]}},{"type":"Feature","properties":{"name":"M5.7 · 38 km WSW of Angoram, Papua New Guinea","magnitude":5.7,"depth_km":108,"depth_class":"Intermediate","time":"2025-07-24T16:37:18.726Z","pager_alert":"green","felt_reports":4,"url":"https://earthquake.usgs.gov/earthquakes/eventpage/us6000qun0","marker-color":"#f59e0b","marker-size":"small"},"geometry":{"type":"Point","coordinates":[143.752,-4.208]}},{"type":"Feature","properties":{"name":"M6.0 · 163 km E of Petropavlovsk-Kamchatsky, Russia","magnitude":6,"depth_km":14,"depth_class":"Shallow","time":"2025-07-24T22:37:27.147Z","pager_alert":"green","url":"https://earthquake.usgs.gov/earthquakes/eventpage/us6000quxn","marker-color":"#ef4444","marker-size":"small"},"geometry":{"type":"Point","coordinates":[161.063,53.015]}},{"type":"Feature","properties":{"name":"M5.8 · 165 km E of Petropavlovsk-Kamchatsky, Russia","magnitude":5.8,"depth_km":10,"depth_class":"Shallow","time":"2025-07-24T22:39:24.305Z","pager_alert":"green","url":"https://earthquake.usgs.gov/earthquakes/eventpage/us6000quxr","marker-color":"#ef4444","marker-size":"small"},"geometry":{"type":"Point","coordinates":[161.086,52.958]}},{"type":"Feature","properties":{"name":"M6.6 · 187 km SSE of Mata-Utu, Wallis and Futuna","magnitude":6.6,"depth_km":314.2,"depth_class":"Deep","time":"2025-07-24T23:37:56.601Z","pager_alert":"green","tsunami_flag":true,"url":"https://earthquake.usgs.gov/earthquakes/eventpage/us6000quy1","marker-color":"#8b5cf6","marker-size":"medium"},"geometry":{"type":"Point","coordinates":[-175.702,-14.909]}},{"type":"Feature","properties":{"name":"M5.5 · Azores-Cape St. Vincent Ridge","magnitude":5.5,"depth_km":10,"depth_class":"Shallow","time":"2025-07-25T01:29:02.957Z","pager_alert":"green","felt_reports":9,"url":"https://earthquake.usgs.gov/earthquakes/eventpage/us6000quyn","marker-color":"#ef4444","marker-size":"small"},"geometry":{"type":"Point","coordinates":[-18.008,37.716]}},{"type":"Feature","properties":{"name":"M6.2 · west of Macquarie Island","magnitude":6.2,"depth_km":10,"depth_class":"Shallow","time":"2025-07-25T11:22:02.292Z","pager_alert":"green","felt_reports":1,"url":"https://earthquake.usgs.gov/earthquakes/eventpage/us6000qv1b","marker-color":"#ef4444","marker-size":"small"},"geometry":{"type":"Point","coordinates":[146.585,-55.407]}},{"type":"Feature","properties":{"name":"M5.7 · west of Macquarie Island","magnitude":5.7,"depth_km":10,"depth_class":"Shallow","time":"2025-07-25T12:45:55.345Z","pager_alert":"green","felt_reports":1,"url":"https://earthquake.usgs.gov/earthquakes/eventpage/us6000qv3y","marker-color":"#ef4444","marker-size":"small"},"geometry":{"type":"Point","coordinates":[146.438,-55.325]}},{"type":"Feature","properties":{"name":"M5.8 · 130 km WNW of Tobelo, Indonesia","magnitude":5.8,"depth_km":80,"depth_class":"Intermediate","time":"2025-07-25T21:29:58.920Z","pager_alert":"green","felt_reports":3,"url":"https://earthquake.usgs.gov/earthquakes/eventpage/us6000qv7n","marker-color":"#f59e0b","marker-size":"small"},"geometry":{"type":"Point","coordinates":[126.873,2.024]}},{"type":"Feature","properties":{"name":"M5.6 · 61 km NNE of Sorong, Indonesia","magnitude":5.6,"depth_km":10,"depth_class":"Shallow","time":"2025-07-26T05:31:46.303Z","pager_alert":"green","felt_reports":1,"url":"https://earthquake.usgs.gov/earthquakes/eventpage/us6000qv9l","marker-color":"#ef4444","marker-size":"small"},"geometry":{"type":"Point","coordinates":[131.536,-0.395]}},{"type":"Feature","properties":{"name":"M6.2 · Macquarie Island region","magnitude":6.2,"depth_km":17,"depth_class":"Shallow","time":"2025-07-26T16:15:04.546Z","pager_alert":"green","tsunami_flag":true,"felt_reports":1,"url":"https://earthquake.usgs.gov/earthquakes/eventpage/us6000qvbw","marker-color":"#ef4444","marker-size":"small"},"geometry":{"type":"Point","coordinates":[157.725,-57.772]}},{"type":"Feature","properties":{"name":"M5.6 · east of the South Sandwich Islands","magnitude":5.6,"depth_km":10,"depth_class":"Shallow","time":"2025-07-27T09:30:37.512Z","url":"https://earthquake.usgs.gov/earthquakes/eventpage/us6000qvgw","marker-color":"#ef4444","marker-size":"small"},"geometry":{"type":"Point","coordinates":[-18.745,-60.088]}},{"type":"Feature","properties":{"name":"M6.4 · 264 km WNW of Sabang, Indonesia","magnitude":6.4,"depth_km":21,"depth_class":"Shallow","time":"2025-07-28T18:41:50.299Z","pager_alert":"green","felt_reports":24,"url":"https://earthquake.usgs.gov/earthquakes/eventpage/us6000qvpp","marker-color":"#ef4444","marker-size":"medium"},"geometry":{"type":"Point","coordinates":[93.064,6.691]}},{"type":"Feature","properties":{"name":"M7.0 · Macquarie Island region","magnitude":7,"depth_km":31,"depth_class":"Shallow","time":"2025-07-28T22:10:35.109Z","pager_alert":"green","tsunami_flag":true,"url":"https://earthquake.usgs.gov/earthquakes/eventpage/us6000qvsf","marker-color":"#ef4444","marker-size":"large"},"geometry":{"type":"Point","coordinates":[157.039,-57.605]}},{"type":"Feature","properties":{"name":"M5.8 · Macquarie Island region","magnitude":5.8,"depth_km":10,"depth_class":"Shallow","time":"2025-07-28T22:15:20.890Z","pager_alert":"green","url":"https://earthquake.usgs.gov/earthquakes/eventpage/us6000qvvp","marker-color":"#ef4444","marker-size":"small"},"geometry":{"type":"Point","coordinates":[157.619,-57.907]}},{"type":"Feature","properties":{"name":"M5.8 · south of the Fiji Islands","magnitude":5.8,"depth_km":550,"depth_class":"Deep","time":"2025-07-29T17:46:37.267Z","pager_alert":"green","url":"https://earthquake.usgs.gov/earthquakes/eventpage/us6000qw18","marker-color":"#8b5cf6","marker-size":"small"},"geometry":{"type":"Point","coordinates":[178.962,-23.509]}},{"type":"Feature","properties":{"name":"M6.6 · south of the Fiji Islands","magnitude":6.6,"depth_km":553,"depth_class":"Deep","time":"2025-07-29T17:53:40.918Z","pager_alert":"green","tsunami_flag":true,"url":"https://earthquake.usgs.gov/earthquakes/eventpage/us6000qw1a","marker-color":"#8b5cf6","marker-size":"medium"},"geometry":{"type":"Point","coordinates":[178.858,-23.45]}},{"type":"Feature","properties":{"name":"M5.6 · 4 km WNW of Jerez, Guatemala","magnitude":5.6,"depth_km":11.9,"depth_class":"Shallow","time":"2025-07-29T21:21:47.885Z","pager_alert":"yellow","felt_reports":59,"url":"https://earthquake.usgs.gov/earthquakes/eventpage/us6000qw58","marker-color":"#ef4444","marker-size":"small"},"geometry":{"type":"Point","coordinates":[-89.791,14.099]}},{"type":"Feature","properties":{"name":"M5.7 · 6 km SE of Comapa, Guatemala","magnitude":5.7,"depth_km":10,"depth_class":"Shallow","time":"2025-07-29T21:25:23.916Z","pager_alert":"yellow","felt_reports":12,"url":"https://earthquake.usgs.gov/earthquakes/eventpage/us6000qw59","marker-color":"#ef4444","marker-size":"small"},"geometry":{"type":"Point","coordinates":[-89.871,14.066]}},{"type":"Feature","properties":{"name":"M8.8 · 2025 Kamchatka Peninsula, Russia Earthquake","magnitude":8.8,"depth_km":35,"depth_class":"Shallow","time":"2025-07-29T23:24:52.483Z","pager_alert":"red","tsunami_flag":true,"felt_reports":125,"url":"https://earthquake.usgs.gov/earthquakes/eventpage/us6000qw60","marker-color":"#ef4444","marker-size":"large"},"geometry":{"type":"Point","coordinates":[160.24,52.495]}},{"type":"Feature","properties":{"name":"M6.3 · 94 km SE of Petropavlovsk-Kamchatsky, Russia","magnitude":6.3,"depth_km":16.4,"depth_class":"Shallow","time":"2025-07-29T23:30:03.032Z","pager_alert":"green","url":"https://earthquake.usgs.gov/earthquakes/eventpage/us6000r0y5","marker-color":"#ef4444","marker-size":"medium"},"geometry":{"type":"Point","coordinates":[159.703,52.52]}},{"type":"Feature","properties":{"name":"M6.1 · 78 km SE of Petropavlovsk-Kamchatsky, Russia","magnitude":6.1,"depth_km":25.4,"depth_class":"Shallow","time":"2025-07-29T23:30:44.566Z","pager_alert":"green","url":"https://earthquake.usgs.gov/earthquakes/eventpage/us6000r0xw","marker-color":"#ef4444","marker-size":"small"},"geometry":{"type":"Point","coordinates":[159.579,52.65]}},{"type":"Feature","properties":{"name":"M5.9 · 137 km ENE of Petropavlovsk-Kamchatsky, Russia","magnitude":5.9,"depth_km":42.7,"depth_class":"Shallow","time":"2025-07-29T23:31:25.020Z","pager_alert":"green","url":"https://earthquake.usgs.gov/earthquakes/eventpage/us6000r0xt","marker-color":"#ef4444","marker-size":"small"},"geometry":{"type":"Point","coordinates":[160.431,53.665]}},{"type":"Feature","properties":{"name":"M5.9 · 128 km SSE of Vilyuchinsk, Russia","magnitude":5.9,"depth_km":35,"depth_class":"Shallow","time":"2025-07-29T23:34:53.625Z","pager_alert":"green","url":"https://earthquake.usgs.gov/earthquakes/eventpage/us6000r0q2","marker-color":"#ef4444","marker-size":"small"},"geometry":{"type":"Point","coordinates":[159.121,51.859]}},{"type":"Feature","properties":{"name":"M6.0 · 124 km ENE of Ozernovskiy, Russia","magnitude":6,"depth_km":35,"depth_class":"Shallow","time":"2025-07-29T23:36:01.341Z","pager_alert":"green","url":"https://earthquake.usgs.gov/earthquakes/eventpage/us6000r0qc","marker-color":"#ef4444","marker-size":"small"},"geometry":{"type":"Point","coordinates":[158.25,51.754]}},{"type":"Feature","properties":{"name":"M6.0 · 165 km SSE of Vilyuchinsk, Russia","magnitude":6,"depth_km":35,"depth_class":"Shallow","time":"2025-07-29T23:37:34.403Z","pager_alert":"green","url":"https://earthquake.usgs.gov/earthquakes/eventpage/us6000qwhj","marker-color":"#ef4444","marker-size":"small"},"geometry":{"type":"Point","coordinates":[159.126,51.509]}},{"type":"Feature","properties":{"name":"M5.7 · 103 km SE of Vilyuchinsk, Russia","magnitude":5.7,"depth_km":35,"depth_class":"Shallow","time":"2025-07-29T23:38:28.604Z","pager_alert":"green","url":"https://earthquake.usgs.gov/earthquakes/eventpage/us6000r0ql","marker-color":"#ef4444","marker-size":"small"},"geometry":{"type":"Point","coordinates":[159.54,52.314]}},{"type":"Feature","properties":{"name":"M5.8 · 184 km ESE of Ozernovskiy, Russia","magnitude":5.8,"depth_km":10,"depth_class":"Shallow","time":"2025-07-29T23:38:56.675Z","pager_alert":"green","url":"https://earthquake.usgs.gov/earthquakes/eventpage/us6000r0qg","marker-color":"#ef4444","marker-size":"small"},"geometry":{"type":"Point","coordinates":[159.055,51.061]}},{"type":"Feature","properties":{"name":"M5.7 · 155 km S of Severo-Kuril’sk, Russia","magnitude":5.7,"depth_km":10,"depth_class":"Shallow","time":"2025-07-29T23:40:27.004Z","pager_alert":"green","url":"https://earthquake.usgs.gov/earthquakes/eventpage/us6000qwhh","marker-color":"#ef4444","marker-size":"small"},"geometry":{"type":"Point","coordinates":[156.519,49.299]}},{"type":"Feature","properties":{"name":"M5.7 · 138 km S of Severo-Kuril’sk, Russia","magnitude":5.7,"depth_km":35,"depth_class":"Shallow","time":"2025-07-29T23:46:37.801Z","pager_alert":"green","url":"https://earthquake.usgs.gov/earthquakes/eventpage/us6000qwi3","marker-color":"#ef4444","marker-size":"small"},"geometry":{"type":"Point","coordinates":[156.159,49.426]}},{"type":"Feature","properties":{"name":"M5.6 · 176 km SE of Vilyuchinsk, Russia","magnitude":5.6,"depth_km":10,"depth_class":"Shallow","time":"2025-07-29T23:48:17.525Z","pager_alert":"green","url":"https://earthquake.usgs.gov/earthquakes/eventpage/us6000qw6g","marker-color":"#ef4444","marker-size":"small"},"geometry":{"type":"Point","coordinates":[160.159,51.76]}},{"type":"Feature","properties":{"name":"M5.7 · 177 km ESE of Ozernovskiy, Russia","magnitude":5.7,"depth_km":10,"depth_class":"Shallow","time":"2025-07-29T23:54:58.717Z","pager_alert":"green","url":"https://earthquake.usgs.gov/earthquakes/eventpage/us6000r0pw","marker-color":"#ef4444","marker-size":"small"},"geometry":{"type":"Point","coordinates":[158.784,50.805]}},{"type":"Feature","properties":{"name":"M6.9 · 125 km SE of Petropavlovsk-Kamchatsky, Russia","magnitude":6.9,"depth_km":36.6,"depth_class":"Shallow","time":"2025-07-30T00:09:58.961Z","pager_alert":"yellow","felt_reports":5,"url":"https://earthquake.usgs.gov/earthquakes/eventpage/us6000qw6q","marker-color":"#ef4444","marker-size":"medium"},"geometry":{"type":"Point","coordinates":[159.801,52.195]}},{"type":"Feature","properties":{"name":"M5.8 · 159 km SE of Vilyuchinsk, Russia","magnitude":5.8,"depth_km":25.7,"depth_class":"Shallow","time":"2025-07-30T00:12:20.745Z","pager_alert":"green","url":"https://earthquake.usgs.gov/earthquakes/eventpage/us6000r1em","marker-color":"#ef4444","marker-size":"small"},"geometry":{"type":"Point","coordinates":[159.823,51.786]}},{"type":"Feature","properties":{"name":"M6.2 · 126 km SE of Vilyuchinsk, Russia","magnitude":6.2,"depth_km":35,"depth_class":"Shallow","time":"2025-07-30T00:16:06.520Z","pager_alert":"green","url":"https://earthquake.usgs.gov/earthquakes/eventpage/us6000qw6s","marker-color":"#ef4444","marker-size":"small"},"geometry":{"type":"Point","coordinates":[159.692,52.105]}},{"type":"Feature","properties":{"name":"M5.7 · 127 km SSE of Vilyuchinsk, Russia","magnitude":5.7,"depth_km":35,"depth_class":"Shallow","time":"2025-07-30T00:35:26.004Z","pager_alert":"green","url":"https://earthquake.usgs.gov/earthquakes/eventpage/us6000qw6z","marker-color":"#ef4444","marker-size":"small"},"geometry":{"type":"Point","coordinates":[159.255,51.913]}},{"type":"Feature","properties":{"name":"M5.7 · 181 km SSE of Vilyuchinsk, Russia","magnitude":5.7,"depth_km":10,"depth_class":"Shallow","time":"2025-07-30T00:58:38.149Z","pager_alert":"green","url":"https://earthquake.usgs.gov/earthquakes/eventpage/us6000qw74","marker-color":"#ef4444","marker-size":"small"},"geometry":{"type":"Point","coordinates":[159.9,51.585]}},{"type":"Feature","properties":{"name":"M5.7 · 144 km S of Vilyuchinsk, Russia","magnitude":5.7,"depth_km":35,"depth_class":"Shallow","time":"2025-07-30T01:03:22.907Z","pager_alert":"green","url":"https://earthquake.usgs.gov/earthquakes/eventpage/us6000qw75","marker-color":"#ef4444","marker-size":"small"},"geometry":{"type":"Point","coordinates":[158.808,51.658]}},{"type":"Feature","properties":{"name":"M5.6 · 136 km ESE of Ozernovskiy, Russia","magnitude":5.6,"depth_km":35,"depth_class":"Shallow","time":"2025-07-30T01:38:16.776Z","pager_alert":"green","url":"https://earthquake.usgs.gov/earthquakes/eventpage/us6000qw7f","marker-color":"#ef4444","marker-size":"small"},"geometry":{"type":"Point","coordinates":[158.309,51.017]}},{"type":"Feature","properties":{"name":"M5.5 · 99 km ESE of Severo-Kuril’sk, Russia","magnitude":5.5,"depth_km":35,"depth_class":"Shallow","time":"2025-07-30T01:46:52.665Z","pager_alert":"green","url":"https://earthquake.usgs.gov/earthquakes/eventpage/us6000qw7h","marker-color":"#ef4444","marker-size":"small"},"geometry":{"type":"Point","coordinates":[157.293,50.187]}},{"type":"Feature","properties":{"name":"M5.7 · 256 km ESE of Petropavlovsk-Kamchatsky, Russia","magnitude":5.7,"depth_km":10,"depth_class":"Shallow","time":"2025-07-30T02:27:30.416Z","pager_alert":"green","url":"https://earthquake.usgs.gov/earthquakes/eventpage/us6000qw86","marker-color":"#ef4444","marker-size":"small"},"geometry":{"type":"Point","coordinates":[162.079,52.113]}},{"type":"Feature","properties":{"name":"M5.9 · 93 km E of Severo-Kuril’sk, Russia","magnitude":5.9,"depth_km":37.5,"depth_class":"Shallow","time":"2025-07-30T02:30:40.490Z","pager_alert":"green","url":"https://earthquake.usgs.gov/earthquakes/eventpage/us6000qw87","marker-color":"#ef4444","marker-size":"small"},"geometry":{"type":"Point","coordinates":[157.444,50.654]}},{"type":"Feature","properties":{"name":"M5.5 · 146 km SSE of Vilyuchinsk, Russia","magnitude":5.5,"depth_km":35,"depth_class":"Shallow","time":"2025-07-30T03:13:25.319Z","pager_alert":"green","url":"https://earthquake.usgs.gov/earthquakes/eventpage/us6000qw8r","marker-color":"#ef4444","marker-size":"small"},"geometry":{"type":"Point","coordinates":[159.309,51.732]}},{"type":"Feature","properties":{"name":"M5.5 · 152 km E of Petropavlovsk-Kamchatsky, Russia","magnitude":5.5,"depth_km":24.9,"depth_class":"Shallow","time":"2025-07-30T03:13:56.616Z","pager_alert":"green","url":"https://earthquake.usgs.gov/earthquakes/eventpage/us6000r1gk","marker-color":"#ef4444","marker-size":"small"},"geometry":{"type":"Point","coordinates":[160.882,52.876]}},{"type":"Feature","properties":{"name":"M5.5 · 132 km SSE of Vilyuchinsk, Russia","magnitude":5.5,"depth_km":35,"depth_class":"Shallow","time":"2025-07-30T03:25:54.468Z","pager_alert":"green","url":"https://earthquake.usgs.gov/earthquakes/eventpage/us6000qw94","marker-color":"#ef4444","marker-size":"small"},"geometry":{"type":"Point","coordinates":[159.18,51.839]}},{"type":"Feature","properties":{"name":"M5.6 · 152 km S of Severo-Kuril’sk, Russia","magnitude":5.6,"depth_km":35,"depth_class":"Shallow","time":"2025-07-30T04:25:14.790Z","pager_alert":"green","url":"https://earthquake.usgs.gov/earthquakes/eventpage/us6000qwah","marker-color":"#ef4444","marker-size":"small"},"geometry":{"type":"Point","coordinates":[156.532,49.33]}},{"type":"Feature","properties":{"name":"M5.6 · 122 km E of Severo-Kuril’sk, Russia","magnitude":5.6,"depth_km":61.8,"depth_class":"Shallow","time":"2025-07-30T05:05:15.426Z","pager_alert":"green","url":"https://earthquake.usgs.gov/earthquakes/eventpage/us6000qwb4","marker-color":"#ef4444","marker-size":"small"},"geometry":{"type":"Point","coordinates":[157.862,50.738]}},{"type":"Feature","properties":{"name":"M5.6 · 202 km S of Severo-Kuril’sk, Russia","magnitude":5.6,"depth_km":10,"depth_class":"Shallow","time":"2025-07-30T07:34:42.923Z","pager_alert":"green","url":"https://earthquake.usgs.gov/earthquakes/eventpage/us6000qwd7","marker-color":"#ef4444","marker-size":"small"},"geometry":{"type":"Point","coordinates":[156.301,48.861]}},{"type":"Feature","properties":{"name":"M5.5 · South Sandwich Islands region","magnitude":5.5,"depth_km":126.3,"depth_class":"Intermediate","time":"2025-07-30T09:24:39.757Z","pager_alert":"green","url":"https://earthquake.usgs.gov/earthquakes/eventpage/us6000qwex","marker-color":"#f59e0b","marker-size":"small"},"geometry":{"type":"Point","coordinates":[-26.203,-58.926]}},{"type":"Feature","properties":{"name":"M6.1 · 183 km SE of Vilyuchinsk, Russia","magnitude":6.1,"depth_km":10.4,"depth_class":"Shallow","time":"2025-07-30T09:56:13.780Z","pager_alert":"green","url":"https://earthquake.usgs.gov/earthquakes/eventpage/us6000qwfe","marker-color":"#ef4444","marker-size":"small"},"geometry":{"type":"Point","coordinates":[160.001,51.604]}},{"type":"Feature","properties":{"name":"M5.9 · 135 km ESE of Severo-Kuril’sk, Russia","magnitude":5.9,"depth_km":23.3,"depth_class":"Shallow","time":"2025-07-30T14:47:43.816Z","pager_alert":"green","felt_reports":2,"url":"https://earthquake.usgs.gov/earthquakes/eventpage/us6000qwiq","marker-color":"#ef4444","marker-size":"small"},"geometry":{"type":"Point","coordinates":[157.77,50.067]}},{"type":"Feature","properties":{"name":"M6.0 · 138 km SE of Severo-Kuril’sk, Russia","magnitude":6,"depth_km":35,"depth_class":"Shallow","time":"2025-07-30T16:07:46.668Z","pager_alert":"green","url":"https://earthquake.usgs.gov/earthquakes/eventpage/us6000qwk1","marker-color":"#ef4444","marker-size":"small"},"geometry":{"type":"Point","coordinates":[157.275,49.67]}},{"type":"Feature","properties":{"name":"M5.7 · 256 km ESE of Ozernovskiy, Russia","magnitude":5.7,"depth_km":10,"depth_class":"Shallow","time":"2025-07-30T16:47:12.839Z","pager_alert":"green","url":"https://earthquake.usgs.gov/earthquakes/eventpage/us6000qwlc","marker-color":"#ef4444","marker-size":"small"},"geometry":{"type":"Point","coordinates":[159.737,50.422]}},{"type":"Feature","properties":{"name":"M5.6 · 134 km SE of Severo-Kuril’sk, Russia","magnitude":5.6,"depth_km":10,"depth_class":"Shallow","time":"2025-07-30T16:57:34.771Z","pager_alert":"green","url":"https://earthquake.usgs.gov/earthquakes/eventpage/us6000qwle","marker-color":"#ef4444","marker-size":"small"},"geometry":{"type":"Point","coordinates":[157.572,49.896]}},{"type":"Feature","properties":{"name":"M5.6 · 223 km SE of Severo-Kuril’sk, Russia","magnitude":5.6,"depth_km":10,"depth_class":"Shallow","time":"2025-07-30T21:13:01.237Z","pager_alert":"green","url":"https://earthquake.usgs.gov/earthquakes/eventpage/us6000qwqm","marker-color":"#ef4444","marker-size":"small"},"geometry":{"type":"Point","coordinates":[158.663,49.497]}},{"type":"Feature","properties":{"name":"M5.7 · 144 km SE of Petropavlovsk-Kamchatsky, Russia","magnitude":5.7,"depth_km":17,"depth_class":"Shallow","time":"2025-07-30T21:51:11.837Z","pager_alert":"green","url":"https://earthquake.usgs.gov/earthquakes/eventpage/us6000qwr5","marker-color":"#ef4444","marker-size":"small"},"geometry":{"type":"Point","coordinates":[160.265,52.232]}},{"type":"Feature","properties":{"name":"M5.8 · 161 km ESE of Petropavlovsk-Kamchatsky, Russia","magnitude":5.8,"depth_km":10,"depth_class":"Shallow","time":"2025-07-30T23:15:30.093Z","pager_alert":"green","url":"https://earthquake.usgs.gov/earthquakes/eventpage/us6000qwrs","marker-color":"#ef4444","marker-size":"small"},"geometry":{"type":"Point","coordinates":[160.768,52.412]}},{"type":"Feature","properties":{"name":"M6.2 · 222 km SE of Severo-Kuril’sk, Russia","magnitude":6.2,"depth_km":15,"depth_class":"Shallow","time":"2025-07-31T05:27:14.789Z","pager_alert":"green","felt_reports":2,"url":"https://earthquake.usgs.gov/earthquakes/eventpage/us6000qwuh","marker-color":"#ef4444","marker-size":"small"},"geometry":{"type":"Point","coordinates":[158.65,49.5]}},{"type":"Feature","properties":{"name":"M5.6 · 140 km ESE of Petropavlovsk-Kamchatsky, Russia","magnitude":5.6,"depth_km":48.2,"depth_class":"Shallow","time":"2025-07-31T05:31:25.745Z","url":"https://earthquake.usgs.gov/earthquakes/eventpage/us6000r2f0","marker-color":"#ef4444","marker-size":"small"},"geometry":{"type":"Point","coordinates":[160.606,52.66]}},{"type":"Feature","properties":{"name":"M5.5 · 131 km SE of Severo-Kuril’sk, Russia","magnitude":5.5,"depth_km":43.9,"depth_class":"Shallow","time":"2025-07-31T07:42:42.827Z","pager_alert":"green","url":"https://earthquake.usgs.gov/earthquakes/eventpage/us6000qwvb","marker-color":"#ef4444","marker-size":"small"},"geometry":{"type":"Point","coordinates":[157.471,49.871]}},{"type":"Feature","properties":{"name":"M5.7 · 167 km ESE of Petropavlovsk-Kamchatsky, Russia","magnitude":5.7,"depth_km":14,"depth_class":"Shallow","time":"2025-07-31T20:36:03.253Z","pager_alert":"green","felt_reports":1,"url":"https://earthquake.usgs.gov/earthquakes/eventpage/us6000qx2r","marker-color":"#ef4444","marker-size":"small"},"geometry":{"type":"Point","coordinates":[160.981,52.586]}},{"type":"Feature","properties":{"name":"M5.7 · 106 km ESE of Petropavlovsk-Kamchatsky, Russia","magnitude":5.7,"depth_km":28,"depth_class":"Shallow","time":"2025-08-01T08:34:25.369Z","pager_alert":"green","url":"https://earthquake.usgs.gov/earthquakes/eventpage/us6000qx8k","marker-color":"#ef4444","marker-size":"small"},"geometry":{"type":"Point","coordinates":[160.146,52.806]}},{"type":"Feature","properties":{"name":"M5.7 · 122 km E of Severo-Kuril’sk, Russia","magnitude":5.7,"depth_km":23,"depth_class":"Shallow","time":"2025-08-01T10:54:58.030Z","pager_alert":"green","url":"https://earthquake.usgs.gov/earthquakes/eventpage/us6000qx98","marker-color":"#ef4444","marker-size":"small"},"geometry":{"type":"Point","coordinates":[157.848,50.527]}},{"type":"Feature","properties":{"name":"M5.9 · 174 km SE of Vilyuchinsk, Russia","magnitude":5.9,"depth_km":19,"depth_class":"Shallow","time":"2025-08-01T11:57:23.128Z","pager_alert":"green","url":"https://earthquake.usgs.gov/earthquakes/eventpage/us6000qx9r","marker-color":"#ef4444","marker-size":"small"},"geometry":{"type":"Point","coordinates":[160.043,51.727]}},{"type":"Feature","properties":{"name":"M5.6 · 104 km S of Vilyuchinsk, Russia","magnitude":5.6,"depth_km":23,"depth_class":"Shallow","time":"2025-08-01T13:44:14.297Z","pager_alert":"green","url":"https://earthquake.usgs.gov/earthquakes/eventpage/us6000qxae","marker-color":"#ef4444","marker-size":"small"},"geometry":{"type":"Point","coordinates":[158.375,51.988]}},{"type":"Feature","properties":{"name":"M6.1 · 215 km ESE of Severo-Kuril’sk, Russia","magnitude":6.1,"depth_km":10,"depth_class":"Shallow","time":"2025-08-01T18:20:45.177Z","pager_alert":"green","url":"https://earthquake.usgs.gov/earthquakes/eventpage/us6000qxfn","marker-color":"#ef4444","marker-size":"small"},"geometry":{"type":"Point","coordinates":[159.066,50.21]}},{"type":"Feature","properties":{"name":"M5.5 · 191 km E of Petropavlovsk-Kamchatsky, Russia","magnitude":5.5,"depth_km":10,"depth_class":"Shallow","time":"2025-08-01T18:53:10.397Z","pager_alert":"green","url":"https://earthquake.usgs.gov/earthquakes/eventpage/us6000qxgb","marker-color":"#ef4444","marker-size":"small"},"geometry":{"type":"Point","coordinates":[161.439,52.798]}},{"type":"Feature","properties":{"name":"M5.6 · 32 km SE of Severo-Kuril’sk, Russia","magnitude":5.6,"depth_km":79.3,"depth_class":"Intermediate","time":"2025-08-01T20:08:12.598Z","pager_alert":"green","url":"https://earthquake.usgs.gov/earthquakes/eventpage/us6000qxi9","marker-color":"#f59e0b","marker-size":"small"},"geometry":{"type":"Point","coordinates":[156.397,50.44]}},{"type":"Feature","properties":{"name":"M6.0 · 165 km SSE of Vilyuchinsk, Russia","magnitude":6,"depth_km":17,"depth_class":"Shallow","time":"2025-08-02T14:14:03.328Z","pager_alert":"green","url":"https://earthquake.usgs.gov/earthquakes/eventpage/us6000qxn6","marker-color":"#ef4444","marker-size":"small"},"geometry":{"type":"Point","coordinates":[159.463,51.591]}},{"type":"Feature","properties":{"name":"M5.8 · 4 km S of Xagacía, Mexico","magnitude":5.8,"depth_km":62.6,"depth_class":"Shallow","time":"2025-08-02T17:58:45.419Z","pager_alert":"green","felt_reports":62,"url":"https://earthquake.usgs.gov/earthquakes/eventpage/us6000qxpd","marker-color":"#ef4444","marker-size":"small"},"geometry":{"type":"Point","coordinates":[-96.264,17.112]}},{"type":"Feature","properties":{"name":"M5.8 · Pacific-Antarctic Ridge","magnitude":5.8,"depth_km":10,"depth_class":"Shallow","time":"2025-08-03T02:26:17.530Z","pager_alert":"green","url":"https://earthquake.usgs.gov/earthquakes/eventpage/us6000qxsd","marker-color":"#ef4444","marker-size":"small"},"geometry":{"type":"Point","coordinates":[-127.836,-55.364]}},{"type":"Feature","properties":{"name":"M6.3 · Pacific-Antarctic Ridge","magnitude":6.3,"depth_km":10,"depth_class":"Shallow","time":"2025-08-03T04:57:10.505Z","pager_alert":"green","felt_reports":1,"url":"https://earthquake.usgs.gov/earthquakes/eventpage/us6000qxsv","marker-color":"#ef4444","marker-size":"medium"},"geometry":{"type":"Point","coordinates":[-128.651,-55.228]}},{"type":"Feature","properties":{"name":"M6.8 · 123 km E of Severo-Kuril’sk, Russia","magnitude":6.8,"depth_km":30,"depth_class":"Shallow","time":"2025-08-03T05:37:55.148Z","pager_alert":"green","tsunami_flag":true,"felt_reports":7,"url":"https://earthquake.usgs.gov/earthquakes/eventpage/us6000qxt4","marker-color":"#ef4444","marker-size":"medium"},"geometry":{"type":"Point","coordinates":[157.864,50.585]}},{"type":"Feature","properties":{"name":"M5.6 · 156 km ESE of Petropavlovsk-Kamchatsky, Russia","magnitude":5.6,"depth_km":10,"depth_class":"Shallow","time":"2025-08-03T14:26:45.416Z","pager_alert":"green","url":"https://earthquake.usgs.gov/earthquakes/eventpage/us6000qxvr","marker-color":"#ef4444","marker-size":"small"},"geometry":{"type":"Point","coordinates":[160.691,52.428]}},{"type":"Feature","properties":{"name":"M5.6 · 151 km ESE of Petropavlovsk-Kamchatsky, Russia","magnitude":5.6,"depth_km":9,"depth_class":"Shallow","time":"2025-08-03T18:07:33.204Z","pager_alert":"green","url":"https://earthquake.usgs.gov/earthquakes/eventpage/us6000qxxc","marker-color":"#ef4444","marker-size":"small"},"geometry":{"type":"Point","coordinates":[160.668,52.498]}},{"type":"Feature","properties":{"name":"M6.2 · 202 km S of Severo-Kuril’sk, Russia","magnitude":6.2,"depth_km":16,"depth_class":"Shallow","time":"2025-08-04T04:20:54.562Z","pager_alert":"green","felt_reports":1,"url":"https://earthquake.usgs.gov/earthquakes/eventpage/us6000qxzw","marker-color":"#ef4444","marker-size":"small"},"geometry":{"type":"Point","coordinates":[156.367,48.859]}},{"type":"Feature","properties":{"name":"M5.6 · 131 km SSE of Bam, Iran","magnitude":5.6,"depth_km":76.7,"depth_class":"Intermediate","time":"2025-08-05T05:06:47.092Z","pager_alert":"green","felt_reports":4,"url":"https://earthquake.usgs.gov/earthquakes/eventpage/us6000qy6g","marker-color":"#f59e0b","marker-size":"small"},"geometry":{"type":"Point","coordinates":[59.012,28.071]}},{"type":"Feature","properties":{"name":"M5.7 · 38 km SE of Boca de Yuma, Dominican Republic","magnitude":5.7,"depth_km":168,"depth_class":"Intermediate","time":"2025-08-05T09:23:51.280Z","felt_reports":484,"url":"https://earthquake.usgs.gov/earthquakes/eventpage/pr2025217000","marker-color":"#f59e0b","marker-size":"small"},"geometry":{"type":"Point","coordinates":[-68.323,18.167]}},{"type":"Feature","properties":{"name":"M5.8 · 167 km SSE of Vilyuchinsk, Russia","magnitude":5.8,"depth_km":16,"depth_class":"Shallow","time":"2025-08-06T10:35:08.011Z","pager_alert":"green","url":"https://earthquake.usgs.gov/earthquakes/eventpage/us6000qykf","marker-color":"#ef4444","marker-size":"small"},"geometry":{"type":"Point","coordinates":[159.448,51.564]}},{"type":"Feature","properties":{"name":"M5.5 · 189 km SSE of Vilyuchinsk, Russia","magnitude":5.5,"depth_km":10,"depth_class":"Shallow","time":"2025-08-06T10:43:11.088Z","pager_alert":"green","url":"https://earthquake.usgs.gov/earthquakes/eventpage/us6000qyki","marker-color":"#ef4444","marker-size":"small"},"geometry":{"type":"Point","coordinates":[159.693,51.425]}},{"type":"Feature","properties":{"name":"M5.5 · 16 km NNW of Yonakuni, Japan","magnitude":5.5,"depth_km":113.5,"depth_class":"Intermediate","time":"2025-08-07T07:45:05.200Z","pager_alert":"green","felt_reports":22,"url":"https://earthquake.usgs.gov/earthquakes/eventpage/us6000qyt7","marker-color":"#f59e0b","marker-size":"small"},"geometry":{"type":"Point","coordinates":[122.966,24.613]}},{"type":"Feature","properties":{"name":"M5.9 · 74 km E of Kokopo, Papua New Guinea","magnitude":5.9,"depth_km":19,"depth_class":"Shallow","time":"2025-08-07T16:33:59.672Z","pager_alert":"green","felt_reports":3,"url":"https://earthquake.usgs.gov/earthquakes/eventpage/us6000qywk","marker-color":"#ef4444","marker-size":"small"},"geometry":{"type":"Point","coordinates":[152.927,-4.224]}},{"type":"Feature","properties":{"name":"M6.0 · 265 km ESE of Severo-Kuril’sk, Russia","magnitude":6,"depth_km":11,"depth_class":"Shallow","time":"2025-08-09T14:04:07.171Z","pager_alert":"green","url":"https://earthquake.usgs.gov/earthquakes/eventpage/us6000qzh9","marker-color":"#ef4444","marker-size":"small"},"geometry":{"type":"Point","coordinates":[159.736,50.072]}},{"type":"Feature","properties":{"name":"M5.9 · 104 km SSW of Champerico, Guatemala","magnitude":5.9,"depth_km":9,"depth_class":"Shallow","time":"2025-08-09T20:40:57.876Z","pager_alert":"green","felt_reports":14,"url":"https://earthquake.usgs.gov/earthquakes/eventpage/us6000qzin","marker-color":"#ef4444","marker-size":"small"},"geometry":{"type":"Point","coordinates":[-92.399,13.48]}},{"type":"Feature","properties":{"name":"M5.9 · 103 km ESE of Inarajan Village, Guam","magnitude":5.9,"depth_km":16,"depth_class":"Shallow","time":"2025-08-10T04:56:49.867Z","pager_alert":"green","felt_reports":52,"url":"https://earthquake.usgs.gov/earthquakes/eventpage/us6000qzki","marker-color":"#ef4444","marker-size":"small"},"geometry":{"type":"Point","coordinates":[145.638,12.944]}},{"type":"Feature","properties":{"name":"M6.1 · 10 km WSW of Bigadiç, Turkey","magnitude":6.1,"depth_km":10,"depth_class":"Shallow","time":"2025-08-10T16:53:47.260Z","pager_alert":"orange","felt_reports":238,"url":"https://earthquake.usgs.gov/earthquakes/eventpage/us6000qznb","marker-color":"#ef4444","marker-size":"small"},"geometry":{"type":"Point","coordinates":[28.017,39.371]}},{"type":"Feature","properties":{"name":"M5.8 · 138 km SW of Manuel Ávila Camacho (Ponte Duro), Mexico","magnitude":5.8,"depth_km":9,"depth_class":"Shallow","time":"2025-08-11T02:20:59.773Z","pager_alert":"green","felt_reports":2,"url":"https://earthquake.usgs.gov/earthquakes/eventpage/us6000qzqn","marker-color":"#ef4444","marker-size":"small"},"geometry":{"type":"Point","coordinates":[-94.385,14.823]}},{"type":"Feature","properties":{"name":"M6.3 · 195 km WNW of Abepura, Indonesia","magnitude":6.3,"depth_km":14,"depth_class":"Shallow","time":"2025-08-12T08:24:23.409Z","pager_alert":"green","tsunami_flag":true,"felt_reports":14,"url":"https://earthquake.usgs.gov/earthquakes/eventpage/us6000r01m","marker-color":"#ef4444","marker-size":"medium"},"geometry":{"type":"Point","coordinates":[138.966,-2.03]}},{"type":"Feature","properties":{"name":"M5.6 · 93 km NNE of Hihifo, Tonga","magnitude":5.6,"depth_km":36,"depth_class":"Shallow","time":"2025-08-12T13:41:28.882Z","pager_alert":"green","felt_reports":4,"url":"https://earthquake.usgs.gov/earthquakes/eventpage/us6000r03i","marker-color":"#ef4444","marker-size":"small"},"geometry":{"type":"Point","coordinates":[-173.328,-15.236]}},{"type":"Feature","properties":{"name":"M5.6 · 151 km E of Neiafu, Tonga","magnitude":5.6,"depth_km":24,"depth_class":"Shallow","time":"2025-08-14T04:38:16.447Z","pager_alert":"green","felt_reports":1,"url":"https://earthquake.usgs.gov/earthquakes/eventpage/us6000r0l4","marker-color":"#ef4444","marker-size":"small"},"geometry":{"type":"Point","coordinates":[-172.572,-18.414]}},{"type":"Feature","properties":{"name":"M6.3 · 115 km SSE of Lata, Solomon Islands","magnitude":6.3,"depth_km":45,"depth_class":"Shallow","time":"2025-08-14T16:22:34.235Z","pager_alert":"green","felt_reports":1,"url":"https://earthquake.usgs.gov/earthquakes/eventpage/us6000r0sa","marker-color":"#ef4444","marker-size":"medium"},"geometry":{"type":"Point","coordinates":[166.205,-11.693]}},{"type":"Feature","properties":{"name":"M5.7 · 93 km ESE of Petropavlovsk-Kamchatsky, Russia","magnitude":5.7,"depth_km":43,"depth_class":"Shallow","time":"2025-08-15T10:11:52.133Z","pager_alert":"green","url":"https://earthquake.usgs.gov/earthquakes/eventpage/us6000r0yd","marker-color":"#ef4444","marker-size":"small"},"geometry":{"type":"Point","coordinates":[159.942,52.787]}},{"type":"Feature","properties":{"name":"M5.6 · southeast of the Loyalty Islands","magnitude":5.6,"depth_km":11,"depth_class":"Shallow","time":"2025-08-16T12:08:24.075Z","pager_alert":"green","url":"https://earthquake.usgs.gov/earthquakes/eventpage/us6000r1l5","marker-color":"#ef4444","marker-size":"small"},"geometry":{"type":"Point","coordinates":[170.808,-23.183]}},{"type":"Feature","properties":{"name":"M5.5 · 32 km ESE of Takanabe, Japan","magnitude":5.5,"depth_km":30,"depth_class":"Shallow","time":"2025-08-16T21:13:14.873Z","pager_alert":"green","felt_reports":6,"url":"https://earthquake.usgs.gov/earthquakes/eventpage/us6000r1mt","marker-color":"#ef4444","marker-size":"small"},"geometry":{"type":"Point","coordinates":[131.811,32.013]}},{"type":"Feature","properties":{"name":"M5.8 · 13 km NNW of Poso, Indonesia","magnitude":5.8,"depth_km":8,"depth_class":"Shallow","time":"2025-08-16T22:38:52.030Z","pager_alert":"yellow","felt_reports":28,"url":"https://earthquake.usgs.gov/earthquakes/eventpage/us6000r1n3","marker-color":"#ef4444","marker-size":"small"},"geometry":{"type":"Point","coordinates":[120.721,-1.275]}},{"type":"Feature","properties":{"name":"M5.5 · 109 km WNW of Tobelo, Indonesia","magnitude":5.5,"depth_km":20.1,"depth_class":"Shallow","time":"2025-08-17T15:03:12.628Z","pager_alert":"green","url":"https://earthquake.usgs.gov/earthquakes/eventpage/us6000r1qp","marker-color":"#ef4444","marker-size":"small"},"geometry":{"type":"Point","coordinates":[127.131,2.168]}},{"type":"Feature","properties":{"name":"M5.6 · Off the coast of Aisen, Chile","magnitude":5.6,"depth_km":10,"depth_class":"Shallow","time":"2025-08-18T07:10:12.806Z","pager_alert":"green","felt_reports":1,"url":"https://earthquake.usgs.gov/earthquakes/eventpage/us6000r1ud","marker-color":"#ef4444","marker-size":"small"},"geometry":{"type":"Point","coordinates":[-79.941,-44.754]}},{"type":"Feature","properties":{"name":"M5.6 · south of Tonga","magnitude":5.6,"depth_km":12,"depth_class":"Shallow","time":"2025-08-18T23:03:09.204Z","pager_alert":"green","url":"https://earthquake.usgs.gov/earthquakes/eventpage/us6000r1yq","marker-color":"#ef4444","marker-size":"small"},"geometry":{"type":"Point","coordinates":[-175.969,-24.373]}},{"type":"Feature","properties":{"name":"M5.8 · 165 km SE of Vilyuchinsk, Russia","magnitude":5.8,"depth_km":10,"depth_class":"Shallow","time":"2025-08-21T11:21:03.945Z","pager_alert":"green","url":"https://earthquake.usgs.gov/earthquakes/eventpage/us6000r2s3","marker-color":"#ef4444","marker-size":"small"},"geometry":{"type":"Point","coordinates":[160.125,51.882]}},{"type":"Feature","properties":{"name":"M5.6 · 62 km SE of Ōfunato, Japan","magnitude":5.6,"depth_km":40,"depth_class":"Shallow","time":"2025-08-21T22:34:44.484Z","pager_alert":"green","felt_reports":7,"url":"https://earthquake.usgs.gov/earthquakes/eventpage/us6000r2uz","marker-color":"#ef4444","marker-size":"small"},"geometry":{"type":"Point","coordinates":[142.309,38.757]}},{"type":"Feature","properties":{"name":"M7.5 · 2025 Southern Drake Passage Earthquake","magnitude":7.5,"depth_km":10,"depth_class":"Shallow","time":"2025-08-22T02:16:18.246Z","pager_alert":"green","tsunami_flag":true,"felt_reports":15,"url":"https://earthquake.usgs.gov/earthquakes/eventpage/us6000r2xq","marker-color":"#ef4444","marker-size":"large"},"geometry":{"type":"Point","coordinates":[-61.922,-60.319]}},{"type":"Feature","properties":{"name":"M5.5 · south of Tonga","magnitude":5.5,"depth_km":10,"depth_class":"Shallow","time":"2025-08-23T00:10:54.678Z","pager_alert":"green","url":"https://earthquake.usgs.gov/earthquakes/eventpage/us6000r385","marker-color":"#ef4444","marker-size":"small"},"geometry":{"type":"Point","coordinates":[-175.888,-24.674]}},{"type":"Feature","properties":{"name":"M6.0 · 88 km SW of Acajutla, El Salvador","magnitude":6,"depth_km":17,"depth_class":"Shallow","time":"2025-08-23T09:14:22.210Z","pager_alert":"green","felt_reports":42,"url":"https://earthquake.usgs.gov/earthquakes/eventpage/us6000r3at","marker-color":"#ef4444","marker-size":"small"},"geometry":{"type":"Point","coordinates":[-90.434,13.06]}},{"type":"Feature","properties":{"name":"M5.8 · 57 km SSE of Sinabang, Indonesia","magnitude":5.8,"depth_km":18,"depth_class":"Shallow","time":"2025-08-23T12:24:53.914Z","pager_alert":"green","felt_reports":1,"url":"https://earthquake.usgs.gov/earthquakes/eventpage/us6000r3bg","marker-color":"#ef4444","marker-size":"small"},"geometry":{"type":"Point","coordinates":[96.6,2.011]}},{"type":"Feature","properties":{"name":"M6.1 · east of the Kuril Islands","magnitude":6.1,"depth_km":9,"depth_class":"Shallow","time":"2025-08-25T06:48:34.819Z","pager_alert":"green","url":"https://earthquake.usgs.gov/earthquakes/eventpage/us6000r3l7","marker-color":"#ef4444","marker-size":"small"},"geometry":{"type":"Point","coordinates":[160.043,49.373]}},{"type":"Feature","properties":{"name":"M5.6 · 174 km S of Severo-Kuril’sk, Russia","magnitude":5.6,"depth_km":31,"depth_class":"Shallow","time":"2025-08-25T22:13:11.671Z","pager_alert":"green","url":"https://earthquake.usgs.gov/earthquakes/eventpage/us7000qqx7","marker-color":"#ef4444","marker-size":"small"},"geometry":{"type":"Point","coordinates":[156.1,49.105]}},{"type":"Feature","properties":{"name":"M5.6 · 230 km E of Levuka, Fiji","magnitude":5.6,"depth_km":614.1,"depth_class":"Deep","time":"2025-08-26T01:32:50.378Z","pager_alert":"green","url":"https://earthquake.usgs.gov/earthquakes/eventpage/us7000qqxt","marker-color":"#8b5cf6","marker-size":"small"},"geometry":{"type":"Point","coordinates":[-178.52,-17.811]}},{"type":"Feature","properties":{"name":"M6.0 · 92 km E of Severo-Kuril’sk, Russia","magnitude":6,"depth_km":40,"depth_class":"Shallow","time":"2025-08-27T03:49:50.441Z","pager_alert":"green","felt_reports":4,"url":"https://earthquake.usgs.gov/earthquakes/eventpage/us7000qr8h","marker-color":"#ef4444","marker-size":"small"},"geometry":{"type":"Point","coordinates":[157.427,50.768]}},{"type":"Feature","properties":{"name":"M5.9 · 237 km W of Adak, Alaska","magnitude":5.9,"depth_km":130,"depth_class":"Intermediate","time":"2025-08-28T11:07:48.125Z","pager_alert":"green","tsunami_flag":true,"felt_reports":2,"url":"https://earthquake.usgs.gov/earthquakes/eventpage/us7000qrj0","marker-color":"#f59e0b","marker-size":"small"},"geometry":{"type":"Point","coordinates":[179.939,52.125]}},{"type":"Feature","properties":{"name":"M5.5 · 53 km E of Onagawa Chō, Japan","magnitude":5.5,"depth_km":51.7,"depth_class":"Shallow","time":"2025-08-29T16:29:22.449Z","pager_alert":"green","felt_reports":25,"url":"https://earthquake.usgs.gov/earthquakes/eventpage/us7000qrw3","marker-color":"#ef4444","marker-size":"small"},"geometry":{"type":"Point","coordinates":[142.065,38.453]}},{"type":"Feature","properties":{"name":"M5.5 · 110 km SE of Lata, Solomon Islands","magnitude":5.5,"depth_km":60,"depth_class":"Shallow","time":"2025-08-30T20:09:27.619Z","pager_alert":"green","url":"https://earthquake.usgs.gov/earthquakes/eventpage/us7000qsly","marker-color":"#ef4444","marker-size":"small"},"geometry":{"type":"Point","coordinates":[166.361,-11.552]}},{"type":"Feature","properties":{"name":"M5.6 · South Sandwich Islands region","magnitude":5.6,"depth_km":67.5,"depth_class":"Shallow","time":"2025-08-31T16:24:27.451Z","pager_alert":"green","url":"https://earthquake.usgs.gov/earthquakes/eventpage/us7000qsu5","marker-color":"#ef4444","marker-size":"small"},"geometry":{"type":"Point","coordinates":[-25.62,-58.376]}},{"type":"Feature","properties":{"name":"M6.0 · 35 km WSW of Asadābād, Afghanistan","magnitude":6,"depth_km":8,"depth_class":"Shallow","time":"2025-08-31T19:17:34.124Z","pager_alert":"red","felt_reports":169,"url":"https://earthquake.usgs.gov/earthquakes/eventpage/us7000qsvj","marker-color":"#ef4444","marker-size":"small"},"geometry":{"type":"Point","coordinates":[70.809,34.711]}},{"type":"Feature","properties":{"name":"M5.6 · 133 km SE of Old Harbor, Alaska","magnitude":5.6,"depth_km":12,"depth_class":"Shallow","time":"2025-09-01T11:02:09.766Z","pager_alert":"green","tsunami_flag":true,"url":"https://earthquake.usgs.gov/earthquakes/eventpage/ak025b7povrc","marker-color":"#ef4444","marker-size":"small"},"geometry":{"type":"Point","coordinates":[-151.974,56.248]}},{"type":"Feature","properties":{"name":"M5.9 · 92 km SSW of Nikolski, Alaska","magnitude":5.9,"depth_km":18,"depth_class":"Shallow","time":"2025-09-03T20:57:47.645Z","pager_alert":"green","tsunami_flag":true,"felt_reports":1,"url":"https://earthquake.usgs.gov/earthquakes/eventpage/us7000qtm0","marker-color":"#ef4444","marker-size":"small"},"geometry":{"type":"Point","coordinates":[-169.504,52.207]}},{"type":"Feature","properties":{"name":"M5.9 · 85 km W of San Antonio de los Cobres, Argentina","magnitude":5.9,"depth_km":182,"depth_class":"Intermediate","time":"2025-09-04T04:10:19.917Z","pager_alert":"green","felt_reports":17,"url":"https://earthquake.usgs.gov/earthquakes/eventpage/us7000qtpj","marker-color":"#f59e0b","marker-size":"small"},"geometry":{"type":"Point","coordinates":[-67.157,-24.13]}},{"type":"Feature","properties":{"name":"M5.6 · 40 km WSW of Asadābād, Afghanistan","magnitude":5.6,"depth_km":16.5,"depth_class":"Shallow","time":"2025-09-04T16:56:26.361Z","pager_alert":"red","felt_reports":84,"url":"https://earthquake.usgs.gov/earthquakes/eventpage/us7000qtst","marker-color":"#ef4444","marker-size":"small"},"geometry":{"type":"Point","coordinates":[70.758,34.697]}},{"type":"Feature","properties":{"name":"M6.4 · Vanuatu region","magnitude":6.4,"depth_km":10,"depth_class":"Shallow","time":"2025-09-08T21:47:48.117Z","pager_alert":"green","tsunami_flag":true,"felt_reports":1,"url":"https://earthquake.usgs.gov/earthquakes/eventpage/us7000quvp","marker-color":"#ef4444","marker-size":"medium"},"geometry":{"type":"Point","coordinates":[173.705,-21.002]}},{"type":"Feature","properties":{"name":"M5.7 · 174 km WSW of Port Orford, Oregon","magnitude":5.7,"depth_km":10,"depth_class":"Shallow","time":"2025-09-09T04:08:01.584Z","pager_alert":"green","tsunami_flag":true,"felt_reports":50,"url":"https://earthquake.usgs.gov/earthquakes/eventpage/us7000quwy","marker-color":"#ef4444","marker-size":"small"},"geometry":{"type":"Point","coordinates":[-126.562,42.36]}},{"type":"Feature","properties":{"name":"M5.6 · Tristan da Cunha region","magnitude":5.6,"depth_km":10,"depth_class":"Shallow","time":"2025-09-12T17:46:45.860Z","pager_alert":"green","url":"https://earthquake.usgs.gov/earthquakes/eventpage/us7000qvrf","marker-color":"#ef4444","marker-size":"small"},"geometry":{"type":"Point","coordinates":[-15.621,-39.434]}},{"type":"Feature","properties":{"name":"M7.4 · 105 km E of Petropavlovsk-Kamchatsky, Russia","magnitude":7.4,"depth_km":58,"depth_class":"Shallow","time":"2025-09-13T02:37:56.761Z","pager_alert":"green","tsunami_flag":true,"felt_reports":23,"url":"https://earthquake.usgs.gov/earthquakes/eventpage/us7000qvw5","marker-color":"#ef4444","marker-size":"large"},"geometry":{"type":"Point","coordinates":[160.19,53.197]}},{"type":"Feature","properties":{"name":"M5.5 · 11 km ESE of Udalguri, India","magnitude":5.5,"depth_km":29,"depth_class":"Shallow","time":"2025-09-14T11:11:51.373Z","pager_alert":"orange","felt_reports":120,"url":"https://earthquake.usgs.gov/earthquakes/eventpage/us7000qw56","marker-color":"#ef4444","marker-size":"small"},"geometry":{"type":"Point","coordinates":[92.21,26.71]}},{"type":"Feature","properties":{"name":"M6.0 · 144 km ESE of Petropavlovsk-Kamchatsky, Russia","magnitude":6,"depth_km":15,"depth_class":"Shallow","time":"2025-09-15T16:34:35.213Z","pager_alert":"green","url":"https://earthquake.usgs.gov/earthquakes/eventpage/us7000qwch","marker-color":"#ef4444","marker-size":"small"},"geometry":{"type":"Point","coordinates":[160.679,52.697]}},{"type":"Feature","properties":{"name":"M6.0 · 208 km SE of Kokopo, Papua New Guinea","magnitude":6,"depth_km":31,"depth_class":"Shallow","time":"2025-09-16T16:59:46.550Z","pager_alert":"green","url":"https://earthquake.usgs.gov/earthquakes/eventpage/us7000qwir","marker-color":"#ef4444","marker-size":"small"},"geometry":{"type":"Point","coordinates":[153.735,-5.518]}},{"type":"Feature","properties":{"name":"M6.0 · 26 km S of Nabire, Indonesia","magnitude":6,"depth_km":28,"depth_class":"Shallow","time":"2025-09-18T18:19:49.220Z","pager_alert":"green","felt_reports":6,"url":"https://earthquake.usgs.gov/earthquakes/eventpage/us7000qx1z","marker-color":"#ef4444","marker-size":"small"},"geometry":{"type":"Point","coordinates":[135.466,-3.596]}},{"type":"Feature","properties":{"name":"M7.8 · 140 km E of Petropavlovsk-Kamchatsky, Russia","magnitude":7.8,"depth_km":27,"depth_class":"Shallow","time":"2025-09-18T18:58:14.939Z","pager_alert":"orange","tsunami_flag":true,"felt_reports":26,"url":"https://earthquake.usgs.gov/earthquakes/eventpage/us7000qx2g","marker-color":"#ef4444","marker-size":"large"},"geometry":{"type":"Point","coordinates":[160.721,53.143]}},{"type":"Feature","properties":{"name":"M5.8 · 144 km E of Petropavlovsk-Kamchatsky, Russia","magnitude":5.8,"depth_km":10,"depth_class":"Shallow","time":"2025-09-18T19:08:19.904Z","pager_alert":"green","url":"https://earthquake.usgs.gov/earthquakes/eventpage/us7000qx2q","marker-color":"#ef4444","marker-size":"small"},"geometry":{"type":"Point","coordinates":[160.774,52.986]}},{"type":"Feature","properties":{"name":"M5.5 · 160 km ESE of Petropavlovsk-Kamchatsky, Russia","magnitude":5.5,"depth_km":10,"depth_class":"Shallow","time":"2025-09-18T19:26:37.834Z","pager_alert":"green","url":"https://earthquake.usgs.gov/earthquakes/eventpage/us7000qx2s","marker-color":"#ef4444","marker-size":"small"},"geometry":{"type":"Point","coordinates":[160.965,52.76]}},{"type":"Feature","properties":{"name":"M5.6 · 156 km ESE of Petropavlovsk-Kamchatsky, Russia","magnitude":5.6,"depth_km":10,"depth_class":"Shallow","time":"2025-09-18T20:03:02.493Z","pager_alert":"green","url":"https://earthquake.usgs.gov/earthquakes/eventpage/us7000qx33","marker-color":"#ef4444","marker-size":"small"},"geometry":{"type":"Point","coordinates":[160.692,52.416]}},{"type":"Feature","properties":{"name":"M5.5 · 144 km E of Petropavlovsk-Kamchatsky, Russia","magnitude":5.5,"depth_km":35.7,"depth_class":"Shallow","time":"2025-09-18T20:17:44.835Z","pager_alert":"green","url":"https://earthquake.usgs.gov/earthquakes/eventpage/us7000qx3d","marker-color":"#ef4444","marker-size":"small"},"geometry":{"type":"Point","coordinates":[160.761,52.928]}},{"type":"Feature","properties":{"name":"M5.7 · 140 km E of Petropavlovsk-Kamchatsky, Russia","magnitude":5.7,"depth_km":47.9,"depth_class":"Shallow","time":"2025-09-18T21:37:55.577Z","pager_alert":"green","url":"https://earthquake.usgs.gov/earthquakes/eventpage/us7000qx4q","marker-color":"#ef4444","marker-size":"small"},"geometry":{"type":"Point","coordinates":[160.705,52.937]}},{"type":"Feature","properties":{"name":"M5.5 · 151 km E of Petropavlovsk-Kamchatsky, Russia","magnitude":5.5,"depth_km":35,"depth_class":"Shallow","time":"2025-09-18T22:37:10.562Z","pager_alert":"green","url":"https://earthquake.usgs.gov/earthquakes/eventpage/us7000qx52","marker-color":"#ef4444","marker-size":"small"},"geometry":{"type":"Point","coordinates":[160.885,53.007]}},{"type":"Feature","properties":{"name":"M5.5 · 42 km ENE of La Tirana, Chile","magnitude":5.5,"depth_km":96.3,"depth_class":"Intermediate","time":"2025-09-19T04:55:56.775Z","pager_alert":"green","felt_reports":36,"url":"https://earthquake.usgs.gov/earthquakes/eventpage/us7000qx7a","marker-color":"#f59e0b","marker-size":"small"},"geometry":{"type":"Point","coordinates":[-69.258,-20.239]}},{"type":"Feature","properties":{"name":"M5.5 · 164 km SE of Petropavlovsk-Kamchatsky, Russia","magnitude":5.5,"depth_km":10,"depth_class":"Shallow","time":"2025-09-19T13:27:04.406Z","pager_alert":"green","url":"https://earthquake.usgs.gov/earthquakes/eventpage/us7000qxat","marker-color":"#ef4444","marker-size":"small"},"geometry":{"type":"Point","coordinates":[160.645,52.242]}},{"type":"Feature","properties":{"name":"M5.9 · 109 km ESE of Ozernovskiy, Russia","magnitude":5.9,"depth_km":45,"depth_class":"Shallow","time":"2025-09-19T14:55:24.833Z","pager_alert":"green","url":"https://earthquake.usgs.gov/earthquakes/eventpage/us7000qxcd","marker-color":"#ef4444","marker-size":"small"},"geometry":{"type":"Point","coordinates":[157.994,51.183]}},{"type":"Feature","properties":{"name":"M6.0 · 98 km ESE of Ozernovskiy, Russia","magnitude":6,"depth_km":58.3,"depth_class":"Shallow","time":"2025-09-19T14:55:40.913Z","pager_alert":"green","url":"https://earthquake.usgs.gov/earthquakes/eventpage/us6000rge8","marker-color":"#ef4444","marker-size":"small"},"geometry":{"type":"Point","coordinates":[157.863,51.246]}},{"type":"Feature","properties":{"name":"M5.9 · 176 km E of Petropavlovsk-Kamchatsky, Russia","magnitude":5.9,"depth_km":13,"depth_class":"Shallow","time":"2025-09-19T15:45:35.090Z","pager_alert":"green","url":"https://earthquake.usgs.gov/earthquakes/eventpage/us7000qxcr","marker-color":"#ef4444","marker-size":"small"},"geometry":{"type":"Point","coordinates":[161.244,52.911]}},{"type":"Feature","properties":{"name":"M5.6 · 166 km E of Petropavlovsk-Kamchatsky, Russia","magnitude":5.6,"depth_km":10,"depth_class":"Shallow","time":"2025-09-21T01:13:35.389Z","pager_alert":"green","url":"https://earthquake.usgs.gov/earthquakes/eventpage/us7000qxm7","marker-color":"#ef4444","marker-size":"small"},"geometry":{"type":"Point","coordinates":[161.095,52.936]}},{"type":"Feature","properties":{"name":"M5.5 · 122 km SW of Adak, Alaska","magnitude":5.5,"depth_km":30,"depth_class":"Shallow","time":"2025-09-21T09:30:27.862Z","pager_alert":"green","tsunami_flag":true,"felt_reports":4,"url":"https://earthquake.usgs.gov/earthquakes/eventpage/us7000qxp1","marker-color":"#ef4444","marker-size":"small"},"geometry":{"type":"Point","coordinates":[-178.022,51.199]}},{"type":"Feature","properties":{"name":"M5.5 · 173 km SSE of Vilyuchinsk, Russia","magnitude":5.5,"depth_km":17,"depth_class":"Shallow","time":"2025-09-22T16:28:54.550Z","pager_alert":"green","url":"https://earthquake.usgs.gov/earthquakes/eventpage/us6000rc2r","marker-color":"#ef4444","marker-size":"small"},"geometry":{"type":"Point","coordinates":[159.518,51.53]}},{"type":"Feature","properties":{"name":"M5.6 · 172 km SSE of Vilyuchinsk, Russia","magnitude":5.6,"depth_km":17,"depth_class":"Shallow","time":"2025-09-22T18:18:53.733Z","pager_alert":"green","url":"https://earthquake.usgs.gov/earthquakes/eventpage/us6000rc4t","marker-color":"#ef4444","marker-size":"small"},"geometry":{"type":"Point","coordinates":[159.448,51.524]}},{"type":"Feature","properties":{"name":"M5.6 · 47 km SSW of San Juan, Peru","magnitude":5.6,"depth_km":12,"depth_class":"Shallow","time":"2025-09-23T17:39:19.799Z","pager_alert":"green","felt_reports":1,"url":"https://earthquake.usgs.gov/earthquakes/eventpage/us6000rcdc","marker-color":"#ef4444","marker-size":"small"},"geometry":{"type":"Point","coordinates":[-75.297,-15.774]}},{"type":"Feature","properties":{"name":"M6.2 · 5 km ENE of Mene Grande, Venezuela","magnitude":6.2,"depth_km":9,"depth_class":"Shallow","time":"2025-09-24T22:21:55.716Z","pager_alert":"yellow","tsunami_flag":true,"felt_reports":243,"url":"https://earthquake.usgs.gov/earthquakes/eventpage/us6000rcnw","marker-color":"#ef4444","marker-size":"small"},"geometry":{"type":"Point","coordinates":[-70.878,9.867]}},{"type":"Feature","properties":{"name":"M6.3 · 25 km ENE of Mene Grande, Venezuela","magnitude":6.3,"depth_km":14,"depth_class":"Shallow","time":"2025-09-25T03:51:39.565Z","pager_alert":"yellow","tsunami_flag":true,"felt_reports":224,"url":"https://earthquake.usgs.gov/earthquakes/eventpage/us6000rcqw","marker-color":"#ef4444","marker-size":"medium"},"geometry":{"type":"Point","coordinates":[-70.708,9.936]}},{"type":"Feature","properties":{"name":"M5.7 · 183 km SSW of Emiliano Zapata, Mexico","magnitude":5.7,"depth_km":10,"depth_class":"Shallow","time":"2025-09-25T10:16:24.902Z","pager_alert":"green","url":"https://earthquake.usgs.gov/earthquakes/eventpage/us6000rcsb","marker-color":"#ef4444","marker-size":"small"},"geometry":{"type":"Point","coordinates":[-105.879,17.979]}},{"type":"Feature","properties":{"name":"M5.9 · 239 km W of Bandon, Oregon","magnitude":5.9,"depth_km":10,"depth_class":"Shallow","time":"2025-09-26T06:45:28.067Z","pager_alert":"green","tsunami_flag":true,"felt_reports":29,"url":"https://earthquake.usgs.gov/earthquakes/eventpage/us6000rd1w","marker-color":"#ef4444","marker-size":"small"},"geometry":{"type":"Point","coordinates":[-127.32,43.452]}},{"type":"Feature","properties":{"name":"M5.5 · 90 km WNW of Sola, Vanuatu","magnitude":5.5,"depth_km":33,"depth_class":"Shallow","time":"2025-09-27T08:10:48.598Z","pager_alert":"green","url":"https://earthquake.usgs.gov/earthquakes/eventpage/us6000rdan","marker-color":"#ef4444","marker-size":"small"},"geometry":{"type":"Point","coordinates":[166.732,-13.697]}},{"type":"Feature","properties":{"name":"M5.5 · south of the Fiji Islands","magnitude":5.5,"depth_km":573.6,"depth_class":"Deep","time":"2025-09-28T08:53:01.242Z","pager_alert":"green","url":"https://earthquake.usgs.gov/earthquakes/eventpage/us6000rdex","marker-color":"#8b5cf6","marker-size":"small"},"geometry":{"type":"Point","coordinates":[178.811,-23.876]}},{"type":"Feature","properties":{"name":"M5.5 · 89 km E of Petropavlovsk-Kamchatsky, Russia","magnitude":5.5,"depth_km":42,"depth_class":"Shallow","time":"2025-09-29T22:07:23.711Z","pager_alert":"green","felt_reports":1,"url":"https://earthquake.usgs.gov/earthquakes/eventpage/us6000rdnq","marker-color":"#ef4444","marker-size":"small"},"geometry":{"type":"Point","coordinates":[159.945,52.964]}},{"type":"Feature","properties":{"name":"M6.9 · 8 km ESE of Calape, Philippines","magnitude":6.9,"depth_km":10,"depth_class":"Shallow","time":"2025-09-30T13:59:43.328Z","pager_alert":"orange","tsunami_flag":true,"felt_reports":651,"url":"https://earthquake.usgs.gov/earthquakes/eventpage/us6000rdrz","marker-color":"#ef4444","marker-size":"medium"},"geometry":{"type":"Point","coordinates":[124.111,11.156]}},{"type":"Feature","properties":{"name":"M6.0 · 31 km ESE of Kalianget, Indonesia","magnitude":6,"depth_km":19.5,"depth_class":"Shallow","time":"2025-09-30T16:49:43.533Z","pager_alert":"green","felt_reports":60,"url":"https://earthquake.usgs.gov/earthquakes/eventpage/us6000rdta","marker-color":"#ef4444","marker-size":"small"},"geometry":{"type":"Point","coordinates":[114.184,-7.203]}},{"type":"Feature","properties":{"name":"M5.6 · 199 km NE of Lospalos, Timor Leste","magnitude":5.6,"depth_km":146.8,"depth_class":"Intermediate","time":"2025-10-01T13:49:49.750Z","pager_alert":"green","felt_reports":1,"url":"https://earthquake.usgs.gov/earthquakes/eventpage/us6000rdz7","marker-color":"#f59e0b","marker-size":"small"},"geometry":{"type":"Point","coordinates":[128.344,-7.322]}},{"type":"Feature","properties":{"name":"M5.7 · 15 km WSW of El Hoyo, Argentina","magnitude":5.7,"depth_km":559.2,"depth_class":"Deep","time":"2025-10-02T21:37:57.993Z","pager_alert":"green","url":"https://earthquake.usgs.gov/earthquakes/eventpage/us6000recz","marker-color":"#8b5cf6","marker-size":"small"},"geometry":{"type":"Point","coordinates":[-63.387,-27.064]}},{"type":"Feature","properties":{"name":"M6.1 · 177 km SE of Vilyuchinsk, Russia","magnitude":6.1,"depth_km":19,"depth_class":"Shallow","time":"2025-10-03T16:07:44.844Z","pager_alert":"green","url":"https://earthquake.usgs.gov/earthquakes/eventpage/us6000rei1","marker-color":"#ef4444","marker-size":"small"},"geometry":{"type":"Point","coordinates":[159.908,51.628]}},{"type":"Feature","properties":{"name":"M5.5 · northern East Pacific Rise","magnitude":5.5,"depth_km":10,"depth_class":"Shallow","time":"2025-10-04T09:02:03.232Z","pager_alert":"green","url":"https://earthquake.usgs.gov/earthquakes/eventpage/us6000rerp","marker-color":"#ef4444","marker-size":"small"},"geometry":{"type":"Point","coordinates":[-103.895,8.359]}},{"type":"Feature","properties":{"name":"M5.9 · 48 km ENE of Tomioka, Japan","magnitude":5.9,"depth_km":54.2,"depth_class":"Shallow","time":"2025-10-04T15:21:10.042Z","pager_alert":"green","felt_reports":54,"url":"https://earthquake.usgs.gov/earthquakes/eventpage/us6000resn","marker-color":"#ef4444","marker-size":"small"},"geometry":{"type":"Point","coordinates":[141.552,37.421]}},{"type":"Feature","properties":{"name":"M5.6 · south of the Fiji Islands","magnitude":5.6,"depth_km":581.9,"depth_class":"Deep","time":"2025-10-06T12:08:42.490Z","pager_alert":"green","url":"https://earthquake.usgs.gov/earthquakes/eventpage/us6000rf2j","marker-color":"#8b5cf6","marker-size":"small"},"geometry":{"type":"Point","coordinates":[175.521,-21.101]}},{"type":"Feature","properties":{"name":"M6.6 · 17 km W of Lae, Papua New Guinea","magnitude":6.6,"depth_km":98,"depth_class":"Intermediate","time":"2025-10-07T11:05:17.136Z","pager_alert":"green","tsunami_flag":true,"felt_reports":72,"url":"https://earthquake.usgs.gov/earthquakes/eventpage/us6000rfb2","marker-color":"#f59e0b","marker-size":"medium"},"geometry":{"type":"Point","coordinates":[146.84,-6.736]}},{"type":"Feature","properties":{"name":"M5.7 · 100 km ENE of Norsup, Vanuatu","magnitude":5.7,"depth_km":10,"depth_class":"Shallow","time":"2025-10-07T22:36:17.688Z","pager_alert":"green","url":"https://earthquake.usgs.gov/earthquakes/eventpage/us6000rfhk","marker-color":"#ef4444","marker-size":"small"},"geometry":{"type":"Point","coordinates":[168.181,-15.573]}},{"type":"Feature","properties":{"name":"M5.6 · South Sandwich Islands region","magnitude":5.6,"depth_km":10,"depth_class":"Shallow","time":"2025-10-08T03:50:46.776Z","pager_alert":"green","url":"https://earthquake.usgs.gov/earthquakes/eventpage/us6000rfjc","marker-color":"#ef4444","marker-size":"small"},"geometry":{"type":"Point","coordinates":[-24.268,-57.744]}},{"type":"Feature","properties":{"name":"M5.5 · 208 km N of Daocheng, China","magnitude":5.5,"depth_km":10,"depth_class":"Shallow","time":"2025-10-09T05:17:40.662Z","pager_alert":"yellow","felt_reports":5,"url":"https://earthquake.usgs.gov/earthquakes/eventpage/us6000rfs1","marker-color":"#ef4444","marker-size":"small"},"geometry":{"type":"Point","coordinates":[99.898,30.883]}},{"type":"Feature","properties":{"name":"M6.1 · 121 km E of Ozernovskiy, Russia","magnitude":6.1,"depth_km":56.5,"depth_class":"Shallow","time":"2025-10-09T13:28:44.543Z","pager_alert":"green","url":"https://earthquake.usgs.gov/earthquakes/eventpage/us6000rft9","marker-color":"#ef4444","marker-size":"small"},"geometry":{"type":"Point","coordinates":[158.233,51.668]}},{"type":"Feature","properties":{"name":"M7.4 · 12 km E of Santiago, Philippines","magnitude":7.4,"depth_km":59.4,"depth_class":"Shallow","time":"2025-10-10T01:43:59.585Z","pager_alert":"green","tsunami_flag":true,"felt_reports":347,"url":"https://earthquake.usgs.gov/earthquakes/eventpage/us6000rfwz","marker-color":"#ef4444","marker-size":"large"},"geometry":{"type":"Point","coordinates":[126.69,7.287]}},{"type":"Feature","properties":{"name":"M5.9 · 36 km ESE of Manay, Philippines","magnitude":5.9,"depth_km":63.4,"depth_class":"Shallow","time":"2025-10-10T01:51:15.525Z","pager_alert":"green","felt_reports":4,"url":"https://earthquake.usgs.gov/earthquakes/eventpage/us6000rfx2","marker-color":"#ef4444","marker-size":"small"},"geometry":{"type":"Point","coordinates":[126.835,7.065]}},{"type":"Feature","properties":{"name":"M6.3 · 139 km SE of Lorengau, Papua New Guinea","magnitude":6.3,"depth_km":10,"depth_class":"Shallow","time":"2025-10-10T02:08:10.652Z","pager_alert":"green","felt_reports":1,"url":"https://earthquake.usgs.gov/earthquakes/eventpage/us6000rfye","marker-color":"#ef4444","marker-size":"medium"},"geometry":{"type":"Point","coordinates":[147.971,-3.076]}},{"type":"Feature","properties":{"name":"M5.6 · 27 km ESE of San Ignacio, Philippines","magnitude":5.6,"depth_km":67.8,"depth_class":"Shallow","time":"2025-10-10T02:11:45.318Z","pager_alert":"green","felt_reports":2,"url":"https://earthquake.usgs.gov/earthquakes/eventpage/us6000rfyw","marker-color":"#ef4444","marker-size":"small"},"geometry":{"type":"Point","coordinates":[126.71,7.015]}},{"type":"Feature","properties":{"name":"M5.5 · 35 km ESE of Manay, Philippines","magnitude":5.5,"depth_km":72.2,"depth_class":"Intermediate","time":"2025-10-10T03:32:16.463Z","pager_alert":"green","url":"https://earthquake.usgs.gov/earthquakes/eventpage/us6000rg02","marker-color":"#f59e0b","marker-size":"small"},"geometry":{"type":"Point","coordinates":[126.824,7.073]}},{"type":"Feature","properties":{"name":"M6.7 · 12 km SE of Santiago, Philippines","magnitude":6.7,"depth_km":47,"depth_class":"Shallow","time":"2025-10-10T11:12:05.407Z","pager_alert":"green","tsunami_flag":true,"felt_reports":79,"url":"https://earthquake.usgs.gov/earthquakes/eventpage/us6000rg2r","marker-color":"#ef4444","marker-size":"medium"},"geometry":{"type":"Point","coordinates":[126.658,7.213]}},{"type":"Feature","properties":{"name":"M5.6 · 52 km SE of Severo-Kuril’sk, Russia","magnitude":5.6,"depth_km":66.9,"depth_class":"Shallow","time":"2025-10-10T11:16:01.408Z","pager_alert":"green","url":"https://earthquake.usgs.gov/earthquakes/eventpage/us6000rg2s","marker-color":"#ef4444","marker-size":"small"},"geometry":{"type":"Point","coordinates":[156.587,50.307]}},{"type":"Feature","properties":{"name":"M7.6 · Drake Passage","magnitude":7.6,"depth_km":5.6,"depth_class":"Shallow","time":"2025-10-10T20:29:20.075Z","pager_alert":"green","tsunami_flag":true,"felt_reports":5,"url":"https://earthquake.usgs.gov/earthquakes/eventpage/us6000rgf4","marker-color":"#ef4444","marker-size":"large"},"geometry":{"type":"Point","coordinates":[-61.816,-60.187]}},{"type":"Feature","properties":{"name":"M5.7 · Drake Passage","magnitude":5.7,"depth_km":10,"depth_class":"Shallow","time":"2025-10-10T21:28:42.322Z","pager_alert":"green","url":"https://earthquake.usgs.gov/earthquakes/eventpage/us6000rgge","marker-color":"#ef4444","marker-size":"small"},"geometry":{"type":"Point","coordinates":[-62.362,-60.066]}},{"type":"Feature","properties":{"name":"M5.7 · 74 km ENE of Petropavlovsk-Kamchatsky, Russia","magnitude":5.7,"depth_km":75.1,"depth_class":"Intermediate","time":"2025-10-11T03:08:44.747Z","pager_alert":"green","url":"https://earthquake.usgs.gov/earthquakes/eventpage/us6000rghy","marker-color":"#f59e0b","marker-size":"small"},"geometry":{"type":"Point","coordinates":[159.67,53.29]}},{"type":"Feature","properties":{"name":"M5.5 · South Sandwich Islands region","magnitude":5.5,"depth_km":51,"depth_class":"Shallow","time":"2025-10-11T08:06:44.303Z","pager_alert":"green","url":"https://earthquake.usgs.gov/earthquakes/eventpage/us6000rgil","marker-color":"#ef4444","marker-size":"small"},"geometry":{"type":"Point","coordinates":[-26.389,-56.2]}},{"type":"Feature","properties":{"name":"M5.5 · 28 km E of Santiago, Philippines","magnitude":5.5,"depth_km":31,"depth_class":"Shallow","time":"2025-10-11T10:27:20.842Z","pager_alert":"green","felt_reports":8,"url":"https://earthquake.usgs.gov/earthquakes/eventpage/us6000rgj4","marker-color":"#ef4444","marker-size":"small"},"geometry":{"type":"Point","coordinates":[126.827,7.285]}},{"type":"Feature","properties":{"name":"M5.8 · 64 km SE of Severo-Kuril’sk, Russia","magnitude":5.8,"depth_km":48,"depth_class":"Shallow","time":"2025-10-11T12:25:56.543Z","pager_alert":"green","url":"https://earthquake.usgs.gov/earthquakes/eventpage/us6000rgjt","marker-color":"#ef4444","marker-size":"small"},"geometry":{"type":"Point","coordinates":[156.734,50.242]}},{"type":"Feature","properties":{"name":"M5.6 · South Sandwich Islands region","magnitude":5.6,"depth_km":44.9,"depth_class":"Shallow","time":"2025-10-11T13:07:59.404Z","pager_alert":"green","url":"https://earthquake.usgs.gov/earthquakes/eventpage/us6000rgk9","marker-color":"#ef4444","marker-size":"small"},"geometry":{"type":"Point","coordinates":[-26.436,-56.267]}},{"type":"Feature","properties":{"name":"M6.0 · 3 km ESE of Bacolod, Philippines","magnitude":6,"depth_km":67.7,"depth_class":"Shallow","time":"2025-10-11T14:32:59.312Z","pager_alert":"green","felt_reports":37,"url":"https://earthquake.usgs.gov/earthquakes/eventpage/us6000rgkr","marker-color":"#ef4444","marker-size":"small"},"geometry":{"type":"Point","coordinates":[126.323,8.923]}},{"type":"Feature","properties":{"name":"M5.6 · 55 km NE of Mek'ele, Ethiopia","magnitude":5.6,"depth_km":10,"depth_class":"Shallow","time":"2025-10-11T16:18:25.614Z","pager_alert":"green","felt_reports":11,"url":"https://earthquake.usgs.gov/earthquakes/eventpage/us6000rglb","marker-color":"#ef4444","marker-size":"small"},"geometry":{"type":"Point","coordinates":[39.882,13.806]}},{"type":"Feature","properties":{"name":"M5.8 · 4 km ESE of Tambongon, Philippines","magnitude":5.8,"depth_km":10,"depth_class":"Shallow","time":"2025-10-12T17:05:59.511Z","pager_alert":"green","felt_reports":183,"url":"https://earthquake.usgs.gov/earthquakes/eventpage/us6000rgrd","marker-color":"#ef4444","marker-size":"small"},"geometry":{"type":"Point","coordinates":[123.961,10.952]}},{"type":"Feature","properties":{"name":"M5.5 · 217 km SSW of Severo-Kuril’sk, Russia","magnitude":5.5,"depth_km":60.3,"depth_class":"Shallow","time":"2025-10-13T01:10:17.001Z","pager_alert":"green","url":"https://earthquake.usgs.gov/earthquakes/eventpage/us6000rgst","marker-color":"#ef4444","marker-size":"small"},"geometry":{"type":"Point","coordinates":[154.901,48.892]}},{"type":"Feature","properties":{"name":"M5.9 · State of Yap, Federated States of Micronesia","magnitude":5.9,"depth_km":10,"depth_class":"Shallow","time":"2025-10-13T11:11:00.607Z","pager_alert":"green","url":"https://earthquake.usgs.gov/earthquakes/eventpage/us6000rgul","marker-color":"#ef4444","marker-size":"small"},"geometry":{"type":"Point","coordinates":[141.599,7.26]}},{"type":"Feature","properties":{"name":"M5.5 · 53 km E of Baculin, Philippines","magnitude":5.5,"depth_km":35,"depth_class":"Shallow","time":"2025-10-14T02:00:11.014Z","pager_alert":"green","felt_reports":2,"url":"https://earthquake.usgs.gov/earthquakes/eventpage/us6000rgz6","marker-color":"#ef4444","marker-size":"small"},"geometry":{"type":"Point","coordinates":[127.061,7.374]}},{"type":"Feature","properties":{"name":"M5.6 · 33 km WSW of Ovalle, Chile","magnitude":5.6,"depth_km":37.2,"depth_class":"Shallow","time":"2025-10-15T11:43:39.780Z","pager_alert":"green","felt_reports":29,"url":"https://earthquake.usgs.gov/earthquakes/eventpage/us6000rh9m","marker-color":"#ef4444","marker-size":"small"},"geometry":{"type":"Point","coordinates":[-71.516,-30.72]}},{"type":"Feature","properties":{"name":"M6.3 · Drake Passage","magnitude":6.3,"depth_km":8,"depth_class":"Shallow","time":"2025-10-16T01:42:32.311Z","pager_alert":"green","tsunami_flag":true,"felt_reports":1,"url":"https://earthquake.usgs.gov/earthquakes/eventpage/us6000rhf2","marker-color":"#ef4444","marker-size":"medium"},"geometry":{"type":"Point","coordinates":[-61.865,-59.966]}},{"type":"Feature","properties":{"name":"M6.4 · 192 km WNW of Abepura, Indonesia","magnitude":6.4,"depth_km":18,"depth_class":"Shallow","time":"2025-10-16T05:48:52.788Z","pager_alert":"green","tsunami_flag":true,"felt_reports":4,"url":"https://earthquake.usgs.gov/earthquakes/eventpage/us6000rhg5","marker-color":"#ef4444","marker-size":"medium"},"geometry":{"type":"Point","coordinates":[138.953,-2.168]}},{"type":"Feature","properties":{"name":"M6.0 · 3 km N of Union, Philippines","magnitude":6,"depth_km":32,"depth_class":"Shallow","time":"2025-10-16T23:03:12.673Z","pager_alert":"green","felt_reports":28,"url":"https://earthquake.usgs.gov/earthquakes/eventpage/us6000rhns","marker-color":"#ef4444","marker-size":"small"},"geometry":{"type":"Point","coordinates":[126.116,9.791]}},{"type":"Feature","properties":{"name":"M5.5 · 48 km ESE of Khandūd, Afghanistan","magnitude":5.5,"depth_km":8,"depth_class":"Shallow","time":"2025-10-17T12:15:03.739Z","pager_alert":"green","felt_reports":1,"url":"https://earthquake.usgs.gov/earthquakes/eventpage/us6000rhs3","marker-color":"#ef4444","marker-size":"small"},"geometry":{"type":"Point","coordinates":[72.806,36.757]}},{"type":"Feature","properties":{"name":"M5.8 · 93 km ESE of Santiago, Philippines","magnitude":5.8,"depth_km":10,"depth_class":"Shallow","time":"2025-10-20T11:35:50.891Z","pager_alert":"green","felt_reports":2,"url":"https://earthquake.usgs.gov/earthquakes/eventpage/us6000ri9x","marker-color":"#ef4444","marker-size":"small"},"geometry":{"type":"Point","coordinates":[127.373,6.999]}},{"type":"Feature","properties":{"name":"M5.5 · 19 km WNW of Piñas, Ecuador","magnitude":5.5,"depth_km":77.1,"depth_class":"Intermediate","time":"2025-10-22T00:05:44.495Z","pager_alert":"green","felt_reports":26,"url":"https://earthquake.usgs.gov/earthquakes/eventpage/us6000rik7","marker-color":"#f59e0b","marker-size":"small"},"geometry":{"type":"Point","coordinates":[-79.841,-3.614]}},{"type":"Feature","properties":{"name":"M5.9 · 21 km SSW of Quepos, Costa Rica","magnitude":5.9,"depth_km":20,"depth_class":"Shallow","time":"2025-10-22T03:57:05.548Z","pager_alert":"green","felt_reports":216,"url":"https://earthquake.usgs.gov/earthquakes/eventpage/us6000ril5","marker-color":"#ef4444","marker-size":"small"},"geometry":{"type":"Point","coordinates":[-84.241,9.252]}},{"type":"Feature","properties":{"name":"M5.6 · 183 km SSE of Vilyuchinsk, Russia","magnitude":5.6,"depth_km":16,"depth_class":"Shallow","time":"2025-10-23T02:31:28.443Z","pager_alert":"green","url":"https://earthquake.usgs.gov/earthquakes/eventpage/us6000risn","marker-color":"#ef4444","marker-size":"small"},"geometry":{"type":"Point","coordinates":[159.47,51.416]}},{"type":"Feature","properties":{"name":"M5.6 · 213 km WSW of Tual, Indonesia","magnitude":5.6,"depth_km":85,"depth_class":"Intermediate","time":"2025-10-23T11:46:09.743Z","pager_alert":"green","felt_reports":1,"url":"https://earthquake.usgs.gov/earthquakes/eventpage/us6000riuj","marker-color":"#f59e0b","marker-size":"small"},"geometry":{"type":"Point","coordinates":[130.924,-6.249]}},{"type":"Feature","properties":{"name":"M5.7 · 41 km SSE of Nemuro, Japan","magnitude":5.7,"depth_km":34,"depth_class":"Shallow","time":"2025-10-24T16:40:09.289Z","pager_alert":"green","felt_reports":1,"url":"https://earthquake.usgs.gov/earthquakes/eventpage/us6000rj9f","marker-color":"#ef4444","marker-size":"small"},"geometry":{"type":"Point","coordinates":[145.751,42.972]}},{"type":"Feature","properties":{"name":"M6.0 · 194 km SSE of Lata, Solomon Islands","magnitude":6,"depth_km":34,"depth_class":"Shallow","time":"2025-10-25T23:28:02.544Z","pager_alert":"green","url":"https://earthquake.usgs.gov/earthquakes/eventpage/us6000rjhm","marker-color":"#ef4444","marker-size":"small"},"geometry":{"type":"Point","coordinates":[166.402,-12.376]}},{"type":"Feature","properties":{"name":"M6.2 · 57 km NW of Pante Makasar, Timor Leste","magnitude":6.2,"depth_km":75,"depth_class":"Intermediate","time":"2025-10-26T17:04:25.617Z","pager_alert":"green","felt_reports":10,"url":"https://earthquake.usgs.gov/earthquakes/eventpage/us6000rjkv","marker-color":"#f59e0b","marker-size":"small"},"geometry":{"type":"Point","coordinates":[123.989,-8.852]}},{"type":"Feature","properties":{"name":"M6.5 · 164 km E of Beauséjour, Guadeloupe","magnitude":6.5,"depth_km":9,"depth_class":"Shallow","time":"2025-10-27T12:38:40.364Z","pager_alert":"green","tsunami_flag":true,"felt_reports":120,"url":"https://earthquake.usgs.gov/earthquakes/eventpage/us6000rjq8","marker-color":"#ef4444","marker-size":"medium"},"geometry":{"type":"Point","coordinates":[-59.557,16.542]}},{"type":"Feature","properties":{"name":"M5.7 · 166 km E of Beauséjour, Guadeloupe","magnitude":5.7,"depth_km":10,"depth_class":"Shallow","time":"2025-10-27T12:54:59.210Z","pager_alert":"green","felt_reports":8,"url":"https://earthquake.usgs.gov/earthquakes/eventpage/us6000rjqj","marker-color":"#ef4444","marker-size":"small"},"geometry":{"type":"Point","coordinates":[-59.527,16.516]}},{"type":"Feature","properties":{"name":"M6.0 · 7 km SE of Sındırgı, Turkey","magnitude":6,"depth_km":8,"depth_class":"Shallow","time":"2025-10-27T19:48:28.767Z","pager_alert":"yellow","felt_reports":193,"url":"https://earthquake.usgs.gov/earthquakes/eventpage/us6000rjsu","marker-color":"#ef4444","marker-size":"small"},"geometry":{"type":"Point","coordinates":[28.243,39.194]}},{"type":"Feature","properties":{"name":"M5.6 · 102 km ESE of Severo-Kuril’sk, Russia","magnitude":5.6,"depth_km":31,"depth_class":"Shallow","time":"2025-10-28T07:06:24.029Z","pager_alert":"green","url":"https://earthquake.usgs.gov/earthquakes/eventpage/us6000rjvf","marker-color":"#ef4444","marker-size":"small"},"geometry":{"type":"Point","coordinates":[157.397,50.243]}},{"type":"Feature","properties":{"name":"M6.4 · Banda Sea","magnitude":6.4,"depth_km":142,"depth_class":"Intermediate","time":"2025-10-28T14:40:18.481Z","pager_alert":"green","felt_reports":17,"url":"https://earthquake.usgs.gov/earthquakes/eventpage/us6000rjx3","marker-color":"#f59e0b","marker-size":"medium"},"geometry":{"type":"Point","coordinates":[129.989,-6.7]}},{"type":"Feature","properties":{"name":"M5.5 · southern Mid-Atlantic Ridge","magnitude":5.5,"depth_km":10,"depth_class":"Shallow","time":"2025-10-29T06:16:45.105Z","pager_alert":"green","url":"https://earthquake.usgs.gov/earthquakes/eventpage/us6000rk4f","marker-color":"#ef4444","marker-size":"small"},"geometry":{"type":"Point","coordinates":[-12.216,-47.205]}},{"type":"Feature","properties":{"name":"M5.5 · Kermadec Islands region","magnitude":5.5,"depth_km":288.5,"depth_class":"Intermediate","time":"2025-10-30T08:52:04.371Z","pager_alert":"green","url":"https://earthquake.usgs.gov/earthquakes/eventpage/us6000rkc0","marker-color":"#f59e0b","marker-size":"small"},"geometry":{"type":"Point","coordinates":[-178.334,-27.447]}},{"type":"Feature","properties":{"name":"M5.9 · southeast Indian Ridge","magnitude":5.9,"depth_km":8,"depth_class":"Shallow","time":"2025-10-31T20:53:24.349Z","pager_alert":"green","url":"https://earthquake.usgs.gov/earthquakes/eventpage/us6000rktg","marker-color":"#ef4444","marker-size":"small"},"geometry":{"type":"Point","coordinates":[96.842,-45.29]}},{"type":"Feature","properties":{"name":"M5.5 · 13 km WSW of Mabinay, Philippines","magnitude":5.5,"depth_km":114.9,"depth_class":"Intermediate","time":"2025-11-02T19:06:53.955Z","pager_alert":"green","felt_reports":17,"url":"https://earthquake.usgs.gov/earthquakes/eventpage/us6000rl2n","marker-color":"#f59e0b","marker-size":"small"},"geometry":{"type":"Point","coordinates":[122.79,9.68]}},{"type":"Feature","properties":{"name":"M6.2 · 30 km SE of Mazār-e Sharīf, Afghanistan","magnitude":6.2,"depth_km":28,"depth_class":"Shallow","time":"2025-11-02T20:29:02.008Z","pager_alert":"orange","felt_reports":66,"url":"https://earthquake.usgs.gov/earthquakes/eventpage/us6000rl31","marker-color":"#ef4444","marker-size":"small"},"geometry":{"type":"Point","coordinates":[67.389,36.546]}},{"type":"Feature","properties":{"name":"M5.9 · 131 km SE of Petropavlovsk-Kamchatsky, Russia","magnitude":5.9,"depth_km":22,"depth_class":"Shallow","time":"2025-11-03T07:10:24.638Z","pager_alert":"green","url":"https://earthquake.usgs.gov/earthquakes/eventpage/us6000rl55","marker-color":"#ef4444","marker-size":"small"},"geometry":{"type":"Point","coordinates":[160.042,52.258]}},{"type":"Feature","properties":{"name":"M5.7 · 149 km SE of Petropavlovsk-Kamchatsky, Russia","magnitude":5.7,"depth_km":35,"depth_class":"Shallow","time":"2025-11-03T07:11:14.515Z","pager_alert":"green","url":"https://earthquake.usgs.gov/earthquakes/eventpage/us6000rpn4","marker-color":"#ef4444","marker-size":"small"},"geometry":{"type":"Point","coordinates":[160.212,52.13]}},{"type":"Feature","properties":{"name":"M6.1 · 142 km SE of Petropavlovsk-Kamchatsky, Russia","magnitude":6.1,"depth_km":29,"depth_class":"Shallow","time":"2025-11-03T08:44:43.281Z","pager_alert":"green","url":"https://earthquake.usgs.gov/earthquakes/eventpage/us6000rl5i","marker-color":"#ef4444","marker-size":"small"},"geometry":{"type":"Point","coordinates":[160.211,52.214]}},{"type":"Feature","properties":{"name":"M5.5 · 111 km W of Copiapó, Chile","magnitude":5.5,"depth_km":24.8,"depth_class":"Shallow","time":"2025-11-03T15:51:54.851Z","pager_alert":"green","felt_reports":4,"url":"https://earthquake.usgs.gov/earthquakes/eventpage/us6000rl7b","marker-color":"#ef4444","marker-size":"small"},"geometry":{"type":"Point","coordinates":[-71.462,-27.425]}},{"type":"Feature","properties":{"name":"M5.9 · 155 km SE of Petropavlovsk-Kamchatsky, Russia","magnitude":5.9,"depth_km":20,"depth_class":"Shallow","time":"2025-11-04T03:45:09.865Z","pager_alert":"green","url":"https://earthquake.usgs.gov/earthquakes/eventpage/us6000rlbe","marker-color":"#ef4444","marker-size":"small"},"geometry":{"type":"Point","coordinates":[160.406,52.174]}},{"type":"Feature","properties":{"name":"M5.5 · 136 km SE of Petropavlovsk-Kamchatsky, Russia","magnitude":5.5,"depth_km":10,"depth_class":"Shallow","time":"2025-11-04T04:45:28.458Z","pager_alert":"green","url":"https://earthquake.usgs.gov/earthquakes/eventpage/us6000rlbm","marker-color":"#ef4444","marker-size":"small"},"geometry":{"type":"Point","coordinates":[160.296,52.377]}},{"type":"Feature","properties":{"name":"M6.0 · 191 km WSW of Merizo Village, Guam","magnitude":6,"depth_km":65,"depth_class":"Shallow","time":"2025-11-04T07:37:22.906Z","pager_alert":"green","felt_reports":12,"url":"https://earthquake.usgs.gov/earthquakes/eventpage/us6000rlcd","marker-color":"#ef4444","marker-size":"small"},"geometry":{"type":"Point","coordinates":[143.143,12.392]}},{"type":"Feature","properties":{"name":"M6.0 · 149 km SE of Petropavlovsk-Kamchatsky, Russia","magnitude":6,"depth_km":28,"depth_class":"Shallow","time":"2025-11-04T23:28:59.236Z","pager_alert":"green","url":"https://earthquake.usgs.gov/earthquakes/eventpage/us6000rlik","marker-color":"#ef4444","marker-size":"small"},"geometry":{"type":"Point","coordinates":[160.19,52.112]}},{"type":"Feature","properties":{"name":"M5.9 · 73 km S of Gorontalo, Indonesia","magnitude":5.9,"depth_km":114.6,"depth_class":"Intermediate","time":"2025-11-04T23:32:22.984Z","pager_alert":"green","url":"https://earthquake.usgs.gov/earthquakes/eventpage/us6000rlim","marker-color":"#f59e0b","marker-size":"small"},"geometry":{"type":"Point","coordinates":[123.065,-0.125]}},{"type":"Feature","properties":{"name":"M5.7 · 107 km S of Severo-Kuril’sk, Russia","magnitude":5.7,"depth_km":71,"depth_class":"Intermediate","time":"2025-11-04T23:49:27.228Z","pager_alert":"green","url":"https://earthquake.usgs.gov/earthquakes/eventpage/us6000rlji","marker-color":"#f59e0b","marker-size":"small"},"geometry":{"type":"Point","coordinates":[155.857,49.725]}},{"type":"Feature","properties":{"name":"M5.6 · South Sandwich Islands region","magnitude":5.6,"depth_km":23,"depth_class":"Shallow","time":"2025-11-05T22:03:47.470Z","pager_alert":"green","url":"https://earthquake.usgs.gov/earthquakes/eventpage/us6000rls2","marker-color":"#ef4444","marker-size":"small"},"geometry":{"type":"Point","coordinates":[-25.22,-57.963]}},{"type":"Feature","properties":{"name":"M5.6 · 75 km NNE of Santa Rosalía, Mexico","magnitude":5.6,"depth_km":10,"depth_class":"Shallow","time":"2025-11-07T12:04:30.070Z","pager_alert":"green","felt_reports":18,"url":"https://earthquake.usgs.gov/earthquakes/eventpage/us6000rm2p","marker-color":"#ef4444","marker-size":"small"},"geometry":{"type":"Point","coordinates":[-111.886,27.929]}},{"type":"Feature","properties":{"name":"M5.6 · Fiji region","magnitude":5.6,"depth_km":496.1,"depth_class":"Deep","time":"2025-11-08T04:15:03.680Z","pager_alert":"green","url":"https://earthquake.usgs.gov/earthquakes/eventpage/us6000rm7z","marker-color":"#8b5cf6","marker-size":"small"},"geometry":{"type":"Point","coordinates":[-177.797,-18.516]}},{"type":"Feature","properties":{"name":"M5.6 · 126 km E of Yamada, Japan","magnitude":5.6,"depth_km":16.2,"depth_class":"Shallow","time":"2025-11-08T22:15:08.771Z","pager_alert":"green","felt_reports":3,"url":"https://earthquake.usgs.gov/earthquakes/eventpage/us6000rmaw","marker-color":"#ef4444","marker-size":"small"},"geometry":{"type":"Point","coordinates":[143.416,39.502]}},{"type":"Feature","properties":{"name":"M6.8 · 122 km E of Yamada, Japan","magnitude":6.8,"depth_km":18,"depth_class":"Shallow","time":"2025-11-09T08:03:39.367Z","pager_alert":"green","tsunami_flag":true,"felt_reports":26,"url":"https://earthquake.usgs.gov/earthquakes/eventpage/us6000rmea","marker-color":"#ef4444","marker-size":"medium"},"geometry":{"type":"Point","coordinates":[143.378,39.485]}},{"type":"Feature","properties":{"name":"M5.5 · 110 km E of Yamada, Japan","magnitude":5.5,"depth_km":10,"depth_class":"Shallow","time":"2025-11-09T08:11:25.423Z","pager_alert":"green","url":"https://earthquake.usgs.gov/earthquakes/eventpage/us6000rmee","marker-color":"#ef4444","marker-size":"small"},"geometry":{"type":"Point","coordinates":[143.23,39.577]}},{"type":"Feature","properties":{"name":"M5.9 · 125 km E of Yamada, Japan","magnitude":5.9,"depth_km":10,"depth_class":"Shallow","time":"2025-11-09T08:14:52.924Z","pager_alert":"green","url":"https://earthquake.usgs.gov/earthquakes/eventpage/us6000rmed","marker-color":"#ef4444","marker-size":"small"},"geometry":{"type":"Point","coordinates":[143.403,39.349]}},{"type":"Feature","properties":{"name":"M5.6 · 124 km E of Yamada, Japan","magnitude":5.6,"depth_km":10,"depth_class":"Shallow","time":"2025-11-09T08:34:01.979Z","pager_alert":"green","url":"https://earthquake.usgs.gov/earthquakes/eventpage/us6000rmeh","marker-color":"#ef4444","marker-size":"small"},"geometry":{"type":"Point","coordinates":[143.392,39.46]}},{"type":"Feature","properties":{"name":"M6.4 · 117 km E of Yamada, Japan","magnitude":6.4,"depth_km":10,"depth_class":"Shallow","time":"2025-11-09T08:54:36.914Z","pager_alert":"green","felt_reports":13,"url":"https://earthquake.usgs.gov/earthquakes/eventpage/us6000rmep","marker-color":"#ef4444","marker-size":"medium"},"geometry":{"type":"Point","coordinates":[143.31,39.497]}},{"type":"Feature","properties":{"name":"M5.7 · 129 km E of Miyako, Japan","magnitude":5.7,"depth_km":10,"depth_class":"Shallow","time":"2025-11-09T09:28:24.098Z","pager_alert":"green","url":"https://earthquake.usgs.gov/earthquakes/eventpage/us6000rmex","marker-color":"#ef4444","marker-size":"small"},"geometry":{"type":"Point","coordinates":[143.45,39.612]}},{"type":"Feature","properties":{"name":"M5.6 · Pacific-Antarctic Ridge","magnitude":5.6,"depth_km":10,"depth_class":"Shallow","time":"2025-11-09T15:21:36.384Z","url":"https://earthquake.usgs.gov/earthquakes/eventpage/us6000rmge","marker-color":"#ef4444","marker-size":"small"},"geometry":{"type":"Point","coordinates":[-128.485,-55.41]}},{"type":"Feature","properties":{"name":"M6.0 · 129 km E of Yamada, Japan","magnitude":6,"depth_km":11,"depth_class":"Shallow","time":"2025-11-10T07:23:17.302Z","pager_alert":"green","felt_reports":5,"url":"https://earthquake.usgs.gov/earthquakes/eventpage/us6000rmk2","marker-color":"#ef4444","marker-size":"small"},"geometry":{"type":"Point","coordinates":[143.453,39.567]}},{"type":"Feature","properties":{"name":"M5.7 · Greenland Sea","magnitude":5.7,"depth_km":10,"depth_class":"Shallow","time":"2025-11-12T06:03:29.115Z","pager_alert":"green","url":"https://earthquake.usgs.gov/earthquakes/eventpage/us6000rmwv","marker-color":"#ef4444","marker-size":"small"},"geometry":{"type":"Point","coordinates":[6.477,73.188]}},{"type":"Feature","properties":{"name":"M5.7 · Pacific-Antarctic Ridge","magnitude":5.7,"depth_km":10,"depth_class":"Shallow","time":"2025-11-13T09:41:29.102Z","pager_alert":"green","url":"https://earthquake.usgs.gov/earthquakes/eventpage/us6000rn4x","marker-color":"#ef4444","marker-size":"small"},"geometry":{"type":"Point","coordinates":[-142.13,-56.848]}},{"type":"Feature","properties":{"name":"M5.7 · 214 km WNW of Hihifo, Tonga","magnitude":5.7,"depth_km":5.2,"depth_class":"Shallow","time":"2025-11-14T19:09:04.006Z","pager_alert":"green","url":"https://earthquake.usgs.gov/earthquakes/eventpage/us6000rnd3","marker-color":"#ef4444","marker-size":"small"},"geometry":{"type":"Point","coordinates":[-175.698,-15.342]}},{"type":"Feature","properties":{"name":"M5.5 · 55 km WSW of Puerto Cortés, Costa Rica","magnitude":5.5,"depth_km":10,"depth_class":"Shallow","time":"2025-11-18T22:36:33.063Z","pager_alert":"green","felt_reports":7,"url":"https://earthquake.usgs.gov/earthquakes/eventpage/us6000rp1a","marker-color":"#ef4444","marker-size":"small"},"geometry":{"type":"Point","coordinates":[-84.012,8.828]}},{"type":"Feature","properties":{"name":"M5.8 · 24 km E of Ambon, Indonesia","magnitude":5.8,"depth_km":130.9,"depth_class":"Intermediate","time":"2025-11-20T06:59:44.526Z","pager_alert":"green","felt_reports":1,"url":"https://earthquake.usgs.gov/earthquakes/eventpage/us6000rpai","marker-color":"#f59e0b","marker-size":"small"},"geometry":{"type":"Point","coordinates":[128.401,-3.715]}},{"type":"Feature","properties":{"name":"M5.5 · 133 km E of Miyako, Japan","magnitude":5.5,"depth_km":11,"depth_class":"Shallow","time":"2025-11-21T12:22:04.100Z","pager_alert":"green","url":"https://earthquake.usgs.gov/earthquakes/eventpage/us6000rpja","marker-color":"#ef4444","marker-size":"small"},"geometry":{"type":"Point","coordinates":[143.5,39.685]}},{"type":"Feature","properties":{"name":"M5.6 · south of the Fiji Islands","magnitude":5.6,"depth_km":516,"depth_class":"Deep","time":"2025-11-21T12:37:59.521Z","pager_alert":"green","url":"https://earthquake.usgs.gov/earthquakes/eventpage/us6000rpjb","marker-color":"#8b5cf6","marker-size":"small"},"geometry":{"type":"Point","coordinates":[179.847,-24.243]}},{"type":"Feature","properties":{"name":"M5.6 · 206 km SE of Severo-Kuril’sk, Russia","magnitude":5.6,"depth_km":12,"depth_class":"Shallow","time":"2025-11-21T22:38:09.841Z","pager_alert":"green","url":"https://earthquake.usgs.gov/earthquakes/eventpage/us6000rpql","marker-color":"#ef4444","marker-size":"small"},"geometry":{"type":"Point","coordinates":[158.558,49.666]}},{"type":"Feature","properties":{"name":"M5.5 · 67 km SSW of Adak, Alaska","magnitude":5.5,"depth_km":33,"depth_class":"Shallow","time":"2025-11-23T08:21:44.503Z","pager_alert":"green","felt_reports":3,"url":"https://earthquake.usgs.gov/earthquakes/eventpage/us6000rpxa","marker-color":"#ef4444","marker-size":"small"},"geometry":{"type":"Point","coordinates":[-177.016,51.311]}},{"type":"Feature","properties":{"name":"M5.5 · 116 km WSW of Edd, Eritrea","magnitude":5.5,"depth_km":3,"depth_class":"Shallow","time":"2025-11-23T12:21:17.620Z","pager_alert":"green","felt_reports":1,"url":"https://earthquake.usgs.gov/earthquakes/eventpage/us6000rq2x","marker-color":"#ef4444","marker-size":"small"},"geometry":{"type":"Point","coordinates":[40.672,13.588]}},{"type":"Feature","properties":{"name":"M6.4 · 54 km WNW of Sinabang, Indonesia","magnitude":6.4,"depth_km":17,"depth_class":"Shallow","time":"2025-11-27T04:56:24.368Z","pager_alert":"green","felt_reports":7,"url":"https://earthquake.usgs.gov/earthquakes/eventpage/us7000re2g","marker-color":"#ef4444","marker-size":"medium"},"geometry":{"type":"Point","coordinates":[95.954,2.719]}},{"type":"Feature","properties":{"name":"M6.0 · 12 km WNW of Susitna, Alaska","magnitude":6,"depth_km":69.4,"depth_class":"Shallow","time":"2025-11-27T17:11:29.059Z","pager_alert":"green","tsunami_flag":true,"felt_reports":7198,"url":"https://earthquake.usgs.gov/earthquakes/eventpage/ak2025xjbvhj","marker-color":"#ef4444","marker-size":"small"},"geometry":{"type":"Point","coordinates":[-150.751,61.57]}},{"type":"Feature","properties":{"name":"M5.6 · 131 km WNW of Hihifo, Tonga","magnitude":5.6,"depth_km":263,"depth_class":"Intermediate","time":"2025-11-28T03:30:09.169Z","pager_alert":"green","url":"https://earthquake.usgs.gov/earthquakes/eventpage/us7000rea0","marker-color":"#f59e0b","marker-size":"small"},"geometry":{"type":"Point","coordinates":[-174.841,-15.335]}},{"type":"Feature","properties":{"name":"M5.8 · 7 km S of Amatenango de la Frontera, Mexico","magnitude":5.8,"depth_km":153.2,"depth_class":"Intermediate","time":"2025-11-28T20:06:08.384Z","pager_alert":"green","felt_reports":6,"url":"https://earthquake.usgs.gov/earthquakes/eventpage/us7000rehl","marker-color":"#f59e0b","marker-size":"small"},"geometry":{"type":"Point","coordinates":[-92.104,15.368]}},{"type":"Feature","properties":{"name":"M5.9 · west of Macquarie Island","magnitude":5.9,"depth_km":10,"depth_class":"Shallow","time":"2025-11-29T08:03:53.203Z","pager_alert":"green","url":"https://earthquake.usgs.gov/earthquakes/eventpage/us7000rekp","marker-color":"#ef4444","marker-size":"small"},"geometry":{"type":"Point","coordinates":[151.808,-52.366]}},{"type":"Feature","properties":{"name":"M5.8 · west of Macquarie Island","magnitude":5.8,"depth_km":10,"depth_class":"Shallow","time":"2025-11-29T22:47:50.658Z","pager_alert":"green","url":"https://earthquake.usgs.gov/earthquakes/eventpage/us7000rena","marker-color":"#ef4444","marker-size":"small"},"geometry":{"type":"Point","coordinates":[147.451,-56.511]}},{"type":"Feature","properties":{"name":"M5.6 · Fiji region","magnitude":5.6,"depth_km":620,"depth_class":"Deep","time":"2025-12-02T23:35:28.675Z","pager_alert":"green","url":"https://earthquake.usgs.gov/earthquakes/eventpage/us6000rs3k","marker-color":"#8b5cf6","marker-size":"small"},"geometry":{"type":"Point","coordinates":[-178.954,-20.857]}},{"type":"Feature","properties":{"name":"M5.5 · Pacific-Antarctic Ridge","magnitude":5.5,"depth_km":10,"depth_class":"Shallow","time":"2025-12-04T03:12:08.064Z","pager_alert":"green","url":"https://earthquake.usgs.gov/earthquakes/eventpage/us7000rfg1","marker-color":"#ef4444","marker-size":"small"},"geometry":{"type":"Point","coordinates":[-128.103,-55.382]}},{"type":"Feature","properties":{"name":"M5.8 · 136 km NNW of Tumxuk, China","magnitude":5.8,"depth_km":9,"depth_class":"Shallow","time":"2025-12-04T07:44:06.341Z","pager_alert":"yellow","felt_reports":13,"url":"https://earthquake.usgs.gov/earthquakes/eventpage/us7000rfgy","marker-color":"#ef4444","marker-size":"small"},"geometry":{"type":"Point","coordinates":[78.444,41.01]}},{"type":"Feature","properties":{"name":"M5.5 · 201 km SW of José María Morelos, Mexico","magnitude":5.5,"depth_km":10,"depth_class":"Shallow","time":"2025-12-05T19:33:40.764Z","pager_alert":"green","url":"https://earthquake.usgs.gov/earthquakes/eventpage/us6000rsti","marker-color":"#ef4444","marker-size":"small"},"geometry":{"type":"Point","coordinates":[-106.743,18.614]}},{"type":"Feature","properties":{"name":"M7.0 · 2025 Hubbard Glacier Earthquake","magnitude":7,"depth_km":10.3,"depth_class":"Shallow","time":"2025-12-06T20:41:49.288Z","pager_alert":"green","tsunami_flag":true,"felt_reports":1058,"url":"https://earthquake.usgs.gov/earthquakes/eventpage/us6000rsy1","marker-color":"#ef4444","marker-size":"large"},"geometry":{"type":"Point","coordinates":[-139.541,60.313]}},{"type":"Feature","properties":{"name":"M5.5 · 58 km NW of Port-Olry, Vanuatu","magnitude":5.5,"depth_km":10,"depth_class":"Shallow","time":"2025-12-07T12:16:33.041Z","url":"https://earthquake.usgs.gov/earthquakes/eventpage/us7000rke3","marker-color":"#ef4444","marker-size":"small"},"geometry":{"type":"Point","coordinates":[166.677,-14.684]}},{"type":"Feature","properties":{"name":"M5.6 · 72 km SE of Severo-Kuril’sk, Russia","magnitude":5.6,"depth_km":59.3,"depth_class":"Shallow","time":"2025-12-07T16:34:10.157Z","pager_alert":"green","felt_reports":1,"url":"https://earthquake.usgs.gov/earthquakes/eventpage/us6000rt68","marker-color":"#ef4444","marker-size":"small"},"geometry":{"type":"Point","coordinates":[156.891,50.239]}},{"type":"Feature","properties":{"name":"M5.8 · 89 km N of Yakutat, Alaska","magnitude":5.8,"depth_km":10,"depth_class":"Shallow","time":"2025-12-08T00:56:50.321Z","pager_alert":"green","tsunami_flag":true,"url":"https://earthquake.usgs.gov/earthquakes/eventpage/us6000rt9w","marker-color":"#ef4444","marker-size":"small"},"geometry":{"type":"Point","coordinates":[-139.625,60.345]}},{"type":"Feature","properties":{"name":"M7.6 · 2025 Aomori Prefecture, Japan Earthquake","magnitude":7.6,"depth_km":40.7,"depth_class":"Shallow","time":"2025-12-08T14:15:09.896Z","pager_alert":"yellow","tsunami_flag":true,"felt_reports":259,"url":"https://earthquake.usgs.gov/earthquakes/eventpage/us6000rtdt","marker-color":"#ef4444","marker-size":"large"},"geometry":{"type":"Point","coordinates":[142.184,40.998]}},{"type":"Feature","properties":{"name":"M5.5 · 93 km ENE of Hachinohe, Japan","magnitude":5.5,"depth_km":35,"depth_class":"Shallow","time":"2025-12-08T14:33:39.631Z","pager_alert":"green","felt_reports":4,"url":"https://earthquake.usgs.gov/earthquakes/eventpage/us6000rtdz","marker-color":"#ef4444","marker-size":"small"},"geometry":{"type":"Point","coordinates":[142.477,40.889]}},{"type":"Feature","properties":{"name":"M5.5 · South Sandwich Islands region","magnitude":5.5,"depth_km":30,"depth_class":"Shallow","time":"2025-12-08T18:41:15.496Z","pager_alert":"green","url":"https://earthquake.usgs.gov/earthquakes/eventpage/us6000rtg8","marker-color":"#ef4444","marker-size":"small"},"geometry":{"type":"Point","coordinates":[-25.487,-58.801]}},{"type":"Feature","properties":{"name":"M6.0 · 127 km S of Honchō, Japan","magnitude":6,"depth_km":22.8,"depth_class":"Shallow","time":"2025-12-08T18:56:28.302Z","pager_alert":"green","felt_reports":1,"url":"https://earthquake.usgs.gov/earthquakes/eventpage/us6000rtgd","marker-color":"#ef4444","marker-size":"small"},"geometry":{"type":"Point","coordinates":[143.123,40.988]}},{"type":"Feature","properties":{"name":"M6.6 · 129 km S of Honchō, Japan","magnitude":6.6,"depth_km":19,"depth_class":"Shallow","time":"2025-12-08T21:52:41.325Z","pager_alert":"green","felt_reports":4,"url":"https://earthquake.usgs.gov/earthquakes/eventpage/us6000rtie","marker-color":"#ef4444","marker-size":"medium"},"geometry":{"type":"Point","coordinates":[143.15,40.976]}},{"type":"Feature","properties":{"name":"M5.6 · 109 km NE of Kuji, Japan","magnitude":5.6,"depth_km":47.8,"depth_class":"Shallow","time":"2025-12-08T23:59:06.545Z","pager_alert":"green","url":"https://earthquake.usgs.gov/earthquakes/eventpage/us6000rtj4","marker-color":"#ef4444","marker-size":"small"},"geometry":{"type":"Point","coordinates":[142.759,40.826]}},{"type":"Feature","properties":{"name":"M5.5 · 5 km WNW of Cepitá, Colombia","magnitude":5.5,"depth_km":164.1,"depth_class":"Intermediate","time":"2025-12-10T08:27:08.561Z","pager_alert":"green","felt_reports":110,"url":"https://earthquake.usgs.gov/earthquakes/eventpage/us6000rtuk","marker-color":"#f59e0b","marker-size":"small"},"geometry":{"type":"Point","coordinates":[-73.016,6.774]}},{"type":"Feature","properties":{"name":"M5.7 · 108 km ENE of Hachinohe, Japan","magnitude":5.7,"depth_km":33,"depth_class":"Shallow","time":"2025-12-10T14:52:24.118Z","pager_alert":"green","url":"https://earthquake.usgs.gov/earthquakes/eventpage/us6000rtw5","marker-color":"#ef4444","marker-size":"small"},"geometry":{"type":"Point","coordinates":[142.673,40.902]}},{"type":"Feature","properties":{"name":"M6.7 · 117 km NE of Kuji, Japan","magnitude":6.7,"depth_km":19,"depth_class":"Shallow","time":"2025-12-12T02:44:12.841Z","pager_alert":"green","tsunami_flag":true,"felt_reports":21,"url":"https://earthquake.usgs.gov/earthquakes/eventpage/us6000ruc4","marker-color":"#ef4444","marker-size":"medium"},"geometry":{"type":"Point","coordinates":[142.813,40.89]}},{"type":"Feature","properties":{"name":"M5.5 · Rat Islands, Aleutian Islands, Alaska","magnitude":5.5,"depth_km":108,"depth_class":"Intermediate","time":"2025-12-13T10:51:00.036Z","pager_alert":"green","url":"https://earthquake.usgs.gov/earthquakes/eventpage/us6000rumi","marker-color":"#f59e0b","marker-size":"small"},"geometry":{"type":"Point","coordinates":[178.353,52.151]}},{"type":"Feature","properties":{"name":"M5.7 · 229 km SE of Petropavlovsk-Kamchatsky, Russia","magnitude":5.7,"depth_km":34,"depth_class":"Shallow","time":"2025-12-15T19:33:07.552Z","pager_alert":"green","url":"https://earthquake.usgs.gov/earthquakes/eventpage/us6000rv1u","marker-color":"#ef4444","marker-size":"small"},"geometry":{"type":"Point","coordinates":[161.201,51.731]}},{"type":"Feature","properties":{"name":"M5.6 · 90 km SSE of San Jose Village, Northern Mariana Islands","magnitude":5.6,"depth_km":80,"depth_class":"Intermediate","time":"2025-12-15T23:06:12.207Z","pager_alert":"green","felt_reports":32,"url":"https://earthquake.usgs.gov/earthquakes/eventpage/us6000rv4q","marker-color":"#f59e0b","marker-size":"small"},"geometry":{"type":"Point","coordinates":[145.819,14.17]}},{"type":"Feature","properties":{"name":"M5.6 · South Sandwich Islands region","magnitude":5.6,"depth_km":35,"depth_class":"Shallow","time":"2025-12-17T17:05:57.315Z","pager_alert":"green","url":"https://earthquake.usgs.gov/earthquakes/eventpage/us6000rvhe","marker-color":"#ef4444","marker-size":"small"},"geometry":{"type":"Point","coordinates":[-25.223,-58.664]}},{"type":"Feature","properties":{"name":"M5.6 · 148 km SSE of Burica, Panama","magnitude":5.6,"depth_km":10,"depth_class":"Shallow","time":"2025-12-17T23:07:46.062Z","pager_alert":"green","felt_reports":2,"url":"https://earthquake.usgs.gov/earthquakes/eventpage/us6000rvkl","marker-color":"#ef4444","marker-size":"small"},"geometry":{"type":"Point","coordinates":[-82.596,6.718]}},{"type":"Feature","properties":{"name":"M5.5 · 92 km SW of Basco, Philippines","magnitude":5.5,"depth_km":18,"depth_class":"Shallow","time":"2025-12-18T07:27:44.896Z","pager_alert":"green","felt_reports":1,"url":"https://earthquake.usgs.gov/earthquakes/eventpage/us6000rvmn","marker-color":"#ef4444","marker-size":"small"},"geometry":{"type":"Point","coordinates":[121.267,19.935]}},{"type":"Feature","properties":{"name":"M5.9 · 93 km ESE of Petropavlovsk-Kamchatsky, Russia","magnitude":5.9,"depth_km":38,"depth_class":"Shallow","time":"2025-12-18T12:37:19.411Z","pager_alert":"green","url":"https://earthquake.usgs.gov/earthquakes/eventpage/us6000rvnm","marker-color":"#ef4444","marker-size":"small"},"geometry":{"type":"Point","coordinates":[159.953,52.812]}},{"type":"Feature","properties":{"name":"M5.7 · 138 km NE of Labasa, Fiji","magnitude":5.7,"depth_km":10,"depth_class":"Shallow","time":"2025-12-19T05:00:18.291Z","pager_alert":"green","url":"https://earthquake.usgs.gov/earthquakes/eventpage/us6000rvx4","marker-color":"#ef4444","marker-size":"small"},"geometry":{"type":"Point","coordinates":[-179.576,-15.72]}},{"type":"Feature","properties":{"name":"M5.6 · Balleny Islands region","magnitude":5.6,"depth_km":10,"depth_class":"Shallow","time":"2025-12-20T06:57:09.754Z","pager_alert":"green","url":"https://earthquake.usgs.gov/earthquakes/eventpage/us6000rw5u","marker-color":"#ef4444","marker-size":"small"},"geometry":{"type":"Point","coordinates":[172.771,-63.809]}},{"type":"Feature","properties":{"name":"M5.5 · 132 km WNW of Ternate, Indonesia","magnitude":5.5,"depth_km":44,"depth_class":"Shallow","time":"2025-12-21T12:21:45.837Z","pager_alert":"green","felt_reports":1,"url":"https://earthquake.usgs.gov/earthquakes/eventpage/us6000rwbl","marker-color":"#ef4444","marker-size":"small"},"geometry":{"type":"Point","coordinates":[126.392,1.446]}},{"type":"Feature","properties":{"name":"M5.6 · 139 km E of Barcelona, Philippines","magnitude":5.6,"depth_km":9,"depth_class":"Shallow","time":"2025-12-21T17:53:56.743Z","pager_alert":"green","url":"https://earthquake.usgs.gov/earthquakes/eventpage/us6000rwcs","marker-color":"#ef4444","marker-size":"small"},"geometry":{"type":"Point","coordinates":[127.682,8.376]}},{"type":"Feature","properties":{"name":"M6.5 · 45 km NNE of Goroka, Papua New Guinea","magnitude":6.5,"depth_km":107,"depth_class":"Intermediate","time":"2025-12-22T10:31:27.918Z","pager_alert":"green","felt_reports":12,"url":"https://earthquake.usgs.gov/earthquakes/eventpage/us6000rwgh","marker-color":"#f59e0b","marker-size":"medium"},"geometry":{"type":"Point","coordinates":[145.537,-5.704]}},{"type":"Feature","properties":{"name":"M5.6 · 54 km N of Port-Olry, Vanuatu","magnitude":5.6,"depth_km":157,"depth_class":"Intermediate","time":"2025-12-23T20:41:57.853Z","pager_alert":"green","felt_reports":2,"url":"https://earthquake.usgs.gov/earthquakes/eventpage/us7000rkfp","marker-color":"#f59e0b","marker-size":"small"},"geometry":{"type":"Point","coordinates":[167.138,-14.556]}},{"type":"Feature","properties":{"name":"M6.0 · 2025 Taitung, Taiwan Earthquake","magnitude":6,"depth_km":8,"depth_class":"Shallow","time":"2025-12-24T09:47:06.669Z","pager_alert":"green","felt_reports":61,"url":"https://earthquake.usgs.gov/earthquakes/eventpage/us7000rkjm","marker-color":"#ef4444","marker-size":"small"},"geometry":{"type":"Point","coordinates":[121.249,22.898]}},{"type":"Feature","properties":{"name":"M5.7 · 216 km SW of Merizo Village, Guam","magnitude":5.7,"depth_km":12,"depth_class":"Shallow","time":"2025-12-24T15:00:35.494Z","pager_alert":"green","felt_reports":1,"url":"https://earthquake.usgs.gov/earthquakes/eventpage/us7000rkkk","marker-color":"#ef4444","marker-size":"small"},"geometry":{"type":"Point","coordinates":[143.363,11.785]}},{"type":"Feature","properties":{"name":"M5.6 · 103 km E of Yokohama, Japan","magnitude":5.6,"depth_km":54.1,"depth_class":"Shallow","time":"2025-12-25T16:17:41.763Z","pager_alert":"green","url":"https://earthquake.usgs.gov/earthquakes/eventpage/us7000rkqm","marker-color":"#ef4444","marker-size":"small"},"geometry":{"type":"Point","coordinates":[142.469,41.211]}},{"type":"Feature","properties":{"name":"M5.6 · 129 km ESE of Alo, Wallis and Futuna","magnitude":5.6,"depth_km":10,"depth_class":"Shallow","time":"2025-12-26T08:36:07.520Z","pager_alert":"green","url":"https://earthquake.usgs.gov/earthquakes/eventpage/us7000rkvc","marker-color":"#ef4444","marker-size":"small"},"geometry":{"type":"Point","coordinates":[-176.937,-14.558]}},{"type":"Feature","properties":{"name":"M5.6 · 37 km NW of Añatuya, Argentina","magnitude":5.6,"depth_km":593.4,"depth_class":"Deep","time":"2025-12-27T10:40:49.838Z","pager_alert":"green","url":"https://earthquake.usgs.gov/earthquakes/eventpage/us7000rl1p","marker-color":"#8b5cf6","marker-size":"small"},"geometry":{"type":"Point","coordinates":[-63.134,-28.256]}},{"type":"Feature","properties":{"name":"M6.6 · 29 km ESE of Yilan, Taiwan","magnitude":6.6,"depth_km":63,"depth_class":"Shallow","time":"2025-12-27T15:05:55.388Z","pager_alert":"green","tsunami_flag":true,"felt_reports":439,"url":"https://earthquake.usgs.gov/earthquakes/eventpage/us7000rl2n","marker-color":"#ef4444","marker-size":"medium"},"geometry":{"type":"Point","coordinates":[122.035,24.684]}},{"type":"Feature","properties":{"name":"M6.2 · 43 km W of Puerto Santa, Peru","magnitude":6.2,"depth_km":58,"depth_class":"Shallow","time":"2025-12-28T02:51:49.922Z","pager_alert":"yellow","felt_reports":76,"url":"https://earthquake.usgs.gov/earthquakes/eventpage/us7000rl57","marker-color":"#ef4444","marker-size":"small"},"geometry":{"type":"Point","coordinates":[-79.039,-8.983]}},{"type":"Feature","properties":{"name":"M5.5 · 19 km NNE of Wadomari, Japan","magnitude":5.5,"depth_km":11,"depth_class":"Shallow","time":"2025-12-30T08:12:24.579Z","pager_alert":"green","felt_reports":8,"url":"https://earthquake.usgs.gov/earthquakes/eventpage/us7000rlha","marker-color":"#ef4444","marker-size":"small"},"geometry":{"type":"Point","coordinates":[128.724,27.549]}},{"type":"Feature","properties":{"name":"M6.0 · 96 km E of Noda, Japan","magnitude":6,"depth_km":27,"depth_class":"Shallow","time":"2025-12-31T14:26:57.992Z","pager_alert":"green","felt_reports":2,"url":"https://earthquake.usgs.gov/earthquakes/eventpage/us7000rlq3","marker-color":"#ef4444","marker-size":"small"},"geometry":{"type":"Point","coordinates":[142.945,40.116]}}],"source":"USGS ComCat, M5.5+ earthquakes in 2025 (public domain)"}
