{"type":"FeatureCollection","features":[{"type":"Feature","properties":{"name":"Andrea","category":"Tropical storm","basin":"North Atlantic","peak_wind_kt":35,"peak_wind_kmh":65,"min_pressure_hpa":1014,"formed":"2025-06-22","peaked":"2025-06-23","dissipated":"2025-06-25","coordTimes":["2025-06-22T00:00Z","2025-06-22T06:00Z","2025-06-22T12:00Z","2025-06-22T18:00Z","2025-06-23T00:00Z","2025-06-23T06:00Z","2025-06-23T12:00Z","2025-06-23T18:00Z","2025-06-24T00:00Z","2025-06-24T06:00Z","2025-06-24T12:00Z","2025-06-24T18:00Z","2025-06-25T00:00Z","2025-06-25T06:00Z","2025-06-25T12:00Z"],"stroke":"#38bdf8","stroke-width":1.6,"stroke-opacity":0.9},"geometry":{"type":"LineString","coordinates":[[-57.6,30],[-57.6,30.5],[-57.6,31],[-57.4,31.5],[-57,32],[-56.3,32.6],[-55.2,33.2],[-54.2,33.9],[-53,34.6],[-51.5,35.4],[-49.8,36.3],[-48.2,37.3],[-46.6,38.2],[-44.7,38.8],[-42.2,39.3]]}},{"type":"Feature","properties":{"name":"Bailu","category":"Tropical storm","basin":"West Pacific","peak_wind_kt":35,"peak_wind_kmh":65,"min_pressure_hpa":982,"formed":"2025-07-30","peaked":"2025-08-02","dissipated":"2025-08-07","coordTimes":["2025-07-30T18:00Z","2025-07-31T00:00Z","2025-07-31T06:00Z","2025-07-31T12:00Z","2025-07-31T18:00Z","2025-08-01T00:00Z","2025-08-01T06:00Z","2025-08-01T12:00Z","2025-08-01T18:00Z","2025-08-02T00:00Z","2025-08-02T06:00Z","2025-08-02T12:00Z","2025-08-02T18:00Z","2025-08-03T00:00Z","2025-08-03T06:00Z","2025-08-03T12:00Z","2025-08-03T18:00Z","2025-08-04T00:00Z","2025-08-04T06:00Z","2025-08-04T12:00Z","2025-08-04T18:00Z","2025-08-05T00:00Z","2025-08-05T06:00Z","2025-08-05T12:00Z","2025-08-05T18:00Z","2025-08-06T00:00Z","2025-08-06T06:00Z","2025-08-06T12:00Z","2025-08-06T18:00Z","2025-08-07T00:00Z","2025-08-07T06:00Z","2025-08-07T12:00Z"],"stroke":"#38bdf8","stroke-width":1.6,"stroke-opacity":0.9},"geometry":{"type":"LineString","coordinates":[[129.6,26],[129.8,25.9],[130.6,24.8],[131.6,24.7],[131.9,24.7],[132.4,24.9],[133.8,25.1],[135.6,25.9],[136.5,26.8],[136.9,27.3],[138.3,28.3],[139.3,30],[140.3,31.1],[141.8,33.1],[143.5,34.5],[145.3,35.8],[147.4,36.7],[149.6,37.1],[151.7,37.4],[153.8,37.6],[155.8,38],[157.1,38.1],[158.4,38.5],[159.3,39.1],[160.4,39.8],[161.8,40.3],[163.9,41.6],[165.8,42.9],[167.8,43.7],[170.1,44.3],[172.7,44.6],[180.1,44.4]]}},{"type":"Feature","properties":{"name":"Awo","category":"Tropical storm","basin":"South Indian","peak_wind_kt":35,"peak_wind_kmh":65,"min_pressure_hpa":1001,"formed":"2025-08-07","peaked":"2025-08-07","dissipated":"2025-08-08","coordTimes":["2025-08-07T00:00Z","2025-08-07T06:00Z","2025-08-07T12:00Z","2025-08-07T18:00Z","2025-08-08T00:00Z","2025-08-08T06:00Z","2025-08-08T12:00Z"],"stroke":"#38bdf8","stroke-width":1.6,"stroke-opacity":0.9},"geometry":{"type":"LineString","coordinates":[[61.9,-7.3],[61.7,-7.5],[60.8,-7.1],[60.2,-6.9],[59.6,-6.3],[59.4,-5.8],[59.7,-5.6]]}},{"type":"Feature","properties":{"name":"Blossom","category":"Tropical storm","basin":"South Indian","peak_wind_kt":35,"peak_wind_kmh":65,"min_pressure_hpa":1004,"formed":"2025-09-09","peaked":"2025-09-09","dissipated":"2025-09-13","coordTimes":["2025-09-09T06:00Z","2025-09-09T12:00Z","2025-09-09T18:00Z","2025-09-10T00:00Z","2025-09-10T06:00Z","2025-09-10T12:00Z","2025-09-10T18:00Z","2025-09-11T00:00Z","2025-09-11T06:00Z","2025-09-11T12:00Z","2025-09-11T18:00Z","2025-09-12T00:00Z","2025-09-12T06:00Z","2025-09-12T12:00Z","2025-09-12T18:00Z","2025-09-13T00:00Z"],"stroke":"#38bdf8","stroke-width":1.6,"stroke-opacity":0.9},"geometry":{"type":"LineString","coordinates":[[69.3,-9.1],[68.4,-9.7],[67.2,-10.3],[66.1,-10.5],[65.4,-10.5],[65,-10.5],[64.7,-10.2],[64.6,-10.1],[63.9,-9.9],[63.2,-9.2],[62.8,-9],[62,-8.5],[61.5,-8.2],[60.7,-7.8],[60.2,-7.6],[60.5,-7.5]]}},{"type":"Feature","properties":{"name":"Ditwah","category":"Tropical storm","basin":"North Indian","peak_wind_kt":35,"peak_wind_kmh":65,"min_pressure_hpa":1001,"formed":"2025-11-26","peaked":"2025-11-27","dissipated":"2025-12-02","coordTimes":["2025-11-26T18:00Z","2025-11-27T00:00Z","2025-11-27T06:00Z","2025-11-27T12:00Z","2025-11-27T18:00Z","2025-11-28T00:00Z","2025-11-28T06:00Z","2025-11-28T12:00Z","2025-11-28T18:00Z","2025-11-29T00:00Z","2025-11-29T06:00Z","2025-11-29T12:00Z","2025-11-29T18:00Z","2025-11-30T00:00Z","2025-11-30T06:00Z","2025-11-30T12:00Z","2025-11-30T18:00Z","2025-12-01T00:00Z","2025-12-01T06:00Z","2025-12-01T12:00Z","2025-12-01T18:00Z","2025-12-02T00:00Z","2025-12-02T06:00Z","2025-12-02T12:00Z","2025-12-02T18:00Z"],"stroke":"#38bdf8","stroke-width":1.6,"stroke-opacity":0.9},"geometry":{"type":"LineString","coordinates":[[82.6,5.9],[81.9,6.4],[82,7],[81.7,7.6],[81.3,7.9],[81.1,8.1],[81,8.3],[80.9,8.6],[80.8,9],[80.8,9.4],[80.8,9.9],[80.7,10.3],[80.7,10.6],[80.7,11],[80.7,11.4],[80.8,11.7],[81.2,12],[81.2,12.6],[80.9,12.9],[80.9,12.9],[80.7,12.7],[80.6,12.6],[80.7,12.4],[80.4,12.3],[80.2,12.1]]}},{"type":"Feature","properties":{"name":"Pita","category":"Tropical storm","basin":"South Pacific","peak_wind_kt":39,"peak_wind_kmh":72,"min_pressure_hpa":993,"formed":"2025-01-10","peaked":"2025-01-11","dissipated":"2025-01-12","coordTimes":["2025-01-10T00:00Z","2025-01-10T06:00Z","2025-01-10T12:00Z","2025-01-10T18:00Z","2025-01-11T00:00Z","2025-01-11T06:00Z","2025-01-11T12:00Z","2025-01-11T18:00Z","2025-01-12T00:00Z","2025-01-12T06:00Z","2025-01-12T12:00Z"],"stroke":"#38bdf8","stroke-width":1.6,"stroke-opacity":0.9},"geometry":{"type":"LineString","coordinates":[[-174.9,-17.1],[-173.2,-18],[-171.2,-18.4],[-169.1,-19.3],[-166.5,-20],[-164.1,-21.4],[-161.7,-21.7],[-160.5,-21.8],[-158.9,-22],[-157.3,-22.4],[-156.3,-22.5]]}},{"type":"Feature","properties":{"name":"Sepat","category":"Tropical storm","basin":"West Pacific","peak_wind_kt":39,"peak_wind_kmh":72,"min_pressure_hpa":1000,"formed":"2025-06-21","peaked":"2025-06-23","dissipated":"2025-06-26","coordTimes":["2025-06-21T06:00Z","2025-06-21T12:00Z","2025-06-21T18:00Z","2025-06-22T00:00Z","2025-06-22T06:00Z","2025-06-22T12:00Z","2025-06-22T18:00Z","2025-06-23T00:00Z","2025-06-23T06:00Z","2025-06-23T12:00Z","2025-06-23T18:00Z","2025-06-24T00:00Z","2025-06-24T06:00Z","2025-06-24T12:00Z","2025-06-24T18:00Z","2025-06-25T00:00Z","2025-06-25T06:00Z","2025-06-25T12:00Z","2025-06-25T18:00Z","2025-06-26T00:00Z","2025-06-26T06:00Z","2025-06-26T12:00Z"],"stroke":"#38bdf8","stroke-width":1.6,"stroke-opacity":0.9},"geometry":{"type":"LineString","coordinates":[[147.2,21],[146.8,21.4],[146.4,21.8],[146.2,22.5],[146.4,22.9],[145.9,23.2],[145.3,23.9],[144.7,24.6],[143.9,25.8],[143.1,27],[141.9,28.4],[141,29.3],[140.4,30],[140.1,30.6],[139.8,31.3],[139.5,32],[139.6,32.8],[139.8,33.6],[140.3,34.5],[141.4,35.8],[143.5,37.1],[145.6,38.6]]}},{"type":"Feature","properties":{"name":"Francisco","category":"Tropical storm","basin":"West Pacific","peak_wind_kt":39,"peak_wind_kmh":72,"min_pressure_hpa":987,"formed":"2025-07-22","peaked":"2025-07-23","dissipated":"2025-07-27","coordTimes":["2025-07-22T06:00Z","2025-07-22T12:00Z","2025-07-22T18:00Z","2025-07-23T00:00Z","2025-07-23T06:00Z","2025-07-23T12:00Z","2025-07-23T18:00Z","2025-07-24T00:00Z","2025-07-24T06:00Z","2025-07-24T12:00Z","2025-07-24T18:00Z","2025-07-25T00:00Z","2025-07-25T06:00Z","2025-07-25T12:00Z","2025-07-25T18:00Z","2025-07-26T00:00Z","2025-07-26T06:00Z","2025-07-26T12:00Z","2025-07-26T18:00Z","2025-07-27T00:00Z","2025-07-27T06:00Z"],"stroke":"#38bdf8","stroke-width":1.6,"stroke-opacity":0.9},"geometry":{"type":"LineString","coordinates":[[132.6,17.9],[131.9,19.2],[131,19.9],[130.1,20.7],[129.9,21.9],[129.3,22.3],[128.4,23.1],[128,24],[128,24.8],[127.1,26],[125.1,26.7],[123.7,26.7],[122.6,26.5],[121.8,26.3],[121.1,26.3],[120.8,26.6],[120.3,26.7],[119.7,26.6],[119.7,26.5],[120,26.3],[120.4,26.1]]}},{"type":"Feature","properties":{"name":"Nongfa","category":"Tropical storm","basin":"West Pacific","peak_wind_kt":39,"peak_wind_kmh":72,"min_pressure_hpa":993,"formed":"2025-08-27","peaked":"2025-08-30","dissipated":"2025-08-31","coordTimes":["2025-08-27T18:00Z","2025-08-28T00:00Z","2025-08-28T06:00Z","2025-08-28T12:00Z","2025-08-28T18:00Z","2025-08-29T00:00Z","2025-08-29T06:00Z","2025-08-29T12:00Z","2025-08-29T18:00Z","2025-08-30T00:00Z","2025-08-30T06:00Z","2025-08-30T12:00Z","2025-08-30T18:00Z","2025-08-31T00:00Z","2025-08-31T06:00Z"],"stroke":"#38bdf8","stroke-width":1.6,"stroke-opacity":0.9},"geometry":{"type":"LineString","coordinates":[[116.8,14.8],[116.4,14.9],[115.9,15.1],[115.2,15.3],[114.1,15.7],[113.1,16.1],[112.2,16.4],[111.1,17.2],[109.5,17.3],[108,17.7],[106.8,18],[104.7,18.1],[102.9,17.8],[101.4,17.2],[100.1,17.5]]}},{"type":"Feature","properties":{"name":"Barry","category":"Tropical storm","basin":"North Atlantic","peak_wind_kt":40,"peak_wind_kmh":74,"min_pressure_hpa":1006,"formed":"2025-06-28","peaked":"2025-06-29","dissipated":"2025-06-30","coordTimes":["2025-06-28T18:00Z","2025-06-29T00:00Z","2025-06-29T06:00Z","2025-06-29T12:00Z","2025-06-29T18:00Z","2025-06-30T00:00Z","2025-06-30T06:00Z"],"stroke":"#38bdf8","stroke-width":1.6,"stroke-opacity":0.9},"geometry":{"type":"LineString","coordinates":[[-93.9,19.2],[-94.7,19.5],[-95.4,19.7],[-96,20.1],[-96.7,20.9],[-97.4,21.7],[-98.2,22.3]]}},{"type":"Feature","properties":{"name":"Faida","category":"Tropical storm","basin":"South Indian","peak_wind_kt":45,"peak_wind_kmh":83,"min_pressure_hpa":996,"formed":"2025-01-23","peaked":"2025-02-03","dissipated":"2025-02-05","coordTimes":["2025-01-23T18:00Z","2025-01-24T00:00Z","2025-01-24T06:00Z","2025-01-24T12:00Z","2025-01-24T18:00Z","2025-01-25T00:00Z","2025-01-25T06:00Z","2025-01-25T12:00Z","2025-01-25T18:00Z","2025-01-26T00:00Z","2025-01-26T06:00Z","2025-01-26T12:00Z","2025-01-26T18:00Z","2025-01-27T00:00Z","2025-01-27T06:00Z","2025-01-27T12:00Z","2025-01-27T18:00Z","2025-01-28T00:00Z","2025-01-28T06:00Z","2025-01-28T12:00Z","2025-01-28T18:00Z","2025-01-29T00:00Z","2025-01-29T06:00Z","2025-01-29T12:00Z","2025-01-29T18:00Z","2025-01-30T00:00Z","2025-01-30T06:00Z","2025-01-30T12:00Z","2025-01-30T18:00Z","2025-01-31T00:00Z","2025-01-31T06:00Z","2025-01-31T12:00Z","2025-01-31T18:00Z","2025-02-01T00:00Z","2025-02-01T06:00Z","2025-02-01T12:00Z","2025-02-01T18:00Z","2025-02-02T00:00Z","2025-02-02T06:00Z","2025-02-02T12:00Z","2025-02-02T18:00Z","2025-02-03T00:00Z","2025-02-03T06:00Z","2025-02-03T12:00Z","2025-02-03T18:00Z","2025-02-04T00:00Z","2025-02-04T06:00Z","2025-02-04T12:00Z","2025-02-04T18:00Z","2025-02-05T00:00Z","2025-02-05T06:00Z"],"stroke":"#38bdf8","stroke-width":1.6,"stroke-opacity":0.9},"geometry":{"type":"LineString","coordinates":[[81.9,-10.8],[81.8,-10.9],[81.7,-11],[81.5,-11],[81.3,-11.1],[81.1,-11.1],[80.9,-11],[80.8,-11],[80.6,-11.2],[80.4,-11.5],[80.1,-11.8],[79.5,-12],[78.7,-12],[77.6,-11.8],[76.9,-11.7],[76.5,-11.7],[76.2,-11.4],[76,-11],[76.1,-11.3],[76.2,-11.7],[76.5,-12.1],[76.2,-12.7],[75.4,-14],[74.9,-14.7],[74,-15.4],[72.4,-16],[70.7,-16.1],[69.9,-16.6],[68.7,-16.5],[67.2,-16.1],[66.5,-15.7],[65.6,-16.8],[63.7,-16.9],[62.4,-17],[61.8,-17],[60.8,-17.6],[59.7,-18.1],[58.7,-18.6],[57,-19.2],[55.7,-19.2],[53.5,-18.3],[51.7,-18.2],[51.6,-18],[50.9,-18.2],[51.1,-19],[50.1,-18.6],[49.6,-18.7],[50.3,-19.6],[49.6,-20.1],[48.8,-20.6],[48.2,-22]]}},{"type":"Feature","properties":{"name":"Dianne","category":"Tropical storm","basin":"South Indian","peak_wind_kt":45,"peak_wind_kmh":83,"min_pressure_hpa":991,"formed":"2025-03-26","peaked":"2025-03-28","dissipated":"2025-03-30","coordTimes":["2025-03-26T18:00Z","2025-03-27T00:00Z","2025-03-27T06:00Z","2025-03-27T12:00Z","2025-03-27T18:00Z","2025-03-28T00:00Z","2025-03-28T06:00Z","2025-03-28T12:00Z","2025-03-28T18:00Z","2025-03-29T00:00Z","2025-03-29T06:00Z","2025-03-29T12:00Z","2025-03-29T18:00Z","2025-03-30T00:00Z","2025-03-30T06:00Z"],"stroke":"#38bdf8","stroke-width":1.6,"stroke-opacity":0.9},"geometry":{"type":"LineString","coordinates":[[121,-14.3],[121.3,-13.8],[121.9,-13.7],[122.5,-13.8],[122.9,-13.9],[123.5,-14.2],[123.7,-14.8],[123.8,-15.6],[123.8,-16.3],[124,-17.1],[124.1,-18.3],[124.2,-19.1],[124.3,-19.7],[124.3,-20.2],[124.3,-20.2]]}},{"type":"Feature","properties":{"name":"Keli","category":"Tropical storm","basin":"East Pacific","peak_wind_kt":45,"peak_wind_kmh":83,"min_pressure_hpa":1003,"formed":"2025-07-27","peaked":"2025-07-29","dissipated":"2025-07-30","coordTimes":["2025-07-27T18:00Z","2025-07-28T00:00Z","2025-07-28T06:00Z","2025-07-28T12:00Z","2025-07-28T18:00Z","2025-07-29T00:00Z","2025-07-29T06:00Z","2025-07-29T12:00Z","2025-07-29T18:00Z","2025-07-30T00:00Z","2025-07-30T06:00Z","2025-07-30T12:00Z"],"stroke":"#38bdf8","stroke-width":1.6,"stroke-opacity":0.9},"geometry":{"type":"LineString","coordinates":[[-140.3,11.6],[-141.3,11.7],[-142.3,11.8],[-143.2,11.9],[-144.1,12.1],[-145,12.2],[-146.1,12.3],[-147.5,12.5],[-149.2,12.7],[-151,13],[-152.8,13.3],[-154.7,13.6]]}},{"type":"Feature","properties":{"name":"Lingling","category":"Tropical storm","basin":"West Pacific","peak_wind_kt":45,"peak_wind_kmh":83,"min_pressure_hpa":992,"formed":"2025-08-17","peaked":"2025-08-21","dissipated":"2025-08-23","coordTimes":["2025-08-17T06:00Z","2025-08-17T12:00Z","2025-08-17T18:00Z","2025-08-18T00:00Z","2025-08-18T06:00Z","2025-08-18T12:00Z","2025-08-18T18:00Z","2025-08-19T00:00Z","2025-08-19T06:00Z","2025-08-19T12:00Z","2025-08-19T18:00Z","2025-08-20T00:00Z","2025-08-20T06:00Z","2025-08-20T12:00Z","2025-08-20T18:00Z","2025-08-21T00:00Z","2025-08-21T06:00Z","2025-08-21T12:00Z","2025-08-21T18:00Z","2025-08-22T00:00Z","2025-08-22T06:00Z","2025-08-22T12:00Z","2025-08-22T18:00Z","2025-08-23T00:00Z"],"stroke":"#38bdf8","stroke-width":1.6,"stroke-opacity":0.9},"geometry":{"type":"LineString","coordinates":[[127.4,21.8],[127.1,22.2],[126.8,22.3],[126.8,22.1],[126.9,22.5],[126.6,23.1],[127.1,24.3],[127.4,25.7],[127.4,27],[127.1,27.8],[126.9,28.6],[127.4,29.3],[127.8,30.3],[128.2,31.2],[128.9,31.8],[129.3,31.9],[130,31.7],[130.8,31.6],[131.4,31.8],[132,32.1],[132.5,32.5],[133.1,32.5],[133.8,32.6],[134.9,33.1]]}},{"type":"Feature","properties":{"name":"Mitag","category":"Tropical storm","basin":"West Pacific","peak_wind_kt":45,"peak_wind_kmh":83,"min_pressure_hpa":994,"formed":"2025-09-15","peaked":"2025-09-16","dissipated":"2025-09-20","coordTimes":["2025-09-15T12:00Z","2025-09-15T18:00Z","2025-09-16T00:00Z","2025-09-16T06:00Z","2025-09-16T12:00Z","2025-09-16T18:00Z","2025-09-17T00:00Z","2025-09-17T06:00Z","2025-09-17T12:00Z","2025-09-17T18:00Z","2025-09-18T00:00Z","2025-09-18T06:00Z","2025-09-18T12:00Z","2025-09-18T18:00Z","2025-09-19T00:00Z","2025-09-19T06:00Z","2025-09-19T12:00Z","2025-09-19T18:00Z","2025-09-20T00:00Z","2025-09-20T06:00Z","2025-09-20T12:00Z","2025-09-20T18:00Z"],"stroke":"#38bdf8","stroke-width":1.6,"stroke-opacity":0.9},"geometry":{"type":"LineString","coordinates":[[125.5,13.4],[125.2,13.8],[125,14.3],[123.7,15.2],[122.9,15.7],[122.3,16],[121.6,16.7],[121.1,17.8],[120.5,18.4],[119.7,19],[118.8,19.7],[117.8,19.9],[117.1,20.3],[116.5,21.3],[115.8,22.2],[115.4,22.7],[114.9,23.1],[114.3,23.2],[114,23.4],[113.5,23.7],[112.8,23.8],[112.1,23.7]]}},{"type":"Feature","properties":{"name":"Sonia","category":"Tropical storm","basin":"East Pacific","peak_wind_kt":45,"peak_wind_kmh":83,"min_pressure_hpa":1001,"formed":"2025-10-24","peaked":"2025-10-25","dissipated":"2025-10-29","coordTimes":["2025-10-24T06:00Z","2025-10-24T12:00Z","2025-10-24T18:00Z","2025-10-25T00:00Z","2025-10-25T06:00Z","2025-10-25T12:00Z","2025-10-25T18:00Z","2025-10-26T00:00Z","2025-10-26T06:00Z","2025-10-26T12:00Z","2025-10-26T18:00Z","2025-10-27T00:00Z","2025-10-27T06:00Z","2025-10-27T12:00Z","2025-10-27T18:00Z","2025-10-28T00:00Z","2025-10-28T06:00Z","2025-10-28T12:00Z","2025-10-28T18:00Z","2025-10-29T00:00Z","2025-10-29T06:00Z","2025-10-29T12:00Z","2025-10-29T18:00Z"],"stroke":"#38bdf8","stroke-width":1.6,"stroke-opacity":0.9},"geometry":{"type":"LineString","coordinates":[[-113.4,13.1],[-114.5,13.2],[-115.6,13.2],[-116.4,13.2],[-117.2,13.3],[-117.9,13.4],[-118.7,13.4],[-119,13.4],[-119.2,13.4],[-119.4,13.5],[-119.5,13.7],[-119.7,13.9],[-120.3,14],[-120.8,13.9],[-121.3,14],[-121.8,14.3],[-122.4,14.7],[-123.1,15],[-123.9,15.2],[-124.8,15.3],[-125.6,15.3],[-126.6,15.4],[-127.8,15.5]]}},{"type":"Feature","properties":{"name":"Montha","category":"Tropical storm","basin":"North Indian","peak_wind_kt":45,"peak_wind_kmh":83,"min_pressure_hpa":995,"formed":"2025-10-25","peaked":"2025-10-27","dissipated":"2025-10-29","coordTimes":["2025-10-25T00:00Z","2025-10-25T06:00Z","2025-10-25T12:00Z","2025-10-25T18:00Z","2025-10-26T00:00Z","2025-10-26T06:00Z","2025-10-26T12:00Z","2025-10-26T18:00Z","2025-10-27T00:00Z","2025-10-27T06:00Z","2025-10-27T12:00Z","2025-10-27T18:00Z","2025-10-28T00:00Z","2025-10-28T06:00Z","2025-10-28T12:00Z","2025-10-28T18:00Z","2025-10-29T00:00Z","2025-10-29T06:00Z","2025-10-29T12:00Z","2025-10-29T18:00Z"],"stroke":"#38bdf8","stroke-width":1.6,"stroke-opacity":0.9},"geometry":{"type":"LineString","coordinates":[[89,10.8],[88.6,10.8],[88.1,10.9],[87.7,11],[87.3,11.1],[86.9,11.3],[86.4,11.4],[85.6,11.4],[85.3,12.4],[84.4,12.7],[84,13.3],[83.5,14.1],[83.1,14.6],[82.6,15.2],[82.1,15.9],[81.5,16.1],[81.3,17],[81.1,17.7],[80.9,18.7],[80.7,19.6]]}},{"type":"Feature","properties":{"name":"Senyar","category":"Tropical storm","basin":"North Indian","peak_wind_kt":45,"peak_wind_kmh":83,"min_pressure_hpa":996,"formed":"2025-11-25","peaked":"2025-11-25","dissipated":"2025-11-30","coordTimes":["2025-11-25T06:00Z","2025-11-25T12:00Z","2025-11-25T18:00Z","2025-11-26T00:00Z","2025-11-26T06:00Z","2025-11-26T12:00Z","2025-11-26T18:00Z","2025-11-27T00:00Z","2025-11-27T06:00Z","2025-11-27T12:00Z","2025-11-27T18:00Z","2025-11-28T00:00Z","2025-11-28T06:00Z","2025-11-28T12:00Z","2025-11-28T18:00Z","2025-11-29T00:00Z","2025-11-29T06:00Z","2025-11-29T12:00Z","2025-11-29T18:00Z","2025-11-30T00:00Z","2025-11-30T06:00Z"],"stroke":"#38bdf8","stroke-width":1.6,"stroke-opacity":0.9},"geometry":{"type":"LineString","coordinates":[[99.5,5.3],[99,5],[98.4,4.9],[98,4.8],[98,4.3],[98.4,4],[99.4,3.7],[100,3.6],[100.3,3.6],[100.9,3.6],[101.4,3.6],[102,3.7],[102.6,3.8],[104.3,4.2],[105.1,4.4],[106,4.8],[106.8,4.8],[107.5,5.2],[108.5,5.7],[109,6.4],[109.2,7.4]]}},{"type":"Feature","properties":{"name":"Iggy","category":"Tropical storm","basin":"South Indian","peak_wind_kt":45,"peak_wind_kmh":83,"min_pressure_hpa":998,"formed":"2025-12-31","peaked":"2026-01-01","dissipated":"2026-01-03","coordTimes":["2025-12-31T18:00Z","2026-01-01T00:00Z","2026-01-01T06:00Z","2026-01-01T12:00Z","2026-01-01T18:00Z","2026-01-02T00:00Z","2026-01-02T06:00Z","2026-01-02T12:00Z","2026-01-02T18:00Z","2026-01-03T00:00Z","2026-01-03T06:00Z","2026-01-03T12:00Z","2026-01-03T18:00Z"],"stroke":"#38bdf8","stroke-width":1.6,"stroke-opacity":0.9},"geometry":{"type":"LineString","coordinates":[[106.3,-11.2],[107.8,-12.4],[108.1,-13.1],[108.4,-13.8],[109.2,-14.7],[109.5,-15.3],[109.4,-16.1],[108.9,-16.7],[108.2,-16.8],[107.1,-16.8],[105.9,-16.6],[104.6,-16.7],[103.3,-16.8]]}},{"type":"Feature","properties":{"name":"Elvis","category":"Tropical storm","basin":"South Indian","peak_wind_kt":50,"peak_wind_kmh":93,"min_pressure_hpa":965,"formed":"2025-01-28","peaked":"2025-02-02","dissipated":"2025-02-03","coordTimes":["2025-01-28T18:00Z","2025-01-29T00:00Z","2025-01-29T06:00Z","2025-01-29T12:00Z","2025-01-29T18:00Z","2025-01-30T00:00Z","2025-01-30T06:00Z","2025-01-30T12:00Z","2025-01-30T18:00Z","2025-01-31T00:00Z","2025-01-31T06:00Z","2025-01-31T12:00Z","2025-01-31T18:00Z","2025-02-01T00:00Z","2025-02-01T06:00Z","2025-02-01T12:00Z","2025-02-01T18:00Z","2025-02-02T00:00Z","2025-02-02T06:00Z","2025-02-02T12:00Z","2025-02-02T18:00Z","2025-02-03T00:00Z","2025-02-03T06:00Z"],"stroke":"#38bdf8","stroke-width":1.6,"stroke-opacity":0.9},"geometry":{"type":"LineString","coordinates":[[43.2,-24.9],[42.8,-24.7],[42.8,-24.9],[42.8,-25],[43.2,-25.6],[43.8,-25.9],[44.3,-26.7],[45.6,-28.1],[46.7,-29.5],[47.2,-30.6],[48.5,-31.7],[49.4,-32.7],[51.3,-34.4],[52.4,-36.5],[53.7,-39],[55.8,-41.3],[58.7,-43.3],[62.1,-45.3],[65.6,-46.9],[68.5,-47.9],[71.1,-48.4],[74.1,-48.3],[79,-47]]}},{"type":"Feature","properties":{"name":"Alvin","category":"Tropical storm","basin":"East Pacific","peak_wind_kt":50,"peak_wind_kmh":93,"min_pressure_hpa":999,"formed":"2025-05-28","peaked":"2025-05-29","dissipated":"2025-06-01","coordTimes":["2025-05-28T18:00Z","2025-05-29T00:00Z","2025-05-29T06:00Z","2025-05-29T12:00Z","2025-05-29T18:00Z","2025-05-30T00:00Z","2025-05-30T06:00Z","2025-05-30T12:00Z","2025-05-30T18:00Z","2025-05-31T00:00Z","2025-05-31T06:00Z","2025-05-31T12:00Z","2025-05-31T18:00Z","2025-06-01T00:00Z","2025-06-01T06:00Z"],"stroke":"#38bdf8","stroke-width":1.6,"stroke-opacity":0.9},"geometry":{"type":"LineString","coordinates":[[-104.4,11.5],[-104.9,12.4],[-105.6,13],[-106.2,13.7],[-106.9,14.6],[-107.6,15.4],[-108.3,16.1],[-108.7,16.9],[-108.9,17.7],[-109,18.7],[-109.2,19.6],[-109.5,20.4],[-109.7,21.1],[-109.7,21.8],[-109.4,22.4]]}},{"type":"Feature","properties":{"name":"Chantal","category":"Tropical storm","basin":"North Atlantic","peak_wind_kt":50,"peak_wind_kmh":93,"min_pressure_hpa":1002,"formed":"2025-07-04","peaked":"2025-07-06","dissipated":"2025-07-07","coordTimes":["2025-07-04T06:00Z","2025-07-04T12:00Z","2025-07-04T18:00Z","2025-07-05T00:00Z","2025-07-05T06:00Z","2025-07-05T12:00Z","2025-07-05T18:00Z","2025-07-06T00:00Z","2025-07-06T06:00Z","2025-07-06T12:00Z","2025-07-06T18:00Z","2025-07-07T00:00Z","2025-07-07T06:00Z","2025-07-07T12:00Z","2025-07-07T18:00Z"],"stroke":"#38bdf8","stroke-width":1.6,"stroke-opacity":0.9},"geometry":{"type":"LineString","coordinates":[[-79.6,30],[-79.3,30.5],[-79.1,30.7],[-79,30.7],[-78.9,30.8],[-78.8,31],[-78.6,31.6],[-78.6,32.3],[-78.9,33.3],[-79.1,33.9],[-79.1,34.6],[-78.9,35.5],[-78.4,36.3],[-77,37.2],[-75.9,37.9]]}},{"type":"Feature","properties":{"name":"Fernand","category":"Tropical storm","basin":"North Atlantic","peak_wind_kt":50,"peak_wind_kmh":93,"min_pressure_hpa":999,"formed":"2025-08-23","peaked":"2025-08-25","dissipated":"2025-08-28","coordTimes":["2025-08-23T18:00Z","2025-08-24T00:00Z","2025-08-24T06:00Z","2025-08-24T12:00Z","2025-08-24T18:00Z","2025-08-25T00:00Z","2025-08-25T06:00Z","2025-08-25T12:00Z","2025-08-25T18:00Z","2025-08-26T00:00Z","2025-08-26T06:00Z","2025-08-26T12:00Z","2025-08-26T18:00Z","2025-08-27T00:00Z","2025-08-27T06:00Z","2025-08-27T12:00Z","2025-08-27T18:00Z","2025-08-28T00:00Z","2025-08-28T06:00Z","2025-08-28T12:00Z","2025-08-28T18:00Z"],"stroke":"#38bdf8","stroke-width":1.6,"stroke-opacity":0.9},"geometry":{"type":"LineString","coordinates":[[-61.7,26.6],[-61.3,28],[-60.9,29.2],[-60.4,30.3],[-60,31.3],[-59.6,32.1],[-59,33],[-58.4,33.8],[-57.6,34.8],[-56.8,35.6],[-55.9,36.4],[-55.1,37.3],[-54,37.8],[-52.7,38.2],[-51.4,38.3],[-50.3,38.2],[-48.4,38.9],[-46.3,39.7],[-44.2,40.6],[-42,41.8],[-39.1,43]]}},{"type":"Feature","properties":{"name":"Karen","category":"Tropical storm","basin":"North Atlantic","peak_wind_kt":50,"peak_wind_kmh":93,"min_pressure_hpa":996,"formed":"2025-10-08","peaked":"2025-10-08","dissipated":"2025-10-11","coordTimes":["2025-10-08T00:00Z","2025-10-08T06:00Z","2025-10-08T12:00Z","2025-10-08T18:00Z","2025-10-09T00:00Z","2025-10-09T06:00Z","2025-10-09T12:00Z","2025-10-09T18:00Z","2025-10-10T00:00Z","2025-10-10T06:00Z","2025-10-10T12:00Z","2025-10-10T18:00Z","2025-10-11T00:00Z","2025-10-11T06:00Z","2025-10-11T12:00Z"],"stroke":"#38bdf8","stroke-width":1.6,"stroke-opacity":0.9},"geometry":{"type":"LineString","coordinates":[[-35.9,38],[-36,39.9],[-36.7,41.2],[-36.9,41.4],[-35.7,41.9],[-35.1,42.8],[-34.8,43.5],[-34.2,43.9],[-33.5,44.4],[-32.6,45],[-31.5,45.7],[-30.6,46.8],[-29.7,48],[-28.7,49.4],[-28,51.3]]}},{"type":"Feature","properties":{"name":"Raymond","category":"Tropical storm","basin":"East Pacific","peak_wind_kt":50,"peak_wind_kmh":93,"min_pressure_hpa":998,"formed":"2025-10-09","peaked":"2025-10-10","dissipated":"2025-10-12","coordTimes":["2025-10-09T06:00Z","2025-10-09T12:00Z","2025-10-09T18:00Z","2025-10-10T00:00Z","2025-10-10T06:00Z","2025-10-10T12:00Z","2025-10-10T18:00Z","2025-10-11T00:00Z","2025-10-11T06:00Z","2025-10-11T12:00Z","2025-10-11T18:00Z","2025-10-12T00:00Z","2025-10-12T06:00Z","2025-10-12T12:00Z"],"stroke":"#38bdf8","stroke-width":1.6,"stroke-opacity":0.9},"geometry":{"type":"LineString","coordinates":[[-99,15.9],[-99.9,15.9],[-100.9,16],[-101.8,16.4],[-102.9,17],[-104.4,17.8],[-105.9,18.6],[-107.2,19.6],[-108.2,20.4],[-109,21.1],[-109.6,21.8],[-110,22.6],[-110,23.5],[-109.7,24.5]]}},{"type":"Feature","properties":{"name":"Lorenzo","category":"Tropical storm","basin":"North Atlantic","peak_wind_kt":50,"peak_wind_kmh":93,"min_pressure_hpa":1000,"formed":"2025-10-13","peaked":"2025-10-14","dissipated":"2025-10-15","coordTimes":["2025-10-13T06:00Z","2025-10-13T12:00Z","2025-10-13T18:00Z","2025-10-14T00:00Z","2025-10-14T06:00Z","2025-10-14T12:00Z","2025-10-14T18:00Z","2025-10-15T00:00Z","2025-10-15T06:00Z","2025-10-15T12:00Z"],"stroke":"#38bdf8","stroke-width":1.6,"stroke-opacity":0.9},"geometry":{"type":"LineString","coordinates":[[-39.7,13.8],[-40.6,14.4],[-41.5,15],[-42.4,15.8],[-43.6,16.9],[-44.7,17.6],[-45.3,18.3],[-45.5,19.2],[-45.3,20.1],[-44.5,21.1]]}},{"type":"Feature","properties":{"name":"Ivone","category":"Tropical storm","basin":"South Indian","peak_wind_kt":51,"peak_wind_kmh":94,"min_pressure_hpa":989,"formed":"2025-03-04","peaked":"2025-03-09","dissipated":"2025-03-15","coordTimes":["2025-03-04T18:00Z","2025-03-05T00:00Z","2025-03-05T06:00Z","2025-03-05T12:00Z","2025-03-05T18:00Z","2025-03-06T00:00Z","2025-03-06T06:00Z","2025-03-06T12:00Z","2025-03-06T18:00Z","2025-03-07T00:00Z","2025-03-07T06:00Z","2025-03-07T12:00Z","2025-03-07T18:00Z","2025-03-08T00:00Z","2025-03-08T06:00Z","2025-03-08T12:00Z","2025-03-08T18:00Z","2025-03-09T00:00Z","2025-03-09T06:00Z","2025-03-09T12:00Z","2025-03-09T18:00Z","2025-03-10T00:00Z","2025-03-10T06:00Z","2025-03-10T12:00Z","2025-03-10T18:00Z","2025-03-11T00:00Z","2025-03-11T06:00Z","2025-03-11T12:00Z","2025-03-11T18:00Z","2025-03-12T00:00Z","2025-03-12T06:00Z","2025-03-12T12:00Z","2025-03-12T18:00Z","2025-03-13T00:00Z","2025-03-13T06:00Z","2025-03-13T12:00Z","2025-03-13T18:00Z","2025-03-14T00:00Z","2025-03-14T06:00Z","2025-03-14T12:00Z","2025-03-14T18:00Z","2025-03-15T00:00Z","2025-03-15T06:00Z","2025-03-15T12:00Z"],"stroke":"#38bdf8","stroke-width":1.6,"stroke-opacity":0.9},"geometry":{"type":"LineString","coordinates":[[95.2,-5.3],[94.1,-5.7],[93.3,-5.9],[92.8,-6.1],[92.3,-6.6],[91.5,-7.1],[90.5,-8],[89.7,-8.3],[88.8,-8.3],[88.3,-8.6],[87.6,-9.6],[87,-10.4],[85.9,-10.4],[85,-10.8],[84.7,-11.6],[84.6,-12.1],[84.1,-13.1],[83.8,-13.8],[84.1,-15.3],[83.8,-16.1],[83.1,-17.3],[82.7,-17.9],[82.2,-19.2],[81.6,-19.8],[81,-20.1],[80,-20.2],[79.2,-20.1],[78.2,-20.1],[77,-19.8],[75.6,-19.7],[74.2,-19.4],[72.5,-19.7],[70.8,-20.3],[69.7,-21.2],[68.4,-21.8],[67.7,-22.9],[66.6,-23.8],[65.8,-24.3],[65.3,-24.5],[65.6,-24.6],[66.5,-25.3],[67,-27.9],[67.7,-30.9],[69.1,-32.7]]}},{"type":"Feature","properties":{"name":"Tam","category":"Tropical storm","basin":"South Pacific","peak_wind_kt":51,"peak_wind_kmh":94,"min_pressure_hpa":977,"formed":"2025-04-14","peaked":"2025-04-15","dissipated":"2025-04-19","coordTimes":["2025-04-14T06:00Z","2025-04-14T12:00Z","2025-04-14T18:00Z","2025-04-15T00:00Z","2025-04-15T06:00Z","2025-04-15T12:00Z","2025-04-15T18:00Z","2025-04-16T00:00Z","2025-04-16T06:00Z","2025-04-16T12:00Z","2025-04-16T18:00Z","2025-04-17T00:00Z","2025-04-17T06:00Z","2025-04-17T12:00Z","2025-04-17T18:00Z","2025-04-18T00:00Z","2025-04-18T06:00Z","2025-04-18T12:00Z","2025-04-18T18:00Z","2025-04-19T00:00Z"],"stroke":"#38bdf8","stroke-width":1.6,"stroke-opacity":0.9},"geometry":{"type":"LineString","coordinates":[[168.4,-15.1],[168.3,-16.4],[168.9,-18],[169.8,-19.1],[170.9,-20.8],[171.5,-23.2],[173.1,-25.2],[173,-28.7],[171.7,-31],[169.1,-33.4],[166.6,-32.4],[165.8,-34.1],[165.5,-35],[165.3,-35.7],[165.3,-36.3],[165.5,-37],[165.6,-37.9],[165.4,-38.4],[166.4,-38.5],[167.4,-38.8]]}},{"type":"Feature","properties":{"name":"Nari","category":"Tropical storm","basin":"West Pacific","peak_wind_kt":51,"peak_wind_kmh":94,"min_pressure_hpa":983,"formed":"2025-07-09","peaked":"2025-07-13","dissipated":"2025-07-17","coordTimes":["2025-07-09T18:00Z","2025-07-10T00:00Z","2025-07-10T06:00Z","2025-07-10T12:00Z","2025-07-10T18:00Z","2025-07-11T00:00Z","2025-07-11T06:00Z","2025-07-11T12:00Z","2025-07-11T18:00Z","2025-07-12T00:00Z","2025-07-12T06:00Z","2025-07-12T12:00Z","2025-07-12T18:00Z","2025-07-13T00:00Z","2025-07-13T06:00Z","2025-07-13T12:00Z","2025-07-13T18:00Z","2025-07-14T00:00Z","2025-07-14T06:00Z","2025-07-14T12:00Z","2025-07-14T18:00Z","2025-07-15T00:00Z","2025-07-15T06:00Z","2025-07-15T12:00Z","2025-07-15T18:00Z","2025-07-16T00:00Z","2025-07-16T06:00Z","2025-07-16T12:00Z","2025-07-16T18:00Z","2025-07-17T00:00Z"],"stroke":"#38bdf8","stroke-width":1.6,"stroke-opacity":0.9},"geometry":{"type":"LineString","coordinates":[[141.6,19.2],[142.4,20.6],[142.4,21.9],[142,23.1],[141.3,24.3],[140.4,25],[140,25],[140.1,25.1],[140.1,25.2],[140.5,25],[141.3,24.8],[141.7,24.9],[142.2,25.3],[142.5,26.2],[143.1,27.6],[143.2,30.2],[142.5,32.2],[142.2,34.1],[142.6,36.8],[142.7,39.8],[143.4,42.5],[145.2,45.1],[147.9,46.9],[151.5,47.9],[156.9,48.5],[162.7,48.3],[169.4,47.4],[174.8,46.7],[179.8,46.7],[183.7,47.9]]}},{"type":"Feature","properties":{"name":"Peipah","category":"Tropical storm","basin":"West Pacific","peak_wind_kt":51,"peak_wind_kmh":94,"min_pressure_hpa":980,"formed":"2025-09-02","peaked":"2025-09-05","dissipated":"2025-09-10","coordTimes":["2025-09-02T00:00Z","2025-09-02T06:00Z","2025-09-02T12:00Z","2025-09-02T18:00Z","2025-09-03T00:00Z","2025-09-03T06:00Z","2025-09-03T12:00Z","2025-09-03T18:00Z","2025-09-04T00:00Z","2025-09-04T06:00Z","2025-09-04T12:00Z","2025-09-04T18:00Z","2025-09-05T00:00Z","2025-09-05T06:00Z","2025-09-05T12:00Z","2025-09-05T18:00Z","2025-09-06T00:00Z","2025-09-06T06:00Z","2025-09-06T12:00Z","2025-09-06T18:00Z","2025-09-07T00:00Z","2025-09-07T06:00Z","2025-09-07T12:00Z","2025-09-07T18:00Z","2025-09-08T00:00Z","2025-09-08T06:00Z","2025-09-08T12:00Z","2025-09-08T18:00Z","2025-09-09T00:00Z","2025-09-09T06:00Z","2025-09-09T12:00Z","2025-09-09T18:00Z","2025-09-10T00:00Z","2025-09-10T06:00Z","2025-09-10T12:00Z"],"stroke":"#38bdf8","stroke-width":1.6,"stroke-opacity":0.9},"geometry":{"type":"LineString","coordinates":[[129.1,19.1],[131,20],[132.1,21.3],[132.9,22.6],[132.5,23.9],[131.5,25.4],[131.4,27.1],[131,28.2],[131.1,29.7],[131.5,31.1],[132,32.4],[132.9,33.2],[135.5,33.9],[139.2,34.9],[143.1,35.6],[146.6,35.8],[149.9,35.9],[152.9,35.5],[155.5,35.2],[157.8,34.8],[159.6,34.9],[161.4,35.1],[162.9,35.5],[164.2,35.8],[165.8,36],[167.4,36.4],[168.8,37],[170.1,37.6],[171.4,38.2],[172.7,38.8],[174.4,39.3],[176.6,40],[178.9,40.4],[181.4,40.5],[184.2,40.5]]}},{"type":"Feature","properties":{"name":"Fengshen","category":"Tropical storm","basin":"West Pacific","peak_wind_kt":51,"peak_wind_kmh":94,"min_pressure_hpa":988,"formed":"2025-10-15","peaked":"2025-10-21","dissipated":"2025-10-23","coordTimes":["2025-10-15T12:00Z","2025-10-15T18:00Z","2025-10-16T00:00Z","2025-10-16T06:00Z","2025-10-16T12:00Z","2025-10-16T18:00Z","2025-10-17T00:00Z","2025-10-17T06:00Z","2025-10-17T12:00Z","2025-10-17T18:00Z","2025-10-18T00:00Z","2025-10-18T06:00Z","2025-10-18T12:00Z","2025-10-18T18:00Z","2025-10-19T00:00Z","2025-10-19T06:00Z","2025-10-19T12:00Z","2025-10-19T18:00Z","2025-10-20T00:00Z","2025-10-20T06:00Z","2025-10-20T12:00Z","2025-10-20T18:00Z","2025-10-21T00:00Z","2025-10-21T06:00Z","2025-10-21T12:00Z","2025-10-21T18:00Z","2025-10-22T00:00Z","2025-10-22T06:00Z","2025-10-22T12:00Z","2025-10-22T18:00Z","2025-10-23T00:00Z","2025-10-23T06:00Z"],"stroke":"#38bdf8","stroke-width":1.6,"stroke-opacity":0.9},"geometry":{"type":"LineString","coordinates":[[139.7,13.1],[138.2,14.1],[136.3,14.1],[135.2,14.1],[133.9,14.1],[132.6,13.8],[131.6,13.6],[130.2,13.3],[128.8,13.2],[127.3,12.9],[125.9,12.9],[124.6,13],[123.7,13.6],[122.5,14],[121.4,14.4],[119.8,15],[118.8,16.1],[117.6,17.2],[116.5,18],[115.4,18.4],[114.2,18.4],[113,18],[112.5,17.6],[112,17.5],[111.7,17.4],[111.6,17.4],[111.3,17.4],[110.3,17.4],[109.6,17],[108.9,16.4],[108.6,16.1],[108.2,15.8]]}},{"type":"Feature","properties":{"name":"Kanto","category":"Tropical storm","basin":"South Indian","peak_wind_kt":55,"peak_wind_kmh":102,"min_pressure_hpa":994,"formed":"2025-04-16","peaked":"2025-04-16","dissipated":"2025-04-22","coordTimes":["2025-04-16T12:00Z","2025-04-16T18:00Z","2025-04-17T00:00Z","2025-04-17T06:00Z","2025-04-17T12:00Z","2025-04-17T18:00Z","2025-04-18T00:00Z","2025-04-18T06:00Z","2025-04-18T12:00Z","2025-04-18T18:00Z","2025-04-19T00:00Z","2025-04-19T06:00Z","2025-04-19T12:00Z","2025-04-19T18:00Z","2025-04-20T00:00Z","2025-04-20T06:00Z","2025-04-20T12:00Z","2025-04-20T18:00Z","2025-04-21T00:00Z","2025-04-21T06:00Z","2025-04-21T12:00Z","2025-04-21T18:00Z","2025-04-22T00:00Z"],"stroke":"#38bdf8","stroke-width":1.6,"stroke-opacity":0.9},"geometry":{"type":"LineString","coordinates":[[33.6,-30.1],[35.5,-30.5],[37.6,-31.3],[39.6,-32.2],[41.3,-32.5],[42.4,-32.3],[42.7,-31.9],[42.8,-31.3],[43,-30.9],[43.3,-30.5],[43.2,-30.4],[43.2,-30.4],[43.5,-30.4],[44,-30.8],[43.8,-32.3],[43.6,-33.3],[43.9,-33.5],[44.6,-33.6],[46.2,-34.2],[47.9,-34.2],[49.8,-34.3],[52.1,-34.6],[54.3,-34.8]]}},{"type":"Feature","properties":{"name":"Dalila","category":"Tropical storm","basin":"East Pacific","peak_wind_kt":55,"peak_wind_kmh":102,"min_pressure_hpa":992,"formed":"2025-06-12","peaked":"2025-06-14","dissipated":"2025-06-17","coordTimes":["2025-06-12T18:00Z","2025-06-13T00:00Z","2025-06-13T06:00Z","2025-06-13T12:00Z","2025-06-13T18:00Z","2025-06-14T00:00Z","2025-06-14T06:00Z","2025-06-14T12:00Z","2025-06-14T18:00Z","2025-06-15T00:00Z","2025-06-15T06:00Z","2025-06-15T12:00Z","2025-06-15T18:00Z","2025-06-16T00:00Z","2025-06-16T06:00Z","2025-06-16T12:00Z","2025-06-16T18:00Z","2025-06-17T00:00Z","2025-06-17T06:00Z","2025-06-17T12:00Z","2025-06-17T18:00Z"],"stroke":"#38bdf8","stroke-width":1.6,"stroke-opacity":0.9},"geometry":{"type":"LineString","coordinates":[[-100.1,11.1],[-100.5,11.5],[-100.8,12.5],[-101.3,13.4],[-101.8,14.2],[-102.5,14.9],[-103.2,15.6],[-103.8,16.2],[-104.5,16.8],[-105.5,17.5],[-106.6,17.9],[-107.4,18.1],[-108,18.3],[-108.8,18.5],[-109.7,18.7],[-110.5,18.8],[-111.1,18.9],[-111.7,18.9],[-112.4,19],[-113.2,19.2],[-114,19.5]]}},{"type":"Feature","properties":{"name":"Ivo","category":"Tropical storm","basin":"East Pacific","peak_wind_kt":55,"peak_wind_kmh":102,"min_pressure_hpa":998,"formed":"2025-08-06","peaked":"2025-08-08","dissipated":"2025-08-12","coordTimes":["2025-08-06T12:00Z","2025-08-06T18:00Z","2025-08-07T00:00Z","2025-08-07T06:00Z","2025-08-07T12:00Z","2025-08-07T18:00Z","2025-08-08T00:00Z","2025-08-08T06:00Z","2025-08-08T12:00Z","2025-08-08T18:00Z","2025-08-09T00:00Z","2025-08-09T06:00Z","2025-08-09T12:00Z","2025-08-09T18:00Z","2025-08-10T00:00Z","2025-08-10T06:00Z","2025-08-10T12:00Z","2025-08-10T18:00Z","2025-08-11T00:00Z","2025-08-11T06:00Z","2025-08-11T12:00Z","2025-08-11T18:00Z","2025-08-12T00:00Z"],"stroke":"#38bdf8","stroke-width":1.6,"stroke-opacity":0.9},"geometry":{"type":"LineString","coordinates":[[-96.5,13],[-98.2,13.8],[-99.9,14.7],[-101.5,15.8],[-103.2,17.2],[-105,18.3],[-106.6,19.3],[-108.1,20],[-109.5,20.2],[-110.7,20.3],[-111.3,20.5],[-111.9,20.7],[-112.5,20.8],[-113.1,20.9],[-113.7,21.1],[-114.5,21.3],[-115.6,21.6],[-116.6,22],[-117.4,22.3],[-118.2,22.6],[-119.1,23],[-120,23.3],[-121,23.5]]}},{"type":"Feature","properties":{"name":"Mario","category":"Tropical storm","basin":"East Pacific","peak_wind_kt":55,"peak_wind_kmh":102,"min_pressure_hpa":994,"formed":"2025-09-11","peaked":"2025-09-15","dissipated":"2025-09-18","coordTimes":["2025-09-11T00:00Z","2025-09-11T06:00Z","2025-09-11T12:00Z","2025-09-11T18:00Z","2025-09-12T00:00Z","2025-09-12T06:00Z","2025-09-12T12:00Z","2025-09-12T18:00Z","2025-09-13T00:00Z","2025-09-13T06:00Z","2025-09-13T12:00Z","2025-09-13T18:00Z","2025-09-14T00:00Z","2025-09-14T06:00Z","2025-09-14T12:00Z","2025-09-14T18:00Z","2025-09-15T00:00Z","2025-09-15T06:00Z","2025-09-15T12:00Z","2025-09-15T18:00Z","2025-09-16T00:00Z","2025-09-16T06:00Z","2025-09-16T12:00Z","2025-09-16T18:00Z","2025-09-17T00:00Z","2025-09-17T06:00Z","2025-09-17T12:00Z","2025-09-17T18:00Z","2025-09-18T00:00Z","2025-09-18T06:00Z"],"stroke":"#38bdf8","stroke-width":1.6,"stroke-opacity":0.9},"geometry":{"type":"LineString","coordinates":[[-97.9,14],[-98,14.7],[-98.1,15.3],[-98.3,15.5],[-99.1,16],[-100.2,16.5],[-101.4,17],[-102.5,17.3],[-104,17.8],[-105.4,18.3],[-106.6,18.5],[-107.6,18.4],[-108.4,18.1],[-109.1,18.1],[-109.7,18.4],[-110.3,18.7],[-111,19.1],[-111.8,19.4],[-112.8,19.9],[-113.9,20.6],[-114.7,21.1],[-115.5,21.6],[-116.3,22],[-117.3,22.6],[-118,23.3],[-118.6,23.9],[-119.1,24.5],[-119.4,24.8],[-119.5,24.9],[-119.6,25]]}},{"type":"Feature","properties":{"name":"Jerry","category":"Tropical storm","basin":"North Atlantic","peak_wind_kt":55,"peak_wind_kmh":102,"min_pressure_hpa":1000,"formed":"2025-10-07","peaked":"2025-10-08","dissipated":"2025-10-11","coordTimes":["2025-10-07T06:00Z","2025-10-07T12:00Z","2025-10-07T18:00Z","2025-10-08T00:00Z","2025-10-08T06:00Z","2025-10-08T12:00Z","2025-10-08T18:00Z","2025-10-09T00:00Z","2025-10-09T06:00Z","2025-10-09T12:00Z","2025-10-09T18:00Z","2025-10-10T00:00Z","2025-10-10T06:00Z","2025-10-10T12:00Z","2025-10-10T18:00Z","2025-10-11T00:00Z","2025-10-11T06:00Z","2025-10-11T12:00Z"],"stroke":"#38bdf8","stroke-width":1.6,"stroke-opacity":0.9},"geometry":{"type":"LineString","coordinates":[[-41.3,11],[-43.6,11.4],[-45.7,11.9],[-47.9,12.4],[-49.9,12.9],[-51.9,13.6],[-53.8,14.3],[-55.5,15],[-57.2,15.4],[-58.6,16],[-60,16.7],[-61.1,17.6],[-62.2,18.6],[-63.1,19.7],[-63.6,20.9],[-63.7,22.4],[-63.7,23.9],[-63.3,25.2]]}},{"type":"Feature","properties":{"name":"Cosme","category":"Tropical storm","basin":"East Pacific","peak_wind_kt":60,"peak_wind_kmh":111,"min_pressure_hpa":991,"formed":"2025-06-08","peaked":"2025-06-09","dissipated":"2025-06-11","coordTimes":["2025-06-08T06:00Z","2025-06-08T12:00Z","2025-06-08T18:00Z","2025-06-09T00:00Z","2025-06-09T06:00Z","2025-06-09T12:00Z","2025-06-09T18:00Z","2025-06-10T00:00Z","2025-06-10T06:00Z","2025-06-10T12:00Z","2025-06-10T18:00Z","2025-06-11T00:00Z","2025-06-11T06:00Z","2025-06-11T12:00Z","2025-06-11T18:00Z"],"stroke":"#38bdf8","stroke-width":1.6,"stroke-opacity":0.9},"geometry":{"type":"LineString","coordinates":[[-110,11.7],[-110.4,12.3],[-110.8,13],[-111.6,13.5],[-112.4,14],[-113,14.4],[-113.6,14.7],[-114.1,15],[-114.5,15.1],[-114.9,15.3],[-115.2,15.6],[-115,15.9],[-114.5,16],[-113.8,16.2],[-112.9,16.5]]}},{"type":"Feature","properties":{"name":"Mun","category":"Tropical storm","basin":"West Pacific","peak_wind_kt":60,"peak_wind_kmh":111,"min_pressure_hpa":982,"formed":"2025-07-01","peaked":"2025-07-03","dissipated":"2025-07-11","coordTimes":["2025-07-01T00:00Z","2025-07-01T06:00Z","2025-07-01T12:00Z","2025-07-01T18:00Z","2025-07-02T00:00Z","2025-07-02T06:00Z","2025-07-02T12:00Z","2025-07-02T18:00Z","2025-07-03T00:00Z","2025-07-03T06:00Z","2025-07-03T12:00Z","2025-07-03T18:00Z","2025-07-04T00:00Z","2025-07-04T06:00Z","2025-07-04T12:00Z","2025-07-04T18:00Z","2025-07-05T00:00Z","2025-07-05T06:00Z","2025-07-05T12:00Z","2025-07-05T18:00Z","2025-07-06T00:00Z","2025-07-06T06:00Z","2025-07-06T12:00Z","2025-07-06T18:00Z","2025-07-07T00:00Z","2025-07-07T06:00Z","2025-07-07T12:00Z","2025-07-07T18:00Z","2025-07-08T00:00Z","2025-07-08T06:00Z","2025-07-08T12:00Z","2025-07-08T18:00Z","2025-07-09T00:00Z","2025-07-09T06:00Z","2025-07-09T12:00Z","2025-07-09T18:00Z","2025-07-10T00:00Z","2025-07-10T06:00Z","2025-07-10T12:00Z","2025-07-10T18:00Z","2025-07-11T00:00Z"],"stroke":"#38bdf8","stroke-width":1.6,"stroke-opacity":0.9},"geometry":{"type":"LineString","coordinates":[[148.6,21.5],[148.2,22.6],[148,23.2],[147.6,24.3],[147.4,25],[146.8,25.6],[146.3,26.2],[145.7,26.7],[145.4,26.9],[145.4,27.6],[145.4,28.3],[145.1,29],[145,29.6],[145.1,30.1],[145.5,30.4],[146,30.8],[146.3,31.1],[147.1,31.1],[148,31.3],[148.7,31.7],[149.1,32.2],[149.5,32.6],[149.6,33.4],[149.4,34],[148.9,34.9],[148.4,35.7],[148,36.7],[148.3,38],[149.1,39.2],[150.4,40.7],[155.3,45.5],[157.1,46.3],[161.9,46.6],[164.5,47.1],[166.2,47.3],[167.3,47.6],[168.8,47.5],[170.6,47.4],[173.4,47.1],[177.1,47],[183.3,47.9]]}},{"type":"Feature","properties":{"name":"Juliette","category":"Tropical storm","basin":"East Pacific","peak_wind_kt":60,"peak_wind_kmh":111,"min_pressure_hpa":994,"formed":"2025-08-24","peaked":"2025-08-26","dissipated":"2025-08-30","coordTimes":["2025-08-24T18:00Z","2025-08-25T00:00Z","2025-08-25T06:00Z","2025-08-25T12:00Z","2025-08-25T18:00Z","2025-08-26T00:00Z","2025-08-26T06:00Z","2025-08-26T12:00Z","2025-08-26T18:00Z","2025-08-27T00:00Z","2025-08-27T06:00Z","2025-08-27T12:00Z","2025-08-27T18:00Z","2025-08-28T00:00Z","2025-08-28T06:00Z","2025-08-28T12:00Z","2025-08-28T18:00Z","2025-08-29T00:00Z","2025-08-29T06:00Z","2025-08-29T12:00Z","2025-08-29T18:00Z","2025-08-30T00:00Z"],"stroke":"#38bdf8","stroke-width":1.6,"stroke-opacity":0.9},"geometry":{"type":"LineString","coordinates":[[-109.3,15.7],[-110.5,16.1],[-111.6,16.5],[-112.8,16.9],[-113.9,17.3],[-114.9,17.7],[-115.6,18.2],[-116.2,18.7],[-116.9,19.4],[-117.8,20.4],[-118.6,21.4],[-119.3,22.5],[-120,23.5],[-120.6,24.4],[-120.7,25.1],[-120.7,25.5],[-120.8,25.8],[-121.1,25.9],[-121.4,25.9],[-121.8,25.8],[-122.2,25.6],[-122.7,25.3]]}},{"type":"Feature","properties":{"name":"Chenge","category":"Tropical storm","basin":"South Indian","peak_wind_kt":60,"peak_wind_kmh":111,"min_pressure_hpa":978,"formed":"2025-10-18","peaked":"2025-10-20","dissipated":"2025-10-25","coordTimes":["2025-10-18T00:00Z","2025-10-18T06:00Z","2025-10-18T12:00Z","2025-10-18T18:00Z","2025-10-19T00:00Z","2025-10-19T06:00Z","2025-10-19T12:00Z","2025-10-19T18:00Z","2025-10-20T00:00Z","2025-10-20T06:00Z","2025-10-20T12:00Z","2025-10-20T18:00Z","2025-10-21T00:00Z","2025-10-21T06:00Z","2025-10-21T12:00Z","2025-10-21T18:00Z","2025-10-22T00:00Z","2025-10-22T06:00Z","2025-10-22T12:00Z","2025-10-22T18:00Z","2025-10-23T00:00Z","2025-10-23T06:00Z","2025-10-23T12:00Z","2025-10-23T18:00Z","2025-10-24T00:00Z","2025-10-24T06:00Z","2025-10-24T12:00Z","2025-10-24T18:00Z","2025-10-25T00:00Z","2025-10-25T06:00Z","2025-10-25T12:00Z","2025-10-25T18:00Z"],"stroke":"#38bdf8","stroke-width":1.6,"stroke-opacity":0.9},"geometry":{"type":"LineString","coordinates":[[74.2,-7.7],[74.5,-7.9],[73.2,-8],[71.7,-8.2],[69.9,-8.4],[69.8,-8.6],[69,-8.6],[68.2,-8.6],[67.4,-8.9],[67,-9],[67.1,-8.9],[67,-9.1],[66.4,-9.4],[65.2,-9.6],[63.4,-10],[64.2,-9.9],[63.3,-10.1],[62.1,-10.5],[60.7,-10.7],[60.5,-10.4],[60.5,-10.2],[59.5,-10.2],[58.9,-10.1],[57.9,-10],[56.6,-9.6],[55.6,-9.2],[54.6,-9],[53.6,-8.8],[52.9,-8.6],[51.5,-7.8],[50.6,-7.5],[49.9,-8.1]]}},{"type":"Feature","properties":{"name":"Seru","category":"Category 1","basin":"South Pacific","peak_wind_kt":64,"peak_wind_kmh":119,"min_pressure_hpa":980,"formed":"2025-02-24","peaked":"2025-02-25","dissipated":"2025-02-28","coordTimes":["2025-02-24T18:00Z","2025-02-25T00:00Z","2025-02-25T06:00Z","2025-02-25T12:00Z","2025-02-25T18:00Z","2025-02-26T00:00Z","2025-02-26T06:00Z","2025-02-26T12:00Z","2025-02-26T18:00Z","2025-02-27T00:00Z","2025-02-27T06:00Z","2025-02-27T12:00Z","2025-02-27T18:00Z","2025-02-28T00:00Z"],"stroke":"#facc15","stroke-width":2.2,"stroke-opacity":0.9},"geometry":{"type":"LineString","coordinates":[[170.7,-16.4],[170.9,-16.8],[170.9,-17],[171.2,-17.8],[171.1,-18.2],[170.3,-19.6],[171,-20],[170.6,-20.8],[171.1,-21.5],[171,-21.9],[171.1,-22.1],[172,-22.9],[172.3,-23.1],[172.5,-23]]}},{"type":"Feature","properties":{"name":"Wutip","category":"Category 1","basin":"West Pacific","peak_wind_kt":64,"peak_wind_kmh":119,"min_pressure_hpa":979,"formed":"2025-06-10","peaked":"2025-06-14","dissipated":"2025-06-15","coordTimes":["2025-06-10T06:00Z","2025-06-10T12:00Z","2025-06-10T18:00Z","2025-06-11T00:00Z","2025-06-11T06:00Z","2025-06-11T12:00Z","2025-06-11T18:00Z","2025-06-12T00:00Z","2025-06-12T06:00Z","2025-06-12T12:00Z","2025-06-12T18:00Z","2025-06-13T00:00Z","2025-06-13T06:00Z","2025-06-13T12:00Z","2025-06-13T18:00Z","2025-06-14T00:00Z","2025-06-14T06:00Z","2025-06-14T12:00Z","2025-06-14T18:00Z","2025-06-15T00:00Z","2025-06-15T06:00Z","2025-06-15T12:00Z","2025-06-15T18:00Z"],"stroke":"#facc15","stroke-width":2.2,"stroke-opacity":0.9},"geometry":{"type":"LineString","coordinates":[[114,15],[114.1,15.1],[114.3,15.3],[113.9,16.2],[112.5,16.7],[111.4,16.5],[110.8,16.5],[110.3,17],[109.9,17.2],[109.3,17.4],[109,17.8],[108.5,18.3],[108.3,18.7],[108.4,18.8],[108.8,19.7],[109,20.3],[109.8,21.3],[110.6,22.2],[111.4,23.2],[112.5,24.5],[114.2,25.4],[117.2,26.8],[120.6,28.2]]}},{"type":"Feature","properties":{"name":"Wipha","category":"Category 1","basin":"West Pacific","peak_wind_kt":64,"peak_wind_kmh":119,"min_pressure_hpa":970,"formed":"2025-07-16","peaked":"2025-07-20","dissipated":"2025-07-22","coordTimes":["2025-07-16T06:00Z","2025-07-16T12:00Z","2025-07-16T18:00Z","2025-07-17T00:00Z","2025-07-17T06:00Z","2025-07-17T12:00Z","2025-07-17T18:00Z","2025-07-18T00:00Z","2025-07-18T06:00Z","2025-07-18T12:00Z","2025-07-18T18:00Z","2025-07-19T00:00Z","2025-07-19T06:00Z","2025-07-19T12:00Z","2025-07-19T18:00Z","2025-07-20T00:00Z","2025-07-20T06:00Z","2025-07-20T12:00Z","2025-07-20T18:00Z","2025-07-21T00:00Z","2025-07-21T06:00Z","2025-07-21T12:00Z","2025-07-21T18:00Z","2025-07-22T00:00Z","2025-07-22T06:00Z","2025-07-22T12:00Z","2025-07-22T18:00Z"],"stroke":"#facc15","stroke-width":2.2,"stroke-opacity":0.9},"geometry":{"type":"LineString","coordinates":[[130.6,13.7],[129.5,13.8],[128.5,14.2],[127.7,14.6],[127,15.3],[126,16.3],[125,16.9],[124.2,17.6],[123.2,18.5],[122.3,19.4],[120.8,19.8],[119.9,20.1],[119,20.5],[117.7,21.1],[116,21.5],[114.7,21.6],[113.3,21.8],[112,21.7],[110.8,21.6],[109.7,21.4],[109.1,21.2],[108.3,21],[107.6,20.8],[106.8,20.5],[106.2,20.3],[105.1,20],[103.6,19.8]]}},{"type":"Feature","properties":{"name":"Tapah","category":"Category 1","basin":"West Pacific","peak_wind_kt":64,"peak_wind_kmh":119,"min_pressure_hpa":984,"formed":"2025-09-05","peaked":"2025-09-08","dissipated":"2025-09-09","coordTimes":["2025-09-05T00:00Z","2025-09-05T06:00Z","2025-09-05T12:00Z","2025-09-05T18:00Z","2025-09-06T00:00Z","2025-09-06T06:00Z","2025-09-06T12:00Z","2025-09-06T18:00Z","2025-09-07T00:00Z","2025-09-07T06:00Z","2025-09-07T12:00Z","2025-09-07T18:00Z","2025-09-08T00:00Z","2025-09-08T06:00Z","2025-09-08T12:00Z","2025-09-08T18:00Z","2025-09-09T00:00Z"],"stroke":"#facc15","stroke-width":2.2,"stroke-opacity":0.9},"geometry":{"type":"LineString","coordinates":[[120.1,17.5],[119.5,17.5],[118.8,17.5],[117.9,17.6],[117.2,17.8],[116.4,18],[115.6,18.3],[114.8,18.4],[114.4,18.4],[113.9,19.1],[113.6,19.9],[113.1,20.8],[112.7,21.7],[111.8,22.9],[111.1,23.4],[110.4,24.1],[109.9,24.6]]}},{"type":"Feature","properties":{"name":"Barbara","category":"Category 1","basin":"East Pacific","peak_wind_kt":65,"peak_wind_kmh":120,"min_pressure_hpa":991,"formed":"2025-06-08","peaked":"2025-06-09","dissipated":"2025-06-11","coordTimes":["2025-06-08T06:00Z","2025-06-08T12:00Z","2025-06-08T18:00Z","2025-06-09T00:00Z","2025-06-09T06:00Z","2025-06-09T12:00Z","2025-06-09T18:00Z","2025-06-10T00:00Z","2025-06-10T06:00Z","2025-06-10T12:00Z","2025-06-10T18:00Z","2025-06-11T00:00Z","2025-06-11T06:00Z","2025-06-11T12:00Z","2025-06-11T18:00Z"],"stroke":"#facc15","stroke-width":2.2,"stroke-opacity":0.9},"geometry":{"type":"LineString","coordinates":[[-101.9,15],[-102.7,15.4],[-103.7,15.8],[-104.5,16.2],[-105.3,16.7],[-105.9,17.3],[-106.6,17.9],[-107.3,18.5],[-107.9,19.1],[-108.2,19.8],[-108.1,20.5],[-107.9,21],[-107.5,21.3],[-107.2,21.5],[-107.2,21.7]]}},{"type":"Feature","properties":{"name":"Gil","category":"Category 1","basin":"East Pacific","peak_wind_kt":65,"peak_wind_kmh":120,"min_pressure_hpa":991,"formed":"2025-07-31","peaked":"2025-08-02","dissipated":"2025-08-05","coordTimes":["2025-07-31T00:00Z","2025-07-31T06:00Z","2025-07-31T12:00Z","2025-07-31T18:00Z","2025-08-01T00:00Z","2025-08-01T06:00Z","2025-08-01T12:00Z","2025-08-01T18:00Z","2025-08-02T00:00Z","2025-08-02T06:00Z","2025-08-02T12:00Z","2025-08-02T18:00Z","2025-08-03T00:00Z","2025-08-03T06:00Z","2025-08-03T12:00Z","2025-08-03T18:00Z","2025-08-04T00:00Z","2025-08-04T06:00Z","2025-08-04T12:00Z","2025-08-04T18:00Z","2025-08-05T00:00Z"],"stroke":"#facc15","stroke-width":2.2,"stroke-opacity":0.9},"geometry":{"type":"LineString","coordinates":[[-113.3,12.5],[-114.5,12.7],[-115.6,12.9],[-116.7,13.3],[-117.9,13.8],[-119.3,14.3],[-120.9,14.9],[-122.6,15.5],[-124.3,16.2],[-126,17],[-127.8,17.7],[-129.5,18.4],[-131.2,19.2],[-132.9,19.8],[-134.8,20.3],[-136.6,20.6],[-138.3,20.8],[-139.9,21],[-141.2,21.1],[-142.4,21.2],[-143.4,21.3]]}},{"type":"Feature","properties":{"name":"Honde","category":"Category 1","basin":"South Indian","peak_wind_kt":70,"peak_wind_kmh":130,"min_pressure_hpa":967,"formed":"2025-02-21","peaked":"2025-02-27","dissipated":"2025-03-07","coordTimes":["2025-02-21T06:00Z","2025-02-21T12:00Z","2025-02-21T18:00Z","2025-02-22T00:00Z","2025-02-22T06:00Z","2025-02-22T12:00Z","2025-02-22T18:00Z","2025-02-23T00:00Z","2025-02-23T06:00Z","2025-02-23T12:00Z","2025-02-23T18:00Z","2025-02-24T00:00Z","2025-02-24T06:00Z","2025-02-24T12:00Z","2025-02-24T18:00Z","2025-02-25T00:00Z","2025-02-25T06:00Z","2025-02-25T12:00Z","2025-02-25T18:00Z","2025-02-26T00:00Z","2025-02-26T06:00Z","2025-02-26T12:00Z","2025-02-26T18:00Z","2025-02-27T00:00Z","2025-02-27T06:00Z","2025-02-27T12:00Z","2025-02-27T18:00Z","2025-02-28T00:00Z","2025-02-28T06:00Z","2025-02-28T12:00Z","2025-02-28T18:00Z","2025-03-01T00:00Z","2025-03-01T06:00Z","2025-03-01T12:00Z","2025-03-01T18:00Z","2025-03-02T00:00Z","2025-03-02T06:00Z","2025-03-02T12:00Z","2025-03-02T18:00Z","2025-03-03T00:00Z","2025-03-03T06:00Z","2025-03-03T12:00Z","2025-03-03T18:00Z","2025-03-04T00:00Z","2025-03-04T06:00Z","2025-03-04T12:00Z","2025-03-04T18:00Z","2025-03-05T00:00Z","2025-03-05T06:00Z","2025-03-05T12:00Z","2025-03-05T18:00Z","2025-03-06T00:00Z","2025-03-06T06:00Z","2025-03-06T12:00Z","2025-03-06T18:00Z","2025-03-07T00:00Z","2025-03-07T06:00Z","2025-03-07T12:00Z","2025-03-07T18:00Z"],"stroke":"#facc15","stroke-width":2.2,"stroke-opacity":0.9},"geometry":{"type":"LineString","coordinates":[[38.3,-22.8],[37.9,-22.7],[37.6,-22.7],[37.2,-22.8],[36.9,-22.8],[36.9,-22.5],[37,-21.9],[36.8,-21.5],[37,-20.9],[37.9,-20.4],[39.1,-20.2],[40.2,-20.4],[40.7,-21.2],[40.1,-22.3],[38.7,-22.4],[38,-22.7],[37.7,-22.7],[38,-22.7],[38.1,-22.7],[38.4,-23],[38.7,-23.4],[39.3,-23.8],[39.8,-24.1],[40.4,-24.3],[41.4,-24.9],[41.9,-25.1],[42.4,-25.3],[43.1,-25.6],[43.8,-26],[44.5,-26.4],[44.9,-26.7],[45.4,-26.9],[45.2,-26.8],[45.5,-26.9],[45.8,-27],[45.8,-27],[46,-27.1],[46.3,-27.1],[46.3,-27.2],[46.6,-27.1],[46.9,-27.3],[47.3,-27.8],[47.9,-28.2],[48,-28.6],[48.4,-29],[48.8,-29.9],[49,-30.8],[49,-31.8],[49,-32.4],[49.5,-33.8],[50.6,-35.1],[51.3,-36.6],[52.2,-38.3],[53.5,-39.6],[55.5,-40.9],[58,-41.8],[60.9,-42.2],[64.5,-42.8],[67.9,-43.3]]}},{"type":"Feature","properties":{"name":"Co-May","category":"Category 1","basin":"West Pacific","peak_wind_kt":70,"peak_wind_kmh":130,"min_pressure_hpa":974,"formed":"2025-07-22","peaked":"2025-07-24","dissipated":"2025-08-03","coordTimes":["2025-07-22T00:00Z","2025-07-22T06:00Z","2025-07-22T12:00Z","2025-07-22T18:00Z","2025-07-23T00:00Z","2025-07-23T06:00Z","2025-07-23T12:00Z","2025-07-23T18:00Z","2025-07-24T00:00Z","2025-07-24T06:00Z","2025-07-24T12:00Z","2025-07-24T18:00Z","2025-07-25T00:00Z","2025-07-25T06:00Z","2025-07-25T12:00Z","2025-07-25T18:00Z","2025-07-26T00:00Z","2025-07-26T06:00Z","2025-07-26T12:00Z","2025-07-26T18:00Z","2025-07-27T00:00Z","2025-07-27T06:00Z","2025-07-27T12:00Z","2025-07-27T18:00Z","2025-07-28T00:00Z","2025-07-28T06:00Z","2025-07-28T12:00Z","2025-07-28T18:00Z","2025-07-29T00:00Z","2025-07-29T06:00Z","2025-07-29T12:00Z","2025-07-29T18:00Z","2025-07-30T00:00Z","2025-07-30T06:00Z","2025-07-30T12:00Z","2025-07-30T18:00Z","2025-07-31T00:00Z","2025-07-31T06:00Z","2025-07-31T12:00Z","2025-07-31T18:00Z","2025-08-01T00:00Z","2025-08-01T06:00Z","2025-08-01T12:00Z","2025-08-01T18:00Z","2025-08-02T00:00Z","2025-08-02T06:00Z","2025-08-02T12:00Z","2025-08-02T18:00Z","2025-08-03T00:00Z","2025-08-03T06:00Z"],"stroke":"#facc15","stroke-width":2.2,"stroke-opacity":0.9},"geometry":{"type":"LineString","coordinates":[[124.2,19.7],[123.4,19.7],[122.3,19.4],[121.3,19.2],[120,18.8],[119.6,18.1],[118.8,17.8],[118.1,16.9],[118.5,16.3],[119,16.1],[119.4,16.1],[120.1,16.7],[121.2,17.7],[121.5,19.5],[123.6,21.8],[124.9,23.5],[125.7,25.3],[126.4,26.3],[126.8,26.9],[127.4,26.8],[127.9,26.6],[129,26.6],[129.7,26.3],[128.7,26.5],[128,26.3],[128.2,26.6],[126.9,27],[125.4,27],[124.6,27.4],[124.1,28.1],[123.4,28.6],[122.9,29.4],[122.3,30.1],[121.8,30.7],[121.2,31.1],[120.3,31.2],[119.6,31.5],[119,32],[118.1,31.9],[117.8,31.8],[117.6,31.8],[117.4,31.7],[117.4,31.9],[117.6,32.1],[118.5,32.3],[119.1,32.4],[119.5,32.7],[120.3,33.4],[121,34.3],[122.5,34.8]]}},{"type":"Feature","properties":{"name":"Dexter","category":"Category 1","basin":"North Atlantic","peak_wind_kt":70,"peak_wind_kmh":130,"min_pressure_hpa":988,"formed":"2025-08-02","peaked":"2025-08-08","dissipated":"2025-08-13","coordTimes":["2025-08-02T18:00Z","2025-08-03T00:00Z","2025-08-03T06:00Z","2025-08-03T12:00Z","2025-08-03T18:00Z","2025-08-04T00:00Z","2025-08-04T06:00Z","2025-08-04T12:00Z","2025-08-04T18:00Z","2025-08-05T00:00Z","2025-08-05T06:00Z","2025-08-05T12:00Z","2025-08-05T18:00Z","2025-08-06T00:00Z","2025-08-06T06:00Z","2025-08-06T12:00Z","2025-08-06T18:00Z","2025-08-07T00:00Z","2025-08-07T06:00Z","2025-08-07T12:00Z","2025-08-07T18:00Z","2025-08-08T00:00Z","2025-08-08T06:00Z","2025-08-08T12:00Z","2025-08-08T18:00Z","2025-08-09T00:00Z","2025-08-09T06:00Z","2025-08-09T12:00Z","2025-08-09T18:00Z","2025-08-10T00:00Z","2025-08-10T06:00Z","2025-08-10T12:00Z","2025-08-10T18:00Z","2025-08-11T00:00Z","2025-08-11T06:00Z","2025-08-11T12:00Z","2025-08-11T18:00Z","2025-08-12T00:00Z","2025-08-12T06:00Z","2025-08-12T12:00Z","2025-08-12T18:00Z","2025-08-13T00:00Z","2025-08-13T06:00Z"],"stroke":"#facc15","stroke-width":2.2,"stroke-opacity":0.9},"geometry":{"type":"LineString","coordinates":[[-75.6,33.2],[-74.6,32.9],[-73.5,33.1],[-72.2,33.4],[-71,33.7],[-69.9,34],[-68.8,34.4],[-67.9,35],[-66.9,35.7],[-65.9,36.4],[-64.9,37],[-63.9,37.7],[-62.8,38.2],[-61.8,38.8],[-60.5,39.3],[-59,39.6],[-57.2,39.8],[-55.2,39.9],[-53.2,40.4],[-51.3,40.9],[-48.9,41.4],[-46.5,42.3],[-45,43.6],[-43.5,44.7],[-41.6,45.2],[-39.2,45.4],[-36.7,45.7],[-34.1,45.9],[-31.5,46.4],[-29.4,46.9],[-27.5,47.3],[-25.9,47.6],[-24.5,47.9],[-23.1,48.1],[-21.8,48.3],[-20.5,48.5],[-19.3,48.6],[-18.1,48.7],[-17,48.6],[-16,48.5],[-14.8,48.7],[-13.6,49],[-12.2,49.4]]}},{"type":"Feature","properties":{"name":"Shakhti","category":"Category 1","basin":"North Indian","peak_wind_kt":74,"peak_wind_kmh":137,"min_pressure_hpa":976,"formed":"2025-10-01","peaked":"2025-10-04","dissipated":"2025-10-07","coordTimes":["2025-10-01T12:00Z","2025-10-01T18:00Z","2025-10-02T00:00Z","2025-10-02T06:00Z","2025-10-02T12:00Z","2025-10-02T18:00Z","2025-10-03T00:00Z","2025-10-03T06:00Z","2025-10-03T12:00Z","2025-10-03T18:00Z","2025-10-04T00:00Z","2025-10-04T06:00Z","2025-10-04T12:00Z","2025-10-04T18:00Z","2025-10-05T00:00Z","2025-10-05T06:00Z","2025-10-05T12:00Z","2025-10-05T18:00Z","2025-10-06T00:00Z","2025-10-06T06:00Z","2025-10-06T12:00Z","2025-10-06T18:00Z","2025-10-07T00:00Z","2025-10-07T06:00Z"],"stroke":"#facc15","stroke-width":2.2,"stroke-opacity":0.9},"geometry":{"type":"LineString","coordinates":[[68.3,22],[68.2,21.5],[68,21],[67.9,20.8],[67.9,20.8],[67.7,20.8],[67.2,21.4],[66.8,21.8],[66.4,22],[65.8,22.1],[64.8,22.1],[64.1,21.9],[63.5,21.4],[62.6,21.2],[61.5,21],[61.3,20.6],[60.6,20.1],[60.4,19.7],[60.6,19.8],[60.4,19.8],[60.2,19.6],[60.1,19.5],[60.3,19.2],[60.7,18.9]]}},{"type":"Feature","properties":{"name":"Nakri","category":"Category 1","basin":"West Pacific","peak_wind_kt":74,"peak_wind_kmh":137,"min_pressure_hpa":974,"formed":"2025-10-06","peaked":"2025-10-13","dissipated":"2025-10-16","coordTimes":["2025-10-06T12:00Z","2025-10-06T18:00Z","2025-10-07T00:00Z","2025-10-07T06:00Z","2025-10-07T12:00Z","2025-10-07T18:00Z","2025-10-08T00:00Z","2025-10-08T06:00Z","2025-10-08T12:00Z","2025-10-08T18:00Z","2025-10-09T00:00Z","2025-10-09T06:00Z","2025-10-09T12:00Z","2025-10-09T18:00Z","2025-10-10T00:00Z","2025-10-10T06:00Z","2025-10-10T12:00Z","2025-10-10T18:00Z","2025-10-11T00:00Z","2025-10-11T06:00Z","2025-10-11T12:00Z","2025-10-11T18:00Z","2025-10-12T00:00Z","2025-10-12T06:00Z","2025-10-12T12:00Z","2025-10-12T18:00Z","2025-10-13T00:00Z","2025-10-13T06:00Z","2025-10-13T12:00Z","2025-10-13T18:00Z","2025-10-14T00:00Z","2025-10-14T06:00Z","2025-10-14T12:00Z","2025-10-14T18:00Z","2025-10-15T00:00Z","2025-10-15T06:00Z","2025-10-15T12:00Z","2025-10-15T18:00Z","2025-10-16T00:00Z","2025-10-16T06:00Z"],"stroke":"#facc15","stroke-width":2.2,"stroke-opacity":0.9},"geometry":{"type":"LineString","coordinates":[[147.4,13.2],[145.8,13.4],[144.5,14.1],[143.3,15.2],[141.9,15.9],[140,17.1],[138.5,17.9],[138.2,19.1],[137.3,20.6],[136.3,21.8],[135.7,22.9],[134.8,24.1],[134.3,24.7],[133.8,25.8],[132.7,26.8],[131.6,27.1],[130.8,26.7],[130.5,26.8],[130.3,27.2],[131,27.7],[131.4,28.7],[132.1,29.3],[133.6,30.1],[135.2,30.9],[136.5,31.6],[138.3,32.2],[140.3,33.1],[142.8,33.7],[145.3,34.1],[147.9,34.3],[151.2,34.8],[154.6,35],[158,35.5],[161.1,35.8],[164.4,35.7],[167.7,35.5],[170.2,35.5],[174.7,36.8],[178.5,37.6],[183.9,39.3]]}},{"type":"Feature","properties":{"name":"Henriette","category":"Category 1","basin":"East Pacific","peak_wind_kt":75,"peak_wind_kmh":139,"min_pressure_hpa":986,"formed":"2025-08-04","peaked":"2025-08-11","dissipated":"2025-08-14","coordTimes":["2025-08-04T06:00Z","2025-08-04T12:00Z","2025-08-04T18:00Z","2025-08-05T00:00Z","2025-08-05T06:00Z","2025-08-05T12:00Z","2025-08-05T18:00Z","2025-08-06T00:00Z","2025-08-06T06:00Z","2025-08-06T12:00Z","2025-08-06T18:00Z","2025-08-07T00:00Z","2025-08-07T06:00Z","2025-08-07T12:00Z","2025-08-07T18:00Z","2025-08-08T00:00Z","2025-08-08T06:00Z","2025-08-08T12:00Z","2025-08-08T18:00Z","2025-08-09T00:00Z","2025-08-09T06:00Z","2025-08-09T12:00Z","2025-08-09T18:00Z","2025-08-10T00:00Z","2025-08-10T06:00Z","2025-08-10T12:00Z","2025-08-10T18:00Z","2025-08-11T00:00Z","2025-08-11T06:00Z","2025-08-11T12:00Z","2025-08-11T18:00Z","2025-08-12T00:00Z","2025-08-12T06:00Z","2025-08-12T12:00Z","2025-08-12T18:00Z","2025-08-13T00:00Z","2025-08-13T06:00Z","2025-08-13T12:00Z","2025-08-13T18:00Z","2025-08-14T00:00Z","2025-08-14T06:00Z"],"stroke":"#facc15","stroke-width":2.2,"stroke-opacity":0.9},"geometry":{"type":"LineString","coordinates":[[-117.5,13.4],[-118.8,14.1],[-120,14.6],[-121.2,15.1],[-122.4,15.7],[-123.7,16.3],[-124.9,16.8],[-126.1,17.4],[-127.4,17.7],[-128.9,17.9],[-130.3,18],[-131.7,18.1],[-133.1,18.3],[-134.6,18.5],[-136.1,18.7],[-137.7,18.9],[-139.3,19.1],[-140.8,19.5],[-142.3,19.8],[-143.9,20],[-145.1,20.4],[-146.3,21.1],[-147.5,21.8],[-148.6,22.6],[-149.8,23.4],[-150.9,24.2],[-151.9,25.2],[-153.2,26.2],[-154.4,27.2],[-155.8,28.3],[-157.2,29.3],[-158.4,30.3],[-159.6,31.3],[-161,32.3],[-162.3,33.6],[-163.7,34.7],[-165,36],[-166.3,37.4],[-167.6,39],[-168.3,40.5],[-168.4,42.1]]}},{"type":"Feature","properties":{"name":"Lorena","category":"Category 1","basin":"East Pacific","peak_wind_kt":75,"peak_wind_kmh":139,"min_pressure_hpa":981,"formed":"2025-09-02","peaked":"2025-09-03","dissipated":"2025-09-07","coordTimes":["2025-09-02T00:00Z","2025-09-02T06:00Z","2025-09-02T12:00Z","2025-09-02T18:00Z","2025-09-03T00:00Z","2025-09-03T06:00Z","2025-09-03T12:00Z","2025-09-03T18:00Z","2025-09-04T00:00Z","2025-09-04T06:00Z","2025-09-04T12:00Z","2025-09-04T18:00Z","2025-09-05T00:00Z","2025-09-05T06:00Z","2025-09-05T12:00Z","2025-09-05T18:00Z","2025-09-06T00:00Z","2025-09-06T06:00Z","2025-09-06T12:00Z","2025-09-06T18:00Z","2025-09-07T00:00Z","2025-09-07T06:00Z"],"stroke":"#facc15","stroke-width":2.2,"stroke-opacity":0.9},"geometry":{"type":"LineString","coordinates":[[-104.8,16.9],[-106.3,17.3],[-107.4,18],[-108.3,18.9],[-109.2,19.8],[-110,20.8],[-111.1,21.9],[-112.1,22.5],[-112.8,23.1],[-113.5,23.6],[-114,24],[-114.6,24.4],[-115,24.5],[-115,24.4],[-114.9,24.3],[-114.5,24.4],[-114.7,24.7],[-115.1,25],[-115.5,25.2],[-115.9,25.5],[-116.5,25.8],[-117,26.1]]}},{"type":"Feature","properties":{"name":"Jude","category":"Category 1","basin":"South Indian","peak_wind_kt":80,"peak_wind_kmh":148,"min_pressure_hpa":975,"formed":"2025-03-04","peaked":"2025-03-09","dissipated":"2025-03-18","coordTimes":["2025-03-04T18:00Z","2025-03-05T00:00Z","2025-03-05T06:00Z","2025-03-05T12:00Z","2025-03-05T18:00Z","2025-03-06T00:00Z","2025-03-06T06:00Z","2025-03-06T12:00Z","2025-03-06T18:00Z","2025-03-07T00:00Z","2025-03-07T06:00Z","2025-03-07T12:00Z","2025-03-07T18:00Z","2025-03-08T00:00Z","2025-03-08T06:00Z","2025-03-08T12:00Z","2025-03-08T18:00Z","2025-03-09T00:00Z","2025-03-09T06:00Z","2025-03-09T12:00Z","2025-03-09T18:00Z","2025-03-10T00:00Z","2025-03-10T06:00Z","2025-03-10T12:00Z","2025-03-10T18:00Z","2025-03-11T00:00Z","2025-03-11T06:00Z","2025-03-11T12:00Z","2025-03-11T18:00Z","2025-03-12T00:00Z","2025-03-12T06:00Z","2025-03-12T12:00Z","2025-03-12T18:00Z","2025-03-13T00:00Z","2025-03-13T06:00Z","2025-03-13T12:00Z","2025-03-13T18:00Z","2025-03-14T00:00Z","2025-03-14T06:00Z","2025-03-14T12:00Z","2025-03-14T18:00Z","2025-03-15T00:00Z","2025-03-15T06:00Z","2025-03-15T12:00Z","2025-03-15T18:00Z","2025-03-16T00:00Z","2025-03-16T06:00Z","2025-03-16T12:00Z","2025-03-16T18:00Z","2025-03-17T00:00Z","2025-03-17T06:00Z","2025-03-17T12:00Z","2025-03-17T18:00Z","2025-03-18T00:00Z","2025-03-18T06:00Z","2025-03-18T12:00Z"],"stroke":"#facc15","stroke-width":2.2,"stroke-opacity":0.9},"geometry":{"type":"LineString","coordinates":[[66.7,-12],[65.8,-11.8],[64.9,-11.5],[63.9,-10.9],[62.6,-10.7],[60.8,-11.1],[58.7,-11.6],[57.6,-11.6],[56.4,-11.5],[55,-12.1],[53.7,-12.3],[52.4,-13.1],[51,-13.6],[49.2,-14],[48,-13.9],[46.7,-14.2],[45.7,-14.4],[44.6,-14.8],[43.5,-14.9],[42.2,-15.3],[41.3,-14.9],[40.7,-15],[39.9,-15.1],[38.9,-14.8],[38.1,-14.8],[37.3,-15.2],[36.5,-15.6],[35.7,-16.2],[35.2,-16.6],[34.9,-16.8],[34.9,-17.2],[35.3,-17.8],[35.9,-18.5],[36.4,-19],[37.4,-19.7],[38.4,-20.2],[39.6,-21.3],[40.7,-22.4],[41.5,-23],[42.2,-23.7],[43.2,-24.5],[43.9,-24.7],[44.6,-25],[46.1,-25.2],[47.6,-25.3],[51.3,-25.9],[53.6,-26.6],[56.5,-28.3],[59.8,-30.7],[62,-32.7],[63.5,-34.7],[64.1,-36.9],[64.6,-39.2],[65.5,-41.5],[67.1,-43.5],[69.2,-45]]}},{"type":"Feature","properties":{"name":"Krosa","category":"Category 1","basin":"West Pacific","peak_wind_kt":80,"peak_wind_kmh":148,"min_pressure_hpa":962,"formed":"2025-07-23","peaked":"2025-07-27","dissipated":"2025-08-05","coordTimes":["2025-07-23T12:00Z","2025-07-23T18:00Z","2025-07-24T00:00Z","2025-07-24T06:00Z","2025-07-24T12:00Z","2025-07-24T18:00Z","2025-07-25T00:00Z","2025-07-25T06:00Z","2025-07-25T12:00Z","2025-07-25T18:00Z","2025-07-26T00:00Z","2025-07-26T06:00Z","2025-07-26T12:00Z","2025-07-26T18:00Z","2025-07-27T00:00Z","2025-07-27T06:00Z","2025-07-27T12:00Z","2025-07-27T18:00Z","2025-07-28T00:00Z","2025-07-28T06:00Z","2025-07-28T12:00Z","2025-07-28T18:00Z","2025-07-29T00:00Z","2025-07-29T06:00Z","2025-07-29T12:00Z","2025-07-29T18:00Z","2025-07-30T00:00Z","2025-07-30T06:00Z","2025-07-30T12:00Z","2025-07-30T18:00Z","2025-07-31T00:00Z","2025-07-31T06:00Z","2025-07-31T12:00Z","2025-07-31T18:00Z","2025-08-01T00:00Z","2025-08-01T06:00Z","2025-08-01T12:00Z","2025-08-01T18:00Z","2025-08-02T00:00Z","2025-08-02T06:00Z","2025-08-02T12:00Z","2025-08-02T18:00Z","2025-08-03T00:00Z","2025-08-03T06:00Z","2025-08-03T12:00Z","2025-08-03T18:00Z","2025-08-04T00:00Z","2025-08-04T06:00Z","2025-08-04T12:00Z","2025-08-04T18:00Z","2025-08-05T00:00Z","2025-08-05T06:00Z","2025-08-05T12:00Z","2025-08-05T18:00Z"],"stroke":"#facc15","stroke-width":2.2,"stroke-opacity":0.9},"geometry":{"type":"LineString","coordinates":[[144.8,12.7],[144.2,13.2],[143.8,13.7],[143.6,14.9],[143.5,15.9],[143.2,16.3],[143.4,16.9],[143.4,17.2],[143.7,17.5],[143.6,17.6],[143.9,17.7],[144.2,18],[144.6,18.5],[145.1,19.5],[145.2,20.4],[145.3,21.5],[145.5,22.9],[145.4,24.3],[145.2,25.8],[144.5,27.6],[143.9,27.4],[143.4,27.8],[143.1,28.3],[142.9,28.5],[142.9,28.6],[142.8,28.7],[142.9,28.8],[143.2,28.9],[143.2,29.1],[143.2,29.4],[142.9,30],[142.6,30.4],[142.3,31],[142,31.7],[141.7,32.6],[141.4,33.8],[141.3,34.4],[141.7,35.2],[142.7,36.4],[143.9,37.5],[146,38.4],[148.1,39],[151,39.9],[154.3,40.6],[157.6,41.2],[160.8,42],[163.2,42.7],[166,43.2],[169.5,43.5],[174.1,43.7],[178,44],[182.1,44.6],[185.6,45.2],[190.9,46.4]]}},{"type":"Feature","properties":{"name":"Bualoi","category":"Category 1","basin":"West Pacific","peak_wind_kt":80,"peak_wind_kmh":148,"min_pressure_hpa":970,"formed":"2025-09-22","peaked":"2025-09-28","dissipated":"2025-09-30","coordTimes":["2025-09-22T18:00Z","2025-09-23T00:00Z","2025-09-23T06:00Z","2025-09-23T12:00Z","2025-09-23T18:00Z","2025-09-24T00:00Z","2025-09-24T06:00Z","2025-09-24T12:00Z","2025-09-24T18:00Z","2025-09-25T00:00Z","2025-09-25T06:00Z","2025-09-25T12:00Z","2025-09-25T18:00Z","2025-09-26T00:00Z","2025-09-26T06:00Z","2025-09-26T12:00Z","2025-09-26T18:00Z","2025-09-27T00:00Z","2025-09-27T06:00Z","2025-09-27T12:00Z","2025-09-27T18:00Z","2025-09-28T00:00Z","2025-09-28T06:00Z","2025-09-28T12:00Z","2025-09-28T18:00Z","2025-09-29T00:00Z","2025-09-29T06:00Z","2025-09-29T12:00Z","2025-09-29T18:00Z","2025-09-30T00:00Z","2025-09-30T06:00Z","2025-09-30T12:00Z"],"stroke":"#facc15","stroke-width":2.2,"stroke-opacity":0.9},"geometry":{"type":"LineString","coordinates":[[137.3,11.3],[136.3,10.8],[135.4,10.2],[134.5,10],[133.6,9.7],[132.8,9.7],[131.9,10],[131.1,10.3],[130.1,10.6],[129.2,11.1],[128.1,11.3],[126.8,11.8],[125,12.2],[122.9,12.3],[120.8,12.7],[119.1,13.1],[117.3,13.7],[115.4,14.5],[113.8,15.1],[112.2,15.7],[110.7,15.9],[109.4,16.4],[108.1,17.1],[107.1,17.7],[106.1,18.1],[105.1,18.7],[103.5,19.7],[101.9,20.5],[100.5,21.1],[99.3,22],[98.3,23.1],[97.8,24.3]]}},{"type":"Feature","properties":{"name":"Imelda","category":"Category 1","basin":"North Atlantic","peak_wind_kt":80,"peak_wind_kmh":148,"min_pressure_hpa":966,"formed":"2025-09-26","peaked":"2025-10-01","dissipated":"2025-10-06","coordTimes":["2025-09-26T18:00Z","2025-09-27T00:00Z","2025-09-27T06:00Z","2025-09-27T12:00Z","2025-09-27T18:00Z","2025-09-28T00:00Z","2025-09-28T06:00Z","2025-09-28T12:00Z","2025-09-28T18:00Z","2025-09-29T00:00Z","2025-09-29T06:00Z","2025-09-29T12:00Z","2025-09-29T18:00Z","2025-09-30T00:00Z","2025-09-30T06:00Z","2025-09-30T12:00Z","2025-09-30T18:00Z","2025-10-01T00:00Z","2025-10-01T06:00Z","2025-10-01T12:00Z","2025-10-01T18:00Z","2025-10-02T00:00Z","2025-10-02T06:00Z","2025-10-02T12:00Z","2025-10-02T18:00Z","2025-10-03T00:00Z","2025-10-03T06:00Z","2025-10-03T12:00Z","2025-10-03T18:00Z","2025-10-04T00:00Z","2025-10-04T06:00Z","2025-10-04T12:00Z","2025-10-04T18:00Z","2025-10-05T00:00Z","2025-10-05T06:00Z","2025-10-05T12:00Z","2025-10-05T18:00Z","2025-10-06T00:00Z"],"stroke":"#facc15","stroke-width":2.2,"stroke-opacity":0.9},"geometry":{"type":"LineString","coordinates":[[-74.9,20.9],[-75.5,21.3],[-75.8,21.6],[-76.1,21.9],[-76.4,22.1],[-76.7,22.4],[-77.1,22.7],[-77.4,23.1],[-77.3,23.8],[-77.1,24.6],[-77.1,25.3],[-77.1,26.4],[-77.3,27.3],[-77.3,28],[-77.2,28.6],[-76.9,28.9],[-76,29.2],[-74.8,29.4],[-73.1,29.9],[-71.4,30.7],[-69.2,31.2],[-66.4,31.8],[-63.2,32.6],[-60.8,33],[-57.5,33.5],[-53.4,34.5],[-51.1,35.7],[-49.3,37.3],[-49.1,38.9],[-49,39.7],[-48.5,40.8],[-47.5,42],[-45.8,43.5],[-44,45.3],[-41.9,46.9],[-39.6,48.6],[-36.5,49.5],[-33,50.3]]}},{"type":"Feature","properties":{"name":"Octave","category":"Category 1","basin":"East Pacific","peak_wind_kt":80,"peak_wind_kmh":148,"min_pressure_hpa":980,"formed":"2025-09-29","peaked":"2025-10-06","dissipated":"2025-10-09","coordTimes":["2025-09-29T18:00Z","2025-09-30T00:00Z","2025-09-30T06:00Z","2025-09-30T12:00Z","2025-09-30T18:00Z","2025-10-01T00:00Z","2025-10-01T06:00Z","2025-10-01T12:00Z","2025-10-01T18:00Z","2025-10-02T00:00Z","2025-10-02T06:00Z","2025-10-02T12:00Z","2025-10-02T18:00Z","2025-10-03T00:00Z","2025-10-03T06:00Z","2025-10-03T12:00Z","2025-10-03T18:00Z","2025-10-04T00:00Z","2025-10-04T06:00Z","2025-10-04T12:00Z","2025-10-04T18:00Z","2025-10-05T00:00Z","2025-10-05T06:00Z","2025-10-05T12:00Z","2025-10-05T18:00Z","2025-10-06T00:00Z","2025-10-06T06:00Z","2025-10-06T12:00Z","2025-10-06T18:00Z","2025-10-07T00:00Z","2025-10-07T06:00Z","2025-10-07T12:00Z","2025-10-07T18:00Z","2025-10-08T00:00Z","2025-10-08T06:00Z","2025-10-08T12:00Z","2025-10-08T18:00Z","2025-10-09T00:00Z","2025-10-09T06:00Z","2025-10-09T12:00Z","2025-10-09T18:00Z"],"stroke":"#facc15","stroke-width":2.2,"stroke-opacity":0.9},"geometry":{"type":"LineString","coordinates":[[-112.2,9.3],[-112.4,9.3],[-112.9,9.3],[-113.3,9.5],[-113.8,9.9],[-114.3,10.3],[-114.8,10.9],[-115.4,11.4],[-115.9,11.7],[-116.6,11.9],[-117.4,12],[-118,12.3],[-118.7,12.6],[-119.2,12.9],[-119.9,13.1],[-120.8,13.2],[-121.6,13.3],[-122.3,13.6],[-122.9,13.9],[-123.5,14.3],[-123.9,14.7],[-124.1,15],[-124.2,15.4],[-123.9,15.6],[-123.5,15.9],[-123.1,16.2],[-122.5,16.3],[-121.9,16.3],[-121.3,16.2],[-120.7,15.9],[-120.2,15.8],[-119.7,15.7],[-119.2,15.5],[-118.5,15.3],[-117.8,15.2],[-116.9,15.2],[-115.8,15.5],[-114,15.9],[-112.4,16.6],[-111,17.6],[-109.6,18]]}},{"type":"Feature","properties":{"name":"Koto","category":"Category 1","basin":"West Pacific","peak_wind_kt":80,"peak_wind_kmh":148,"min_pressure_hpa":975,"formed":"2025-11-23","peaked":"2025-11-27","dissipated":"2025-12-03","coordTimes":["2025-11-23T12:00Z","2025-11-23T18:00Z","2025-11-24T00:00Z","2025-11-24T06:00Z","2025-11-24T12:00Z","2025-11-24T18:00Z","2025-11-25T00:00Z","2025-11-25T06:00Z","2025-11-25T12:00Z","2025-11-25T18:00Z","2025-11-26T00:00Z","2025-11-26T06:00Z","2025-11-26T12:00Z","2025-11-26T18:00Z","2025-11-27T00:00Z","2025-11-27T06:00Z","2025-11-27T12:00Z","2025-11-27T18:00Z","2025-11-28T00:00Z","2025-11-28T06:00Z","2025-11-28T12:00Z","2025-11-28T18:00Z","2025-11-29T00:00Z","2025-11-29T06:00Z","2025-11-29T12:00Z","2025-11-29T18:00Z","2025-11-30T00:00Z","2025-11-30T06:00Z","2025-11-30T12:00Z","2025-11-30T18:00Z","2025-12-01T00:00Z","2025-12-01T06:00Z","2025-12-01T12:00Z","2025-12-01T18:00Z","2025-12-02T00:00Z","2025-12-02T06:00Z","2025-12-02T12:00Z","2025-12-02T18:00Z","2025-12-03T00:00Z","2025-12-03T06:00Z","2025-12-03T12:00Z"],"stroke":"#facc15","stroke-width":2.2,"stroke-opacity":0.9},"geometry":{"type":"LineString","coordinates":[[131.6,7.4],[129.7,7.9],[127.7,8.4],[126.3,9.2],[125.1,9.7],[124,10.1],[122.4,10.5],[121.1,10.8],[120.2,11.3],[119.3,11.9],[117.6,12.2],[116.4,12.1],[115.4,12.5],[114.8,13.1],[114.1,13.2],[113.8,13],[113.7,12.8],[113.5,12.4],[113,12.4],[112.7,12.5],[112.5,12.7],[112.3,13.1],[112.2,13.1],[112,13.3],[112.1,13.5],[112.3,13.7],[112.4,14],[112.3,14.3],[112.1,14.4],[111.8,14.7],[111.6,14.7],[111.5,14.6],[111.5,14.6],[111.3,14.3],[111.5,14.1],[111.7,13.8],[111.7,13.8],[111.2,13.6],[110.6,13.3],[109.9,12.9],[108.8,12.5]]}},{"type":"Feature","properties":{"name":"Bakung","category":"Category 1","basin":"South Indian","peak_wind_kt":80,"peak_wind_kmh":148,"min_pressure_hpa":973,"formed":"2025-12-12","peaked":"2025-12-14","dissipated":"2025-12-18","coordTimes":["2025-12-12T00:00Z","2025-12-12T06:00Z","2025-12-12T12:00Z","2025-12-12T18:00Z","2025-12-13T00:00Z","2025-12-13T06:00Z","2025-12-13T12:00Z","2025-12-13T18:00Z","2025-12-14T00:00Z","2025-12-14T06:00Z","2025-12-14T12:00Z","2025-12-14T18:00Z","2025-12-15T00:00Z","2025-12-15T06:00Z","2025-12-15T12:00Z","2025-12-15T18:00Z","2025-12-16T00:00Z","2025-12-16T06:00Z","2025-12-16T12:00Z","2025-12-16T18:00Z","2025-12-17T00:00Z","2025-12-17T06:00Z","2025-12-17T12:00Z","2025-12-17T18:00Z","2025-12-18T00:00Z","2025-12-18T06:00Z"],"stroke":"#facc15","stroke-width":2.2,"stroke-opacity":0.9},"geometry":{"type":"LineString","coordinates":[[98,-8.1],[97.3,-8.4],[96.7,-8.4],[95.3,-8.6],[94.5,-8.8],[93.6,-9.1],[92.7,-9.5],[91.9,-9.9],[91.4,-10.2],[91.2,-10.4],[91,-10.8],[90.9,-10.9],[91.3,-10.9],[91.6,-10.9],[92.1,-10.9],[92.7,-10.9],[93,-11],[93.1,-11.6],[93,-12.1],[93.2,-11.6],[93,-12],[92.8,-12.1],[92.3,-12.6],[91.4,-11],[91.5,-10.6],[91.8,-10.1]]}},{"type":"Feature","properties":{"name":"Taliah","category":"Category 2","basin":"South Indian","peak_wind_kt":84,"peak_wind_kmh":156,"min_pressure_hpa":967,"formed":"2025-01-31","peaked":"2025-02-04","dissipated":"2025-02-21","coordTimes":["2025-01-31T12:00Z","2025-01-31T18:00Z","2025-02-01T00:00Z","2025-02-01T06:00Z","2025-02-01T12:00Z","2025-02-01T18:00Z","2025-02-02T00:00Z","2025-02-02T06:00Z","2025-02-02T12:00Z","2025-02-02T18:00Z","2025-02-03T00:00Z","2025-02-03T06:00Z","2025-02-03T12:00Z","2025-02-03T18:00Z","2025-02-04T00:00Z","2025-02-04T06:00Z","2025-02-04T12:00Z","2025-02-04T18:00Z","2025-02-05T00:00Z","2025-02-05T06:00Z","2025-02-05T12:00Z","2025-02-05T18:00Z","2025-02-06T00:00Z","2025-02-06T06:00Z","2025-02-06T12:00Z","2025-02-06T18:00Z","2025-02-07T00:00Z","2025-02-07T06:00Z","2025-02-07T12:00Z","2025-02-07T18:00Z","2025-02-08T00:00Z","2025-02-08T06:00Z","2025-02-08T12:00Z","2025-02-08T18:00Z","2025-02-09T00:00Z","2025-02-09T06:00Z","2025-02-09T12:00Z","2025-02-09T18:00Z","2025-02-10T00:00Z","2025-02-10T06:00Z","2025-02-10T12:00Z","2025-02-10T18:00Z","2025-02-11T00:00Z","2025-02-11T06:00Z","2025-02-11T12:00Z","2025-02-11T18:00Z","2025-02-12T00:00Z","2025-02-12T06:00Z","2025-02-12T12:00Z","2025-02-12T18:00Z","2025-02-13T00:00Z","2025-02-13T06:00Z","2025-02-13T12:00Z","2025-02-13T18:00Z","2025-02-14T00:00Z","2025-02-14T06:00Z","2025-02-14T12:00Z","2025-02-14T18:00Z","2025-02-15T00:00Z","2025-02-15T06:00Z","2025-02-15T12:00Z","2025-02-15T18:00Z","2025-02-16T00:00Z","2025-02-16T06:00Z","2025-02-16T12:00Z","2025-02-16T18:00Z","2025-02-17T00:00Z","2025-02-17T06:00Z","2025-02-17T12:00Z","2025-02-17T18:00Z","2025-02-18T00:00Z","2025-02-18T06:00Z","2025-02-18T12:00Z","2025-02-18T18:00Z","2025-02-19T00:00Z","2025-02-19T06:00Z","2025-02-19T12:00Z","2025-02-19T18:00Z","2025-02-20T00:00Z","2025-02-20T06:00Z","2025-02-20T12:00Z","2025-02-20T18:00Z","2025-02-21T00:00Z","2025-02-21T06:00Z","2025-02-21T12:00Z"],"stroke":"#fb923c","stroke-width":2.5,"stroke-opacity":0.9},"geometry":{"type":"LineString","coordinates":[[120,-13.5],[119.8,-13.5],[119.6,-13.6],[119.1,-13.7],[118.8,-13.9],[118.1,-14.1],[116.9,-14.4],[116.2,-14.4],[116.4,-14.3],[115.6,-15.1],[115,-15.2],[114.3,-15.1],[113.7,-15.2],[113,-15.3],[112.2,-15.4],[111.1,-15.5],[110.5,-15.6],[109.5,-15.9],[108.3,-15.7],[107.4,-15.1],[106.7,-14.8],[105.8,-14.8],[105,-14.9],[103.6,-14.8],[102.7,-14.9],[101.7,-14.7],[100.9,-14.7],[99.8,-15.8],[98.4,-16],[97.2,-15.8],[96.4,-15.7],[95.8,-15.8],[95.2,-15.7],[94.8,-15.6],[94.5,-15.4],[93.8,-15.1],[93.5,-15],[93.4,-14.8],[93.2,-14.7],[93.1,-14.2],[93,-14.3],[92.5,-14.3],[92.3,-14.7],[92.1,-14.8],[91.8,-15.4],[91.6,-15.8],[91.1,-16.6],[90.6,-17.7],[90.2,-18.9],[89.6,-20.1],[88.5,-21.2],[87.2,-22],[86.5,-22.6],[85.6,-23.1],[85.1,-23.4],[84.5,-23.9],[84.2,-24.2],[83.9,-24.5],[83.7,-24.9],[83.5,-25.2],[83,-25.4],[82.6,-25.6],[82.1,-26.3],[81,-27.3],[80.2,-28.4],[79.1,-28.9],[78.3,-29.1],[77.8,-29.4],[77.5,-29.5],[77,-30],[76.7,-30.5],[76.3,-30.9],[76.1,-31],[76,-31.1],[75.9,-31.1],[75.8,-30.8],[75.1,-30.3],[74.5,-29.8],[73.8,-30],[73.1,-30.5],[73,-31.7],[72.9,-32.8],[73.4,-33.7],[74.1,-34.6],[75.2,-35.1]]}},{"type":"Feature","properties":{"name":"Rae","category":"Category 2","basin":"South Pacific","peak_wind_kt":89,"peak_wind_kmh":165,"min_pressure_hpa":961,"formed":"2025-02-22","peaked":"2025-02-24","dissipated":"2025-02-25","coordTimes":["2025-02-22T12:00Z","2025-02-22T18:00Z","2025-02-23T00:00Z","2025-02-23T06:00Z","2025-02-23T12:00Z","2025-02-23T18:00Z","2025-02-24T00:00Z","2025-02-24T06:00Z","2025-02-24T12:00Z","2025-02-24T18:00Z","2025-02-25T00:00Z","2025-02-25T06:00Z","2025-02-25T12:00Z"],"stroke":"#fb923c","stroke-width":2.5,"stroke-opacity":0.9},"geometry":{"type":"LineString","coordinates":[[-177.8,-13.4],[-177.9,-14.3],[-178.5,-14.6],[-178.7,-15.2],[-179,-16],[-179,-16.6],[-179.4,-17.9],[-179.4,-19.1],[-179.2,-20.2],[-178.7,-21.5],[-177.9,-22.8],[-178.4,-23.6],[-177.6,-24.5]]}},{"type":"Feature","properties":{"name":"Danas","category":"Category 2","basin":"West Pacific","peak_wind_kt":89,"peak_wind_kmh":165,"min_pressure_hpa":958,"formed":"2025-07-03","peaked":"2025-07-06","dissipated":"2025-07-11","coordTimes":["2025-07-03T00:00Z","2025-07-03T06:00Z","2025-07-03T12:00Z","2025-07-03T18:00Z","2025-07-04T00:00Z","2025-07-04T06:00Z","2025-07-04T12:00Z","2025-07-04T18:00Z","2025-07-05T00:00Z","2025-07-05T06:00Z","2025-07-05T12:00Z","2025-07-05T18:00Z","2025-07-06T00:00Z","2025-07-06T06:00Z","2025-07-06T12:00Z","2025-07-06T18:00Z","2025-07-07T00:00Z","2025-07-07T06:00Z","2025-07-07T12:00Z","2025-07-07T18:00Z","2025-07-08T00:00Z","2025-07-08T06:00Z","2025-07-08T12:00Z","2025-07-08T18:00Z","2025-07-09T00:00Z","2025-07-09T06:00Z","2025-07-09T12:00Z","2025-07-09T18:00Z","2025-07-10T00:00Z","2025-07-10T06:00Z","2025-07-10T12:00Z","2025-07-10T18:00Z","2025-07-11T00:00Z"],"stroke":"#fb923c","stroke-width":2.5,"stroke-opacity":0.9},"geometry":{"type":"LineString","coordinates":[[122.5,19.7],[121.7,20.1],[120.4,19.9],[119.6,19.7],[118.8,19.5],[118.2,19.6],[117.9,20],[117.6,20],[117.6,20.1],[117.8,20.4],[117.9,20.7],[118,21],[118.3,21.6],[118.8,22.2],[119.6,22.9],[120.6,24],[121.2,25.7],[121.5,26.7],[121.9,27],[122.3,27.6],[122.3,28],[121.9,27.9],[121.3,27.8],[120.2,27.4],[119.1,26.9],[118.1,26.6],[116.7,25.9],[115.9,24.9],[115.6,24.1],[115.3,23.4],[115,22.9],[114.3,22.8],[113.8,22.5]]}},{"type":"Feature","properties":{"name":"Podul","category":"Category 2","basin":"West Pacific","peak_wind_kt":89,"peak_wind_kmh":165,"min_pressure_hpa":966,"formed":"2025-08-05","peaked":"2025-08-13","dissipated":"2025-08-15","coordTimes":["2025-08-05T18:00Z","2025-08-06T00:00Z","2025-08-06T06:00Z","2025-08-06T12:00Z","2025-08-06T18:00Z","2025-08-07T00:00Z","2025-08-07T06:00Z","2025-08-07T12:00Z","2025-08-07T18:00Z","2025-08-08T00:00Z","2025-08-08T06:00Z","2025-08-08T12:00Z","2025-08-08T18:00Z","2025-08-09T00:00Z","2025-08-09T06:00Z","2025-08-09T12:00Z","2025-08-09T18:00Z","2025-08-10T00:00Z","2025-08-10T06:00Z","2025-08-10T12:00Z","2025-08-10T18:00Z","2025-08-11T00:00Z","2025-08-11T06:00Z","2025-08-11T12:00Z","2025-08-11T18:00Z","2025-08-12T00:00Z","2025-08-12T06:00Z","2025-08-12T12:00Z","2025-08-12T18:00Z","2025-08-13T00:00Z","2025-08-13T06:00Z","2025-08-13T12:00Z","2025-08-13T18:00Z","2025-08-14T00:00Z","2025-08-14T06:00Z","2025-08-14T12:00Z","2025-08-14T18:00Z","2025-08-15T00:00Z"],"stroke":"#fb923c","stroke-width":2.5,"stroke-opacity":0.9},"geometry":{"type":"LineString","coordinates":[[149,19.1],[148.8,18.5],[148.7,18.3],[148.6,18.2],[148.3,18.1],[147.9,18.2],[147.7,18.6],[147,18.9],[146.3,19.3],[145.7,20.1],[145.1,20.6],[144.3,20.8],[143.6,21.1],[142.9,21.3],[142,21.5],[141.1,21.5],[140.1,21.5],[138.6,21.5],[137.5,21.6],[136.1,21.5],[134.8,21.2],[133.4,21.1],[132.2,20.8],[130.9,20.8],[129.3,20.7],[128.1,20.9],[126.6,21.3],[125,21.6],[123.4,22],[122,22],[120.6,22.9],[118.8,23.5],[116.9,24.1],[114.7,24.6],[113.5,24.8],[111.9,25.2],[110,25.4],[108.2,26]]}},{"type":"Feature","properties":{"name":"Matmo","category":"Category 2","basin":"West Pacific","peak_wind_kt":89,"peak_wind_kmh":165,"min_pressure_hpa":966,"formed":"2025-09-30","peaked":"2025-10-05","dissipated":"2025-10-06","coordTimes":["2025-09-30T18:00Z","2025-10-01T00:00Z","2025-10-01T06:00Z","2025-10-01T12:00Z","2025-10-01T18:00Z","2025-10-02T00:00Z","2025-10-02T06:00Z","2025-10-02T12:00Z","2025-10-02T18:00Z","2025-10-03T00:00Z","2025-10-03T06:00Z","2025-10-03T12:00Z","2025-10-03T18:00Z","2025-10-04T00:00Z","2025-10-04T06:00Z","2025-10-04T12:00Z","2025-10-04T18:00Z","2025-10-05T00:00Z","2025-10-05T06:00Z","2025-10-05T12:00Z","2025-10-05T18:00Z","2025-10-06T00:00Z","2025-10-06T06:00Z","2025-10-06T12:00Z"],"stroke":"#fb923c","stroke-width":2.5,"stroke-opacity":0.9},"geometry":{"type":"LineString","coordinates":[[132.9,13.7],[131.6,14.1],[130.7,14.3],[129.7,14.4],[128.4,14.7],[127.2,15],[126.4,15.2],[125,15.6],[123.7,15.9],[122.5,16.5],[121,17],[119.4,17.4],[118.1,17.6],[116.6,18.1],[115.2,18.3],[114.1,19],[112.8,19.7],[111.6,20.2],[110.5,20.8],[109.5,21.3],[108.4,21.8],[107.3,21.9],[106.6,22.1],[106.1,22.7]]}},{"type":"Feature","properties":{"name":"Hayley","category":"Category 2","basin":"South Indian","peak_wind_kt":89,"peak_wind_kmh":165,"min_pressure_hpa":964,"formed":"2025-12-28","peaked":"2025-12-29","dissipated":"2025-12-31","coordTimes":["2025-12-28T06:00Z","2025-12-28T12:00Z","2025-12-28T18:00Z","2025-12-29T00:00Z","2025-12-29T06:00Z","2025-12-29T12:00Z","2025-12-29T18:00Z","2025-12-30T00:00Z","2025-12-30T06:00Z","2025-12-30T12:00Z","2025-12-30T18:00Z","2025-12-31T00:00Z"],"stroke":"#fb923c","stroke-width":2.5,"stroke-opacity":0.9},"geometry":{"type":"LineString","coordinates":[[119.5,-13.1],[119.4,-13.6],[119.4,-14.1],[119.4,-14.7],[119.6,-15.2],[120,-15.7],[120.3,-16.1],[121.2,-16.4],[122,-16.5],[123.3,-16.7],[124.3,-16.8],[125.4,-16.9]]}},{"type":"Feature","properties":{"name":"Narda","category":"Category 2","basin":"East Pacific","peak_wind_kt":90,"peak_wind_kmh":167,"min_pressure_hpa":970,"formed":"2025-09-21","peaked":"2025-09-24","dissipated":"2025-10-01","coordTimes":["2025-09-21T18:00Z","2025-09-22T00:00Z","2025-09-22T06:00Z","2025-09-22T12:00Z","2025-09-22T18:00Z","2025-09-23T00:00Z","2025-09-23T06:00Z","2025-09-23T12:00Z","2025-09-23T18:00Z","2025-09-24T00:00Z","2025-09-24T06:00Z","2025-09-24T12:00Z","2025-09-24T18:00Z","2025-09-25T00:00Z","2025-09-25T06:00Z","2025-09-25T12:00Z","2025-09-25T18:00Z","2025-09-26T00:00Z","2025-09-26T06:00Z","2025-09-26T12:00Z","2025-09-26T18:00Z","2025-09-27T00:00Z","2025-09-27T06:00Z","2025-09-27T12:00Z","2025-09-27T18:00Z","2025-09-28T00:00Z","2025-09-28T06:00Z","2025-09-28T12:00Z","2025-09-28T18:00Z","2025-09-29T00:00Z","2025-09-29T06:00Z","2025-09-29T12:00Z","2025-09-29T18:00Z","2025-09-30T00:00Z","2025-09-30T06:00Z","2025-09-30T12:00Z","2025-09-30T18:00Z","2025-10-01T00:00Z"],"stroke":"#fb923c","stroke-width":2.5,"stroke-opacity":0.9},"geometry":{"type":"LineString","coordinates":[[-99.4,14.4],[-100.1,15.1],[-101.2,15.4],[-102.3,15.7],[-103.4,15.9],[-104.5,16.1],[-105.6,15.8],[-106.7,15.5],[-107.8,15.4],[-108.8,15.3],[-109.9,15.2],[-110.9,15.1],[-111.9,15.2],[-112.9,15.3],[-114.3,15.6],[-115.8,15.9],[-117.3,16.1],[-118.7,16.3],[-120,16.5],[-121.3,16.7],[-122.2,16.9],[-123.1,17.2],[-124,17.5],[-124.7,17.8],[-125.2,18.2],[-125.5,18.5],[-125.6,18.9],[-125.6,19.4],[-125.5,20.1],[-125.2,20.7],[-125,21],[-124.9,21.3],[-124.7,21.5],[-124.4,21.4],[-124.6,21.3],[-124.6,21.6],[-124.8,21.7],[-125,21.7]]}},{"type":"Feature","properties":{"name":"Kajiki","category":"Category 2","basin":"West Pacific","peak_wind_kt":93,"peak_wind_kmh":172,"min_pressure_hpa":964,"formed":"2025-08-21","peaked":"2025-08-24","dissipated":"2025-08-27","coordTimes":["2025-08-21T06:00Z","2025-08-21T12:00Z","2025-08-21T18:00Z","2025-08-22T00:00Z","2025-08-22T06:00Z","2025-08-22T12:00Z","2025-08-22T18:00Z","2025-08-23T00:00Z","2025-08-23T06:00Z","2025-08-23T12:00Z","2025-08-23T18:00Z","2025-08-24T00:00Z","2025-08-24T06:00Z","2025-08-24T12:00Z","2025-08-24T18:00Z","2025-08-25T00:00Z","2025-08-25T06:00Z","2025-08-25T12:00Z","2025-08-25T18:00Z","2025-08-26T00:00Z","2025-08-26T06:00Z","2025-08-26T12:00Z","2025-08-26T18:00Z","2025-08-27T00:00Z"],"stroke":"#fb923c","stroke-width":2.5,"stroke-opacity":0.9},"geometry":{"type":"LineString","coordinates":[[126.4,15.4],[124.6,15.4],[123.3,15.7],[122.5,16.1],[121.7,16.7],[119.6,17.2],[117.9,17.2],[116.6,17.4],[114.9,17.6],[113.5,17.7],[112.2,17.3],[111.2,17.2],[110.3,17.4],[109.3,17.9],[108.3,18.1],[107.2,18.3],[106.2,18.5],[105.7,18.5],[104.9,18.7],[103.3,18.9],[102.2,19.1],[101.2,19.6],[100.2,19.7],[99.6,20.1]]}},{"type":"Feature","properties":{"name":"Bianca","category":"Category 3","basin":"South Indian","peak_wind_kt":99,"peak_wind_kmh":183,"min_pressure_hpa":958,"formed":"2025-02-19","peaked":"2025-02-25","dissipated":"2025-02-27","coordTimes":["2025-02-19T00:00Z","2025-02-19T06:00Z","2025-02-19T12:00Z","2025-02-19T18:00Z","2025-02-20T00:00Z","2025-02-20T06:00Z","2025-02-20T12:00Z","2025-02-20T18:00Z","2025-02-21T00:00Z","2025-02-21T06:00Z","2025-02-21T12:00Z","2025-02-21T18:00Z","2025-02-22T00:00Z","2025-02-22T06:00Z","2025-02-22T12:00Z","2025-02-22T18:00Z","2025-02-23T00:00Z","2025-02-23T06:00Z","2025-02-23T12:00Z","2025-02-23T18:00Z","2025-02-24T00:00Z","2025-02-24T06:00Z","2025-02-24T12:00Z","2025-02-24T18:00Z","2025-02-25T00:00Z","2025-02-25T06:00Z","2025-02-25T12:00Z","2025-02-25T18:00Z","2025-02-26T00:00Z","2025-02-26T06:00Z","2025-02-26T12:00Z","2025-02-26T18:00Z","2025-02-27T00:00Z","2025-02-27T06:00Z","2025-02-27T12:00Z"],"stroke":"#f97316","stroke-width":3,"stroke-opacity":0.9},"geometry":{"type":"LineString","coordinates":[[125.3,-12.1],[124.4,-12.4],[123.3,-12.5],[122.2,-12.7],[121.3,-13.1],[120,-13.8],[119.2,-13.9],[118.2,-14],[117.3,-14.7],[116.2,-15],[115.3,-15.1],[113.9,-15.1],[112.5,-15],[111.7,-15.2],[110.6,-15.3],[109.6,-15.4],[108.3,-16],[107.3,-16.6],[106,-17.2],[105,-17.8],[104.6,-18.3],[103.6,-19],[103.2,-19.5],[102.9,-20.2],[102.5,-21.1],[102.2,-22],[102.2,-22.8],[102.1,-23.9],[102.4,-24.7],[102.8,-25.6],[103.7,-26.3],[104.3,-26.6],[103.9,-26.5],[102.5,-25.8],[101.8,-25]]}},{"type":"Feature","properties":{"name":"Flossie","category":"Category 3","basin":"East Pacific","peak_wind_kt":100,"peak_wind_kmh":185,"min_pressure_hpa":962,"formed":"2025-06-29","peaked":"2025-07-02","dissipated":"2025-07-05","coordTimes":["2025-06-29T06:00Z","2025-06-29T12:00Z","2025-06-29T18:00Z","2025-06-30T00:00Z","2025-06-30T06:00Z","2025-06-30T12:00Z","2025-06-30T18:00Z","2025-07-01T00:00Z","2025-07-01T06:00Z","2025-07-01T12:00Z","2025-07-01T18:00Z","2025-07-02T00:00Z","2025-07-02T06:00Z","2025-07-02T12:00Z","2025-07-02T18:00Z","2025-07-03T00:00Z","2025-07-03T06:00Z","2025-07-03T12:00Z","2025-07-03T18:00Z","2025-07-04T00:00Z","2025-07-04T06:00Z","2025-07-04T12:00Z","2025-07-04T18:00Z","2025-07-05T00:00Z","2025-07-05T06:00Z","2025-07-05T12:00Z","2025-07-05T18:00Z"],"stroke":"#f97316","stroke-width":3,"stroke-opacity":0.9},"geometry":{"type":"LineString","coordinates":[[-99.1,13],[-99.6,13.1],[-100.1,13.4],[-100.7,14],[-101.4,14.6],[-102.1,15.3],[-103,15.9],[-103.9,16.4],[-104.7,16.8],[-105.5,17.2],[-106.3,17.6],[-107.1,18],[-107.9,18.4],[-108.7,18.8],[-109.4,19.3],[-109.9,19.6],[-110.6,20],[-111.3,20.4],[-112,20.9],[-112.9,21.6],[-113.8,22.3],[-114.8,22.9],[-115.8,23.4],[-116.6,23.8],[-117.3,24],[-117.9,24.1],[-118.5,24.1]]}},{"type":"Feature","properties":{"name":"Priscilla","category":"Category 3","basin":"East Pacific","peak_wind_kt":100,"peak_wind_kmh":185,"min_pressure_hpa":954,"formed":"2025-10-04","peaked":"2025-10-07","dissipated":"2025-10-12","coordTimes":["2025-10-04T12:00Z","2025-10-04T18:00Z","2025-10-05T00:00Z","2025-10-05T06:00Z","2025-10-05T12:00Z","2025-10-05T18:00Z","2025-10-06T00:00Z","2025-10-06T06:00Z","2025-10-06T12:00Z","2025-10-06T18:00Z","2025-10-07T00:00Z","2025-10-07T06:00Z","2025-10-07T12:00Z","2025-10-07T18:00Z","2025-10-08T00:00Z","2025-10-08T06:00Z","2025-10-08T12:00Z","2025-10-08T18:00Z","2025-10-09T00:00Z","2025-10-09T06:00Z","2025-10-09T12:00Z","2025-10-09T18:00Z","2025-10-10T00:00Z","2025-10-10T06:00Z","2025-10-10T12:00Z","2025-10-10T18:00Z","2025-10-11T00:00Z","2025-10-11T06:00Z","2025-10-11T12:00Z","2025-10-11T18:00Z","2025-10-12T00:00Z"],"stroke":"#f97316","stroke-width":3,"stroke-opacity":0.9},"geometry":{"type":"LineString","coordinates":[[-106.3,15.2],[-106.5,15.4],[-106.7,15.6],[-106.8,15.9],[-106.9,16.1],[-107,16.3],[-107.1,16.6],[-107.2,17],[-107.3,17.4],[-107.6,17.9],[-108.2,18.6],[-109,19.1],[-109.8,19.5],[-110.5,19.7],[-111.2,20.3],[-111.7,20.7],[-112.2,21.1],[-112.7,21.7],[-113.3,22.3],[-113.9,23],[-114.5,23.6],[-114.9,24.1],[-115.1,24.7],[-115.2,25.2],[-115.2,25.7],[-115.4,26.1],[-115.3,26.1],[-114.9,26.1],[-114.7,26.2],[-114.5,26.3],[-114.2,26.5]]}},{"type":"Feature","properties":{"name":"Garance","category":"Category 3","basin":"South Indian","peak_wind_kt":105,"peak_wind_kmh":194,"min_pressure_hpa":953,"formed":"2025-02-23","peaked":"2025-02-27","dissipated":"2025-03-05","coordTimes":["2025-02-23T06:00Z","2025-02-23T12:00Z","2025-02-23T18:00Z","2025-02-24T00:00Z","2025-02-24T06:00Z","2025-02-24T12:00Z","2025-02-24T18:00Z","2025-02-25T00:00Z","2025-02-25T06:00Z","2025-02-25T12:00Z","2025-02-25T18:00Z","2025-02-26T00:00Z","2025-02-26T06:00Z","2025-02-26T12:00Z","2025-02-26T18:00Z","2025-02-27T00:00Z","2025-02-27T06:00Z","2025-02-27T12:00Z","2025-02-27T18:00Z","2025-02-28T00:00Z","2025-02-28T06:00Z","2025-02-28T12:00Z","2025-02-28T18:00Z","2025-03-01T00:00Z","2025-03-01T06:00Z","2025-03-01T12:00Z","2025-03-01T18:00Z","2025-03-02T00:00Z","2025-03-02T06:00Z","2025-03-02T12:00Z","2025-03-02T18:00Z","2025-03-03T00:00Z","2025-03-03T06:00Z","2025-03-03T12:00Z","2025-03-03T18:00Z","2025-03-04T00:00Z","2025-03-04T06:00Z","2025-03-04T12:00Z","2025-03-04T18:00Z","2025-03-05T00:00Z"],"stroke":"#f97316","stroke-width":3,"stroke-opacity":0.9},"geometry":{"type":"LineString","coordinates":[[50.7,-17.2],[51.3,-17.4],[51.1,-17.9],[50.4,-17.9],[51.1,-17.9],[51.3,-18.1],[51.4,-18.3],[51.5,-18.5],[51.6,-18.4],[51.9,-18.2],[52.5,-18],[52.9,-17.8],[53.5,-17.6],[54.1,-17.6],[54.5,-17.7],[55,-17.9],[55.3,-18.2],[55.4,-18.8],[55.3,-19],[55.3,-19.7],[55.5,-21],[55.1,-22.5],[54.9,-24.1],[54.8,-25.9],[54.8,-27.8],[54.8,-29.5],[55.6,-31.1],[57,-32.6],[59,-33.4],[60.9,-34],[61.9,-34],[64.4,-34],[67.7,-34.8],[71,-35.8],[74.4,-36.8],[77.9,-37.7],[81.8,-38.7],[85.9,-40.2],[90,-41.9],[93.8,-43.8]]}},{"type":"Feature","properties":{"name":"Fina","category":"Category 3","basin":"South Indian","peak_wind_kt":109,"peak_wind_kmh":202,"min_pressure_hpa":946,"formed":"2025-11-18","peaked":"2025-11-24","dissipated":"2025-11-25","coordTimes":["2025-11-18T06:00Z","2025-11-18T12:00Z","2025-11-18T18:00Z","2025-11-19T00:00Z","2025-11-19T06:00Z","2025-11-19T12:00Z","2025-11-19T18:00Z","2025-11-20T00:00Z","2025-11-20T06:00Z","2025-11-20T12:00Z","2025-11-20T18:00Z","2025-11-21T00:00Z","2025-11-21T06:00Z","2025-11-21T12:00Z","2025-11-21T18:00Z","2025-11-22T00:00Z","2025-11-22T06:00Z","2025-11-22T12:00Z","2025-11-22T18:00Z","2025-11-23T00:00Z","2025-11-23T06:00Z","2025-11-23T12:00Z","2025-11-23T18:00Z","2025-11-24T00:00Z","2025-11-24T06:00Z","2025-11-24T12:00Z","2025-11-24T18:00Z","2025-11-25T00:00Z","2025-11-25T06:00Z"],"stroke":"#f97316","stroke-width":3,"stroke-opacity":0.9},"geometry":{"type":"LineString","coordinates":[[130.8,-10],[131.2,-9.9],[131.8,-9.8],[132.4,-9.5],[132.6,-9.7],[132.6,-9.5],[133,-9.5],[133.2,-9.8],[133.3,-10],[133.3,-10.1],[133,-10.4],[132.5,-10.3],[132.4,-10.7],[132.2,-11.1],[131.8,-11.7],[131.4,-11.8],[131,-11.9],[130.6,-12.1],[129.8,-12.4],[129.7,-12.8],[129.3,-13.2],[128.9,-13.6],[128.5,-13.9],[128.2,-14.1],[128,-14.3],[127.9,-14.4],[127.7,-14.5],[127.6,-14.8],[127.4,-14.7]]}},{"type":"Feature","properties":{"name":"Sean","category":"Category 4","basin":"South Indian","peak_wind_kt":115,"peak_wind_kmh":213,"min_pressure_hpa":936,"formed":"2025-01-17","peaked":"2025-01-20","dissipated":"2025-01-23","coordTimes":["2025-01-17T00:00Z","2025-01-17T06:00Z","2025-01-17T12:00Z","2025-01-17T18:00Z","2025-01-18T00:00Z","2025-01-18T06:00Z","2025-01-18T12:00Z","2025-01-18T18:00Z","2025-01-19T00:00Z","2025-01-19T06:00Z","2025-01-19T12:00Z","2025-01-19T18:00Z","2025-01-20T00:00Z","2025-01-20T06:00Z","2025-01-20T12:00Z","2025-01-20T18:00Z","2025-01-21T00:00Z","2025-01-21T06:00Z","2025-01-21T12:00Z","2025-01-21T18:00Z","2025-01-22T00:00Z","2025-01-22T06:00Z","2025-01-22T12:00Z","2025-01-22T18:00Z","2025-01-23T00:00Z","2025-01-23T06:00Z"],"stroke":"#ef4444","stroke-width":3.5,"stroke-opacity":0.9},"geometry":{"type":"LineString","coordinates":[[122.2,-17.7],[121.7,-18.2],[120.7,-18.9],[120.2,-19.1],[119.2,-19.4],[118,-19.3],[117.7,-18.9],[117.3,-19.2],[116.1,-19.5],[115.3,-19.6],[114.4,-20.2],[113.3,-20.5],[112.3,-21],[111.7,-21.6],[110.8,-22.6],[109.9,-23.3],[109.2,-24.1],[108.4,-25],[107.6,-26.2],[107.5,-26.7],[107,-27.3],[107,-27.9],[107.2,-28.2],[107.5,-28.4],[107.8,-29.3],[108.2,-30.2]]}},{"type":"Feature","properties":{"name":"Alfred","category":"Category 4","basin":"South Pacific","peak_wind_kt":115,"peak_wind_kmh":213,"min_pressure_hpa":943,"formed":"2025-02-21","peaked":"2025-02-27","dissipated":"2025-03-08","coordTimes":["2025-02-21T00:00Z","2025-02-21T06:00Z","2025-02-21T12:00Z","2025-02-21T18:00Z","2025-02-22T00:00Z","2025-02-22T06:00Z","2025-02-22T12:00Z","2025-02-22T18:00Z","2025-02-23T00:00Z","2025-02-23T06:00Z","2025-02-23T12:00Z","2025-02-23T18:00Z","2025-02-24T00:00Z","2025-02-24T06:00Z","2025-02-24T12:00Z","2025-02-24T18:00Z","2025-02-25T00:00Z","2025-02-25T06:00Z","2025-02-25T12:00Z","2025-02-25T18:00Z","2025-02-26T00:00Z","2025-02-26T06:00Z","2025-02-26T12:00Z","2025-02-26T18:00Z","2025-02-27T00:00Z","2025-02-27T06:00Z","2025-02-27T12:00Z","2025-02-27T18:00Z","2025-02-28T00:00Z","2025-02-28T06:00Z","2025-02-28T12:00Z","2025-02-28T18:00Z","2025-03-01T00:00Z","2025-03-01T06:00Z","2025-03-01T12:00Z","2025-03-01T18:00Z","2025-03-02T00:00Z","2025-03-02T06:00Z","2025-03-02T12:00Z","2025-03-02T18:00Z","2025-03-03T00:00Z","2025-03-03T06:00Z","2025-03-03T12:00Z","2025-03-03T18:00Z","2025-03-04T00:00Z","2025-03-04T06:00Z","2025-03-04T12:00Z","2025-03-04T18:00Z","2025-03-05T00:00Z","2025-03-05T06:00Z","2025-03-05T12:00Z","2025-03-05T18:00Z","2025-03-06T00:00Z","2025-03-06T06:00Z","2025-03-06T12:00Z","2025-03-06T18:00Z","2025-03-07T00:00Z","2025-03-07T06:00Z","2025-03-07T12:00Z","2025-03-07T18:00Z","2025-03-08T00:00Z","2025-03-08T06:00Z","2025-03-08T12:00Z","2025-03-08T18:00Z"],"stroke":"#ef4444","stroke-width":3.5,"stroke-opacity":0.9},"geometry":{"type":"LineString","coordinates":[[148.4,-13.7],[148.6,-14.3],[149.1,-14.7],[149.4,-15],[149.7,-15.2],[150,-15.2],[150.4,-14.7],[151.3,-14.1],[151.8,-14],[152.6,-14.5],[153,-14.5],[153.6,-14.1],[154,-13.9],[154.2,-13.6],[154.5,-13.8],[154.6,-14.3],[154.5,-14.4],[154.3,-14.4],[155,-14.3],[155,-14.6],[155.1,-14.9],[155.2,-15.3],[155.4,-15.5],[155.3,-16.2],[155.4,-16.7],[155.4,-17.5],[155.7,-17.9],[155.6,-18.4],[155.5,-19.1],[155.8,-20],[155.7,-20.4],[155.6,-20.9],[155.5,-21.6],[155.5,-22.1],[155.4,-22.5],[155.4,-22.7],[155.5,-23.4],[155.8,-24],[156.2,-24.4],[156.7,-25],[157.2,-25.8],[157.8,-26.3],[158.2,-26.7],[158.5,-27],[159.1,-27.3],[159,-28.1],[158.5,-27.8],[157.5,-28.1],[156.4,-27.6],[156.4,-27.2],[156.7,-27.3],[156.3,-27.5],[155.7,-27.3],[155.3,-27.3],[155.3,-27.3],[155,-27.2],[154.5,-27.6],[154.1,-27.7],[153.7,-27.5],[153.3,-27.2],[153.3,-27],[153.3,-27],[153,-27],[151.9,-26.6]]}},{"type":"Feature","properties":{"name":"Iona","category":"Category 4","basin":"East Pacific","peak_wind_kt":115,"peak_wind_kmh":213,"min_pressure_hpa":956,"formed":"2025-07-26","peaked":"2025-07-29","dissipated":"2025-08-01","coordTimes":["2025-07-26T00:00Z","2025-07-26T06:00Z","2025-07-26T12:00Z","2025-07-26T18:00Z","2025-07-27T00:00Z","2025-07-27T06:00Z","2025-07-27T12:00Z","2025-07-27T18:00Z","2025-07-28T00:00Z","2025-07-28T06:00Z","2025-07-28T12:00Z","2025-07-28T18:00Z","2025-07-29T00:00Z","2025-07-29T06:00Z","2025-07-29T12:00Z","2025-07-29T18:00Z","2025-07-30T00:00Z","2025-07-30T06:00Z","2025-07-30T12:00Z","2025-07-30T18:00Z","2025-07-31T00:00Z","2025-07-31T06:00Z","2025-07-31T12:00Z","2025-07-31T18:00Z","2025-08-01T00:00Z","2025-08-01T06:00Z","2025-08-01T12:00Z"],"stroke":"#ef4444","stroke-width":3.5,"stroke-opacity":0.9},"geometry":{"type":"LineString","coordinates":[[-140.9,10.5],[-141.6,10.7],[-142.3,10.8],[-143.1,10.9],[-144.1,10.9],[-145.1,10.9],[-146,10.9],[-146.9,10.9],[-147.8,10.9],[-148.8,10.8],[-149.7,10.7],[-150.6,10.7],[-151.6,10.8],[-152.6,10.8],[-153.7,10.8],[-155,10.9],[-156.4,11],[-157.9,11.2],[-159.6,11.4],[-161.7,11.6],[-163.8,11.8],[-165.9,12.1],[-167.9,12.5],[-169.8,13],[-171.7,13.4],[-173.6,13.6],[-175.5,13.8]]}},{"type":"Feature","properties":{"name":"Kalmaegi","category":"Category 4","basin":"West Pacific","peak_wind_kt":115,"peak_wind_kmh":213,"min_pressure_hpa":948,"formed":"2025-10-31","peaked":"2025-11-06","dissipated":"2025-11-07","coordTimes":["2025-10-31T12:00Z","2025-10-31T18:00Z","2025-11-01T00:00Z","2025-11-01T06:00Z","2025-11-01T12:00Z","2025-11-01T18:00Z","2025-11-02T00:00Z","2025-11-02T06:00Z","2025-11-02T12:00Z","2025-11-02T18:00Z","2025-11-03T00:00Z","2025-11-03T06:00Z","2025-11-03T12:00Z","2025-11-03T18:00Z","2025-11-04T00:00Z","2025-11-04T06:00Z","2025-11-04T12:00Z","2025-11-04T18:00Z","2025-11-05T00:00Z","2025-11-05T06:00Z","2025-11-05T12:00Z","2025-11-05T18:00Z","2025-11-06T00:00Z","2025-11-06T06:00Z","2025-11-06T12:00Z","2025-11-06T18:00Z","2025-11-07T00:00Z","2025-11-07T06:00Z","2025-11-07T12:00Z","2025-11-07T18:00Z"],"stroke":"#ef4444","stroke-width":3.5,"stroke-opacity":0.9},"geometry":{"type":"LineString","coordinates":[[140.4,8],[139.8,8.6],[139.1,9.2],[138.1,9.8],[137.2,10.3],[136.1,10.7],[134.9,10.9],[133.3,11.3],[131.6,11.3],[129.9,11],[128.8,10.5],[127.7,10.4],[126.2,10.6],[124.4,10.8],[123.2,10.6],[121.9,10.5],[120.8,10.8],[119.9,11],[119,11.4],[117.4,12],[116,12.5],[114.3,13.2],[112.2,13.1],[110.6,13.3],[109.1,13.7],[107.7,14.2],[106.5,14.6],[105.4,14.9],[104.3,15.4],[103.2,16.1]]}},{"type":"Feature","properties":{"name":"Fung-Wong","category":"Category 4","basin":"West Pacific","peak_wind_kt":115,"peak_wind_kmh":213,"min_pressure_hpa":943,"formed":"2025-11-04","peaked":"2025-11-09","dissipated":"2025-11-13","coordTimes":["2025-11-04T06:00Z","2025-11-04T12:00Z","2025-11-04T18:00Z","2025-11-05T00:00Z","2025-11-05T06:00Z","2025-11-05T12:00Z","2025-11-05T18:00Z","2025-11-06T00:00Z","2025-11-06T06:00Z","2025-11-06T12:00Z","2025-11-06T18:00Z","2025-11-07T00:00Z","2025-11-07T06:00Z","2025-11-07T12:00Z","2025-11-07T18:00Z","2025-11-08T00:00Z","2025-11-08T06:00Z","2025-11-08T12:00Z","2025-11-08T18:00Z","2025-11-09T00:00Z","2025-11-09T06:00Z","2025-11-09T12:00Z","2025-11-09T18:00Z","2025-11-10T00:00Z","2025-11-10T06:00Z","2025-11-10T12:00Z","2025-11-10T18:00Z","2025-11-11T00:00Z","2025-11-11T06:00Z","2025-11-11T12:00Z","2025-11-11T18:00Z","2025-11-12T00:00Z","2025-11-12T06:00Z","2025-11-12T12:00Z","2025-11-12T18:00Z","2025-11-13T00:00Z","2025-11-13T06:00Z","2025-11-13T12:00Z","2025-11-13T18:00Z"],"stroke":"#ef4444","stroke-width":3.5,"stroke-opacity":0.9},"geometry":{"type":"LineString","coordinates":[[143.5,9.2],[142.5,8.7],[142.5,8.2],[143.4,8.2],[143,8.5],[142.3,8.8],[141.3,9.4],[140.5,9.9],[140.4,9.9],[139.5,10.3],[138.8,10.8],[138,11.4],[136.6,11.7],[135.4,12],[134,12.2],[132.1,12.5],[130.5,12.9],[128.2,13.3],[126.5,13.7],[124.8,14.2],[123.3,14.8],[121.8,16],[120.2,16.5],[119.2,17.1],[118.9,17.6],[118.5,18.3],[118.3,18.9],[118.3,19.4],[118.5,20.2],[118.9,20.7],[119,21.3],[119.3,21.4],[119.8,21.8],[120.8,22.2],[121.8,23.1],[122.9,24.7],[125,25.6],[127.3,25.8],[130,26.2]]}},{"type":"Feature","properties":{"name":"Halong","category":"Category 4","basin":"West Pacific","peak_wind_kt":119,"peak_wind_kmh":220,"min_pressure_hpa":935,"formed":"2025-10-03","peaked":"2025-10-07","dissipated":"2025-10-11","coordTimes":["2025-10-03T00:00Z","2025-10-03T06:00Z","2025-10-03T12:00Z","2025-10-03T18:00Z","2025-10-04T00:00Z","2025-10-04T06:00Z","2025-10-04T12:00Z","2025-10-04T18:00Z","2025-10-05T00:00Z","2025-10-05T06:00Z","2025-10-05T12:00Z","2025-10-05T18:00Z","2025-10-06T00:00Z","2025-10-06T06:00Z","2025-10-06T12:00Z","2025-10-06T18:00Z","2025-10-07T00:00Z","2025-10-07T06:00Z","2025-10-07T12:00Z","2025-10-07T18:00Z","2025-10-08T00:00Z","2025-10-08T06:00Z","2025-10-08T12:00Z","2025-10-08T18:00Z","2025-10-09T00:00Z","2025-10-09T06:00Z","2025-10-09T12:00Z","2025-10-09T18:00Z","2025-10-10T00:00Z","2025-10-10T06:00Z","2025-10-10T12:00Z","2025-10-10T18:00Z","2025-10-11T00:00Z","2025-10-11T06:00Z","2025-10-11T12:00Z"],"stroke":"#ef4444","stroke-width":3.5,"stroke-opacity":0.9},"geometry":{"type":"LineString","coordinates":[[147.4,20.1],[146,21.5],[145.1,22.2],[144.3,22.8],[143.6,23.9],[143.7,24.4],[143.4,24.7],[142.8,24.9],[142.6,24.8],[142.4,24.9],[142.3,25.1],[141.8,25.4],[141.4,25.5],[140.8,25.7],[140,26.1],[139.2,26.5],[138.6,26.9],[137.9,27.6],[137.3,28.1],[136.9,28.8],[137,29.6],[137.7,30.5],[138.5,31.4],[139.4,32.4],[141.1,33],[143.6,33.7],[146.8,34],[150.1,34.2],[154.3,34.4],[159,34.6],[162.6,34.8],[167.3,35.8],[172,37.8],[177.5,41.6],[182.2,45.3]]}},{"type":"Feature","properties":{"name":"Grant","category":"Category 4","basin":"South Indian","peak_wind_kt":119,"peak_wind_kmh":220,"min_pressure_hpa":944,"formed":"2025-12-18","peaked":"2025-12-29","dissipated":"2026-01-06","coordTimes":["2025-12-18T06:00Z","2025-12-18T12:00Z","2025-12-18T18:00Z","2025-12-19T00:00Z","2025-12-19T06:00Z","2025-12-19T12:00Z","2025-12-19T18:00Z","2025-12-20T00:00Z","2025-12-20T06:00Z","2025-12-20T12:00Z","2025-12-20T18:00Z","2025-12-21T00:00Z","2025-12-21T06:00Z","2025-12-21T12:00Z","2025-12-21T18:00Z","2025-12-22T00:00Z","2025-12-22T06:00Z","2025-12-22T12:00Z","2025-12-22T18:00Z","2025-12-23T00:00Z","2025-12-23T06:00Z","2025-12-23T12:00Z","2025-12-23T18:00Z","2025-12-24T00:00Z","2025-12-24T06:00Z","2025-12-24T12:00Z","2025-12-24T18:00Z","2025-12-25T00:00Z","2025-12-25T06:00Z","2025-12-25T12:00Z","2025-12-25T18:00Z","2025-12-26T00:00Z","2025-12-26T06:00Z","2025-12-26T12:00Z","2025-12-26T18:00Z","2025-12-27T00:00Z","2025-12-27T06:00Z","2025-12-27T12:00Z","2025-12-27T18:00Z","2025-12-28T00:00Z","2025-12-28T06:00Z","2025-12-28T12:00Z","2025-12-28T18:00Z","2025-12-29T00:00Z","2025-12-29T06:00Z","2025-12-29T12:00Z","2025-12-29T18:00Z","2025-12-30T00:00Z","2025-12-30T06:00Z","2025-12-30T12:00Z","2025-12-30T18:00Z","2025-12-31T00:00Z","2025-12-31T06:00Z","2025-12-31T12:00Z","2025-12-31T18:00Z","2026-01-01T00:00Z","2026-01-01T06:00Z","2026-01-01T12:00Z","2026-01-01T18:00Z","2026-01-02T00:00Z","2026-01-02T06:00Z","2026-01-02T12:00Z","2026-01-02T18:00Z","2026-01-03T00:00Z","2026-01-03T06:00Z","2026-01-03T12:00Z","2026-01-03T18:00Z","2026-01-04T00:00Z","2026-01-04T06:00Z","2026-01-04T12:00Z","2026-01-04T18:00Z","2026-01-05T00:00Z","2026-01-05T06:00Z","2026-01-05T12:00Z","2026-01-05T18:00Z","2026-01-06T00:00Z","2026-01-06T06:00Z","2026-01-06T12:00Z"],"stroke":"#ef4444","stroke-width":3.5,"stroke-opacity":0.9},"geometry":{"type":"LineString","coordinates":[[110.4,-12.2],[110.1,-12.4],[109.2,-12.2],[108.9,-12.5],[107.8,-12.5],[108.1,-12.2],[107.5,-12.1],[107.1,-12],[106,-12.2],[105.3,-12.3],[104.7,-12.4],[104.4,-12.4],[104.2,-12.3],[103.2,-12.2],[102.6,-12],[102.3,-12],[102,-12.3],[101.2,-12.8],[100.5,-13.1],[100,-12.6],[99.7,-12.5],[99.1,-12.2],[98.9,-12.3],[98.2,-12.1],[97.8,-12],[97.7,-11.8],[97.3,-11.9],[96.5,-11.9],[95.6,-12.4],[95,-12.3],[94.4,-12.6],[93.4,-12.4],[92.2,-11.9],[91.4,-11.9],[90.9,-11.8],[90.1,-11.8],[89.2,-11.9],[88.3,-12],[87.5,-12.1],[86.7,-12.3],[85.4,-12.7],[84.6,-13.1],[83.5,-13.3],[82.5,-13.5],[81.5,-13.6],[80.5,-13.7],[79.2,-14],[78.3,-14.3],[77,-14.4],[75.6,-14.7],[74.5,-14.8],[73.1,-15],[72,-15.3],[69.6,-15.7],[69.8,-16],[69.1,-16.2],[68.7,-16],[68.2,-16],[67.7,-15.9],[67.3,-15.8],[66.7,-15.5],[66.6,-15.2],[66,-15],[65.5,-14.6],[64.6,-14.7],[63.8,-14.9],[63.6,-15.3],[62.8,-15.5],[61.4,-15.4],[59.7,-16.1],[58.4,-16.3],[57.5,-16.1],[56,-16.7],[55.3,-16.7],[54.3,-16.9],[53,-17.2],[52.1,-17.2],[51.1,-17.7]]}},{"type":"Feature","properties":{"name":"Erick","category":"Category 4","basin":"East Pacific","peak_wind_kt":120,"peak_wind_kmh":222,"min_pressure_hpa":944,"formed":"2025-06-16","peaked":"2025-06-19","dissipated":"2025-06-20","coordTimes":["2025-06-16T18:00Z","2025-06-17T00:00Z","2025-06-17T06:00Z","2025-06-17T12:00Z","2025-06-17T18:00Z","2025-06-18T00:00Z","2025-06-18T06:00Z","2025-06-18T12:00Z","2025-06-18T18:00Z","2025-06-19T00:00Z","2025-06-19T06:00Z","2025-06-19T12:00Z","2025-06-19T18:00Z","2025-06-20T00:00Z"],"stroke":"#ef4444","stroke-width":3.5,"stroke-opacity":0.9},"geometry":{"type":"LineString","coordinates":[[-91.5,10.6],[-92.4,11.3],[-93.3,11.7],[-93.7,12.1],[-94,12.3],[-94.6,12.6],[-95.1,13.1],[-95.7,13.7],[-96.3,14.2],[-96.8,14.9],[-97.5,15.5],[-98.4,16.4],[-99.3,17.1],[-100.3,17.8]]}},{"type":"Feature","properties":{"name":"Gabrielle","category":"Category 4","basin":"North Atlantic","peak_wind_kt":120,"peak_wind_kmh":222,"min_pressure_hpa":944,"formed":"2025-09-17","peaked":"2025-09-23","dissipated":"2025-09-28","coordTimes":["2025-09-17T18:00Z","2025-09-18T00:00Z","2025-09-18T06:00Z","2025-09-18T12:00Z","2025-09-18T18:00Z","2025-09-19T00:00Z","2025-09-19T06:00Z","2025-09-19T12:00Z","2025-09-19T18:00Z","2025-09-20T00:00Z","2025-09-20T06:00Z","2025-09-20T12:00Z","2025-09-20T18:00Z","2025-09-21T00:00Z","2025-09-21T06:00Z","2025-09-21T12:00Z","2025-09-21T18:00Z","2025-09-22T00:00Z","2025-09-22T06:00Z","2025-09-22T12:00Z","2025-09-22T18:00Z","2025-09-23T00:00Z","2025-09-23T06:00Z","2025-09-23T12:00Z","2025-09-23T18:00Z","2025-09-24T00:00Z","2025-09-24T06:00Z","2025-09-24T12:00Z","2025-09-24T18:00Z","2025-09-25T00:00Z","2025-09-25T06:00Z","2025-09-25T12:00Z","2025-09-25T18:00Z","2025-09-26T00:00Z","2025-09-26T06:00Z","2025-09-26T12:00Z","2025-09-26T18:00Z","2025-09-27T00:00Z","2025-09-27T06:00Z","2025-09-27T12:00Z","2025-09-27T18:00Z","2025-09-28T00:00Z","2025-09-28T06:00Z","2025-09-28T12:00Z","2025-09-28T18:00Z"],"stroke":"#ef4444","stroke-width":3.5,"stroke-opacity":0.9},"geometry":{"type":"LineString","coordinates":[[-47.7,19],[-48.9,19.3],[-50,19.6],[-51.2,20],[-52.2,20.5],[-53.1,21],[-54.1,21.4],[-55.1,21.7],[-56.1,22.1],[-57,22.9],[-57.7,23.9],[-58.3,24.6],[-58.6,25.2],[-59,25.9],[-59.8,26.6],[-60.7,27.3],[-61.5,28.1],[-62.1,28.9],[-62.5,29.6],[-62.5,30.4],[-62.1,31.3],[-61.4,32.1],[-60.4,32.8],[-59.2,33.5],[-57.4,34.3],[-55.2,34.9],[-52.8,35.4],[-50.2,35.8],[-47.2,35.9],[-44,35.9],[-40.2,36.1],[-36.7,36.4],[-33.6,36.8],[-30.6,37.6],[-27.5,38.6],[-24.2,39.6],[-21.4,40.4],[-18.5,41],[-15.7,41.4],[-13.1,41.8],[-11.2,41.4],[-9.5,41],[-8.1,40.4],[-7.4,39.5],[-6.5,38.5]]}},{"type":"Feature","properties":{"name":"Neoguri","category":"Category 4","basin":"West Pacific","peak_wind_kt":124,"peak_wind_kmh":230,"min_pressure_hpa":936,"formed":"2025-09-17","peaked":"2025-09-21","dissipated":"2025-10-01","coordTimes":["2025-09-17T12:00Z","2025-09-17T18:00Z","2025-09-18T00:00Z","2025-09-18T06:00Z","2025-09-18T12:00Z","2025-09-18T18:00Z","2025-09-19T00:00Z","2025-09-19T06:00Z","2025-09-19T12:00Z","2025-09-19T18:00Z","2025-09-20T00:00Z","2025-09-20T06:00Z","2025-09-20T12:00Z","2025-09-20T18:00Z","2025-09-21T00:00Z","2025-09-21T06:00Z","2025-09-21T12:00Z","2025-09-21T18:00Z","2025-09-22T00:00Z","2025-09-22T06:00Z","2025-09-22T12:00Z","2025-09-22T18:00Z","2025-09-23T00:00Z","2025-09-23T06:00Z","2025-09-23T12:00Z","2025-09-23T18:00Z","2025-09-24T00:00Z","2025-09-24T06:00Z","2025-09-24T12:00Z","2025-09-24T18:00Z","2025-09-25T00:00Z","2025-09-25T06:00Z","2025-09-25T12:00Z","2025-09-25T18:00Z","2025-09-26T00:00Z","2025-09-26T06:00Z","2025-09-26T12:00Z","2025-09-26T18:00Z","2025-09-27T00:00Z","2025-09-27T06:00Z","2025-09-27T12:00Z","2025-09-27T18:00Z","2025-09-28T00:00Z","2025-09-28T06:00Z","2025-09-28T12:00Z","2025-09-28T18:00Z","2025-09-29T00:00Z","2025-09-29T06:00Z","2025-09-29T12:00Z","2025-09-29T18:00Z","2025-09-30T00:00Z","2025-09-30T06:00Z","2025-09-30T12:00Z","2025-09-30T18:00Z","2025-10-01T00:00Z"],"stroke":"#ef4444","stroke-width":3.5,"stroke-opacity":0.9},"geometry":{"type":"LineString","coordinates":[[166.1,22.6],[165.6,22.7],[164.9,22.8],[164.1,23],[163.2,23.1],[162.4,23.4],[161.4,23.7],[160.3,24.1],[159,24.7],[158,25],[156.9,25.4],[156.1,25.9],[155,26.3],[153.8,26.8],[152.7,27.2],[151.8,27.8],[151.3,28.5],[150.9,29.3],[151,29.7],[151.7,30.2],[152.4,30.3],[152.8,30.5],[153.1,30.5],[153.3,30.6],[153.5,30.5],[153.8,30.4],[154.5,30.4],[155.5,30.6],[156.8,31.2],[157.4,32.4],[157.2,32.9],[156.1,32.9],[154.9,32.4],[154.1,32.1],[153.7,32],[153.6,32.1],[153.8,31.8],[154.4,31.6],[155.5,31.5],[157.1,31.9],[158.7,32.3],[160.5,33.2],[162.4,34.3],[164.7,35.8],[167.3,38],[169.8,40.4],[172.4,42.3],[175.6,43.7],[178.1,44.5],[181.1,44.5],[184.4,44.6],[189.5,44.8],[193.2,45.2],[194.5,45.2],[196,45]]}},{"type":"Feature","properties":{"name":"Kiko","category":"Category 4","basin":"East Pacific","peak_wind_kt":125,"peak_wind_kmh":232,"min_pressure_hpa":945,"formed":"2025-08-31","peaked":"2025-09-04","dissipated":"2025-09-11","coordTimes":["2025-08-31T00:00Z","2025-08-31T06:00Z","2025-08-31T12:00Z","2025-08-31T18:00Z","2025-09-01T00:00Z","2025-09-01T06:00Z","2025-09-01T12:00Z","2025-09-01T18:00Z","2025-09-02T00:00Z","2025-09-02T06:00Z","2025-09-02T12:00Z","2025-09-02T18:00Z","2025-09-03T00:00Z","2025-09-03T06:00Z","2025-09-03T12:00Z","2025-09-03T18:00Z","2025-09-04T00:00Z","2025-09-04T06:00Z","2025-09-04T12:00Z","2025-09-04T18:00Z","2025-09-05T00:00Z","2025-09-05T06:00Z","2025-09-05T12:00Z","2025-09-05T18:00Z","2025-09-06T00:00Z","2025-09-06T06:00Z","2025-09-06T12:00Z","2025-09-06T18:00Z","2025-09-07T00:00Z","2025-09-07T06:00Z","2025-09-07T12:00Z","2025-09-07T18:00Z","2025-09-08T00:00Z","2025-09-08T06:00Z","2025-09-08T12:00Z","2025-09-08T18:00Z","2025-09-09T00:00Z","2025-09-09T06:00Z","2025-09-09T12:00Z","2025-09-09T18:00Z","2025-09-10T00:00Z","2025-09-10T06:00Z","2025-09-10T12:00Z","2025-09-10T18:00Z","2025-09-11T00:00Z"],"stroke":"#ef4444","stroke-width":3.5,"stroke-opacity":0.9},"geometry":{"type":"LineString","coordinates":[[-121.1,14.4],[-121.8,14.4],[-122.6,14.4],[-123.5,14.4],[-124.3,14.3],[-125.1,14.1],[-125.8,13.9],[-126.4,13.8],[-127,13.8],[-127.6,13.8],[-128.1,13.8],[-128.6,13.8],[-129.2,13.8],[-129.8,13.8],[-130.4,13.9],[-131.1,13.9],[-131.9,13.8],[-132.6,13.7],[-133.3,13.8],[-134.1,13.8],[-135,13.8],[-135.8,13.8],[-136.6,14],[-137.4,14.3],[-138.2,14.7],[-139.2,15],[-140.1,15.3],[-140.9,15.9],[-141.9,16.3],[-142.9,16.8],[-143.9,17.2],[-145,17.8],[-146,18.5],[-147.1,19.3],[-148.2,20],[-149.3,20.6],[-150.3,21.3],[-151.5,21.7],[-152.8,22.2],[-154.3,22.5],[-155.7,22.7],[-156.5,22.3],[-157.4,22.7],[-158.4,23.4],[-159.5,24.3]]}},{"type":"Feature","properties":{"name":"Zelia","category":"Category 4","basin":"South Indian","peak_wind_kt":128,"peak_wind_kmh":237,"min_pressure_hpa":923,"formed":"2025-02-08","peaked":"2025-02-13","dissipated":"2025-02-14","coordTimes":["2025-02-08T00:00Z","2025-02-08T06:00Z","2025-02-08T12:00Z","2025-02-08T18:00Z","2025-02-09T00:00Z","2025-02-09T06:00Z","2025-02-09T12:00Z","2025-02-09T18:00Z","2025-02-10T00:00Z","2025-02-10T06:00Z","2025-02-10T12:00Z","2025-02-10T18:00Z","2025-02-11T00:00Z","2025-02-11T06:00Z","2025-02-11T12:00Z","2025-02-11T18:00Z","2025-02-12T00:00Z","2025-02-12T06:00Z","2025-02-12T12:00Z","2025-02-12T18:00Z","2025-02-13T00:00Z","2025-02-13T06:00Z","2025-02-13T12:00Z","2025-02-13T18:00Z","2025-02-14T00:00Z","2025-02-14T06:00Z","2025-02-14T12:00Z","2025-02-14T18:00Z"],"stroke":"#ef4444","stroke-width":3.5,"stroke-opacity":0.9},"geometry":{"type":"LineString","coordinates":[[125.4,-14.1],[125,-14.1],[124.5,-14.1],[123.9,-14.5],[123.5,-14.5],[123.8,-14.6],[123.4,-14.9],[122.8,-14.7],[121.8,-14.5],[121.7,-15.1],[121.1,-15],[120.5,-15.6],[120.1,-16.3],[119.7,-16.8],[119.3,-17.7],[118.9,-18.5],[118.8,-18.9],[118.7,-19],[118.6,-19.1],[118.3,-19.2],[118.2,-19.1],[118.2,-19.1],[118.2,-19.3],[118.3,-19.3],[118.7,-19.5],[119.1,-20.2],[119.6,-21],[119.6,-21.4]]}},{"type":"Feature","properties":{"name":"Courtney","category":"Category 4","basin":"South Indian","peak_wind_kt":128,"peak_wind_kmh":237,"min_pressure_hpa":932,"formed":"2025-03-22","peaked":"2025-03-29","dissipated":"2025-04-03","coordTimes":["2025-03-22T12:00Z","2025-03-22T18:00Z","2025-03-23T00:00Z","2025-03-23T06:00Z","2025-03-23T12:00Z","2025-03-23T18:00Z","2025-03-24T00:00Z","2025-03-24T06:00Z","2025-03-24T12:00Z","2025-03-24T18:00Z","2025-03-25T00:00Z","2025-03-25T06:00Z","2025-03-25T12:00Z","2025-03-25T18:00Z","2025-03-26T00:00Z","2025-03-26T06:00Z","2025-03-26T12:00Z","2025-03-26T18:00Z","2025-03-27T00:00Z","2025-03-27T06:00Z","2025-03-27T12:00Z","2025-03-27T18:00Z","2025-03-28T00:00Z","2025-03-28T06:00Z","2025-03-28T12:00Z","2025-03-28T18:00Z","2025-03-29T00:00Z","2025-03-29T06:00Z","2025-03-29T12:00Z","2025-03-29T18:00Z","2025-03-30T00:00Z","2025-03-30T06:00Z","2025-03-30T12:00Z","2025-03-30T18:00Z","2025-03-31T00:00Z","2025-03-31T06:00Z","2025-03-31T12:00Z","2025-03-31T18:00Z","2025-04-01T00:00Z","2025-04-01T06:00Z","2025-04-01T12:00Z","2025-04-01T18:00Z","2025-04-02T00:00Z","2025-04-02T06:00Z","2025-04-02T12:00Z","2025-04-02T18:00Z","2025-04-03T00:00Z","2025-04-03T06:00Z"],"stroke":"#ef4444","stroke-width":3.5,"stroke-opacity":0.9},"geometry":{"type":"LineString","coordinates":[[116.1,-12.7],[115.8,-12.8],[115.4,-13],[115,-13.3],[114.4,-14],[114,-14.4],[113.1,-15.3],[112.2,-15.9],[111.3,-16.4],[110.6,-16.5],[110,-16.7],[109.1,-16.8],[108.2,-17.1],[107,-17.3],[105.6,-17.7],[104.2,-17.9],[103.2,-17.6],[102.2,-17.3],[101.1,-17],[100,-16.8],[99.2,-16.8],[98.1,-16.7],[97.1,-16.7],[95.7,-16.8],[94.6,-17.2],[93.1,-17.4],[92,-17.7],[91,-18],[90.1,-18.7],[89.3,-19.4],[88.9,-20.2],[88.3,-21.1],[88,-22],[87.9,-22.6],[88.2,-23.1],[88.5,-24],[88.9,-24.6],[88.8,-24.8],[88.8,-24.9],[88.5,-25],[88.6,-24.8],[88.4,-24.8],[87.6,-25.2],[86.5,-25.2],[85.4,-24.9],[84.1,-24.6],[82.6,-24.5],[80.8,-24.7]]}},{"type":"Feature","properties":{"name":"Vince","category":"Category 4","basin":"South Indian","peak_wind_kt":134,"peak_wind_kmh":248,"min_pressure_hpa":924,"formed":"2025-01-31","peaked":"2025-02-06","dissipated":"2025-02-13","coordTimes":["2025-01-31T00:00Z","2025-01-31T06:00Z","2025-01-31T12:00Z","2025-01-31T18:00Z","2025-02-01T00:00Z","2025-02-01T06:00Z","2025-02-01T12:00Z","2025-02-01T18:00Z","2025-02-02T00:00Z","2025-02-02T06:00Z","2025-02-02T12:00Z","2025-02-02T18:00Z","2025-02-03T00:00Z","2025-02-03T06:00Z","2025-02-03T12:00Z","2025-02-03T18:00Z","2025-02-04T00:00Z","2025-02-04T06:00Z","2025-02-04T12:00Z","2025-02-04T18:00Z","2025-02-05T00:00Z","2025-02-05T06:00Z","2025-02-05T12:00Z","2025-02-05T18:00Z","2025-02-06T00:00Z","2025-02-06T06:00Z","2025-02-06T12:00Z","2025-02-06T18:00Z","2025-02-07T00:00Z","2025-02-07T06:00Z","2025-02-07T12:00Z","2025-02-07T18:00Z","2025-02-08T00:00Z","2025-02-08T06:00Z","2025-02-08T12:00Z","2025-02-08T18:00Z","2025-02-09T00:00Z","2025-02-09T06:00Z","2025-02-09T12:00Z","2025-02-09T18:00Z","2025-02-10T00:00Z","2025-02-10T06:00Z","2025-02-10T12:00Z","2025-02-10T18:00Z","2025-02-11T00:00Z","2025-02-11T06:00Z","2025-02-11T12:00Z","2025-02-11T18:00Z","2025-02-12T00:00Z","2025-02-12T06:00Z","2025-02-12T12:00Z","2025-02-12T18:00Z","2025-02-13T00:00Z","2025-02-13T06:00Z"],"stroke":"#ef4444","stroke-width":3.5,"stroke-opacity":0.9},"geometry":{"type":"LineString","coordinates":[[106.3,-14.5],[105.9,-14.4],[105.6,-14.5],[105.3,-14.5],[104.3,-15],[103.2,-15.2],[102.5,-15.4],[101.2,-15.4],[100.3,-15.5],[99,-15.6],[97.8,-15.5],[97.2,-15.6],[96.2,-16.1],[95,-16.5],[93.6,-16.8],[92.1,-17],[90.9,-17.3],[90.1,-17.7],[89.1,-18],[88,-18.2],[86.8,-18.6],[85.7,-18.9],[84.7,-18.8],[83.9,-18.8],[83.3,-19.1],[82.5,-19.3],[81.7,-19.5],[80.7,-19.7],[79.6,-19.8],[78.3,-19.8],[77.1,-20],[75.9,-20.1],[74.6,-20.4],[73.4,-20.4],[72.4,-20.5],[71.5,-20.5],[70.7,-20.6],[70,-20.6],[69.7,-20.9],[69.2,-21.5],[68.8,-22.3],[68.3,-23],[68.4,-24],[68.4,-24.9],[69,-26.1],[69.3,-26.9],[69.8,-27.9],[70.1,-28.9],[70.4,-30.1],[70.8,-31.1],[72.3,-32.5],[73.7,-34.2],[75.8,-36.5],[79.5,-39.6]]}},{"type":"Feature","properties":{"name":"Errol","category":"Category 5","basin":"South Indian","peak_wind_kt":138,"peak_wind_kmh":256,"min_pressure_hpa":919,"formed":"2025-04-09","peaked":"2025-04-16","dissipated":"2025-04-18","coordTimes":["2025-04-09T12:00Z","2025-04-09T18:00Z","2025-04-10T00:00Z","2025-04-10T06:00Z","2025-04-10T12:00Z","2025-04-10T18:00Z","2025-04-11T00:00Z","2025-04-11T06:00Z","2025-04-11T12:00Z","2025-04-11T18:00Z","2025-04-12T00:00Z","2025-04-12T06:00Z","2025-04-12T12:00Z","2025-04-12T18:00Z","2025-04-13T00:00Z","2025-04-13T06:00Z","2025-04-13T12:00Z","2025-04-13T18:00Z","2025-04-14T00:00Z","2025-04-14T06:00Z","2025-04-14T12:00Z","2025-04-14T18:00Z","2025-04-15T00:00Z","2025-04-15T06:00Z","2025-04-15T12:00Z","2025-04-15T18:00Z","2025-04-16T00:00Z","2025-04-16T06:00Z","2025-04-16T12:00Z","2025-04-16T18:00Z","2025-04-17T00:00Z","2025-04-17T06:00Z","2025-04-17T12:00Z","2025-04-17T18:00Z","2025-04-18T00:00Z","2025-04-18T06:00Z","2025-04-18T12:00Z"],"stroke":"#d946ef","stroke-width":4,"stroke-opacity":0.9},"geometry":{"type":"LineString","coordinates":[[132.3,-8.6],[131.6,-8.5],[131.2,-8.4],[130.6,-8.6],[130.3,-8.6],[130,-8.7],[129.6,-8.8],[129.3,-9.1],[128.9,-10],[128.3,-10.5],[127.5,-11.2],[126.7,-11.4],[126.4,-11.6],[126.1,-11.9],[125.6,-12.3],[124.6,-12.8],[124,-13.2],[123.2,-13.3],[122.7,-13.5],[123.1,-13.8],[122.9,-13.9],[122.6,-13.7],[122.1,-13.7],[121.6,-13.9],[120.8,-13.9],[120.2,-13.9],[119.7,-14.1],[119.2,-14.2],[118.9,-14.4],[118.8,-14.7],[119,-15],[119.4,-15.2],[120.4,-15.3],[121.8,-15.8],[123.3,-15.9],[124,-16],[124.6,-16.1]]}},{"type":"Feature","properties":{"name":"Erin","category":"Category 5","basin":"North Atlantic","peak_wind_kt":140,"peak_wind_kmh":259,"min_pressure_hpa":913,"formed":"2025-08-11","peaked":"2025-08-16","dissipated":"2025-08-27","coordTimes":["2025-08-11T00:00Z","2025-08-11T06:00Z","2025-08-11T12:00Z","2025-08-11T18:00Z","2025-08-12T00:00Z","2025-08-12T06:00Z","2025-08-12T12:00Z","2025-08-12T18:00Z","2025-08-13T00:00Z","2025-08-13T06:00Z","2025-08-13T12:00Z","2025-08-13T18:00Z","2025-08-14T00:00Z","2025-08-14T06:00Z","2025-08-14T12:00Z","2025-08-14T18:00Z","2025-08-15T00:00Z","2025-08-15T06:00Z","2025-08-15T12:00Z","2025-08-15T18:00Z","2025-08-16T00:00Z","2025-08-16T06:00Z","2025-08-16T12:00Z","2025-08-16T18:00Z","2025-08-17T00:00Z","2025-08-17T06:00Z","2025-08-17T12:00Z","2025-08-17T18:00Z","2025-08-18T00:00Z","2025-08-18T06:00Z","2025-08-18T12:00Z","2025-08-18T18:00Z","2025-08-19T00:00Z","2025-08-19T06:00Z","2025-08-19T12:00Z","2025-08-19T18:00Z","2025-08-20T00:00Z","2025-08-20T06:00Z","2025-08-20T12:00Z","2025-08-20T18:00Z","2025-08-21T00:00Z","2025-08-21T06:00Z","2025-08-21T12:00Z","2025-08-21T18:00Z","2025-08-22T00:00Z","2025-08-22T06:00Z","2025-08-22T12:00Z","2025-08-22T18:00Z","2025-08-23T00:00Z","2025-08-23T06:00Z","2025-08-23T12:00Z","2025-08-23T18:00Z","2025-08-24T00:00Z","2025-08-24T06:00Z","2025-08-24T12:00Z","2025-08-24T18:00Z","2025-08-25T00:00Z","2025-08-25T06:00Z","2025-08-25T12:00Z","2025-08-25T18:00Z","2025-08-26T00:00Z","2025-08-26T06:00Z","2025-08-26T12:00Z","2025-08-26T18:00Z","2025-08-27T00:00Z","2025-08-27T06:00Z","2025-08-27T12:00Z","2025-08-27T18:00Z"],"stroke":"#d946ef","stroke-width":4,"stroke-opacity":0.9},"geometry":{"type":"LineString","coordinates":[[-23.1,16.5],[-25.2,17.2],[-27.3,17.3],[-29.3,17.4],[-31.3,17.5],[-33.3,17.5],[-35.4,17.3],[-37.4,17.1],[-39.3,16.8],[-41,16.6],[-42.7,16.4],[-44.3,16.3],[-45.9,16.3],[-47.5,16.3],[-48.9,16.3],[-50.4,16.6],[-51.9,16.9],[-53.5,17.4],[-55.2,18],[-56.8,18.7],[-58.5,19.4],[-60.4,19.6],[-62.1,19.6],[-63.4,19.8],[-64.6,20],[-65.8,20.3],[-67,20.7],[-68,21.5],[-68.9,22],[-69.7,22.5],[-70.5,22.9],[-71,23.5],[-71.4,24],[-71.8,24.5],[-72.1,25.2],[-72.5,26.1],[-72.8,27.2],[-73.2,28.3],[-73.7,29.5],[-73.6,30.7],[-73.3,32.1],[-72.6,33.6],[-71.7,34.9],[-70.1,35.9],[-68.4,36.9],[-66.5,37.9],[-64.6,38.5],[-61.4,39.4],[-58.1,40.4],[-54.7,41.3],[-50.5,42],[-45,43],[-40.5,45.5],[-35.3,48],[-30.9,50.8],[-28.2,52.6],[-26.4,53.7],[-23.9,54.9],[-22.1,56.1],[-21.3,57.3],[-20.9,58.3],[-20.6,59.3],[-21.6,59.9],[-22.5,60.3],[-23.3,60],[-22.7,59.3],[-20.9,58.6],[-19,58]]}},{"type":"Feature","properties":{"name":"Humberto","category":"Category 5","basin":"North Atlantic","peak_wind_kt":140,"peak_wind_kmh":259,"min_pressure_hpa":918,"formed":"2025-09-24","peaked":"2025-09-27","dissipated":"2025-10-01","coordTimes":["2025-09-24T12:00Z","2025-09-24T18:00Z","2025-09-25T00:00Z","2025-09-25T06:00Z","2025-09-25T12:00Z","2025-09-25T18:00Z","2025-09-26T00:00Z","2025-09-26T06:00Z","2025-09-26T12:00Z","2025-09-26T18:00Z","2025-09-27T00:00Z","2025-09-27T06:00Z","2025-09-27T12:00Z","2025-09-27T18:00Z","2025-09-28T00:00Z","2025-09-28T06:00Z","2025-09-28T12:00Z","2025-09-28T18:00Z","2025-09-29T00:00Z","2025-09-29T06:00Z","2025-09-29T12:00Z","2025-09-29T18:00Z","2025-09-30T00:00Z","2025-09-30T06:00Z","2025-09-30T12:00Z","2025-09-30T18:00Z","2025-10-01T00:00Z","2025-10-01T06:00Z","2025-10-01T12:00Z"],"stroke":"#d946ef","stroke-width":4,"stroke-opacity":0.9},"geometry":{"type":"LineString","coordinates":[[-53.6,19.1],[-54.5,19.8],[-55.4,20.4],[-56.2,20.9],[-56.5,21.3],[-56.7,21.5],[-56.9,21.7],[-57,21.9],[-57.4,22.1],[-57.8,22.2],[-58.4,22.1],[-58.9,22.2],[-59.7,22.5],[-60.7,22.7],[-61.6,23.1],[-62.7,23.7],[-63.8,24.2],[-64.8,25.1],[-65.8,25.8],[-66.6,26.7],[-67.3,27.5],[-67.9,28.5],[-68.6,29.5],[-69.4,31],[-69.8,32.5],[-69.9,33.5],[-69,34.6],[-67.5,35.7],[-65.5,36.1]]}},{"type":"Feature","properties":{"name":"Ragasa","category":"Category 5","basin":"West Pacific","peak_wind_kt":144,"peak_wind_kmh":267,"min_pressure_hpa":910,"formed":"2025-09-16","peaked":"2025-09-21","dissipated":"2025-09-25","coordTimes":["2025-09-16T18:00Z","2025-09-17T00:00Z","2025-09-17T06:00Z","2025-09-17T12:00Z","2025-09-17T18:00Z","2025-09-18T00:00Z","2025-09-18T06:00Z","2025-09-18T12:00Z","2025-09-18T18:00Z","2025-09-19T00:00Z","2025-09-19T06:00Z","2025-09-19T12:00Z","2025-09-19T18:00Z","2025-09-20T00:00Z","2025-09-20T06:00Z","2025-09-20T12:00Z","2025-09-20T18:00Z","2025-09-21T00:00Z","2025-09-21T06:00Z","2025-09-21T12:00Z","2025-09-21T18:00Z","2025-09-22T00:00Z","2025-09-22T06:00Z","2025-09-22T12:00Z","2025-09-22T18:00Z","2025-09-23T00:00Z","2025-09-23T06:00Z","2025-09-23T12:00Z","2025-09-23T18:00Z","2025-09-24T00:00Z","2025-09-24T06:00Z","2025-09-24T12:00Z","2025-09-24T18:00Z","2025-09-25T00:00Z","2025-09-25T06:00Z","2025-09-25T12:00Z"],"stroke":"#d946ef","stroke-width":4,"stroke-opacity":0.9},"geometry":{"type":"LineString","coordinates":[[137.7,13.2],[136.9,13.6],[136.1,14.3],[135.1,14.6],[134.5,14.7],[134.1,15.1],[133.4,15.6],[133,15.8],[132.3,16.1],[131.3,15.9],[130.7,16],[130.3,16.2],[130,16.2],[129.6,16.4],[129,16.8],[128.6,17.2],[127.8,17.8],[127,17.9],[126.3,18.4],[125.4,18.9],[124.1,19.1],[122.9,19.3],[121.7,19.4],[120.5,19.5],[119.3,19.6],[118.3,19.9],[117.1,20.4],[116,20.8],[114.8,21.1],[113.7,21.2],[112.6,21.6],[111.2,21.7],[109.8,21.6],[109,21.6],[107.5,21.9],[106.6,21.8]]}},{"type":"Feature","properties":{"name":"Melissa","category":"Category 5","basin":"North Atlantic","peak_wind_kt":165,"peak_wind_kmh":306,"min_pressure_hpa":892,"formed":"2025-10-21","peaked":"2025-10-28","dissipated":"2025-11-01","coordTimes":["2025-10-21T06:00Z","2025-10-21T12:00Z","2025-10-21T18:00Z","2025-10-22T00:00Z","2025-10-22T06:00Z","2025-10-22T12:00Z","2025-10-22T18:00Z","2025-10-23T00:00Z","2025-10-23T06:00Z","2025-10-23T12:00Z","2025-10-23T18:00Z","2025-10-24T00:00Z","2025-10-24T06:00Z","2025-10-24T12:00Z","2025-10-24T18:00Z","2025-10-25T00:00Z","2025-10-25T06:00Z","2025-10-25T12:00Z","2025-10-25T18:00Z","2025-10-26T00:00Z","2025-10-26T06:00Z","2025-10-26T12:00Z","2025-10-26T18:00Z","2025-10-27T00:00Z","2025-10-27T06:00Z","2025-10-27T12:00Z","2025-10-27T18:00Z","2025-10-28T00:00Z","2025-10-28T06:00Z","2025-10-28T12:00Z","2025-10-28T18:00Z","2025-10-29T00:00Z","2025-10-29T06:00Z","2025-10-29T12:00Z","2025-10-29T18:00Z","2025-10-30T00:00Z","2025-10-30T06:00Z","2025-10-30T12:00Z","2025-10-30T18:00Z","2025-10-31T00:00Z","2025-10-31T06:00Z","2025-10-31T12:00Z","2025-10-31T18:00Z","2025-11-01T00:00Z","2025-11-01T06:00Z"],"stroke":"#d946ef","stroke-width":4,"stroke-opacity":0.9},"geometry":{"type":"LineString","coordinates":[[-70,14],[-71.4,14],[-72.4,14],[-73.3,14.1],[-73.5,14.2],[-73.7,14.3],[-74.1,14.3],[-74.5,14.3],[-74.8,14.7],[-75,15.2],[-75.3,15.5],[-75.5,15.7],[-75.3,15.8],[-75.1,15.9],[-74.8,15.9],[-74.7,16.1],[-74.7,16.3],[-74.9,16.4],[-75.3,16.4],[-75.7,16.4],[-76,16.3],[-76.4,16.3],[-76.9,16.3],[-77.3,16.3],[-77.7,16.3],[-78,16.3],[-78.3,16.4],[-78.6,16.5],[-78.4,16.9],[-78.1,17.5],[-78,18.2],[-77.1,18.8],[-76.4,19.7],[-75.8,20.9],[-75.4,22.1],[-74.8,23.5],[-73.8,25],[-72.7,26.7],[-70.9,28.9],[-68.7,31.3],[-65.5,34.5],[-62.1,37.7],[-58.9,40.6],[-56,43.7],[-51.3,46.6]]}}],"source":"NOAA NCEI IBTrACS v04r01, named tropical cyclones forming in 2025 (public domain)"}
